system_id,n_obs,start,end,span,n_missing_years,n_zero,onset_year,censor_year,n_origins,n_pos,n_neg,first_origin,last_origin,event_in_eligible_window,survey,survey_unit,species,zero_frac
FG|AI|Albatrossia pectoralis,14,1983.0,2018.0,36,22,0,,,0,0,0,,,False,AI,AI,Albatrossia pectoralis,0.0
FG|AI|Anoplopoma fimbria,14,1983.0,2018.0,36,22,0,,,0,0,0,,,False,AI,AI,Anoplopoma fimbria,0.0
FG|AI|Atheresthes evermanni,14,1983.0,2018.0,36,22,0,,,0,0,0,,,False,AI,AI,Atheresthes evermanni,0.0
FG|AI|Atheresthes stomias,14,1983.0,2018.0,36,22,0,,,0,0,0,,,False,AI,AI,Atheresthes stomias,0.0
FG|AI|Bathymaster signatus,14,1983.0,2018.0,36,22,0,,,0,0,0,,,False,AI,AI,Bathymaster signatus,0.0
FG|AI|Eumicrotremus orbis,14,1983.0,2018.0,36,22,0,,,0,0,0,,,False,AI,AI,Eumicrotremus orbis,0.0
FG|AI|Gadus chalcogrammus,14,1983.0,2018.0,36,22,0,,,0,0,0,,,False,AI,AI,Gadus chalcogrammus,0.0
FG|AI|Gadus macrocephalus,14,1983.0,2018.0,36,22,0,,,0,0,0,,,False,AI,AI,Gadus macrocephalus,0.0
FG|AI|Glyptocephalus zachirus,14,1983.0,2018.0,36,22,0,,,0,0,0,,,False,AI,AI,Glyptocephalus zachirus,0.0
FG|AI|Gymnocanthus galeatus,14,1983.0,2018.0,36,22,0,,,0,0,0,,,False,AI,AI,Gymnocanthus galeatus,0.0
FG|AI|Hemilepidotus jordani,14,1983.0,2018.0,36,22,0,,,0,0,0,,,False,AI,AI,Hemilepidotus jordani,0.0
FG|AI|Hemilepidotus zapus,14,1983.0,2018.0,36,22,0,,,0,0,0,,,False,AI,AI,Hemilepidotus zapus,0.0
FG|AI|Hemitripterus bolini,14,1983.0,2018.0,36,22,0,,,0,0,0,,,False,AI,AI,Hemitripterus bolini,0.0
FG|AI|Hippoglossoides elassodon,14,1983.0,2018.0,36,22,0,,,0,0,0,,,False,AI,AI,Hippoglossoides elassodon,0.0
FG|AI|Hippoglossus stenolepis,14,1983.0,2018.0,36,22,0,,,0,0,0,,,False,AI,AI,Hippoglossus stenolepis,0.0
FG|AI|Malacocottus zonurus,14,1983.0,2018.0,36,22,0,,,0,0,0,,,False,AI,AI,Malacocottus zonurus,0.0
FG|AI|Microstomus pacificus,14,1983.0,2018.0,36,22,0,,,0,0,0,,,False,AI,AI,Microstomus pacificus,0.0
FG|AI|Pleurogrammus monopterygius,14,1983.0,2018.0,36,22,0,,,0,0,0,,,False,AI,AI,Pleurogrammus monopterygius,0.0
FG|AI|Podothecus accipenserinus,14,1983.0,2018.0,36,22,0,,,0,0,0,,,False,AI,AI,Podothecus accipenserinus,0.0
FG|AI|Reinhardtius hippoglossoides,14,1983.0,2018.0,36,22,0,,,0,0,0,,,False,AI,AI,Reinhardtius hippoglossoides,0.0
FG|AI|Sarritor frenatus,14,1983.0,2018.0,36,22,0,,,0,0,0,,,False,AI,AI,Sarritor frenatus,0.0
FG|AI|Sebastes alutus,14,1983.0,2018.0,36,22,0,,,0,0,0,,,False,AI,AI,Sebastes alutus,0.0
FG|AI|Sebastes borealis,14,1983.0,2018.0,36,22,0,,,0,0,0,,,False,AI,AI,Sebastes borealis,0.0
FG|AI|Sebastes polyspinis,14,1983.0,2018.0,36,22,0,,,0,0,0,,,False,AI,AI,Sebastes polyspinis,0.0
FG|AI|Sebastes variabilis,14,1983.0,2018.0,36,22,4,,,0,0,0,,,False,AI,AI,Sebastes variabilis,0.2857142857142857
FG|AI|Sebastolobus alascanus,14,1983.0,2018.0,36,22,0,,,0,0,0,,,False,AI,AI,Sebastolobus alascanus,0.0
FG|AI|Triglops forficatus,14,1983.0,2018.0,36,22,0,,,0,0,0,,,False,AI,AI,Triglops forficatus,0.0
FG|AI|Triglops scepticus,14,1983.0,2018.0,36,22,0,,,0,0,0,,,False,AI,AI,Triglops scepticus,0.0
FG|AI|Zaprora silenus,14,1983.0,2018.0,36,22,0,,,0,0,0,,,False,AI,AI,Zaprora silenus,0.0
FG|BITS-1|Clupea harengus,21,2000.0,2020.0,21,0,0,,,0,0,0,,,False,BITS,BITS-1,Clupea harengus,0.0
FG|BITS-1|Cyclopterus lumpus,21,2000.0,2020.0,21,0,0,,,0,0,0,,,False,BITS,BITS-1,Cyclopterus lumpus,0.0
FG|BITS-1|Enchelyopus cimbrius,21,2000.0,2020.0,21,0,0,,,0,0,0,,,False,BITS,BITS-1,Enchelyopus cimbrius,0.0
FG|BITS-1|Eutrigla gurnardus,21,2000.0,2020.0,21,0,0,,,0,0,0,,,False,BITS,BITS-1,Eutrigla gurnardus,0.0
FG|BITS-1|Gadus morhua,21,2000.0,2020.0,21,0,0,,,0,0,0,,,False,BITS,BITS-1,Gadus morhua,0.0
FG|BITS-1|Hippoglossoides platessoides,21,2000.0,2020.0,21,0,0,,,0,0,0,,,False,BITS,BITS-1,Hippoglossoides platessoides,0.0
FG|BITS-1|Limanda limanda,21,2000.0,2020.0,21,0,0,,,0,0,0,,,False,BITS,BITS-1,Limanda limanda,0.0
FG|BITS-1|Lumpenus lampretaeformis,0,,,0,0,0,,,0,0,0,,,,BITS,BITS-1,Lumpenus lampretaeformis,
FG|BITS-1|Melanogrammus aeglefinus,21,2000.0,2020.0,21,0,0,2019.0,2019.0,0,0,0,,,False,BITS,BITS-1,Melanogrammus aeglefinus,0.0
FG|BITS-1|Merlangius merlangus,21,2000.0,2020.0,21,0,0,,,0,0,0,,,False,BITS,BITS-1,Merlangius merlangus,0.0
FG|BITS-1|Merluccius merluccius,21,2000.0,2020.0,21,0,0,2011.0,2011.0,0,0,0,,,False,BITS,BITS-1,Merluccius merluccius,0.0
FG|BITS-1|Microstomus kitt,21,2000.0,2020.0,21,0,0,,,0,0,0,,,False,BITS,BITS-1,Microstomus kitt,0.0
FG|BITS-1|Myoxocephalus scorpius,21,2000.0,2020.0,21,0,0,,,0,0,0,,,False,BITS,BITS-1,Myoxocephalus scorpius,0.0
FG|BITS-1|Osmerus eperlanus,21,2000.0,2020.0,21,0,0,2005.0,2005.0,0,0,0,,,False,BITS,BITS-1,Osmerus eperlanus,0.0
FG|BITS-1|Platichthys flesus,21,2000.0,2020.0,21,0,0,,,0,0,0,,,False,BITS,BITS-1,Platichthys flesus,0.0
FG|BITS-1|Pleuronectes platessa,21,2000.0,2020.0,21,0,0,,,0,0,0,,,False,BITS,BITS-1,Pleuronectes platessa,0.0
FG|BITS-1|Scophthalmus maximus,21,2000.0,2020.0,21,0,0,,,0,0,0,,,False,BITS,BITS-1,Scophthalmus maximus,0.0
FG|BITS-1|Scophthalmus rhombus,21,2000.0,2020.0,21,0,0,,,0,0,0,,,False,BITS,BITS-1,Scophthalmus rhombus,0.0
FG|BITS-1|Solea solea,21,2000.0,2020.0,21,0,0,,,0,0,0,,,False,BITS,BITS-1,Solea solea,0.0
FG|BITS-1|Sprattus sprattus,21,2000.0,2020.0,21,0,0,,,0,0,0,,,False,BITS,BITS-1,Sprattus sprattus,0.0
FG|BITS-4|Agonus cataphractus,22,1999.0,2020.0,22,0,0,,,0,0,0,,,False,BITS,BITS-4,Agonus cataphractus,0.0
FG|BITS-4|Anguilla anguilla,22,1999.0,2020.0,22,0,0,2010.0,2010.0,0,0,0,,,False,BITS,BITS-4,Anguilla anguilla,0.0
FG|BITS-4|Arnoglossus laterna,22,1999.0,2020.0,22,0,3,2004.0,2004.0,0,0,0,,,False,BITS,BITS-4,Arnoglossus laterna,0.13636363636363635
FG|BITS-4|Callionymus lyra,22,1999.0,2020.0,22,0,3,,,0,0,0,,,False,BITS,BITS-4,Callionymus lyra,0.13636363636363635
FG|BITS-4|Clupea harengus,22,1999.0,2020.0,22,0,0,,,0,0,0,,,False,BITS,BITS-4,Clupea harengus,0.0
FG|BITS-4|Cyclopterus lumpus,22,1999.0,2020.0,22,0,0,,,0,0,0,,,False,BITS,BITS-4,Cyclopterus lumpus,0.0
FG|BITS-4|Enchelyopus cimbrius,22,1999.0,2020.0,22,0,0,2007.0,2007.0,0,0,0,,,False,BITS,BITS-4,Enchelyopus cimbrius,0.0
FG|BITS-4|Eutrigla gurnardus,22,1999.0,2020.0,22,0,0,,,0,0,0,,,False,BITS,BITS-4,Eutrigla gurnardus,0.0
FG|BITS-4|Gadus morhua,22,1999.0,2020.0,22,0,0,,,0,0,0,,,False,BITS,BITS-4,Gadus morhua,0.0
FG|BITS-4|Hippoglossoides platessoides,22,1999.0,2020.0,22,0,0,,,0,0,0,,,False,BITS,BITS-4,Hippoglossoides platessoides,0.0
FG|BITS-4|Hyperoplus lanceolatus,22,1999.0,2020.0,22,0,1,2015.0,2015.0,0,0,0,,,False,BITS,BITS-4,Hyperoplus lanceolatus,0.045454545454545456
FG|BITS-4|Limanda limanda,22,1999.0,2020.0,22,0,0,,,0,0,0,,,False,BITS,BITS-4,Limanda limanda,0.0
FG|BITS-4|Lumpenus lampretaeformis,0,,,0,0,0,,,0,0,0,,,,BITS,BITS-4,Lumpenus lampretaeformis,
FG|BITS-4|Melanogrammus aeglefinus,22,1999.0,2020.0,22,0,0,2008.0,2008.0,0,0,0,,,False,BITS,BITS-4,Melanogrammus aeglefinus,0.0
FG|BITS-4|Merlangius merlangus,22,1999.0,2020.0,22,0,0,,,0,0,0,,,False,BITS,BITS-4,Merlangius merlangus,0.0
FG|BITS-4|Merluccius merluccius,22,1999.0,2020.0,22,0,0,2010.0,2010.0,0,0,0,,,False,BITS,BITS-4,Merluccius merluccius,0.0
FG|BITS-4|Microstomus kitt,22,1999.0,2020.0,22,0,0,,,0,0,0,,,False,BITS,BITS-4,Microstomus kitt,0.0
FG|BITS-4|Mullus surmuletus,22,1999.0,2020.0,22,0,3,2011.0,2011.0,0,0,0,,,False,BITS,BITS-4,Mullus surmuletus,0.13636363636363635
FG|BITS-4|Myoxocephalus scorpius,22,1999.0,2020.0,22,0,0,,,0,0,0,,,False,BITS,BITS-4,Myoxocephalus scorpius,0.0
FG|BITS-4|Osmerus eperlanus,22,1999.0,2020.0,22,0,0,2008.0,2008.0,0,0,0,,,False,BITS,BITS-4,Osmerus eperlanus,0.0
FG|BITS-4|Platichthys flesus,22,1999.0,2020.0,22,0,0,,,0,0,0,,,False,BITS,BITS-4,Platichthys flesus,0.0
FG|BITS-4|Pleuronectes platessa,22,1999.0,2020.0,22,0,0,,,0,0,0,,,False,BITS,BITS-4,Pleuronectes platessa,0.0
FG|BITS-4|Scomber scombrus,22,1999.0,2020.0,22,0,0,,,0,0,0,,,False,BITS,BITS-4,Scomber scombrus,0.0
FG|BITS-4|Scophthalmus maximus,22,1999.0,2020.0,22,0,0,,,0,0,0,,,False,BITS,BITS-4,Scophthalmus maximus,0.0
FG|BITS-4|Scophthalmus rhombus,22,1999.0,2020.0,22,0,0,,,0,0,0,,,False,BITS,BITS-4,Scophthalmus rhombus,0.0
FG|BITS-4|Solea solea,22,1999.0,2020.0,22,0,0,,,0,0,0,,,False,BITS,BITS-4,Solea solea,0.0
FG|BITS-4|Sprattus sprattus,22,1999.0,2020.0,22,0,0,,,0,0,0,,,False,BITS,BITS-4,Sprattus sprattus,0.0
FG|BITS-4|Trachinus draco,22,1999.0,2020.0,22,0,0,,,0,0,0,,,False,BITS,BITS-4,Trachinus draco,0.0
FG|BITS-4|Trachurus trachurus,22,1999.0,2020.0,22,0,0,2014.0,2014.0,0,0,0,,,False,BITS,BITS-4,Trachurus trachurus,0.0
FG|EBS|Aspidophoroides monopterygius,38,1982.0,2019.0,38,0,0,2003.0,2003.0,0,0,0,,,False,EBS,EBS,Aspidophoroides monopterygius,0.0
FG|EBS|Atheresthes evermanni,38,1982.0,2019.0,38,0,2,,,4,0,4,2011.0,2014.0,False,EBS,EBS,Atheresthes evermanni,0.05263157894736842
FG|EBS|Atheresthes stomias,38,1982.0,2019.0,38,0,0,,,4,0,4,2011.0,2014.0,False,EBS,EBS,Atheresthes stomias,0.0
FG|EBS|Bathymaster signatus,38,1982.0,2019.0,38,0,0,2016.0,2016.0,5,5,0,2011.0,2015.0,True,EBS,EBS,Bathymaster signatus,0.0
FG|EBS|Boreogadus saida,38,1982.0,2019.0,38,0,1,1996.0,1996.0,0,0,0,,,False,EBS,EBS,Boreogadus saida,0.02631578947368421
FG|EBS|Clupea pallasii,38,1982.0,2019.0,38,0,0,,,4,0,4,2011.0,2014.0,False,EBS,EBS,Clupea pallasii,0.0
FG|EBS|Dasycottus setiger,38,1982.0,2019.0,38,0,0,,,4,0,4,2011.0,2014.0,False,EBS,EBS,Dasycottus setiger,0.0
FG|EBS|Gadus chalcogrammus,38,1982.0,2019.0,38,0,0,,,4,0,4,2011.0,2014.0,False,EBS,EBS,Gadus chalcogrammus,0.0
FG|EBS|Gadus macrocephalus,38,1982.0,2019.0,38,0,0,,,4,0,4,2011.0,2014.0,False,EBS,EBS,Gadus macrocephalus,0.0
FG|EBS|Glyptocephalus zachirus,38,1982.0,2019.0,38,0,0,,,4,0,4,2011.0,2014.0,False,EBS,EBS,Glyptocephalus zachirus,0.0
FG|EBS|Gymnocanthus pistilliger,38,1982.0,2019.0,38,0,5,1993.0,1993.0,0,0,0,,,False,EBS,EBS,Gymnocanthus pistilliger,0.13157894736842105
FG|EBS|Hemilepidotus jordani,38,1982.0,2019.0,38,0,0,,,4,0,4,2011.0,2014.0,False,EBS,EBS,Hemilepidotus jordani,0.0
FG|EBS|Hemilepidotus papilio,38,1982.0,2019.0,38,0,0,1996.0,1996.0,0,0,0,,,False,EBS,EBS,Hemilepidotus papilio,0.0
FG|EBS|Hemitripterus bolini,38,1982.0,2019.0,38,0,0,,,4,0,4,2011.0,2014.0,False,EBS,EBS,Hemitripterus bolini,0.0
FG|EBS|Hippoglossoides elassodon,38,1982.0,2019.0,38,0,0,,,4,0,4,2011.0,2014.0,False,EBS,EBS,Hippoglossoides elassodon,0.0
FG|EBS|Hippoglossoides robustus,38,1982.0,2019.0,38,0,1,,2019.0,3,0,3,2011.0,2013.0,False,EBS,EBS,Hippoglossoides robustus,0.02631578947368421
FG|EBS|Hippoglossus stenolepis,38,1982.0,2019.0,38,0,0,,,4,0,4,2011.0,2014.0,False,EBS,EBS,Hippoglossus stenolepis,0.0
FG|EBS|Leptoclinus maculatus,38,1982.0,2019.0,38,0,0,1999.0,1999.0,0,0,0,,,False,EBS,EBS,Leptoclinus maculatus,0.0
FG|EBS|Limanda aspera,38,1982.0,2019.0,38,0,0,,,4,0,4,2011.0,2014.0,False,EBS,EBS,Limanda aspera,0.0
FG|EBS|Liparis gibbus,38,1982.0,2019.0,38,0,11,2018.0,2018.0,7,5,2,2011.0,2017.0,True,EBS,EBS,Liparis gibbus,0.2894736842105263
FG|EBS|Lycodes brevipes,38,1982.0,2019.0,38,0,0,,,4,0,4,2011.0,2014.0,False,EBS,EBS,Lycodes brevipes,0.0
FG|EBS|Lycodes palearis,38,1982.0,2019.0,38,0,0,,,4,0,4,2011.0,2014.0,False,EBS,EBS,Lycodes palearis,0.0
FG|EBS|Lycodes raridens,38,1982.0,2019.0,38,0,0,2001.0,2001.0,0,0,0,,,False,EBS,EBS,Lycodes raridens,0.0
FG|EBS|Mallotus villosus,38,1982.0,2019.0,38,0,0,2017.0,2017.0,6,5,1,2011.0,2016.0,True,EBS,EBS,Mallotus villosus,0.0
FG|EBS|Myoxocephalus scorpius,38,1982.0,2019.0,38,0,7,1989.0,1989.0,0,0,0,,,False,EBS,EBS,Myoxocephalus scorpius,0.18421052631578946
FG|EBS|Myzopsetta proboscidea,38,1982.0,2019.0,38,0,0,2013.0,2013.0,2,2,0,2011.0,2012.0,True,EBS,EBS,Myzopsetta proboscidea,0.0
FG|EBS|Occella dodecaedron,38,1982.0,2019.0,38,0,0,2015.0,2015.0,4,4,0,2011.0,2014.0,True,EBS,EBS,Occella dodecaedron,0.0
FG|EBS|Platichthys stellatus,38,1982.0,2019.0,38,0,0,,,4,0,4,2011.0,2014.0,False,EBS,EBS,Platichthys stellatus,0.0
FG|EBS|Pleuronectes quadrituberculatus,38,1982.0,2019.0,38,0,0,,,4,0,4,2011.0,2014.0,False,EBS,EBS,Pleuronectes quadrituberculatus,0.0
FG|EBS|Podothecus accipenserinus,38,1982.0,2019.0,38,0,0,,,4,0,4,2011.0,2014.0,False,EBS,EBS,Podothecus accipenserinus,0.0
FG|EBS|Reinhardtius hippoglossoides,38,1982.0,2019.0,38,0,0,,,4,0,4,2011.0,2014.0,False,EBS,EBS,Reinhardtius hippoglossoides,0.0
FG|EBS|Sarritor frenatus,38,1982.0,2019.0,38,0,0,,,4,0,4,2011.0,2014.0,False,EBS,EBS,Sarritor frenatus,0.0
FG|EBS|Thaleichthys pacificus,38,1982.0,2019.0,38,0,0,2017.0,2017.0,6,5,1,2011.0,2016.0,True,EBS,EBS,Thaleichthys pacificus,0.0
FG|EBS|Triglops pingelii,38,1982.0,2019.0,38,0,1,1993.0,1993.0,0,0,0,,,False,EBS,EBS,Triglops pingelii,0.02631578947368421
FG|EVHOE|Arnoglossus imperialis,23,1997.0,2020.0,24,1,0,,,0,0,0,,,False,EVHOE,EVHOE,Arnoglossus imperialis,0.0
FG|EVHOE|Arnoglossus laterna,23,1997.0,2020.0,24,1,0,,,0,0,0,,,False,EVHOE,EVHOE,Arnoglossus laterna,0.0
FG|EVHOE|Boops boops,23,1997.0,2020.0,24,1,0,2008.0,2008.0,0,0,0,,,False,EVHOE,EVHOE,Boops boops,0.0
FG|EVHOE|Buglossidium luteum,23,1997.0,2020.0,24,1,0,,,0,0,0,,,False,EVHOE,EVHOE,Buglossidium luteum,0.0
FG|EVHOE|Callionymus lyra,23,1997.0,2020.0,24,1,0,,,0,0,0,,,False,EVHOE,EVHOE,Callionymus lyra,0.0
FG|EVHOE|Capros aper,23,1997.0,2020.0,24,1,0,,,0,0,0,,,False,EVHOE,EVHOE,Capros aper,0.0
FG|EVHOE|Cepola macrophthalma,23,1997.0,2020.0,24,1,0,2014.0,2014.0,0,0,0,,,False,EVHOE,EVHOE,Cepola macrophthalma,0.0
FG|EVHOE|Chelidonichthys cuculus,23,1997.0,2020.0,24,1,0,,,0,0,0,,,False,EVHOE,EVHOE,Chelidonichthys cuculus,0.0
FG|EVHOE|Chelidonichthys lucerna,23,1997.0,2020.0,24,1,1,,,0,0,0,,,False,EVHOE,EVHOE,Chelidonichthys lucerna,0.043478260869565216
FG|EVHOE|Clupea harengus,23,1997.0,2020.0,24,1,0,2018.0,2016.0,0,0,0,,,False,EVHOE,EVHOE,Clupea harengus,0.0
FG|EVHOE|Conger conger,23,1997.0,2020.0,24,1,0,,,0,0,0,,,False,EVHOE,EVHOE,Conger conger,0.0
FG|EVHOE|Dicentrarchus labrax,23,1997.0,2020.0,24,1,0,,,0,0,0,,,False,EVHOE,EVHOE,Dicentrarchus labrax,0.0
FG|EVHOE|Echiichthys vipera,23,1997.0,2020.0,24,1,1,,2016.0,0,0,0,,,False,EVHOE,EVHOE,Echiichthys vipera,0.043478260869565216
FG|EVHOE|Enchelyopus cimbrius,23,1997.0,2020.0,24,1,0,2007.0,2007.0,0,0,0,,,False,EVHOE,EVHOE,Enchelyopus cimbrius,0.0
FG|EVHOE|Engraulis encrasicolus,23,1997.0,2020.0,24,1,0,,,0,0,0,,,False,EVHOE,EVHOE,Engraulis encrasicolus,0.0
FG|EVHOE|Eutrigla gurnardus,23,1997.0,2020.0,24,1,0,,,0,0,0,,,False,EVHOE,EVHOE,Eutrigla gurnardus,0.0
FG|EVHOE|Gadiculus argenteus,23,1997.0,2020.0,24,1,1,,,0,0,0,,,False,EVHOE,EVHOE,Gadiculus argenteus,0.043478260869565216
FG|EVHOE|Gadus morhua,23,1997.0,2020.0,24,1,0,,,0,0,0,,,False,EVHOE,EVHOE,Gadus morhua,0.0
FG|EVHOE|Gaidropsarus vulgaris,0,,,0,0,0,,,0,0,0,,,,EVHOE,EVHOE,Gaidropsarus vulgaris,
FG|EVHOE|Galeus melastomus,23,1997.0,2020.0,24,1,0,,,0,0,0,,,False,EVHOE,EVHOE,Galeus melastomus,0.0
FG|EVHOE|Glyptocephalus cynoglossus,23,1997.0,2020.0,24,1,0,,,0,0,0,,,False,EVHOE,EVHOE,Glyptocephalus cynoglossus,0.0
FG|EVHOE|Helicolenus dactylopterus,23,1997.0,2020.0,24,1,0,,,0,0,0,,,False,EVHOE,EVHOE,Helicolenus dactylopterus,0.0
FG|EVHOE|Hippoglossoides platessoides,23,1997.0,2020.0,24,1,2,,,0,0,0,,,False,EVHOE,EVHOE,Hippoglossoides platessoides,0.08695652173913043
FG|EVHOE|Lepidorhombus boscii,23,1997.0,2020.0,24,1,0,,,0,0,0,,,False,EVHOE,EVHOE,Lepidorhombus boscii,0.0
FG|EVHOE|Lepidorhombus whiffiagonis,23,1997.0,2020.0,24,1,0,,,0,0,0,,,False,EVHOE,EVHOE,Lepidorhombus whiffiagonis,0.0
FG|EVHOE|Lesueurigobius friesii,23,1997.0,2020.0,24,1,3,2014.0,2014.0,0,0,0,,,False,EVHOE,EVHOE,Lesueurigobius friesii,0.13043478260869565
FG|EVHOE|Leucoraja fullonica,23,1997.0,2020.0,24,1,0,,,0,0,0,,,False,EVHOE,EVHOE,Leucoraja fullonica,0.0
FG|EVHOE|Leucoraja naevus,23,1997.0,2020.0,24,1,0,,,0,0,0,,,False,EVHOE,EVHOE,Leucoraja naevus,0.0
FG|EVHOE|Limanda limanda,23,1997.0,2020.0,24,1,0,,,0,0,0,,,False,EVHOE,EVHOE,Limanda limanda,0.0
FG|EVHOE|Lophius budegassa,23,1997.0,2020.0,24,1,0,,,0,0,0,,,False,EVHOE,EVHOE,Lophius budegassa,0.0
FG|EVHOE|Lophius piscatorius,23,1997.0,2020.0,24,1,0,,,0,0,0,,,False,EVHOE,EVHOE,Lophius piscatorius,0.0
FG|EVHOE|Malacocephalus laevis,23,1997.0,2020.0,24,1,0,2018.0,2016.0,0,0,0,,,False,EVHOE,EVHOE,Malacocephalus laevis,0.0
FG|EVHOE|Maurolicus muelleri,23,1997.0,2020.0,24,1,4,2009.0,2009.0,0,0,0,,,False,EVHOE,EVHOE,Maurolicus muelleri,0.17391304347826086
FG|EVHOE|Melanogrammus aeglefinus,23,1997.0,2020.0,24,1,0,,,0,0,0,,,False,EVHOE,EVHOE,Melanogrammus aeglefinus,0.0
FG|EVHOE|Merlangius merlangus,23,1997.0,2020.0,24,1,0,2018.0,2018.0,0,0,0,,,False,EVHOE,EVHOE,Merlangius merlangus,0.0
FG|EVHOE|Merluccius merluccius,23,1997.0,2020.0,24,1,0,,,0,0,0,,,False,EVHOE,EVHOE,Merluccius merluccius,0.0
FG|EVHOE|Microchirus variegatus,23,1997.0,2020.0,24,1,0,,,0,0,0,,,False,EVHOE,EVHOE,Microchirus variegatus,0.0
FG|EVHOE|Micromesistius poutassou,23,1997.0,2020.0,24,1,0,2018.0,2018.0,0,0,0,,,False,EVHOE,EVHOE,Micromesistius poutassou,0.0
FG|EVHOE|Microstomus kitt,23,1997.0,2020.0,24,1,0,,,0,0,0,,,False,EVHOE,EVHOE,Microstomus kitt,0.0
FG|EVHOE|Molva macrophthalma,23,1997.0,2020.0,24,1,0,,2016.0,0,0,0,,,False,EVHOE,EVHOE,Molva macrophthalma,0.0
FG|EVHOE|Molva molva,23,1997.0,2020.0,24,1,0,2018.0,2018.0,0,0,0,,,False,EVHOE,EVHOE,Molva molva,0.0
FG|EVHOE|Mullus surmuletus,23,1997.0,2020.0,24,1,0,,2016.0,0,0,0,,,False,EVHOE,EVHOE,Mullus surmuletus,0.0
FG|EVHOE|Phycis blennoides,23,1997.0,2020.0,24,1,0,,,0,0,0,,,False,EVHOE,EVHOE,Phycis blennoides,0.0
FG|EVHOE|Pleuronectes platessa,23,1997.0,2020.0,24,1,0,,,0,0,0,,,False,EVHOE,EVHOE,Pleuronectes platessa,0.0
FG|EVHOE|Raja clavata,23,1997.0,2020.0,24,1,0,,,0,0,0,,,False,EVHOE,EVHOE,Raja clavata,0.0
FG|EVHOE|Raja montagui,23,1997.0,2020.0,24,1,0,,,0,0,0,,,False,EVHOE,EVHOE,Raja montagui,0.0
FG|EVHOE|Sardina pilchardus,23,1997.0,2020.0,24,1,0,,,0,0,0,,,False,EVHOE,EVHOE,Sardina pilchardus,0.0
FG|EVHOE|Scomber scombrus,23,1997.0,2020.0,24,1,0,2019.0,2019.0,0,0,0,,,False,EVHOE,EVHOE,Scomber scombrus,0.0
FG|EVHOE|Scyliorhinus canicula,23,1997.0,2020.0,24,1,0,,,0,0,0,,,False,EVHOE,EVHOE,Scyliorhinus canicula,0.0
FG|EVHOE|Solea solea,23,1997.0,2020.0,24,1,0,,,0,0,0,,,False,EVHOE,EVHOE,Solea solea,0.0
FG|EVHOE|Spondyliosoma cantharus,23,1997.0,2020.0,24,1,0,,2016.0,0,0,0,,,False,EVHOE,EVHOE,Spondyliosoma cantharus,0.0
FG|EVHOE|Sprattus sprattus,23,1997.0,2020.0,24,1,0,,,0,0,0,,,False,EVHOE,EVHOE,Sprattus sprattus,0.0
FG|EVHOE|Squalus acanthias,23,1997.0,2020.0,24,1,0,,,0,0,0,,,False,EVHOE,EVHOE,Squalus acanthias,0.0
FG|EVHOE|Trachinus draco,23,1997.0,2020.0,24,1,0,,,0,0,0,,,False,EVHOE,EVHOE,Trachinus draco,0.0
FG|EVHOE|Trachurus mediterraneus,23,1997.0,2020.0,24,1,1,,,0,0,0,,,False,EVHOE,EVHOE,Trachurus mediterraneus,0.043478260869565216
FG|EVHOE|Trachurus trachurus,23,1997.0,2020.0,24,1,0,,,0,0,0,,,False,EVHOE,EVHOE,Trachurus trachurus,0.0
FG|EVHOE|Trisopterus esmarkii,23,1997.0,2020.0,24,1,0,,,0,0,0,,,False,EVHOE,EVHOE,Trisopterus esmarkii,0.0
FG|EVHOE|Trisopterus luscus,23,1997.0,2020.0,24,1,0,,2016.0,0,0,0,,,False,EVHOE,EVHOE,Trisopterus luscus,0.0
FG|EVHOE|Trisopterus minutus,23,1997.0,2020.0,24,1,0,,,0,0,0,,,False,EVHOE,EVHOE,Trisopterus minutus,0.0
FG|EVHOE|Zeus faber,23,1997.0,2020.0,24,1,0,,,0,0,0,,,False,EVHOE,EVHOE,Zeus faber,0.0
FG|FR-CGFS|Arnoglossus laterna,23,1998.0,2020.0,23,0,4,2004.0,2004.0,0,0,0,,,False,FR-CGFS,FR-CGFS,Arnoglossus laterna,0.17391304347826086
FG|FR-CGFS|Callionymus lyra,23,1998.0,2020.0,23,0,16,,,0,0,0,,,False,FR-CGFS,FR-CGFS,Callionymus lyra,0.6956521739130435
FG|FR-CGFS|Chelidonichthys cuculus,23,1998.0,2020.0,23,0,0,,,0,0,0,,,False,FR-CGFS,FR-CGFS,Chelidonichthys cuculus,0.0
FG|FR-CGFS|Chelidonichthys lastoviza,23,1998.0,2020.0,23,0,0,,,0,0,0,,,False,FR-CGFS,FR-CGFS,Chelidonichthys lastoviza,0.0
FG|FR-CGFS|Chelidonichthys lucerna,23,1998.0,2020.0,23,0,0,,,0,0,0,,,False,FR-CGFS,FR-CGFS,Chelidonichthys lucerna,0.0
FG|FR-CGFS|Clupea harengus,23,1998.0,2020.0,23,0,0,,,0,0,0,,,False,FR-CGFS,FR-CGFS,Clupea harengus,0.0
FG|FR-CGFS|Conger conger,23,1998.0,2020.0,23,0,1,,,0,0,0,,,False,FR-CGFS,FR-CGFS,Conger conger,0.043478260869565216
FG|FR-CGFS|Dicentrarchus labrax,23,1998.0,2020.0,23,0,0,,,0,0,0,,,False,FR-CGFS,FR-CGFS,Dicentrarchus labrax,0.0
FG|FR-CGFS|Engraulis encrasicolus,23,1998.0,2020.0,23,0,0,2004.0,2004.0,0,0,0,,,False,FR-CGFS,FR-CGFS,Engraulis encrasicolus,0.0
FG|FR-CGFS|Eutrigla gurnardus,23,1998.0,2020.0,23,0,0,,2020.0,0,0,0,,,False,FR-CGFS,FR-CGFS,Eutrigla gurnardus,0.0
FG|FR-CGFS|Gadus morhua,23,1998.0,2020.0,23,0,0,2005.0,2005.0,0,0,0,,,False,FR-CGFS,FR-CGFS,Gadus morhua,0.0
FG|FR-CGFS|Galeorhinus galeus,23,1998.0,2020.0,23,0,0,2004.0,2004.0,0,0,0,,,False,FR-CGFS,FR-CGFS,Galeorhinus galeus,0.0
FG|FR-CGFS|Limanda limanda,23,1998.0,2020.0,23,0,0,,,0,0,0,,,False,FR-CGFS,FR-CGFS,Limanda limanda,0.0
FG|FR-CGFS|Merlangius merlangus,23,1998.0,2020.0,23,0,0,,,0,0,0,,,False,FR-CGFS,FR-CGFS,Merlangius merlangus,0.0
FG|FR-CGFS|Microstomus kitt,23,1998.0,2020.0,23,0,0,2016.0,2016.0,0,0,0,,,False,FR-CGFS,FR-CGFS,Microstomus kitt,0.0
FG|FR-CGFS|Mullus surmuletus,23,1998.0,2020.0,23,0,0,2011.0,2011.0,0,0,0,,,False,FR-CGFS,FR-CGFS,Mullus surmuletus,0.0
FG|FR-CGFS|Platichthys flesus,23,1998.0,2020.0,23,0,0,2017.0,2017.0,0,0,0,,,False,FR-CGFS,FR-CGFS,Platichthys flesus,0.0
FG|FR-CGFS|Pleuronectes platessa,23,1998.0,2020.0,23,0,0,,,0,0,0,,,False,FR-CGFS,FR-CGFS,Pleuronectes platessa,0.0
FG|FR-CGFS|Raja clavata,23,1998.0,2020.0,23,0,0,,,0,0,0,,,False,FR-CGFS,FR-CGFS,Raja clavata,0.0
FG|FR-CGFS|Raja undulata,23,1998.0,2020.0,23,0,0,,,0,0,0,,,False,FR-CGFS,FR-CGFS,Raja undulata,0.0
FG|FR-CGFS|Sardina pilchardus,23,1998.0,2020.0,23,0,0,,,0,0,0,,,False,FR-CGFS,FR-CGFS,Sardina pilchardus,0.0
FG|FR-CGFS|Scomber scombrus,23,1998.0,2020.0,23,0,0,2009.0,2009.0,0,0,0,,,False,FR-CGFS,FR-CGFS,Scomber scombrus,0.0
FG|FR-CGFS|Scophthalmus maximus,23,1998.0,2020.0,23,0,0,,,0,0,0,,,False,FR-CGFS,FR-CGFS,Scophthalmus maximus,0.0
FG|FR-CGFS|Scophthalmus rhombus,23,1998.0,2020.0,23,0,1,2010.0,2010.0,0,0,0,,,False,FR-CGFS,FR-CGFS,Scophthalmus rhombus,0.043478260869565216
FG|FR-CGFS|Scyliorhinus canicula,23,1998.0,2020.0,23,0,0,,,0,0,0,,,False,FR-CGFS,FR-CGFS,Scyliorhinus canicula,0.0
FG|FR-CGFS|Scyliorhinus stellaris,23,1998.0,2020.0,23,0,0,,,0,0,0,,,False,FR-CGFS,FR-CGFS,Scyliorhinus stellaris,0.0
FG|FR-CGFS|Solea solea,23,1998.0,2020.0,23,0,0,,,0,0,0,,,False,FR-CGFS,FR-CGFS,Solea solea,0.0
FG|FR-CGFS|Spondyliosoma cantharus,23,1998.0,2020.0,23,0,0,,,0,0,0,,,False,FR-CGFS,FR-CGFS,Spondyliosoma cantharus,0.0
FG|FR-CGFS|Sprattus sprattus,23,1998.0,2020.0,23,0,0,,,0,0,0,,,False,FR-CGFS,FR-CGFS,Sprattus sprattus,0.0
FG|FR-CGFS|Trachinus draco,23,1998.0,2020.0,23,0,1,,2020.0,0,0,0,,,False,FR-CGFS,FR-CGFS,Trachinus draco,0.043478260869565216
FG|FR-CGFS|Trachurus trachurus,23,1998.0,2020.0,23,0,0,,,0,0,0,,,False,FR-CGFS,FR-CGFS,Trachurus trachurus,0.0
FG|FR-CGFS|Trisopterus luscus,23,1998.0,2020.0,23,0,0,2018.0,2018.0,0,0,0,,,False,FR-CGFS,FR-CGFS,Trisopterus luscus,0.0
FG|FR-CGFS|Trisopterus minutus,23,1998.0,2020.0,23,0,0,,,0,0,0,,,False,FR-CGFS,FR-CGFS,Trisopterus minutus,0.0
FG|FR-CGFS|Zeus faber,23,1998.0,2020.0,23,0,0,,,0,0,0,,,False,FR-CGFS,FR-CGFS,Zeus faber,0.0
FG|GMEX-Fall|Anchoa hepsetus,39,1985.0,2024.0,40,1,0,2012.0,2012.0,0,0,0,,,False,GMEX,GMEX-Fall,Anchoa hepsetus,0.0
FG|GMEX-Fall|Anchoa mitchilli,39,1985.0,2024.0,40,1,0,2003.0,2003.0,0,0,0,,,False,GMEX,GMEX-Fall,Anchoa mitchilli,0.0
FG|GMEX-Fall|Ancylopsetta dilecta,39,1985.0,2024.0,40,1,1,2016.0,2016.0,2,2,0,2014.0,2015.0,True,GMEX,GMEX-Fall,Ancylopsetta dilecta,0.02564102564102564
FG|GMEX-Fall|Ancylopsetta quadrocellata,39,1985.0,2024.0,40,1,0,,2024.0,3,0,3,2014.0,2016.0,False,GMEX,GMEX-Fall,Ancylopsetta quadrocellata,0.0
FG|GMEX-Fall|Ariopsis felis,39,1985.0,2024.0,40,1,0,1999.0,1999.0,0,0,0,,,False,GMEX,GMEX-Fall,Ariopsis felis,0.0
FG|GMEX-Fall|Bagre marinus,39,1985.0,2024.0,40,1,0,,,3,0,3,2014.0,2016.0,False,GMEX,GMEX-Fall,Bagre marinus,0.0
FG|GMEX-Fall|Balistes capriscus,39,1985.0,2024.0,40,1,0,,,3,0,3,2014.0,2016.0,False,GMEX,GMEX-Fall,Balistes capriscus,0.0
FG|GMEX-Fall|Bollmannia communis,39,1985.0,2024.0,40,1,1,2010.0,2010.0,0,0,0,,,False,GMEX,GMEX-Fall,Bollmannia communis,0.02564102564102564
FG|GMEX-Fall|Brevoortia patronus,39,1985.0,2024.0,40,1,0,,,3,0,3,2014.0,2016.0,False,GMEX,GMEX-Fall,Brevoortia patronus,0.0
FG|GMEX-Fall|Brotula barbata,39,1985.0,2024.0,40,1,0,,,3,0,3,2014.0,2016.0,False,GMEX,GMEX-Fall,Brotula barbata,0.0
FG|GMEX-Fall|Caranx crysos,39,1985.0,2024.0,40,1,0,,,3,0,3,2014.0,2016.0,False,GMEX,GMEX-Fall,Caranx crysos,0.0
FG|GMEX-Fall|Caulolatilus intermedius,39,1985.0,2024.0,40,1,0,1991.0,1991.0,0,0,0,,,False,GMEX,GMEX-Fall,Caulolatilus intermedius,0.0
FG|GMEX-Fall|Centropristis philadelphica,39,1985.0,2024.0,40,1,0,,,3,0,3,2014.0,2016.0,False,GMEX,GMEX-Fall,Centropristis philadelphica,0.0
FG|GMEX-Fall|Chaetodipterus faber,39,1985.0,2024.0,40,1,0,,,3,0,3,2014.0,2016.0,False,GMEX,GMEX-Fall,Chaetodipterus faber,0.0
FG|GMEX-Fall|Chloroscombrus chrysurus,39,1985.0,2024.0,40,1,0,2020.0,2020.0,6,5,1,2014.0,2019.0,True,GMEX,GMEX-Fall,Chloroscombrus chrysurus,0.0
FG|GMEX-Fall|Citharichthys spilopterus,39,1985.0,2024.0,40,1,0,,,3,0,3,2014.0,2016.0,False,GMEX,GMEX-Fall,Citharichthys spilopterus,0.0
FG|GMEX-Fall|Cyclopsetta chittendeni,39,1985.0,2024.0,40,1,0,,,3,0,3,2014.0,2016.0,False,GMEX,GMEX-Fall,Cyclopsetta chittendeni,0.0
FG|GMEX-Fall|Cynoscion arenarius,39,1985.0,2024.0,40,1,0,,,3,0,3,2014.0,2016.0,False,GMEX,GMEX-Fall,Cynoscion arenarius,0.0
FG|GMEX-Fall|Cynoscion nothus,39,1985.0,2024.0,40,1,0,,,3,0,3,2014.0,2016.0,False,GMEX,GMEX-Fall,Cynoscion nothus,0.0
FG|GMEX-Fall|Diplectrum bivittatum,39,1985.0,2024.0,40,1,0,2016.0,2016.0,2,2,0,2014.0,2015.0,True,GMEX,GMEX-Fall,Diplectrum bivittatum,0.0
FG|GMEX-Fall|Etropus crossotus,39,1985.0,2024.0,40,1,0,,,3,0,3,2014.0,2016.0,False,GMEX,GMEX-Fall,Etropus crossotus,0.0
FG|GMEX-Fall|Eucinostomus gula,39,1985.0,2024.0,40,1,4,2014.0,2014.0,0,0,0,,,False,GMEX,GMEX-Fall,Eucinostomus gula,0.10256410256410256
FG|GMEX-Fall|Gymnachirus texae,39,1985.0,2024.0,40,1,0,2007.0,2007.0,0,0,0,,,False,GMEX,GMEX-Fall,Gymnachirus texae,0.0
FG|GMEX-Fall|Harengula jaguana,39,1985.0,2024.0,40,1,0,,,3,0,3,2014.0,2016.0,False,GMEX,GMEX-Fall,Harengula jaguana,0.0
FG|GMEX-Fall|Hoplunnis macrura,39,1985.0,2024.0,40,1,1,2004.0,2004.0,0,0,0,,,False,GMEX,GMEX-Fall,Hoplunnis macrura,0.02564102564102564
FG|GMEX-Fall|Kathetostoma albigutta,39,1985.0,2024.0,40,1,0,,,3,0,3,2014.0,2016.0,False,GMEX,GMEX-Fall,Kathetostoma albigutta,0.0
FG|GMEX-Fall|Lagocephalus laevigatus,39,1985.0,2024.0,40,1,0,1998.0,1998.0,0,0,0,,,False,GMEX,GMEX-Fall,Lagocephalus laevigatus,0.0
FG|GMEX-Fall|Lagodon rhomboides,39,1985.0,2024.0,40,1,0,,,3,0,3,2014.0,2016.0,False,GMEX,GMEX-Fall,Lagodon rhomboides,0.0
FG|GMEX-Fall|Larimus fasciatus,39,1985.0,2024.0,40,1,0,1990.0,1990.0,0,0,0,,,False,GMEX,GMEX-Fall,Larimus fasciatus,0.0
FG|GMEX-Fall|Leiostomus xanthurus,39,1985.0,2024.0,40,1,0,,,3,0,3,2014.0,2016.0,False,GMEX,GMEX-Fall,Leiostomus xanthurus,0.0
FG|GMEX-Fall|Lepophidium brevibarbe,39,1985.0,2024.0,40,1,0,,,3,0,3,2014.0,2016.0,False,GMEX,GMEX-Fall,Lepophidium brevibarbe,0.0
FG|GMEX-Fall|Lutjanus campechanus,39,1985.0,2024.0,40,1,0,,,3,0,3,2014.0,2016.0,False,GMEX,GMEX-Fall,Lutjanus campechanus,0.0
FG|GMEX-Fall|Lutjanus synagris,39,1985.0,2024.0,40,1,0,,,3,0,3,2014.0,2016.0,False,GMEX,GMEX-Fall,Lutjanus synagris,0.0
FG|GMEX-Fall|Menticirrhus americanus,39,1985.0,2024.0,40,1,0,,,3,0,3,2014.0,2016.0,False,GMEX,GMEX-Fall,Menticirrhus americanus,0.0
FG|GMEX-Fall|Micropogonias undulatus,39,1985.0,2024.0,40,1,0,,,3,0,3,2014.0,2016.0,False,GMEX,GMEX-Fall,Micropogonias undulatus,0.0
FG|GMEX-Fall|Mullus auratus,39,1985.0,2024.0,40,1,0,2016.0,2016.0,2,2,0,2014.0,2015.0,True,GMEX,GMEX-Fall,Mullus auratus,0.0
FG|GMEX-Fall|Ogcocephalus declivirostris,39,1985.0,2024.0,40,1,4,,2024.0,3,0,3,2014.0,2016.0,False,GMEX,GMEX-Fall,Ogcocephalus declivirostris,0.10256410256410256
FG|GMEX-Fall|Ophidion josephi,39,1985.0,2024.0,40,1,0,,,3,0,3,2014.0,2016.0,False,GMEX,GMEX-Fall,Ophidion josephi,0.0
FG|GMEX-Fall|Opisthonema oglinum,39,1985.0,2024.0,40,1,0,2018.0,2018.0,4,4,0,2014.0,2017.0,True,GMEX,GMEX-Fall,Opisthonema oglinum,0.0
FG|GMEX-Fall|Orthopristis chrysoptera,39,1985.0,2024.0,40,1,0,2019.0,2019.0,5,5,0,2014.0,2018.0,True,GMEX,GMEX-Fall,Orthopristis chrysoptera,0.0
FG|GMEX-Fall|Paralichthys lethostigma,39,1985.0,2024.0,40,1,0,,,3,0,3,2014.0,2016.0,False,GMEX,GMEX-Fall,Paralichthys lethostigma,0.0
FG|GMEX-Fall|Peprilus burti,39,1985.0,2024.0,40,1,0,,,3,0,3,2014.0,2016.0,False,GMEX,GMEX-Fall,Peprilus burti,0.0
FG|GMEX-Fall|Peprilus paru,39,1985.0,2024.0,40,1,0,,,3,0,3,2014.0,2016.0,False,GMEX,GMEX-Fall,Peprilus paru,0.0
FG|GMEX-Fall|Porichthys plectrodon,39,1985.0,2024.0,40,1,0,,2021.0,2,0,2,2014.0,2015.0,False,GMEX,GMEX-Fall,Porichthys plectrodon,0.0
FG|GMEX-Fall|Prionotus longispinosus,39,1985.0,2024.0,40,1,0,,,3,0,3,2014.0,2016.0,False,GMEX,GMEX-Fall,Prionotus longispinosus,0.0
FG|GMEX-Fall|Prionotus ophryas,39,1985.0,2024.0,40,1,0,2019.0,2019.0,5,5,0,2014.0,2018.0,True,GMEX,GMEX-Fall,Prionotus ophryas,0.0
FG|GMEX-Fall|Prionotus paralatus,39,1985.0,2024.0,40,1,0,2016.0,2016.0,2,2,0,2014.0,2015.0,True,GMEX,GMEX-Fall,Prionotus paralatus,0.0
FG|GMEX-Fall|Prionotus roseus,39,1985.0,2024.0,40,1,1,2013.0,2013.0,0,0,0,,,False,GMEX,GMEX-Fall,Prionotus roseus,0.02564102564102564
FG|GMEX-Fall|Prionotus rubio,39,1985.0,2024.0,40,1,0,,,3,0,3,2014.0,2016.0,False,GMEX,GMEX-Fall,Prionotus rubio,0.0
FG|GMEX-Fall|Prionotus stearnsi,39,1985.0,2024.0,40,1,0,1991.0,1991.0,0,0,0,,,False,GMEX,GMEX-Fall,Prionotus stearnsi,0.0
FG|GMEX-Fall|Prionotus tribulus,39,1985.0,2024.0,40,1,0,1999.0,1999.0,0,0,0,,,False,GMEX,GMEX-Fall,Prionotus tribulus,0.0
FG|GMEX-Fall|Pristipomoides aquilonaris,39,1985.0,2024.0,40,1,0,,,3,0,3,2014.0,2016.0,False,GMEX,GMEX-Fall,Pristipomoides aquilonaris,0.0
FG|GMEX-Fall|Rhizoprionodon terraenovae,39,1985.0,2024.0,40,1,1,1998.0,1998.0,0,0,0,,,False,GMEX,GMEX-Fall,Rhizoprionodon terraenovae,0.02564102564102564
FG|GMEX-Fall|Rhomboplites aurorubens,39,1985.0,2024.0,40,1,0,1997.0,1997.0,0,0,0,,,False,GMEX,GMEX-Fall,Rhomboplites aurorubens,0.0
FG|GMEX-Fall|Rhynchoconger flavus,39,1985.0,2024.0,40,1,0,2018.0,2018.0,4,4,0,2014.0,2017.0,True,GMEX,GMEX-Fall,Rhynchoconger flavus,0.0
FG|GMEX-Fall|Rostroraja texana,39,1985.0,2024.0,40,1,0,,,3,0,3,2014.0,2016.0,False,GMEX,GMEX-Fall,Rostroraja texana,0.0
FG|GMEX-Fall|Saurida brasiliensis,39,1985.0,2024.0,40,1,0,2007.0,2007.0,0,0,0,,,False,GMEX,GMEX-Fall,Saurida brasiliensis,0.0
FG|GMEX-Fall|Scomberomorus cavalla,39,1985.0,2024.0,40,1,3,2017.0,2017.0,3,3,0,2014.0,2016.0,True,GMEX,GMEX-Fall,Scomberomorus cavalla,0.07692307692307693
FG|GMEX-Fall|Scomberomorus maculatus,39,1985.0,2024.0,40,1,1,2012.0,2012.0,0,0,0,,,False,GMEX,GMEX-Fall,Scomberomorus maculatus,0.02564102564102564
FG|GMEX-Fall|Scorpaena calcarata,39,1985.0,2024.0,40,1,1,2010.0,2010.0,0,0,0,,,False,GMEX,GMEX-Fall,Scorpaena calcarata,0.02564102564102564
FG|GMEX-Fall|Selar crumenophthalmus,39,1985.0,2024.0,40,1,0,,,3,0,3,2014.0,2016.0,False,GMEX,GMEX-Fall,Selar crumenophthalmus,0.0
FG|GMEX-Fall|Selene setapinnis,39,1985.0,2024.0,40,1,0,,,3,0,3,2014.0,2016.0,False,GMEX,GMEX-Fall,Selene setapinnis,0.0
FG|GMEX-Fall|Selene vomer,39,1985.0,2024.0,40,1,0,2014.0,2014.0,0,0,0,,,False,GMEX,GMEX-Fall,Selene vomer,0.0
FG|GMEX-Fall|Serranus atrobranchus,39,1985.0,2024.0,40,1,0,,,3,0,3,2014.0,2016.0,False,GMEX,GMEX-Fall,Serranus atrobranchus,0.0
FG|GMEX-Fall|Sphoeroides parvus,39,1985.0,2024.0,40,1,0,2007.0,2007.0,0,0,0,,,False,GMEX,GMEX-Fall,Sphoeroides parvus,0.0
FG|GMEX-Fall|Sphyraena guachancho,39,1985.0,2024.0,40,1,0,2014.0,2014.0,0,0,0,,,False,GMEX,GMEX-Fall,Sphyraena guachancho,0.0
FG|GMEX-Fall|Stellifer lanceolatus,39,1985.0,2024.0,40,1,0,1990.0,1990.0,0,0,0,,,False,GMEX,GMEX-Fall,Stellifer lanceolatus,0.0
FG|GMEX-Fall|Stenotomus caprinus,39,1985.0,2024.0,40,1,0,,,3,0,3,2014.0,2016.0,False,GMEX,GMEX-Fall,Stenotomus caprinus,0.0
FG|GMEX-Fall|Stephanolepis hispida,39,1985.0,2024.0,40,1,4,2013.0,2013.0,0,0,0,,,False,GMEX,GMEX-Fall,Stephanolepis hispida,0.10256410256410256
FG|GMEX-Fall|Syacium gunteri,39,1985.0,2024.0,40,1,0,,,3,0,3,2014.0,2016.0,False,GMEX,GMEX-Fall,Syacium gunteri,0.0
FG|GMEX-Fall|Syacium papillosum,39,1985.0,2024.0,40,1,0,1992.0,1992.0,0,0,0,,,False,GMEX,GMEX-Fall,Syacium papillosum,0.0
FG|GMEX-Fall|Symphurus diomedeanus,39,1985.0,2024.0,40,1,1,2016.0,2016.0,2,2,0,2014.0,2015.0,True,GMEX,GMEX-Fall,Symphurus diomedeanus,0.02564102564102564
FG|GMEX-Fall|Symphurus plagiusa,39,1985.0,2024.0,40,1,0,1997.0,1997.0,0,0,0,,,False,GMEX,GMEX-Fall,Symphurus plagiusa,0.0
FG|GMEX-Fall|Synodus foetens,39,1985.0,2024.0,40,1,0,,,3,0,3,2014.0,2016.0,False,GMEX,GMEX-Fall,Synodus foetens,0.0
FG|GMEX-Fall|Synodus poeyi,39,1985.0,2024.0,40,1,0,,2024.0,3,0,3,2014.0,2016.0,False,GMEX,GMEX-Fall,Synodus poeyi,0.0
FG|GMEX-Fall|Trachurus lathami,39,1985.0,2024.0,40,1,0,,,3,0,3,2014.0,2016.0,False,GMEX,GMEX-Fall,Trachurus lathami,0.0
FG|GMEX-Fall|Trichiurus lepturus,39,1985.0,2024.0,40,1,0,,,3,0,3,2014.0,2016.0,False,GMEX,GMEX-Fall,Trichiurus lepturus,0.0
FG|GMEX-Fall|Trichopsetta ventralis,39,1985.0,2024.0,40,1,0,,,3,0,3,2014.0,2016.0,False,GMEX,GMEX-Fall,Trichopsetta ventralis,0.0
FG|GMEX-Fall|Upeneus parvus,39,1985.0,2024.0,40,1,0,,,3,0,3,2014.0,2016.0,False,GMEX,GMEX-Fall,Upeneus parvus,0.0
FG|GMEX-Summer|Anchoa hepsetus,39,1982.0,2024.0,43,4,0,,,0,0,0,,,False,GMEX,GMEX-Summer,Anchoa hepsetus,0.0
FG|GMEX-Summer|Anchoa mitchilli,39,1982.0,2024.0,43,4,0,1999.0,1999.0,0,0,0,,,False,GMEX,GMEX-Summer,Anchoa mitchilli,0.0
FG|GMEX-Summer|Ancylopsetta dilecta,39,1982.0,2024.0,43,4,0,2018.0,2018.0,0,0,0,,,False,GMEX,GMEX-Summer,Ancylopsetta dilecta,0.0
FG|GMEX-Summer|Ancylopsetta quadrocellata,39,1982.0,2024.0,43,4,0,,,0,0,0,,,False,GMEX,GMEX-Summer,Ancylopsetta quadrocellata,0.0
FG|GMEX-Summer|Ariopsis felis,39,1982.0,2024.0,43,4,0,2003.0,2003.0,0,0,0,,,False,GMEX,GMEX-Summer,Ariopsis felis,0.0
FG|GMEX-Summer|Balistes capriscus,39,1982.0,2024.0,43,4,0,,,0,0,0,,,False,GMEX,GMEX-Summer,Balistes capriscus,0.0
FG|GMEX-Summer|Bollmannia communis,39,1982.0,2024.0,43,4,0,2005.0,2000.0,0,0,0,,,False,GMEX,GMEX-Summer,Bollmannia communis,0.0
FG|GMEX-Summer|Brevoortia patronus,39,1982.0,2024.0,43,4,0,2008.0,2008.0,0,0,0,,,False,GMEX,GMEX-Summer,Brevoortia patronus,0.0
FG|GMEX-Summer|Brotula barbata,39,1982.0,2024.0,43,4,0,2004.0,2000.0,0,0,0,,,False,GMEX,GMEX-Summer,Brotula barbata,0.0
FG|GMEX-Summer|Caulolatilus intermedius,39,1982.0,2024.0,43,4,0,2022.0,2019.0,0,0,0,,,False,GMEX,GMEX-Summer,Caulolatilus intermedius,0.0
FG|GMEX-Summer|Centropristis philadelphica,39,1982.0,2024.0,43,4,0,,,0,0,0,,,False,GMEX,GMEX-Summer,Centropristis philadelphica,0.0
FG|GMEX-Summer|Chloroscombrus chrysurus,39,1982.0,2024.0,43,4,0,2023.0,2019.0,0,0,0,,,False,GMEX,GMEX-Summer,Chloroscombrus chrysurus,0.0
FG|GMEX-Summer|Citharichthys spilopterus,39,1982.0,2024.0,43,4,0,2013.0,2013.0,0,0,0,,,False,GMEX,GMEX-Summer,Citharichthys spilopterus,0.0
FG|GMEX-Summer|Cyclopsetta chittendeni,39,1982.0,2024.0,43,4,0,,,0,0,0,,,False,GMEX,GMEX-Summer,Cyclopsetta chittendeni,0.0
FG|GMEX-Summer|Cynoscion arenarius,39,1982.0,2024.0,43,4,0,,,0,0,0,,,False,GMEX,GMEX-Summer,Cynoscion arenarius,0.0
FG|GMEX-Summer|Cynoscion nothus,39,1982.0,2024.0,43,4,0,,,0,0,0,,,False,GMEX,GMEX-Summer,Cynoscion nothus,0.0
FG|GMEX-Summer|Diplectrum bivittatum,39,1982.0,2024.0,43,4,0,2008.0,2008.0,0,0,0,,,False,GMEX,GMEX-Summer,Diplectrum bivittatum,0.0
FG|GMEX-Summer|Engyophrys senta,39,1982.0,2024.0,43,4,0,1998.0,1998.0,0,0,0,,,False,GMEX,GMEX-Summer,Engyophrys senta,0.0
FG|GMEX-Summer|Etropus crossotus,39,1982.0,2024.0,43,4,0,1995.0,1995.0,0,0,0,,,False,GMEX,GMEX-Summer,Etropus crossotus,0.0
FG|GMEX-Summer|Etrumeus sadina,39,1982.0,2024.0,43,4,0,1999.0,1999.0,0,0,0,,,False,GMEX,GMEX-Summer,Etrumeus sadina,0.0
FG|GMEX-Summer|Eucinostomus gula,39,1982.0,2024.0,43,4,2,2014.0,2014.0,0,0,0,,,False,GMEX,GMEX-Summer,Eucinostomus gula,0.05128205128205128
FG|GMEX-Summer|Fowlerichthys radiosus,39,1982.0,2024.0,43,4,0,1989.0,1989.0,0,0,0,,,False,GMEX,GMEX-Summer,Fowlerichthys radiosus,0.0
FG|GMEX-Summer|Gymnachirus texae,39,1982.0,2024.0,43,4,0,1999.0,1999.0,0,0,0,,,False,GMEX,GMEX-Summer,Gymnachirus texae,0.0
FG|GMEX-Summer|Harengula jaguana,39,1982.0,2024.0,43,4,0,,,0,0,0,,,False,GMEX,GMEX-Summer,Harengula jaguana,0.0
FG|GMEX-Summer|Hoplunnis macrura,39,1982.0,2024.0,43,4,0,2010.0,2010.0,0,0,0,,,False,GMEX,GMEX-Summer,Hoplunnis macrura,0.0
FG|GMEX-Summer|Kathetostoma albigutta,39,1982.0,2024.0,43,4,0,,,0,0,0,,,False,GMEX,GMEX-Summer,Kathetostoma albigutta,0.0
FG|GMEX-Summer|Lagocephalus laevigatus,39,1982.0,2024.0,43,4,0,,,0,0,0,,,False,GMEX,GMEX-Summer,Lagocephalus laevigatus,0.0
FG|GMEX-Summer|Lagodon rhomboides,39,1982.0,2024.0,43,4,0,,,0,0,0,,,False,GMEX,GMEX-Summer,Lagodon rhomboides,0.0
FG|GMEX-Summer|Larimus fasciatus,39,1982.0,2024.0,43,4,0,,,0,0,0,,,False,GMEX,GMEX-Summer,Larimus fasciatus,0.0
FG|GMEX-Summer|Leiostomus xanthurus,39,1982.0,2024.0,43,4,0,,,0,0,0,,,False,GMEX,GMEX-Summer,Leiostomus xanthurus,0.0
FG|GMEX-Summer|Lepophidium brevibarbe,39,1982.0,2024.0,43,4,0,,,0,0,0,,,False,GMEX,GMEX-Summer,Lepophidium brevibarbe,0.0
FG|GMEX-Summer|Lutjanus campechanus,39,1982.0,2024.0,43,4,0,,,0,0,0,,,False,GMEX,GMEX-Summer,Lutjanus campechanus,0.0
FG|GMEX-Summer|Lutjanus synagris,39,1982.0,2024.0,43,4,0,,,0,0,0,,,False,GMEX,GMEX-Summer,Lutjanus synagris,0.0
FG|GMEX-Summer|Menticirrhus americanus,39,1982.0,2024.0,43,4,0,2013.0,2013.0,0,0,0,,,False,GMEX,GMEX-Summer,Menticirrhus americanus,0.0
FG|GMEX-Summer|Micropogonias undulatus,39,1982.0,2024.0,43,4,0,,,0,0,0,,,False,GMEX,GMEX-Summer,Micropogonias undulatus,0.0
FG|GMEX-Summer|Mullus auratus,39,1982.0,2024.0,43,4,0,2016.0,2016.0,0,0,0,,,False,GMEX,GMEX-Summer,Mullus auratus,0.0
FG|GMEX-Summer|Ogcocephalus declivirostris,39,1982.0,2024.0,43,4,7,,,0,0,0,,,False,GMEX,GMEX-Summer,Ogcocephalus declivirostris,0.1794871794871795
FG|GMEX-Summer|Opisthonema oglinum,39,1982.0,2024.0,43,4,0,,2024.0,0,0,0,,,False,GMEX,GMEX-Summer,Opisthonema oglinum,0.0
FG|GMEX-Summer|Paralichthys lethostigma,39,1982.0,2024.0,43,4,0,,,0,0,0,,,False,GMEX,GMEX-Summer,Paralichthys lethostigma,0.0
FG|GMEX-Summer|Peprilus burti,39,1982.0,2024.0,43,4,0,,,0,0,0,,,False,GMEX,GMEX-Summer,Peprilus burti,0.0
FG|GMEX-Summer|Peprilus paru,39,1982.0,2024.0,43,4,0,2017.0,2000.0,0,0,0,,,False,GMEX,GMEX-Summer,Peprilus paru,0.0
FG|GMEX-Summer|Polydactylus octonemus,39,1982.0,2024.0,43,4,7,1992.0,1992.0,0,0,0,,,False,GMEX,GMEX-Summer,Polydactylus octonemus,0.1794871794871795
FG|GMEX-Summer|Porichthys plectrodon,39,1982.0,2024.0,43,4,0,1998.0,1998.0,0,0,0,,,False,GMEX,GMEX-Summer,Porichthys plectrodon,0.0
FG|GMEX-Summer|Prionotus longispinosus,39,1982.0,2024.0,43,4,0,,,0,0,0,,,False,GMEX,GMEX-Summer,Prionotus longispinosus,0.0
FG|GMEX-Summer|Prionotus paralatus,39,1982.0,2024.0,43,4,0,2017.0,2017.0,0,0,0,,,False,GMEX,GMEX-Summer,Prionotus paralatus,0.0
FG|GMEX-Summer|Prionotus roseus,39,1982.0,2024.0,43,4,1,1992.0,1992.0,0,0,0,,,False,GMEX,GMEX-Summer,Prionotus roseus,0.02564102564102564
FG|GMEX-Summer|Prionotus rubio,39,1982.0,2024.0,43,4,0,1998.0,1998.0,0,0,0,,,False,GMEX,GMEX-Summer,Prionotus rubio,0.0
FG|GMEX-Summer|Prionotus stearnsi,39,1982.0,2024.0,43,4,0,2022.0,2022.0,0,0,0,,,False,GMEX,GMEX-Summer,Prionotus stearnsi,0.0
FG|GMEX-Summer|Prionotus tribulus,39,1982.0,2024.0,43,4,0,1998.0,1998.0,0,0,0,,,False,GMEX,GMEX-Summer,Prionotus tribulus,0.0
FG|GMEX-Summer|Pristipomoides aquilonaris,39,1982.0,2024.0,43,4,0,,,0,0,0,,,False,GMEX,GMEX-Summer,Pristipomoides aquilonaris,0.0
FG|GMEX-Summer|Rhizoprionodon terraenovae,39,1982.0,2024.0,43,4,0,2023.0,2023.0,0,0,0,,,False,GMEX,GMEX-Summer,Rhizoprionodon terraenovae,0.0
FG|GMEX-Summer|Rhynchoconger flavus,39,1982.0,2024.0,43,4,0,2011.0,2011.0,0,0,0,,,False,GMEX,GMEX-Summer,Rhynchoconger flavus,0.0
FG|GMEX-Summer|Rostroraja texana,39,1982.0,2024.0,43,4,0,,,0,0,0,,,False,GMEX,GMEX-Summer,Rostroraja texana,0.0
FG|GMEX-Summer|Sardinella aurita,39,1982.0,2024.0,43,4,1,2018.0,2018.0,0,0,0,,,False,GMEX,GMEX-Summer,Sardinella aurita,0.02564102564102564
FG|GMEX-Summer|Saurida brasiliensis,39,1982.0,2024.0,43,4,0,,2024.0,0,0,0,,,False,GMEX,GMEX-Summer,Saurida brasiliensis,0.0
FG|GMEX-Summer|Scorpaena calcarata,39,1982.0,2024.0,43,4,0,2014.0,2014.0,0,0,0,,,False,GMEX,GMEX-Summer,Scorpaena calcarata,0.0
FG|GMEX-Summer|Selene setapinnis,39,1982.0,2024.0,43,4,0,,,0,0,0,,,False,GMEX,GMEX-Summer,Selene setapinnis,0.0
FG|GMEX-Summer|Serranus atrobranchus,39,1982.0,2024.0,43,4,0,,,0,0,0,,,False,GMEX,GMEX-Summer,Serranus atrobranchus,0.0
FG|GMEX-Summer|Sphoeroides parvus,39,1982.0,2024.0,43,4,0,1999.0,1999.0,0,0,0,,,False,GMEX,GMEX-Summer,Sphoeroides parvus,0.0
FG|GMEX-Summer|Sphyraena guachancho,39,1982.0,2024.0,43,4,1,2016.0,2016.0,0,0,0,,,False,GMEX,GMEX-Summer,Sphyraena guachancho,0.02564102564102564
FG|GMEX-Summer|Stellifer lanceolatus,39,1982.0,2024.0,43,4,0,2013.0,2000.0,0,0,0,,,False,GMEX,GMEX-Summer,Stellifer lanceolatus,0.0
FG|GMEX-Summer|Stenotomus caprinus,39,1982.0,2024.0,43,4,0,,,0,0,0,,,False,GMEX,GMEX-Summer,Stenotomus caprinus,0.0
FG|GMEX-Summer|Stephanolepis hispida,39,1982.0,2024.0,43,4,0,2009.0,2009.0,0,0,0,,,False,GMEX,GMEX-Summer,Stephanolepis hispida,0.0
FG|GMEX-Summer|Syacium gunteri,39,1982.0,2024.0,43,4,0,,,0,0,0,,,False,GMEX,GMEX-Summer,Syacium gunteri,0.0
FG|GMEX-Summer|Syacium papillosum,39,1982.0,2024.0,43,4,0,1992.0,1992.0,0,0,0,,,False,GMEX,GMEX-Summer,Syacium papillosum,0.0
FG|GMEX-Summer|Symphurus plagiusa,39,1982.0,2024.0,43,4,0,1998.0,1998.0,0,0,0,,,False,GMEX,GMEX-Summer,Symphurus plagiusa,0.0
FG|GMEX-Summer|Synodus foetens,39,1982.0,2024.0,43,4,0,,,0,0,0,,,False,GMEX,GMEX-Summer,Synodus foetens,0.0
FG|GMEX-Summer|Synodus poeyi,39,1982.0,2024.0,43,4,0,,,0,0,0,,,False,GMEX,GMEX-Summer,Synodus poeyi,0.0
FG|GMEX-Summer|Trachurus lathami,39,1982.0,2024.0,43,4,0,,2024.0,0,0,0,,,False,GMEX,GMEX-Summer,Trachurus lathami,0.0
FG|GMEX-Summer|Trichiurus lepturus,39,1982.0,2024.0,43,4,0,,,0,0,0,,,False,GMEX,GMEX-Summer,Trichiurus lepturus,0.0
FG|GMEX-Summer|Trichopsetta ventralis,39,1982.0,2024.0,43,4,0,,,0,0,0,,,False,GMEX,GMEX-Summer,Trichopsetta ventralis,0.0
FG|GMEX-Summer|Upeneus parvus,39,1982.0,2024.0,43,4,0,,,0,0,0,,,False,GMEX,GMEX-Summer,Upeneus parvus,0.0
FG|GMEX-Summer|Urophycis cirrata,39,1982.0,2024.0,43,4,1,2004.0,2004.0,0,0,0,,,False,GMEX,GMEX-Summer,Urophycis cirrata,0.02564102564102564
FG|GMEX-Summer|Urophycis floridana,39,1982.0,2024.0,43,4,0,2022.0,2022.0,0,0,0,,,False,GMEX,GMEX-Summer,Urophycis floridana,0.0
FG|GOA|Albatrossia pectoralis,15,1984.0,2019.0,36,21,0,,,0,0,0,,,False,GOA,GOA,Albatrossia pectoralis,0.0
FG|GOA|Anoplopoma fimbria,15,1984.0,2019.0,36,21,0,,,0,0,0,,,False,GOA,GOA,Anoplopoma fimbria,0.0
FG|GOA|Atheresthes stomias,15,1984.0,2019.0,36,21,0,,,0,0,0,,,False,GOA,GOA,Atheresthes stomias,0.0
FG|GOA|Bathymaster signatus,15,1984.0,2019.0,36,21,0,,,0,0,0,,,False,GOA,GOA,Bathymaster signatus,0.0
FG|GOA|Beringraja binoculata,15,1984.0,2019.0,36,21,0,,,0,0,0,,,False,GOA,GOA,Beringraja binoculata,0.0
FG|GOA|Beringraja rhina,15,1984.0,2019.0,36,21,0,,,0,0,0,,,False,GOA,GOA,Beringraja rhina,0.0
FG|GOA|Clupea pallasii,15,1984.0,2019.0,36,21,0,,,0,0,0,,,False,GOA,GOA,Clupea pallasii,0.0
FG|GOA|Dasycottus setiger,15,1984.0,2019.0,36,21,0,,,0,0,0,,,False,GOA,GOA,Dasycottus setiger,0.0
FG|GOA|Gadus chalcogrammus,15,1984.0,2019.0,36,21,0,,,0,0,0,,,False,GOA,GOA,Gadus chalcogrammus,0.0
FG|GOA|Gadus macrocephalus,15,1984.0,2019.0,36,21,0,,,0,0,0,,,False,GOA,GOA,Gadus macrocephalus,0.0
FG|GOA|Glyptocephalus zachirus,15,1984.0,2019.0,36,21,0,,,0,0,0,,,False,GOA,GOA,Glyptocephalus zachirus,0.0
FG|GOA|Hemilepidotus jordani,15,1984.0,2019.0,36,21,0,,,0,0,0,,,False,GOA,GOA,Hemilepidotus jordani,0.0
FG|GOA|Hemitripterus bolini,15,1984.0,2019.0,36,21,0,,,0,0,0,,,False,GOA,GOA,Hemitripterus bolini,0.0
FG|GOA|Hexagrammos decagrammus,15,1984.0,2019.0,36,21,0,,,0,0,0,,,False,GOA,GOA,Hexagrammos decagrammus,0.0
FG|GOA|Hippoglossoides elassodon,15,1984.0,2019.0,36,21,0,,,0,0,0,,,False,GOA,GOA,Hippoglossoides elassodon,0.0
FG|GOA|Hippoglossus stenolepis,15,1984.0,2019.0,36,21,0,,,0,0,0,,,False,GOA,GOA,Hippoglossus stenolepis,0.0
FG|GOA|Hydrolagus colliei,15,1984.0,2019.0,36,21,0,,,0,0,0,,,False,GOA,GOA,Hydrolagus colliei,0.0
FG|GOA|Isopsetta isolepis,15,1984.0,2019.0,36,21,0,,,0,0,0,,,False,GOA,GOA,Isopsetta isolepis,0.0
FG|GOA|Limanda aspera,15,1984.0,2019.0,36,21,0,,,0,0,0,,,False,GOA,GOA,Limanda aspera,0.0
FG|GOA|Lycodes brevipes,15,1984.0,2019.0,36,21,0,,,0,0,0,,,False,GOA,GOA,Lycodes brevipes,0.0
FG|GOA|Lycodes palearis,15,1984.0,2019.0,36,21,0,,,0,0,0,,,False,GOA,GOA,Lycodes palearis,0.0
FG|GOA|Lyopsetta exilis,15,1984.0,2019.0,36,21,0,,,0,0,0,,,False,GOA,GOA,Lyopsetta exilis,0.0
FG|GOA|Malacocottus zonurus,15,1984.0,2019.0,36,21,0,,,0,0,0,,,False,GOA,GOA,Malacocottus zonurus,0.0
FG|GOA|Mallotus villosus,15,1984.0,2019.0,36,21,0,,,0,0,0,,,False,GOA,GOA,Mallotus villosus,0.0
FG|GOA|Microstomus pacificus,15,1984.0,2019.0,36,21,0,,,0,0,0,,,False,GOA,GOA,Microstomus pacificus,0.0
FG|GOA|Oncorhynchus keta,15,1984.0,2019.0,36,21,0,,,0,0,0,,,False,GOA,GOA,Oncorhynchus keta,0.0
FG|GOA|Oncorhynchus tshawytscha,15,1984.0,2019.0,36,21,0,,,0,0,0,,,False,GOA,GOA,Oncorhynchus tshawytscha,0.0
FG|GOA|Ophiodon elongatus,15,1984.0,2019.0,36,21,0,,,0,0,0,,,False,GOA,GOA,Ophiodon elongatus,0.0
FG|GOA|Parophrys vetulus,15,1984.0,2019.0,36,21,0,,,0,0,0,,,False,GOA,GOA,Parophrys vetulus,0.0
FG|GOA|Platichthys stellatus,15,1984.0,2019.0,36,21,0,,,0,0,0,,,False,GOA,GOA,Platichthys stellatus,0.0
FG|GOA|Pleurogrammus monopterygius,15,1984.0,2019.0,36,21,0,,,0,0,0,,,False,GOA,GOA,Pleurogrammus monopterygius,0.0
FG|GOA|Podothecus accipenserinus,15,1984.0,2019.0,36,21,0,,,0,0,0,,,False,GOA,GOA,Podothecus accipenserinus,0.0
FG|GOA|Sebastes aleutianus,15,1984.0,2019.0,36,21,8,,,0,0,0,,,False,GOA,GOA,Sebastes aleutianus,0.5333333333333333
FG|GOA|Sebastes alutus,15,1984.0,2019.0,36,21,0,,,0,0,0,,,False,GOA,GOA,Sebastes alutus,0.0
FG|GOA|Sebastes babcocki,15,1984.0,2019.0,36,21,0,,,0,0,0,,,False,GOA,GOA,Sebastes babcocki,0.0
FG|GOA|Sebastes borealis,15,1984.0,2019.0,36,21,0,,,0,0,0,,,False,GOA,GOA,Sebastes borealis,0.0
FG|GOA|Sebastes brevispinis,15,1984.0,2019.0,36,21,0,,,0,0,0,,,False,GOA,GOA,Sebastes brevispinis,0.0
FG|GOA|Sebastes melanostictus,15,1984.0,2019.0,36,21,8,,,0,0,0,,,False,GOA,GOA,Sebastes melanostictus,0.5333333333333333
FG|GOA|Sebastes polyspinis,15,1984.0,2019.0,36,21,0,,,0,0,0,,,False,GOA,GOA,Sebastes polyspinis,0.0
FG|GOA|Sebastes variabilis,15,1984.0,2019.0,36,21,3,,,0,0,0,,,False,GOA,GOA,Sebastes variabilis,0.2
FG|GOA|Sebastes variegatus,15,1984.0,2019.0,36,21,0,,,0,0,0,,,False,GOA,GOA,Sebastes variegatus,0.0
FG|GOA|Sebastes zacentrus,15,1984.0,2019.0,36,21,0,,,0,0,0,,,False,GOA,GOA,Sebastes zacentrus,0.0
FG|GOA|Sebastolobus alascanus,15,1984.0,2019.0,36,21,0,,,0,0,0,,,False,GOA,GOA,Sebastolobus alascanus,0.0
FG|GOA|Squalus suckleyi,15,1984.0,2019.0,36,21,0,,,0,0,0,,,False,GOA,GOA,Squalus suckleyi,0.0
FG|GOA|Thaleichthys pacificus,15,1984.0,2019.0,36,21,0,,,0,0,0,,,False,GOA,GOA,Thaleichthys pacificus,0.0
FG|GOA|Zaprora silenus,15,1984.0,2019.0,36,21,0,,,0,0,0,,,False,GOA,GOA,Zaprora silenus,0.0
FG|GSL-N|Amblyraja radiata,32,1987.0,2019.0,33,1,3,,,0,0,0,,,False,GSL-N,GSL-N,Amblyraja radiata,0.09375
FG|GSL-N|Anarhichas lupus,32,1987.0,2019.0,33,1,1,,,0,0,0,,,False,GSL-N,GSL-N,Anarhichas lupus,0.03125
FG|GSL-N|Arctozenus risso,32,1987.0,2019.0,33,1,13,,2019.0,0,0,0,,,False,GSL-N,GSL-N,Arctozenus risso,0.40625
FG|GSL-N|Centroscyllium fabricii,32,1987.0,2019.0,33,1,3,1998.0,1998.0,0,0,0,,,False,GSL-N,GSL-N,Centroscyllium fabricii,0.09375
FG|GSL-N|Clupea harengus,32,1987.0,2019.0,33,1,5,,,0,0,0,,,False,GSL-N,GSL-N,Clupea harengus,0.15625
FG|GSL-N|Enchelyopus cimbrius,32,1987.0,2019.0,33,1,12,,,0,0,0,,,False,GSL-N,GSL-N,Enchelyopus cimbrius,0.375
FG|GSL-N|Gadus morhua,32,1987.0,2019.0,33,1,0,1999.0,1999.0,0,0,0,,,False,GSL-N,GSL-N,Gadus morhua,0.0
FG|GSL-N|Glyptocephalus cynoglossus,32,1987.0,2019.0,33,1,0,1996.0,1996.0,0,0,0,,,False,GSL-N,GSL-N,Glyptocephalus cynoglossus,0.0
FG|GSL-N|Hippoglossoides platessoides,32,1987.0,2019.0,33,1,0,,,0,0,0,,,False,GSL-N,GSL-N,Hippoglossoides platessoides,0.0
FG|GSL-N|Hippoglossus hippoglossus,32,1987.0,2019.0,33,1,0,1999.0,1999.0,0,0,0,,,False,GSL-N,GSL-N,Hippoglossus hippoglossus,0.0
FG|GSL-N|Malacoraja senta,32,1987.0,2019.0,33,1,3,,,0,0,0,,,False,GSL-N,GSL-N,Malacoraja senta,0.09375
FG|GSL-N|Mallotus villosus,32,1987.0,2019.0,33,1,8,2013.0,2013.0,0,0,0,,,False,GSL-N,GSL-N,Mallotus villosus,0.25
FG|GSL-N|Melanostigma atlanticum,32,1987.0,2019.0,33,1,13,2016.0,2016.0,0,0,0,,,False,GSL-N,GSL-N,Melanostigma atlanticum,0.40625
FG|GSL-N|Merluccius bilinearis,32,1987.0,2019.0,33,1,2,1996.0,1996.0,0,0,0,,,False,GSL-N,GSL-N,Merluccius bilinearis,0.0625
FG|GSL-N|Myxine glutinosa,32,1987.0,2019.0,33,1,15,,,0,0,0,,,False,GSL-N,GSL-N,Myxine glutinosa,0.46875
FG|GSL-N|Nezumia bairdii,32,1987.0,2019.0,33,1,9,,,0,0,0,,,False,GSL-N,GSL-N,Nezumia bairdii,0.28125
FG|GSL-N|Phycis chesteri,32,1987.0,2019.0,33,1,0,,,0,0,0,,,False,GSL-N,GSL-N,Phycis chesteri,0.0
FG|GSL-N|Reinhardtius hippoglossoides,32,1987.0,2019.0,33,1,0,1999.0,1999.0,0,0,0,,,False,GSL-N,GSL-N,Reinhardtius hippoglossoides,0.0
FG|GSL-N|Urophycis tenuis,32,1987.0,2019.0,33,1,0,,,0,0,0,,,False,GSL-N,GSL-N,Urophycis tenuis,0.0
FG|GSL-S|Alosa pseudoharengus,49,1970.0,2019.0,50,1,0,1981.0,1981.0,0,0,0,,,False,GSL-S,GSL-S,Alosa pseudoharengus,0.0
FG|GSL-S|Amblyraja radiata,49,1970.0,2019.0,50,1,0,2000.0,2000.0,1,1,0,1999.0,1999.0,True,GSL-S,GSL-S,Amblyraja radiata,0.0
FG|GSL-S|Ammodytes dubius,47,1970.0,2019.0,50,3,23,,,0,0,0,,,False,GSL-S,GSL-S,Ammodytes dubius,0.48936170212765956
FG|GSL-S|Anisarchus medius,48,1970.0,2019.0,50,2,30,,,0,0,0,,,False,GSL-S,GSL-S,Anisarchus medius,0.625
FG|GSL-S|Artediellus uncinatus,42,1970.0,2019.0,50,8,10,2014.0,2014.0,0,0,0,,,False,GSL-S,GSL-S,Artediellus uncinatus,0.23809523809523808
FG|GSL-S|Aspidophoroides monopterygius,36,1971.0,2019.0,49,13,3,,,0,0,0,,,False,GSL-S,GSL-S,Aspidophoroides monopterygius,0.08333333333333333
FG|GSL-S|Aspidophoroides olrikii,49,1970.0,2019.0,50,1,32,,,0,0,0,,,False,GSL-S,GSL-S,Aspidophoroides olrikii,0.6530612244897959
FG|GSL-S|Clupea harengus,49,1970.0,2019.0,50,1,0,1980.0,1980.0,0,0,0,,,False,GSL-S,GSL-S,Clupea harengus,0.0
FG|GSL-S|Enchelyopus cimbrius,40,1971.0,2019.0,49,9,9,,,0,0,0,,,False,GSL-S,GSL-S,Enchelyopus cimbrius,0.225
FG|GSL-S|Eumesogrammus praecisus,42,1970.0,2019.0,50,8,8,,,0,0,0,,,False,GSL-S,GSL-S,Eumesogrammus praecisus,0.19047619047619047
FG|GSL-S|Eumicrotremus spinosus,44,1970.0,2019.0,50,6,13,,,0,0,0,,,False,GSL-S,GSL-S,Eumicrotremus spinosus,0.29545454545454547
FG|GSL-S|Gadus macrocephalus,48,1970.0,2019.0,50,2,1,1983.0,1983.0,0,0,0,,,False,GSL-S,GSL-S,Gadus macrocephalus,0.020833333333333332
FG|GSL-S|Gadus morhua,49,1970.0,2019.0,50,1,0,1992.0,1992.0,0,0,0,,,False,GSL-S,GSL-S,Gadus morhua,0.0
FG|GSL-S|Gasterosteus aculeatus,42,1970.0,2019.0,50,8,11,2014.0,2014.0,0,0,0,,,False,GSL-S,GSL-S,Gasterosteus aculeatus,0.2619047619047619
FG|GSL-S|Glyptocephalus cynoglossus,49,1970.0,2019.0,50,1,0,1992.0,1992.0,0,0,0,,,False,GSL-S,GSL-S,Glyptocephalus cynoglossus,0.0
FG|GSL-S|Gymnocanthus tricuspis,49,1970.0,2019.0,50,1,27,2000.0,2000.0,1,1,0,1999.0,1999.0,True,GSL-S,GSL-S,Gymnocanthus tricuspis,0.5510204081632653
FG|GSL-S|Hemitripterus americanus,49,1970.0,2019.0,50,1,0,1992.0,1992.0,0,0,0,,,False,GSL-S,GSL-S,Hemitripterus americanus,0.0
FG|GSL-S|Hippoglossoides platessoides,49,1970.0,2019.0,50,1,0,1995.0,1995.0,0,0,0,,,False,GSL-S,GSL-S,Hippoglossoides platessoides,0.0
FG|GSL-S|Hippoglossus hippoglossus,49,1970.0,2019.0,50,1,15,1989.0,1989.0,0,0,0,,,False,GSL-S,GSL-S,Hippoglossus hippoglossus,0.30612244897959184
FG|GSL-S|Leptagonus decagonus,45,1970.0,2019.0,50,5,14,,,0,0,0,,,False,GSL-S,GSL-S,Leptagonus decagonus,0.3111111111111111
FG|GSL-S|Leptoclinus maculatus,44,1971.0,2019.0,49,5,15,2016.0,2016.0,0,0,0,,,False,GSL-S,GSL-S,Leptoclinus maculatus,0.3409090909090909
FG|GSL-S|Leucoraja ocellata,49,1970.0,2019.0,50,1,1,1998.0,1998.0,0,0,0,,,False,GSL-S,GSL-S,Leucoraja ocellata,0.02040816326530612
FG|GSL-S|Liparis gibbus,46,1970.0,2019.0,50,4,18,2015.0,2002.0,0,0,0,,,False,GSL-S,GSL-S,Liparis gibbus,0.391304347826087
FG|GSL-S|Lumpenus lampretaeformis,35,1970.0,2019.0,50,15,3,,,0,0,0,,,False,GSL-S,GSL-S,Lumpenus lampretaeformis,0.08571428571428572
FG|GSL-S|Lycodes lavalaei,48,1970.0,2019.0,50,2,15,1999.0,1999.0,0,0,0,,,False,GSL-S,GSL-S,Lycodes lavalaei,0.3125
FG|GSL-S|Lycodes reticulatus,49,1970.0,2019.0,50,1,31,1990.0,1990.0,0,0,0,,,False,GSL-S,GSL-S,Lycodes reticulatus,0.6326530612244898
FG|GSL-S|Lycodes vahlii,49,1970.0,2019.0,50,1,6,2010.0,2010.0,0,0,0,,,False,GSL-S,GSL-S,Lycodes vahlii,0.12244897959183673
FG|GSL-S|Malacoraja senta,49,1970.0,2019.0,50,1,1,,,0,0,0,,,False,GSL-S,GSL-S,Malacoraja senta,0.02040816326530612
FG|GSL-S|Mallotus villosus,39,1970.0,2019.0,50,11,2,2005.0,2005.0,0,0,0,,,False,GSL-S,GSL-S,Mallotus villosus,0.05128205128205128
FG|GSL-S|Myoxocephalus octodecemspinosus,49,1970.0,2019.0,50,1,0,2004.0,2004.0,4,4,0,1999.0,2002.0,True,GSL-S,GSL-S,Myoxocephalus octodecemspinosus,0.0
FG|GSL-S|Myoxocephalus scorpius,47,1970.0,2019.0,50,3,5,,,0,0,0,,,False,GSL-S,GSL-S,Myoxocephalus scorpius,0.10638297872340426
FG|GSL-S|Myxine glutinosa,35,1970.0,2019.0,50,15,7,,,0,0,0,,,False,GSL-S,GSL-S,Myxine glutinosa,0.2
FG|GSL-S|Myzopsetta ferruginea,49,1970.0,2019.0,50,1,0,2008.0,2008.0,0,0,0,,,False,GSL-S,GSL-S,Myzopsetta ferruginea,0.0
FG|GSL-S|Nezumia bairdii,41,1971.0,2019.0,49,8,0,1996.0,1996.0,0,0,0,,,False,GSL-S,GSL-S,Nezumia bairdii,0.0
FG|GSL-S|Osmerus mordax,48,1970.0,2019.0,50,2,0,1981.0,1981.0,0,0,0,,,False,GSL-S,GSL-S,Osmerus mordax,0.0
FG|GSL-S|Pseudopleuronectes americanus,49,1970.0,2019.0,50,1,0,2011.0,2011.0,0,0,0,,,False,GSL-S,GSL-S,Pseudopleuronectes americanus,0.0
FG|GSL-S|Reinhardtius hippoglossoides,49,1970.0,2019.0,50,1,0,,2019.0,0,0,0,,,False,GSL-S,GSL-S,Reinhardtius hippoglossoides,0.0
FG|GSL-S|Scomber scombrus,48,1970.0,2019.0,50,2,0,,1982.0,0,0,0,,,False,GSL-S,GSL-S,Scomber scombrus,0.0
FG|GSL-S|Scophthalmus aquosus,47,1971.0,2019.0,49,2,5,,2002.0,0,0,0,,,False,GSL-S,GSL-S,Scophthalmus aquosus,0.10638297872340426
FG|GSL-S|Squalus acanthias,49,1970.0,2019.0,50,1,22,2006.0,2006.0,2,2,0,2001.0,2002.0,True,GSL-S,GSL-S,Squalus acanthias,0.4489795918367347
FG|GSL-S|Triglops murrayi,37,1970.0,2019.0,50,13,3,2011.0,2011.0,0,0,0,,,False,GSL-S,GSL-S,Triglops murrayi,0.08108108108108109
FG|GSL-S|Urophycis tenuis,49,1970.0,2019.0,50,1,0,1994.0,1994.0,0,0,0,,,False,GSL-S,GSL-S,Urophycis tenuis,0.0
FG|GSL-S|Zoarces americanus,49,1970.0,2019.0,50,1,2,1979.0,1979.0,0,0,0,,,False,GSL-S,GSL-S,Zoarces americanus,0.04081632653061224
FG|DFO-HS|Ammodytes personatus,8,2005.0,2019.0,15,7,0,,,0,0,0,,,False,DFO-HS,DFO-HS,Ammodytes personatus,0.0
FG|DFO-HS|Anoplopoma fimbria,8,2005.0,2019.0,15,7,0,,,0,0,0,,,False,DFO-HS,DFO-HS,Anoplopoma fimbria,0.0
FG|DFO-HS|Atheresthes stomias,8,2005.0,2019.0,15,7,0,,,0,0,0,,,False,DFO-HS,DFO-HS,Atheresthes stomias,0.0
FG|DFO-HS|Bathyraja interrupta,8,2005.0,2019.0,15,7,0,,,0,0,0,,,False,DFO-HS,DFO-HS,Bathyraja interrupta,0.0
FG|DFO-HS|Beringraja binoculata,8,2005.0,2019.0,15,7,0,,,0,0,0,,,False,DFO-HS,DFO-HS,Beringraja binoculata,0.0
FG|DFO-HS|Beringraja rhina,8,2005.0,2019.0,15,7,0,,,0,0,0,,,False,DFO-HS,DFO-HS,Beringraja rhina,0.0
FG|DFO-HS|Chitonotus pugetensis,8,2005.0,2019.0,15,7,0,,,0,0,0,,,False,DFO-HS,DFO-HS,Chitonotus pugetensis,0.0
FG|DFO-HS|Citharichthys sordidus,8,2005.0,2019.0,15,7,0,,,0,0,0,,,False,DFO-HS,DFO-HS,Citharichthys sordidus,0.0
FG|DFO-HS|Clupea pallasii,8,2005.0,2019.0,15,7,0,,,0,0,0,,,False,DFO-HS,DFO-HS,Clupea pallasii,0.0
FG|DFO-HS|Cymatogaster aggregata,8,2005.0,2019.0,15,7,0,,,0,0,0,,,False,DFO-HS,DFO-HS,Cymatogaster aggregata,0.0
FG|DFO-HS|Enophrys bison,8,2005.0,2019.0,15,7,0,,,0,0,0,,,False,DFO-HS,DFO-HS,Enophrys bison,0.0
FG|DFO-HS|Eopsetta jordani,8,2005.0,2019.0,15,7,0,,,0,0,0,,,False,DFO-HS,DFO-HS,Eopsetta jordani,0.0
FG|DFO-HS|Gadus chalcogrammus,8,2005.0,2019.0,15,7,0,,,0,0,0,,,False,DFO-HS,DFO-HS,Gadus chalcogrammus,0.0
FG|DFO-HS|Gadus macrocephalus,8,2005.0,2019.0,15,7,0,,,0,0,0,,,False,DFO-HS,DFO-HS,Gadus macrocephalus,0.0
FG|DFO-HS|Glyptocephalus zachirus,8,2005.0,2019.0,15,7,0,,,0,0,0,,,False,DFO-HS,DFO-HS,Glyptocephalus zachirus,0.0
FG|DFO-HS|Hexagrammos decagrammus,8,2005.0,2019.0,15,7,0,,,0,0,0,,,False,DFO-HS,DFO-HS,Hexagrammos decagrammus,0.0
FG|DFO-HS|Hippoglossoides elassodon,8,2005.0,2019.0,15,7,0,,,0,0,0,,,False,DFO-HS,DFO-HS,Hippoglossoides elassodon,0.0
FG|DFO-HS|Hippoglossus stenolepis,8,2005.0,2019.0,15,7,0,,,0,0,0,,,False,DFO-HS,DFO-HS,Hippoglossus stenolepis,0.0
FG|DFO-HS|Hydrolagus colliei,8,2005.0,2019.0,15,7,0,,,0,0,0,,,False,DFO-HS,DFO-HS,Hydrolagus colliei,0.0
FG|DFO-HS|Isopsetta isolepis,8,2005.0,2019.0,15,7,0,,,0,0,0,,,False,DFO-HS,DFO-HS,Isopsetta isolepis,0.0
FG|DFO-HS|Lepidopsetta bilineata,8,2005.0,2019.0,15,7,0,,,0,0,0,,,False,DFO-HS,DFO-HS,Lepidopsetta bilineata,0.0
FG|DFO-HS|Lumpenus sagitta,8,2005.0,2019.0,15,7,0,,,0,0,0,,,False,DFO-HS,DFO-HS,Lumpenus sagitta,0.0
FG|DFO-HS|Lycodes brevipes,8,2005.0,2019.0,15,7,0,,,0,0,0,,,False,DFO-HS,DFO-HS,Lycodes brevipes,0.0
FG|DFO-HS|Lycodes pacificus,8,2005.0,2019.0,15,7,0,,,0,0,0,,,False,DFO-HS,DFO-HS,Lycodes pacificus,0.0
FG|DFO-HS|Lyopsetta exilis,8,2005.0,2019.0,15,7,0,,,0,0,0,,,False,DFO-HS,DFO-HS,Lyopsetta exilis,0.0
FG|DFO-HS|Merluccius productus,8,2005.0,2019.0,15,7,0,,,0,0,0,,,False,DFO-HS,DFO-HS,Merluccius productus,0.0
FG|DFO-HS|Microgadus proximus,8,2005.0,2019.0,15,7,0,,,0,0,0,,,False,DFO-HS,DFO-HS,Microgadus proximus,0.0
FG|DFO-HS|Microstomus pacificus,8,2005.0,2019.0,15,7,0,,,0,0,0,,,False,DFO-HS,DFO-HS,Microstomus pacificus,0.0
FG|DFO-HS|Ophiodon elongatus,8,2005.0,2019.0,15,7,0,,,0,0,0,,,False,DFO-HS,DFO-HS,Ophiodon elongatus,0.0
FG|DFO-HS|Parophrys vetulus,8,2005.0,2019.0,15,7,0,,,0,0,0,,,False,DFO-HS,DFO-HS,Parophrys vetulus,0.0
FG|DFO-HS|Platichthys stellatus,8,2005.0,2019.0,15,7,0,,,0,0,0,,,False,DFO-HS,DFO-HS,Platichthys stellatus,0.0
FG|DFO-HS|Pleuronichthys decurrens,8,2005.0,2019.0,15,7,0,,,0,0,0,,,False,DFO-HS,DFO-HS,Pleuronichthys decurrens,0.0
FG|DFO-HS|Podothecus accipenserinus,8,2005.0,2019.0,15,7,0,,,0,0,0,,,False,DFO-HS,DFO-HS,Podothecus accipenserinus,0.0
FG|DFO-HS|Psettichthys melanostictus,8,2005.0,2019.0,15,7,0,,,0,0,0,,,False,DFO-HS,DFO-HS,Psettichthys melanostictus,0.0
FG|DFO-HS|Radulinus asprellus,3,2007.0,2019.0,13,10,1,,,0,0,0,,,False,DFO-HS,DFO-HS,Radulinus asprellus,0.3333333333333333
FG|DFO-HS|Sebastes alutus,8,2005.0,2019.0,15,7,0,,,0,0,0,,,False,DFO-HS,DFO-HS,Sebastes alutus,0.0
FG|DFO-HS|Sebastes babcocki,8,2005.0,2019.0,15,7,0,,,0,0,0,,,False,DFO-HS,DFO-HS,Sebastes babcocki,0.0
FG|DFO-HS|Sebastes brevispinis,8,2005.0,2019.0,15,7,0,,,0,0,0,,,False,DFO-HS,DFO-HS,Sebastes brevispinis,0.0
FG|DFO-HS|Sebastes caurinus,8,2005.0,2019.0,15,7,0,,,0,0,0,,,False,DFO-HS,DFO-HS,Sebastes caurinus,0.0
FG|DFO-HS|Sebastes elongatus,8,2005.0,2019.0,15,7,0,,,0,0,0,,,False,DFO-HS,DFO-HS,Sebastes elongatus,0.0
FG|DFO-HS|Sebastes flavidus,8,2005.0,2019.0,15,7,0,,,0,0,0,,,False,DFO-HS,DFO-HS,Sebastes flavidus,0.0
FG|DFO-HS|Sebastes maliger,8,2005.0,2019.0,15,7,0,,,0,0,0,,,False,DFO-HS,DFO-HS,Sebastes maliger,0.0
FG|DFO-HS|Sebastes pinniger,8,2005.0,2019.0,15,7,0,,,0,0,0,,,False,DFO-HS,DFO-HS,Sebastes pinniger,0.0
FG|DFO-HS|Sebastes proriger,8,2005.0,2019.0,15,7,0,,,0,0,0,,,False,DFO-HS,DFO-HS,Sebastes proriger,0.0
FG|DFO-HS|Sebastes zacentrus,8,2005.0,2019.0,15,7,0,,,0,0,0,,,False,DFO-HS,DFO-HS,Sebastes zacentrus,0.0
FG|DFO-HS|Sebastolobus alascanus,8,2005.0,2019.0,15,7,0,,,0,0,0,,,False,DFO-HS,DFO-HS,Sebastolobus alascanus,0.0
FG|DFO-HS|Squalus suckleyi,8,2005.0,2019.0,15,7,0,,,0,0,0,,,False,DFO-HS,DFO-HS,Squalus suckleyi,0.0
FG|DFO-HS|Thaleichthys pacificus,8,2005.0,2019.0,15,7,0,,,0,0,0,,,False,DFO-HS,DFO-HS,Thaleichthys pacificus,0.0
FG|IE-IGFS|Arnoglossus imperialis,18,2003.0,2020.0,18,0,0,,,0,0,0,,,False,IE-IGFS,IE-IGFS,Arnoglossus imperialis,0.0
FG|IE-IGFS|Arnoglossus laterna,18,2003.0,2020.0,18,0,1,,,0,0,0,,,False,IE-IGFS,IE-IGFS,Arnoglossus laterna,0.05555555555555555
FG|IE-IGFS|Buglossidium luteum,18,2003.0,2020.0,18,0,0,,,0,0,0,,,False,IE-IGFS,IE-IGFS,Buglossidium luteum,0.0
FG|IE-IGFS|Callionymus lyra,18,2003.0,2020.0,18,0,0,,,0,0,0,,,False,IE-IGFS,IE-IGFS,Callionymus lyra,0.0
FG|IE-IGFS|Capros aper,18,2003.0,2020.0,18,0,0,,,0,0,0,,,False,IE-IGFS,IE-IGFS,Capros aper,0.0
FG|IE-IGFS|Chelidonichthys cuculus,18,2003.0,2020.0,18,0,0,,,0,0,0,,,False,IE-IGFS,IE-IGFS,Chelidonichthys cuculus,0.0
FG|IE-IGFS|Chelidonichthys lucerna,18,2003.0,2020.0,18,0,0,,,0,0,0,,,False,IE-IGFS,IE-IGFS,Chelidonichthys lucerna,0.0
FG|IE-IGFS|Clupea harengus,18,2003.0,2020.0,18,0,0,2017.0,2017.0,0,0,0,,,False,IE-IGFS,IE-IGFS,Clupea harengus,0.0
FG|IE-IGFS|Conger conger,18,2003.0,2020.0,18,0,0,,,0,0,0,,,False,IE-IGFS,IE-IGFS,Conger conger,0.0
FG|IE-IGFS|Enchelyopus cimbrius,18,2003.0,2020.0,18,0,1,,,0,0,0,,,False,IE-IGFS,IE-IGFS,Enchelyopus cimbrius,0.05555555555555555
FG|IE-IGFS|Engraulis encrasicolus,18,2003.0,2020.0,18,0,0,2016.0,2016.0,0,0,0,,,False,IE-IGFS,IE-IGFS,Engraulis encrasicolus,0.0
FG|IE-IGFS|Entelurus aequoreus,18,2003.0,2020.0,18,0,7,2010.0,2010.0,0,0,0,,,False,IE-IGFS,IE-IGFS,Entelurus aequoreus,0.3888888888888889
FG|IE-IGFS|Eutrigla gurnardus,18,2003.0,2020.0,18,0,0,,,0,0,0,,,False,IE-IGFS,IE-IGFS,Eutrigla gurnardus,0.0
FG|IE-IGFS|Gadiculus argenteus,18,2003.0,2020.0,18,0,0,,2020.0,0,0,0,,,False,IE-IGFS,IE-IGFS,Gadiculus argenteus,0.0
FG|IE-IGFS|Gadus morhua,18,2003.0,2020.0,18,0,0,,,0,0,0,,,False,IE-IGFS,IE-IGFS,Gadus morhua,0.0
FG|IE-IGFS|Gaidropsarus vulgaris,0,,,0,0,0,,,0,0,0,,,,IE-IGFS,IE-IGFS,Gaidropsarus vulgaris,
FG|IE-IGFS|Galeus melastomus,18,2003.0,2020.0,18,0,0,,,0,0,0,,,False,IE-IGFS,IE-IGFS,Galeus melastomus,0.0
FG|IE-IGFS|Glyptocephalus cynoglossus,18,2003.0,2020.0,18,0,0,,,0,0,0,,,False,IE-IGFS,IE-IGFS,Glyptocephalus cynoglossus,0.0
FG|IE-IGFS|Helicolenus dactylopterus,18,2003.0,2020.0,18,0,0,,,0,0,0,,,False,IE-IGFS,IE-IGFS,Helicolenus dactylopterus,0.0
FG|IE-IGFS|Hippoglossoides platessoides,18,2003.0,2020.0,18,0,0,,,0,0,0,,,False,IE-IGFS,IE-IGFS,Hippoglossoides platessoides,0.0
FG|IE-IGFS|Lepidorhombus boscii,18,2003.0,2020.0,18,0,0,,,0,0,0,,,False,IE-IGFS,IE-IGFS,Lepidorhombus boscii,0.0
FG|IE-IGFS|Lepidorhombus whiffiagonis,18,2003.0,2020.0,18,0,0,,,0,0,0,,,False,IE-IGFS,IE-IGFS,Lepidorhombus whiffiagonis,0.0
FG|IE-IGFS|Lesueurigobius friesii,18,2003.0,2020.0,18,0,2,,,0,0,0,,,False,IE-IGFS,IE-IGFS,Lesueurigobius friesii,0.1111111111111111
FG|IE-IGFS|Leucoraja naevus,18,2003.0,2020.0,18,0,0,,,0,0,0,,,False,IE-IGFS,IE-IGFS,Leucoraja naevus,0.0
FG|IE-IGFS|Limanda limanda,18,2003.0,2020.0,18,0,0,,,0,0,0,,,False,IE-IGFS,IE-IGFS,Limanda limanda,0.0
FG|IE-IGFS|Lophius budegassa,18,2003.0,2020.0,18,0,0,,,0,0,0,,,False,IE-IGFS,IE-IGFS,Lophius budegassa,0.0
FG|IE-IGFS|Lophius piscatorius,18,2003.0,2020.0,18,0,0,,,0,0,0,,,False,IE-IGFS,IE-IGFS,Lophius piscatorius,0.0
FG|IE-IGFS|Maurolicus muelleri,18,2003.0,2020.0,18,0,0,2010.0,2010.0,0,0,0,,,False,IE-IGFS,IE-IGFS,Maurolicus muelleri,0.0
FG|IE-IGFS|Melanogrammus aeglefinus,18,2003.0,2020.0,18,0,0,,,0,0,0,,,False,IE-IGFS,IE-IGFS,Melanogrammus aeglefinus,0.0
FG|IE-IGFS|Merlangius merlangus,18,2003.0,2020.0,18,0,0,,,0,0,0,,,False,IE-IGFS,IE-IGFS,Merlangius merlangus,0.0
FG|IE-IGFS|Merluccius merluccius,18,2003.0,2020.0,18,0,0,,,0,0,0,,,False,IE-IGFS,IE-IGFS,Merluccius merluccius,0.0
FG|IE-IGFS|Microchirus variegatus,18,2003.0,2020.0,18,0,0,,,0,0,0,,,False,IE-IGFS,IE-IGFS,Microchirus variegatus,0.0
FG|IE-IGFS|Micromesistius poutassou,18,2003.0,2020.0,18,0,0,,,0,0,0,,,False,IE-IGFS,IE-IGFS,Micromesistius poutassou,0.0
FG|IE-IGFS|Microstomus kitt,18,2003.0,2020.0,18,0,0,,,0,0,0,,,False,IE-IGFS,IE-IGFS,Microstomus kitt,0.0
FG|IE-IGFS|Molva dypterygia,18,2003.0,2020.0,18,0,1,2015.0,2015.0,0,0,0,,,False,IE-IGFS,IE-IGFS,Molva dypterygia,0.05555555555555555
FG|IE-IGFS|Molva molva,18,2003.0,2020.0,18,0,0,,,0,0,0,,,False,IE-IGFS,IE-IGFS,Molva molva,0.0
FG|IE-IGFS|Mullus surmuletus,18,2003.0,2020.0,18,0,1,2011.0,2011.0,0,0,0,,,False,IE-IGFS,IE-IGFS,Mullus surmuletus,0.05555555555555555
FG|IE-IGFS|Phycis blennoides,18,2003.0,2020.0,18,0,0,,,0,0,0,,,False,IE-IGFS,IE-IGFS,Phycis blennoides,0.0
FG|IE-IGFS|Pleuronectes platessa,18,2003.0,2020.0,18,0,0,,,0,0,0,,,False,IE-IGFS,IE-IGFS,Pleuronectes platessa,0.0
FG|IE-IGFS|Pollachius pollachius,18,2003.0,2020.0,18,0,0,,,0,0,0,,,False,IE-IGFS,IE-IGFS,Pollachius pollachius,0.0
FG|IE-IGFS|Pollachius virens,18,2003.0,2020.0,18,0,0,2019.0,2019.0,0,0,0,,,False,IE-IGFS,IE-IGFS,Pollachius virens,0.0
FG|IE-IGFS|Raja brachyura,18,2003.0,2020.0,18,0,0,,,0,0,0,,,False,IE-IGFS,IE-IGFS,Raja brachyura,0.0
FG|IE-IGFS|Raja clavata,18,2003.0,2020.0,18,0,0,,,0,0,0,,,False,IE-IGFS,IE-IGFS,Raja clavata,0.0
FG|IE-IGFS|Raja montagui,18,2003.0,2020.0,18,0,0,,,0,0,0,,,False,IE-IGFS,IE-IGFS,Raja montagui,0.0
FG|IE-IGFS|Sardina pilchardus,18,2003.0,2020.0,18,0,0,2019.0,2019.0,0,0,0,,,False,IE-IGFS,IE-IGFS,Sardina pilchardus,0.0
FG|IE-IGFS|Scomber scombrus,18,2003.0,2020.0,18,0,0,,,0,0,0,,,False,IE-IGFS,IE-IGFS,Scomber scombrus,0.0
FG|IE-IGFS|Scophthalmus maximus,18,2003.0,2020.0,18,0,0,,,0,0,0,,,False,IE-IGFS,IE-IGFS,Scophthalmus maximus,0.0
FG|IE-IGFS|Scophthalmus rhombus,18,2003.0,2020.0,18,0,0,,,0,0,0,,,False,IE-IGFS,IE-IGFS,Scophthalmus rhombus,0.0
FG|IE-IGFS|Scyliorhinus canicula,18,2003.0,2020.0,18,0,0,,,0,0,0,,,False,IE-IGFS,IE-IGFS,Scyliorhinus canicula,0.0
FG|IE-IGFS|Solea solea,18,2003.0,2020.0,18,0,0,,,0,0,0,,,False,IE-IGFS,IE-IGFS,Solea solea,0.0
FG|IE-IGFS|Sprattus sprattus,18,2003.0,2020.0,18,0,0,,,0,0,0,,,False,IE-IGFS,IE-IGFS,Sprattus sprattus,0.0
FG|IE-IGFS|Squalus acanthias,18,2003.0,2020.0,18,0,0,,,0,0,0,,,False,IE-IGFS,IE-IGFS,Squalus acanthias,0.0
FG|IE-IGFS|Trachurus trachurus,18,2003.0,2020.0,18,0,0,,,0,0,0,,,False,IE-IGFS,IE-IGFS,Trachurus trachurus,0.0
FG|IE-IGFS|Trisopterus esmarkii,18,2003.0,2020.0,18,0,0,,2020.0,0,0,0,,,False,IE-IGFS,IE-IGFS,Trisopterus esmarkii,0.0
FG|IE-IGFS|Trisopterus minutus,18,2003.0,2020.0,18,0,0,,,0,0,0,,,False,IE-IGFS,IE-IGFS,Trisopterus minutus,0.0
FG|IE-IGFS|Zeus faber,18,2003.0,2020.0,18,0,0,,,0,0,0,,,False,IE-IGFS,IE-IGFS,Zeus faber,0.0
FG|NEUS-Fall|Alosa pseudoharengus,46,1963.0,2019.0,57,11,0,,,0,0,0,,,False,NEUS,NEUS-Fall,Alosa pseudoharengus,0.0
FG|NEUS-Fall|Amblyraja radiata,46,1963.0,2019.0,57,11,0,1995.0,1995.0,0,0,0,,,False,NEUS,NEUS-Fall,Amblyraja radiata,0.0
FG|NEUS-Fall|Anchoa hepsetus,46,1963.0,2019.0,57,11,6,2009.0,2009.0,0,0,0,,,False,NEUS,NEUS-Fall,Anchoa hepsetus,0.13043478260869565
FG|NEUS-Fall|Anchoa mitchilli,46,1963.0,2019.0,57,11,7,1993.0,1993.0,0,0,0,,,False,NEUS,NEUS-Fall,Anchoa mitchilli,0.15217391304347827
FG|NEUS-Fall|Centropristis striata,46,1963.0,2019.0,57,11,0,,,0,0,0,,,False,NEUS,NEUS-Fall,Centropristis striata,0.0
FG|NEUS-Fall|Citharichthys arctifrons,46,1963.0,2019.0,57,11,0,,1996.0,0,0,0,,,False,NEUS,NEUS-Fall,Citharichthys arctifrons,0.0
FG|NEUS-Fall|Clupea harengus,46,1963.0,2019.0,57,11,0,,,0,0,0,,,False,NEUS,NEUS-Fall,Clupea harengus,0.0
FG|NEUS-Fall|Cynoscion regalis,46,1963.0,2019.0,57,11,2,2009.0,2009.0,0,0,0,,,False,NEUS,NEUS-Fall,Cynoscion regalis,0.043478260869565216
FG|NEUS-Fall|Dipturus laevis,46,1963.0,2019.0,57,11,7,1980.0,1980.0,0,0,0,,,False,NEUS,NEUS-Fall,Dipturus laevis,0.15217391304347827
FG|NEUS-Fall|Enchelyopus cimbrius,46,1963.0,2019.0,57,11,1,2002.0,1996.0,0,0,0,,,False,NEUS,NEUS-Fall,Enchelyopus cimbrius,0.021739130434782608
FG|NEUS-Fall|Etrumeus sadina,46,1963.0,2019.0,57,11,1,1992.0,1985.0,0,0,0,,,False,NEUS,NEUS-Fall,Etrumeus sadina,0.021739130434782608
FG|NEUS-Fall|Gadus morhua,46,1963.0,2019.0,57,11,0,,1996.0,0,0,0,,,False,NEUS,NEUS-Fall,Gadus morhua,0.0
FG|NEUS-Fall|Glyptocephalus cynoglossus,46,1963.0,2019.0,57,11,0,1989.0,1989.0,0,0,0,,,False,NEUS,NEUS-Fall,Glyptocephalus cynoglossus,0.0
FG|NEUS-Fall|Helicolenus dactylopterus,46,1963.0,2019.0,57,11,0,,,0,0,0,,,False,NEUS,NEUS-Fall,Helicolenus dactylopterus,0.0
FG|NEUS-Fall|Hemitripterus americanus,46,1963.0,2019.0,57,11,0,2013.0,2013.0,0,0,0,,,False,NEUS,NEUS-Fall,Hemitripterus americanus,0.0
FG|NEUS-Fall|Hippoglossina oblonga,46,1963.0,2019.0,57,11,0,,,0,0,0,,,False,NEUS,NEUS-Fall,Hippoglossina oblonga,0.0
FG|NEUS-Fall|Hippoglossoides platessoides,46,1963.0,2019.0,57,11,0,,,0,0,0,,,False,NEUS,NEUS-Fall,Hippoglossoides platessoides,0.0
FG|NEUS-Fall|Lepophidium profundorum,46,1963.0,2019.0,57,11,0,,,0,0,0,,,False,NEUS,NEUS-Fall,Lepophidium profundorum,0.0
FG|NEUS-Fall|Leucoraja erinaceus,46,1963.0,2019.0,57,11,0,,,0,0,0,,,False,NEUS,NEUS-Fall,Leucoraja erinaceus,0.0
FG|NEUS-Fall|Leucoraja ocellata,46,1963.0,2019.0,57,11,0,,,0,0,0,,,False,NEUS,NEUS-Fall,Leucoraja ocellata,0.0
FG|NEUS-Fall|Lophius americanus,46,1963.0,2019.0,57,11,0,1993.0,1993.0,0,0,0,,,False,NEUS,NEUS-Fall,Lophius americanus,0.0
FG|NEUS-Fall|Malacoraja senta,46,1963.0,2019.0,57,11,0,1998.0,1998.0,0,0,0,,,False,NEUS,NEUS-Fall,Malacoraja senta,0.0
FG|NEUS-Fall|Melanogrammus aeglefinus,46,1963.0,2019.0,57,11,0,1989.0,1989.0,0,0,0,,,False,NEUS,NEUS-Fall,Melanogrammus aeglefinus,0.0
FG|NEUS-Fall|Merluccius bilinearis,46,1963.0,2019.0,57,11,0,,,0,0,0,,,False,NEUS,NEUS-Fall,Merluccius bilinearis,0.0
FG|NEUS-Fall|Micropogonias undulatus,46,1963.0,2019.0,57,11,1,1981.0,1981.0,0,0,0,,,False,NEUS,NEUS-Fall,Micropogonias undulatus,0.021739130434782608
FG|NEUS-Fall|Mustelus canis,46,1963.0,2019.0,57,11,2,,,0,0,0,,,False,NEUS,NEUS-Fall,Mustelus canis,0.043478260869565216
FG|NEUS-Fall|Myoxocephalus octodecemspinosus,46,1963.0,2019.0,57,11,0,,,0,0,0,,,False,NEUS,NEUS-Fall,Myoxocephalus octodecemspinosus,0.0
FG|NEUS-Fall|Myzopsetta ferruginea,46,1963.0,2019.0,57,11,0,,,0,0,0,,,False,NEUS,NEUS-Fall,Myzopsetta ferruginea,0.0
FG|NEUS-Fall|Paralichthys dentatus,46,1963.0,2019.0,57,11,0,,,0,0,0,,,False,NEUS,NEUS-Fall,Paralichthys dentatus,0.0
FG|NEUS-Fall|Peprilus triacanthus,46,1963.0,2019.0,57,11,0,,,0,0,0,,,False,NEUS,NEUS-Fall,Peprilus triacanthus,0.0
FG|NEUS-Fall|Pollachius virens,46,1963.0,2019.0,57,11,0,1984.0,1984.0,0,0,0,,,False,NEUS,NEUS-Fall,Pollachius virens,0.0
FG|NEUS-Fall|Pomatomus saltatrix,46,1963.0,2019.0,57,11,1,,2016.0,0,0,0,,,False,NEUS,NEUS-Fall,Pomatomus saltatrix,0.021739130434782608
FG|NEUS-Fall|Prionotus carolinus,46,1963.0,2019.0,57,11,0,,,0,0,0,,,False,NEUS,NEUS-Fall,Prionotus carolinus,0.0
FG|NEUS-Fall|Prionotus evolans,46,1963.0,2019.0,57,11,2,,,0,0,0,,,False,NEUS,NEUS-Fall,Prionotus evolans,0.043478260869565216
FG|NEUS-Fall|Pseudopleuronectes americanus,46,1963.0,2019.0,57,11,0,,,0,0,0,,,False,NEUS,NEUS-Fall,Pseudopleuronectes americanus,0.0
FG|NEUS-Fall|Scomber scombrus,46,1963.0,2019.0,57,11,0,2006.0,2006.0,0,0,0,,,False,NEUS,NEUS-Fall,Scomber scombrus,0.0
FG|NEUS-Fall|Scophthalmus aquosus,46,1963.0,2019.0,57,11,0,,2007.0,0,0,0,,,False,NEUS,NEUS-Fall,Scophthalmus aquosus,0.0
FG|NEUS-Fall|Sebastes fasciatus,46,1963.0,2019.0,57,11,0,,,0,0,0,,,False,NEUS,NEUS-Fall,Sebastes fasciatus,0.0
FG|NEUS-Fall|Sphoeroides maculatus,46,1963.0,2019.0,57,11,3,,2007.0,0,0,0,,,False,NEUS,NEUS-Fall,Sphoeroides maculatus,0.06521739130434782
FG|NEUS-Fall|Squalus acanthias,46,1963.0,2019.0,57,11,0,,,0,0,0,,,False,NEUS,NEUS-Fall,Squalus acanthias,0.0
FG|NEUS-Fall|Stenotomus chrysops,46,1963.0,2019.0,57,11,0,,,0,0,0,,,False,NEUS,NEUS-Fall,Stenotomus chrysops,0.0
FG|NEUS-Fall|Urophycis chuss,46,1963.0,2019.0,57,11,0,,,0,0,0,,,False,NEUS,NEUS-Fall,Urophycis chuss,0.0
FG|NEUS-Fall|Urophycis regia,46,1963.0,2019.0,57,11,0,,,0,0,0,,,False,NEUS,NEUS-Fall,Urophycis regia,0.0
FG|NEUS-Fall|Urophycis tenuis,46,1963.0,2019.0,57,11,0,,,0,0,0,,,False,NEUS,NEUS-Fall,Urophycis tenuis,0.0
FG|NEUS-Fall|Zoarces americanus,46,1963.0,2019.0,57,11,0,,2016.0,0,0,0,,,False,NEUS,NEUS-Fall,Zoarces americanus,0.0
FG|NEUS-Spring|Alosa aestivalis,52,1968.0,2019.0,52,0,0,,,18,0,18,1997.0,2014.0,False,NEUS,NEUS-Spring,Alosa aestivalis,0.0
FG|NEUS-Spring|Alosa pseudoharengus,52,1968.0,2019.0,52,0,0,,,18,0,18,1997.0,2014.0,False,NEUS,NEUS-Spring,Alosa pseudoharengus,0.0
FG|NEUS-Spring|Alosa sapidissima,52,1968.0,2019.0,52,0,0,,,18,0,18,1997.0,2014.0,False,NEUS,NEUS-Spring,Alosa sapidissima,0.0
FG|NEUS-Spring|Amblyraja radiata,52,1968.0,2019.0,52,0,0,1992.0,1992.0,0,0,0,,,False,NEUS,NEUS-Spring,Amblyraja radiata,0.0
FG|NEUS-Spring|Ammodytes dubius,52,1968.0,2019.0,52,0,2,1974.0,1974.0,0,0,0,,,False,NEUS,NEUS-Spring,Ammodytes dubius,0.038461538461538464
FG|NEUS-Spring|Centropristis striata,52,1968.0,2019.0,52,0,0,1982.0,1982.0,0,0,0,,,False,NEUS,NEUS-Spring,Centropristis striata,0.0
FG|NEUS-Spring|Citharichthys arctifrons,52,1968.0,2019.0,52,0,2,1983.0,1983.0,0,0,0,,,False,NEUS,NEUS-Spring,Citharichthys arctifrons,0.038461538461538464
FG|NEUS-Spring|Clupea harengus,52,1968.0,2019.0,52,0,0,,,18,0,18,1997.0,2014.0,False,NEUS,NEUS-Spring,Clupea harengus,0.0
FG|NEUS-Spring|Dipturus laevis,52,1968.0,2019.0,52,0,6,1973.0,1973.0,0,0,0,,,False,NEUS,NEUS-Spring,Dipturus laevis,0.11538461538461539
FG|NEUS-Spring|Enchelyopus cimbrius,52,1968.0,2019.0,52,0,3,1990.0,1990.0,0,0,0,,,False,NEUS,NEUS-Spring,Enchelyopus cimbrius,0.057692307692307696
FG|NEUS-Spring|Gadus morhua,52,1968.0,2019.0,52,0,0,1994.0,1994.0,0,0,0,,,False,NEUS,NEUS-Spring,Gadus morhua,0.0
FG|NEUS-Spring|Glyptocephalus cynoglossus,52,1968.0,2019.0,52,0,0,1987.0,1987.0,0,0,0,,,False,NEUS,NEUS-Spring,Glyptocephalus cynoglossus,0.0
FG|NEUS-Spring|Helicolenus dactylopterus,52,1968.0,2019.0,52,0,0,1987.0,1987.0,0,0,0,,,False,NEUS,NEUS-Spring,Helicolenus dactylopterus,0.0
FG|NEUS-Spring|Hemitripterus americanus,52,1968.0,2019.0,52,0,0,,,18,0,18,1997.0,2014.0,False,NEUS,NEUS-Spring,Hemitripterus americanus,0.0
FG|NEUS-Spring|Hippoglossina oblonga,52,1968.0,2019.0,52,0,0,,,18,0,18,1997.0,2014.0,False,NEUS,NEUS-Spring,Hippoglossina oblonga,0.0
FG|NEUS-Spring|Hippoglossoides platessoides,52,1968.0,2019.0,52,0,0,,,18,0,18,1997.0,2014.0,False,NEUS,NEUS-Spring,Hippoglossoides platessoides,0.0
FG|NEUS-Spring|Leucoraja erinaceus,52,1968.0,2019.0,52,0,0,,,18,0,18,1997.0,2014.0,False,NEUS,NEUS-Spring,Leucoraja erinaceus,0.0
FG|NEUS-Spring|Leucoraja ocellata,52,1968.0,2019.0,52,0,0,1994.0,1994.0,0,0,0,,,False,NEUS,NEUS-Spring,Leucoraja ocellata,0.0
FG|NEUS-Spring|Lophius americanus,52,1968.0,2019.0,52,0,0,1997.0,1997.0,0,0,0,,,False,NEUS,NEUS-Spring,Lophius americanus,0.0
FG|NEUS-Spring|Malacoraja senta,52,1968.0,2019.0,52,0,0,1984.0,1984.0,0,0,0,,,False,NEUS,NEUS-Spring,Malacoraja senta,0.0
FG|NEUS-Spring|Melanogrammus aeglefinus,52,1968.0,2019.0,52,0,0,1988.0,1988.0,0,0,0,,,False,NEUS,NEUS-Spring,Melanogrammus aeglefinus,0.0
FG|NEUS-Spring|Merluccius bilinearis,52,1968.0,2019.0,52,0,0,2003.0,2003.0,6,5,1,1997.0,2002.0,True,NEUS,NEUS-Spring,Merluccius bilinearis,0.0
FG|NEUS-Spring|Myoxocephalus octodecemspinosus,52,1968.0,2019.0,52,0,0,,2019.0,17,0,17,1997.0,2013.0,False,NEUS,NEUS-Spring,Myoxocephalus octodecemspinosus,0.0
FG|NEUS-Spring|Myzopsetta ferruginea,52,1968.0,2019.0,52,0,0,1975.0,1975.0,0,0,0,,,False,NEUS,NEUS-Spring,Myzopsetta ferruginea,0.0
FG|NEUS-Spring|Paralichthys dentatus,52,1968.0,2019.0,52,0,0,1989.0,1989.0,0,0,0,,,False,NEUS,NEUS-Spring,Paralichthys dentatus,0.0
FG|NEUS-Spring|Peprilus triacanthus,52,1968.0,2019.0,52,0,0,,,18,0,18,1997.0,2014.0,False,NEUS,NEUS-Spring,Peprilus triacanthus,0.0
FG|NEUS-Spring|Pollachius virens,52,1968.0,2019.0,52,0,0,1992.0,1992.0,0,0,0,,,False,NEUS,NEUS-Spring,Pollachius virens,0.0
FG|NEUS-Spring|Prionotus carolinus,52,1968.0,2019.0,52,0,0,1979.0,1979.0,0,0,0,,,False,NEUS,NEUS-Spring,Prionotus carolinus,0.0
FG|NEUS-Spring|Pseudopleuronectes americanus,52,1968.0,2019.0,52,0,0,,2019.0,17,0,17,1997.0,2013.0,False,NEUS,NEUS-Spring,Pseudopleuronectes americanus,0.0
FG|NEUS-Spring|Scomber scombrus,52,1968.0,2019.0,52,0,0,,,18,0,18,1997.0,2014.0,False,NEUS,NEUS-Spring,Scomber scombrus,0.0
FG|NEUS-Spring|Scophthalmus aquosus,52,1968.0,2019.0,52,0,0,1992.0,1992.0,0,0,0,,,False,NEUS,NEUS-Spring,Scophthalmus aquosus,0.0
FG|NEUS-Spring|Sebastes fasciatus,52,1968.0,2019.0,52,0,0,1983.0,1983.0,0,0,0,,,False,NEUS,NEUS-Spring,Sebastes fasciatus,0.0
FG|NEUS-Spring|Squalus acanthias,52,1968.0,2019.0,52,0,0,,,18,0,18,1997.0,2014.0,False,NEUS,NEUS-Spring,Squalus acanthias,0.0
FG|NEUS-Spring|Stenotomus chrysops,52,1968.0,2019.0,52,0,1,1982.0,1982.0,0,0,0,,,False,NEUS,NEUS-Spring,Stenotomus chrysops,0.019230769230769232
FG|NEUS-Spring|Urophycis chuss,52,1968.0,2019.0,52,0,0,1990.0,1990.0,0,0,0,,,False,NEUS,NEUS-Spring,Urophycis chuss,0.0
FG|NEUS-Spring|Urophycis regia,52,1968.0,2019.0,52,0,0,1983.0,1983.0,0,0,0,,,False,NEUS,NEUS-Spring,Urophycis regia,0.0
FG|NEUS-Spring|Urophycis tenuis,52,1968.0,2019.0,52,0,0,1997.0,1997.0,0,0,0,,,False,NEUS,NEUS-Spring,Urophycis tenuis,0.0
FG|NEUS-Spring|Zoarces americanus,52,1968.0,2019.0,52,0,0,2004.0,2004.0,7,5,2,1997.0,2003.0,True,NEUS,NEUS-Spring,Zoarces americanus,0.0
FG|NIGFS|Clupea harengus,13,2008.0,2020.0,13,0,0,,,0,0,0,,,False,NIGFS,NIGFS,Clupea harengus,0.0
FG|NIGFS|Mullus surmuletus,13,2008.0,2020.0,13,0,3,,,0,0,0,,,False,NIGFS,NIGFS,Mullus surmuletus,0.23076923076923078
FG|NIGFS|Raja brachyura,13,2008.0,2020.0,13,0,5,2016.0,2016.0,0,0,0,,,False,NIGFS,NIGFS,Raja brachyura,0.38461538461538464
FG|NIGFS|Scyliorhinus canicula,13,2008.0,2020.0,13,0,0,,,0,0,0,,,False,NIGFS,NIGFS,Scyliorhinus canicula,0.0
FG|Nor-BTS|Amblyraja hyperborea,18,2004.0,2021.0,18,0,0,2018.0,2018.0,0,0,0,,,False,Nor-BTS,Nor-BTS,Amblyraja hyperborea,0.0
FG|Nor-BTS|Amblyraja radiata,18,2004.0,2021.0,18,0,0,,,0,0,0,,,False,Nor-BTS,Nor-BTS,Amblyraja radiata,0.0
FG|Nor-BTS|Anarhichas denticulatus,18,2004.0,2021.0,18,0,0,,,0,0,0,,,False,Nor-BTS,Nor-BTS,Anarhichas denticulatus,0.0
FG|Nor-BTS|Anarhichas lupus,18,2004.0,2021.0,18,0,0,,,0,0,0,,,False,Nor-BTS,Nor-BTS,Anarhichas lupus,0.0
FG|Nor-BTS|Anarhichas minor,18,2004.0,2021.0,18,0,0,,,0,0,0,,,False,Nor-BTS,Nor-BTS,Anarhichas minor,0.0
FG|Nor-BTS|Arctozenus risso,18,2004.0,2021.0,18,0,0,2018.0,2018.0,0,0,0,,,False,Nor-BTS,Nor-BTS,Arctozenus risso,0.0
FG|Nor-BTS|Argentina silus,18,2004.0,2021.0,18,0,0,,,0,0,0,,,False,Nor-BTS,Nor-BTS,Argentina silus,0.0
FG|Nor-BTS|Artediellus atlanticus,18,2004.0,2021.0,18,0,0,,,0,0,0,,,False,Nor-BTS,Nor-BTS,Artediellus atlanticus,0.0
FG|Nor-BTS|Boreogadus saida,18,2004.0,2021.0,18,0,0,,,0,0,0,,,False,Nor-BTS,Nor-BTS,Boreogadus saida,0.0
FG|Nor-BTS|Brosme brosme,18,2004.0,2021.0,18,0,0,,,0,0,0,,,False,Nor-BTS,Nor-BTS,Brosme brosme,0.0
FG|Nor-BTS|Clupea harengus,18,2004.0,2021.0,18,0,0,2009.0,2009.0,0,0,0,,,False,Nor-BTS,Nor-BTS,Clupea harengus,0.0
FG|Nor-BTS|Cottunculus microps,18,2004.0,2021.0,18,0,0,2012.0,2012.0,0,0,0,,,False,Nor-BTS,Nor-BTS,Cottunculus microps,0.0
FG|Nor-BTS|Eumicrotremus spinosus,18,2004.0,2021.0,18,0,0,,,0,0,0,,,False,Nor-BTS,Nor-BTS,Eumicrotremus spinosus,0.0
FG|Nor-BTS|Gadiculus argenteus,18,2004.0,2021.0,18,0,0,,,0,0,0,,,False,Nor-BTS,Nor-BTS,Gadiculus argenteus,0.0
FG|Nor-BTS|Gadus morhua,18,2004.0,2021.0,18,0,0,,,0,0,0,,,False,Nor-BTS,Nor-BTS,Gadus morhua,0.0
FG|Nor-BTS|Hippoglossoides platessoides,18,2004.0,2021.0,18,0,0,,,0,0,0,,,False,Nor-BTS,Nor-BTS,Hippoglossoides platessoides,0.0
FG|Nor-BTS|Leptagonus decagonus,18,2004.0,2021.0,18,0,0,,,0,0,0,,,False,Nor-BTS,Nor-BTS,Leptagonus decagonus,0.0
FG|Nor-BTS|Leptoclinus maculatus,18,2004.0,2021.0,18,0,0,,,0,0,0,,,False,Nor-BTS,Nor-BTS,Leptoclinus maculatus,0.0
FG|Nor-BTS|Liparis fabricii,18,2004.0,2021.0,18,0,0,2009.0,2009.0,0,0,0,,,False,Nor-BTS,Nor-BTS,Liparis fabricii,0.0
FG|Nor-BTS|Lumpenus lampretaeformis,18,2004.0,2021.0,18,0,0,,,0,0,0,,,False,Nor-BTS,Nor-BTS,Lumpenus lampretaeformis,0.0
FG|Nor-BTS|Lycodes esmarkii,18,2004.0,2021.0,18,0,0,2018.0,2018.0,0,0,0,,,False,Nor-BTS,Nor-BTS,Lycodes esmarkii,0.0
FG|Nor-BTS|Lycodes eudipleurostictus,18,2004.0,2021.0,18,0,0,,,0,0,0,,,False,Nor-BTS,Nor-BTS,Lycodes eudipleurostictus,0.0
FG|Nor-BTS|Lycodes gracilis,18,2004.0,2021.0,18,0,0,,,0,0,0,,,False,Nor-BTS,Nor-BTS,Lycodes gracilis,0.0
FG|Nor-BTS|Lycodes pallidus,18,2004.0,2021.0,18,0,0,2013.0,2013.0,0,0,0,,,False,Nor-BTS,Nor-BTS,Lycodes pallidus,0.0
FG|Nor-BTS|Lycodes reticulatus,18,2004.0,2021.0,18,0,0,,,0,0,0,,,False,Nor-BTS,Nor-BTS,Lycodes reticulatus,0.0
FG|Nor-BTS|Lycodes rossi,18,2004.0,2021.0,18,0,0,2010.0,2010.0,0,0,0,,,False,Nor-BTS,Nor-BTS,Lycodes rossi,0.0
FG|Nor-BTS|Mallotus villosus,18,2004.0,2021.0,18,0,0,,,0,0,0,,,False,Nor-BTS,Nor-BTS,Mallotus villosus,0.0
FG|Nor-BTS|Melanogrammus aeglefinus,18,2004.0,2021.0,18,0,0,,2021.0,0,0,0,,,False,Nor-BTS,Nor-BTS,Melanogrammus aeglefinus,0.0
FG|Nor-BTS|Micromesistius poutassou,18,2004.0,2021.0,18,0,0,2010.0,2010.0,0,0,0,,,False,Nor-BTS,Nor-BTS,Micromesistius poutassou,0.0
FG|Nor-BTS|Pollachius virens,18,2004.0,2021.0,18,0,0,,,0,0,0,,,False,Nor-BTS,Nor-BTS,Pollachius virens,0.0
FG|Nor-BTS|Rajella fyllae,18,2004.0,2021.0,18,0,0,,,0,0,0,,,False,Nor-BTS,Nor-BTS,Rajella fyllae,0.0
FG|Nor-BTS|Reinhardtius hippoglossoides,18,2004.0,2021.0,18,0,0,,,0,0,0,,,False,Nor-BTS,Nor-BTS,Reinhardtius hippoglossoides,0.0
FG|Nor-BTS|Sebastes mentella,18,2004.0,2021.0,18,0,0,,,0,0,0,,,False,Nor-BTS,Nor-BTS,Sebastes mentella,0.0
FG|Nor-BTS|Sebastes norvegicus,18,2004.0,2021.0,18,0,0,,,0,0,0,,,False,Nor-BTS,Nor-BTS,Sebastes norvegicus,0.0
FG|Nor-BTS|Sebastes viviparus,18,2004.0,2021.0,18,0,0,,,0,0,0,,,False,Nor-BTS,Nor-BTS,Sebastes viviparus,0.0
FG|Nor-BTS|Triglops murrayi,18,2004.0,2021.0,18,0,0,,,0,0,0,,,False,Nor-BTS,Nor-BTS,Triglops murrayi,0.0
FG|Nor-BTS|Triglops nybelini,18,2004.0,2021.0,18,0,0,2013.0,2013.0,0,0,0,,,False,Nor-BTS,Nor-BTS,Triglops nybelini,0.0
FG|Nor-BTS|Trisopterus esmarkii,18,2004.0,2021.0,18,0,0,2020.0,2020.0,0,0,0,,,False,Nor-BTS,Nor-BTS,Trisopterus esmarkii,0.0
FG|NS-IBTS-1|Agonus cataphractus,41,1980.0,2020.0,41,0,0,,,7,0,7,2009.0,2015.0,False,NS-IBTS,NS-IBTS-1,Agonus cataphractus,0.0
FG|NS-IBTS-1|Amblyraja radiata,41,1980.0,2020.0,41,0,0,2009.0,2009.0,0,0,0,,,False,NS-IBTS,NS-IBTS-1,Amblyraja radiata,0.0
FG|NS-IBTS-1|Arnoglossus laterna,41,1980.0,2020.0,41,0,0,2015.0,2015.0,6,5,1,2009.0,2014.0,True,NS-IBTS,NS-IBTS-1,Arnoglossus laterna,0.0
FG|NS-IBTS-1|Buglossidium luteum,41,1980.0,2020.0,41,0,0,,,7,0,7,2009.0,2015.0,False,NS-IBTS,NS-IBTS-1,Buglossidium luteum,0.0
FG|NS-IBTS-1|Callionymus lyra,41,1980.0,2020.0,41,0,0,,,7,0,7,2009.0,2015.0,False,NS-IBTS,NS-IBTS-1,Callionymus lyra,0.0
FG|NS-IBTS-1|Chelidonichthys cuculus,41,1980.0,2020.0,41,0,3,,,7,0,7,2009.0,2015.0,False,NS-IBTS,NS-IBTS-1,Chelidonichthys cuculus,0.07317073170731707
FG|NS-IBTS-1|Clupea harengus,41,1980.0,2020.0,41,0,0,,,7,0,7,2009.0,2015.0,False,NS-IBTS,NS-IBTS-1,Clupea harengus,0.0
FG|NS-IBTS-1|Cyclopterus lumpus,41,1980.0,2020.0,41,0,0,,,7,0,7,2009.0,2015.0,False,NS-IBTS,NS-IBTS-1,Cyclopterus lumpus,0.0
FG|NS-IBTS-1|Echiichthys vipera,41,1980.0,2020.0,41,0,0,2017.0,2017.0,8,5,3,2009.0,2016.0,True,NS-IBTS,NS-IBTS-1,Echiichthys vipera,0.0
FG|NS-IBTS-1|Enchelyopus cimbrius,41,1980.0,2020.0,41,0,0,,,7,0,7,2009.0,2015.0,False,NS-IBTS,NS-IBTS-1,Enchelyopus cimbrius,0.0
FG|NS-IBTS-1|Engraulis encrasicolus,41,1980.0,2020.0,41,0,11,2013.0,2013.0,4,4,0,2009.0,2012.0,True,NS-IBTS,NS-IBTS-1,Engraulis encrasicolus,0.2682926829268293
FG|NS-IBTS-1|Eutrigla gurnardus,41,1980.0,2020.0,41,0,0,,,7,0,7,2009.0,2015.0,False,NS-IBTS,NS-IBTS-1,Eutrigla gurnardus,0.0
FG|NS-IBTS-1|Gadiculus argenteus,41,1980.0,2020.0,41,0,0,1997.0,1997.0,0,0,0,,,False,NS-IBTS,NS-IBTS-1,Gadiculus argenteus,0.0
FG|NS-IBTS-1|Gadus morhua,41,1980.0,2020.0,41,0,0,2019.0,2019.0,10,5,5,2009.0,2018.0,True,NS-IBTS,NS-IBTS-1,Gadus morhua,0.0
FG|NS-IBTS-1|Glyptocephalus cynoglossus,41,1980.0,2020.0,41,0,0,,,7,0,7,2009.0,2015.0,False,NS-IBTS,NS-IBTS-1,Glyptocephalus cynoglossus,0.0
FG|NS-IBTS-1|Hippoglossoides platessoides,41,1980.0,2020.0,41,0,0,,,7,0,7,2009.0,2015.0,False,NS-IBTS,NS-IBTS-1,Hippoglossoides platessoides,0.0
FG|NS-IBTS-1|Hyperoplus lanceolatus,41,1980.0,2020.0,41,0,1,,,7,0,7,2009.0,2015.0,False,NS-IBTS,NS-IBTS-1,Hyperoplus lanceolatus,0.024390243902439025
FG|NS-IBTS-1|Lepidorhombus whiffiagonis,41,1980.0,2020.0,41,0,0,,,7,0,7,2009.0,2015.0,False,NS-IBTS,NS-IBTS-1,Lepidorhombus whiffiagonis,0.0
FG|NS-IBTS-1|Leucoraja naevus,41,1980.0,2020.0,41,0,0,,,7,0,7,2009.0,2015.0,False,NS-IBTS,NS-IBTS-1,Leucoraja naevus,0.0
FG|NS-IBTS-1|Limanda limanda,41,1980.0,2020.0,41,0,0,,,7,0,7,2009.0,2015.0,False,NS-IBTS,NS-IBTS-1,Limanda limanda,0.0
FG|NS-IBTS-1|Lophius piscatorius,41,1980.0,2020.0,41,0,0,,,7,0,7,2009.0,2015.0,False,NS-IBTS,NS-IBTS-1,Lophius piscatorius,0.0
FG|NS-IBTS-1|Lumpenus lampretaeformis,0,,,0,0,0,,,0,0,0,,,,NS-IBTS,NS-IBTS-1,Lumpenus lampretaeformis,
FG|NS-IBTS-1|Maurolicus muelleri,41,1980.0,2020.0,41,0,0,1988.0,1988.0,0,0,0,,,False,NS-IBTS,NS-IBTS-1,Maurolicus muelleri,0.0
FG|NS-IBTS-1|Melanogrammus aeglefinus,41,1980.0,2020.0,41,0,0,,,7,0,7,2009.0,2015.0,False,NS-IBTS,NS-IBTS-1,Melanogrammus aeglefinus,0.0
FG|NS-IBTS-1|Merlangius merlangus,41,1980.0,2020.0,41,0,0,,,7,0,7,2009.0,2015.0,False,NS-IBTS,NS-IBTS-1,Merlangius merlangus,0.0
FG|NS-IBTS-1|Merluccius merluccius,41,1980.0,2020.0,41,0,0,,,7,0,7,2009.0,2015.0,False,NS-IBTS,NS-IBTS-1,Merluccius merluccius,0.0
FG|NS-IBTS-1|Microstomus kitt,41,1980.0,2020.0,41,0,0,,,7,0,7,2009.0,2015.0,False,NS-IBTS,NS-IBTS-1,Microstomus kitt,0.0
FG|NS-IBTS-1|Molva molva,41,1980.0,2020.0,41,0,0,,,7,0,7,2009.0,2015.0,False,NS-IBTS,NS-IBTS-1,Molva molva,0.0
FG|NS-IBTS-1|Mullus surmuletus,41,1980.0,2020.0,41,0,11,2013.0,2013.0,4,4,0,2009.0,2012.0,True,NS-IBTS,NS-IBTS-1,Mullus surmuletus,0.2682926829268293
FG|NS-IBTS-1|Myoxocephalus scorpius,41,1980.0,2020.0,41,0,0,1996.0,1996.0,0,0,0,,,False,NS-IBTS,NS-IBTS-1,Myoxocephalus scorpius,0.0
FG|NS-IBTS-1|Platichthys flesus,41,1980.0,2020.0,41,0,0,,,7,0,7,2009.0,2015.0,False,NS-IBTS,NS-IBTS-1,Platichthys flesus,0.0
FG|NS-IBTS-1|Pleuronectes platessa,41,1980.0,2020.0,41,0,0,,,7,0,7,2009.0,2015.0,False,NS-IBTS,NS-IBTS-1,Pleuronectes platessa,0.0
FG|NS-IBTS-1|Pollachius virens,41,1980.0,2020.0,41,0,0,,,7,0,7,2009.0,2015.0,False,NS-IBTS,NS-IBTS-1,Pollachius virens,0.0
FG|NS-IBTS-1|Scomber scombrus,41,1980.0,2020.0,41,0,0,2013.0,2013.0,4,4,0,2009.0,2012.0,True,NS-IBTS,NS-IBTS-1,Scomber scombrus,0.0
FG|NS-IBTS-1|Scophthalmus maximus,41,1980.0,2020.0,41,0,0,,,7,0,7,2009.0,2015.0,False,NS-IBTS,NS-IBTS-1,Scophthalmus maximus,0.0
FG|NS-IBTS-1|Scyliorhinus canicula,41,1980.0,2020.0,41,0,1,,,7,0,7,2009.0,2015.0,False,NS-IBTS,NS-IBTS-1,Scyliorhinus canicula,0.024390243902439025
FG|NS-IBTS-1|Solea solea,41,1980.0,2020.0,41,0,0,,,7,0,7,2009.0,2015.0,False,NS-IBTS,NS-IBTS-1,Solea solea,0.0
FG|NS-IBTS-1|Sprattus sprattus,41,1980.0,2020.0,41,0,0,,,7,0,7,2009.0,2015.0,False,NS-IBTS,NS-IBTS-1,Sprattus sprattus,0.0
FG|NS-IBTS-1|Squalus acanthias,41,1980.0,2020.0,41,0,0,,,7,0,7,2009.0,2015.0,False,NS-IBTS,NS-IBTS-1,Squalus acanthias,0.0
FG|NS-IBTS-1|Trachurus trachurus,41,1980.0,2020.0,41,0,1,,2020.0,6,0,6,2009.0,2014.0,False,NS-IBTS,NS-IBTS-1,Trachurus trachurus,0.024390243902439025
FG|NS-IBTS-1|Trisopterus esmarkii,41,1980.0,2020.0,41,0,0,2004.0,2004.0,0,0,0,,,False,NS-IBTS,NS-IBTS-1,Trisopterus esmarkii,0.0
FG|NS-IBTS-1|Trisopterus luscus,41,1980.0,2020.0,41,0,0,,,7,0,7,2009.0,2015.0,False,NS-IBTS,NS-IBTS-1,Trisopterus luscus,0.0
FG|NS-IBTS-1|Trisopterus minutus,41,1980.0,2020.0,41,0,0,,,7,0,7,2009.0,2015.0,False,NS-IBTS,NS-IBTS-1,Trisopterus minutus,0.0
FG|NS-IBTS-3|Agonus cataphractus,30,1991.0,2020.0,30,0,0,,,0,0,0,,,False,NS-IBTS,NS-IBTS-3,Agonus cataphractus,0.0
FG|NS-IBTS-3|Amblyraja radiata,30,1991.0,2020.0,30,0,0,,,0,0,0,,,False,NS-IBTS,NS-IBTS-3,Amblyraja radiata,0.0
FG|NS-IBTS-3|Ammodytes marinus,30,1991.0,2020.0,30,0,4,2015.0,2015.0,0,0,0,,,False,NS-IBTS,NS-IBTS-3,Ammodytes marinus,0.13333333333333333
FG|NS-IBTS-3|Arnoglossus laterna,30,1991.0,2020.0,30,0,0,,,0,0,0,,,False,NS-IBTS,NS-IBTS-3,Arnoglossus laterna,0.0
FG|NS-IBTS-3|Buglossidium luteum,30,1991.0,2020.0,30,0,0,,,0,0,0,,,False,NS-IBTS,NS-IBTS-3,Buglossidium luteum,0.0
FG|NS-IBTS-3|Callionymus lyra,30,1991.0,2020.0,30,0,0,,,0,0,0,,,False,NS-IBTS,NS-IBTS-3,Callionymus lyra,0.0
FG|NS-IBTS-3|Chelidonichthys lucerna,30,1991.0,2020.0,30,0,3,,,0,0,0,,,False,NS-IBTS,NS-IBTS-3,Chelidonichthys lucerna,0.1
FG|NS-IBTS-3|Clupea harengus,30,1991.0,2020.0,30,0,0,,,0,0,0,,,False,NS-IBTS,NS-IBTS-3,Clupea harengus,0.0
FG|NS-IBTS-3|Echiichthys vipera,30,1991.0,2020.0,30,0,0,,,0,0,0,,,False,NS-IBTS,NS-IBTS-3,Echiichthys vipera,0.0
FG|NS-IBTS-3|Enchelyopus cimbrius,30,1991.0,2020.0,30,0,0,,,0,0,0,,,False,NS-IBTS,NS-IBTS-3,Enchelyopus cimbrius,0.0
FG|NS-IBTS-3|Entelurus aequoreus,30,1991.0,2020.0,30,0,17,2009.0,2009.0,0,0,0,,,False,NS-IBTS,NS-IBTS-3,Entelurus aequoreus,0.5666666666666667
FG|NS-IBTS-3|Eutrigla gurnardus,30,1991.0,2020.0,30,0,0,,,0,0,0,,,False,NS-IBTS,NS-IBTS-3,Eutrigla gurnardus,0.0
FG|NS-IBTS-3|Gadiculus argenteus,30,1991.0,2020.0,30,0,0,,2020.0,0,0,0,,,False,NS-IBTS,NS-IBTS-3,Gadiculus argenteus,0.0
FG|NS-IBTS-3|Gadus morhua,30,1991.0,2020.0,30,0,0,,,0,0,0,,,False,NS-IBTS,NS-IBTS-3,Gadus morhua,0.0
FG|NS-IBTS-3|Glyptocephalus cynoglossus,30,1991.0,2020.0,30,0,0,,,0,0,0,,,False,NS-IBTS,NS-IBTS-3,Glyptocephalus cynoglossus,0.0
FG|NS-IBTS-3|Hippoglossoides platessoides,30,1991.0,2020.0,30,0,0,,,0,0,0,,,False,NS-IBTS,NS-IBTS-3,Hippoglossoides platessoides,0.0
FG|NS-IBTS-3|Hyperoplus lanceolatus,30,1991.0,2020.0,30,0,0,,,0,0,0,,,False,NS-IBTS,NS-IBTS-3,Hyperoplus lanceolatus,0.0
FG|NS-IBTS-3|Lepidorhombus whiffiagonis,30,1991.0,2020.0,30,0,0,,,0,0,0,,,False,NS-IBTS,NS-IBTS-3,Lepidorhombus whiffiagonis,0.0
FG|NS-IBTS-3|Leucoraja naevus,30,1991.0,2020.0,30,0,0,,,0,0,0,,,False,NS-IBTS,NS-IBTS-3,Leucoraja naevus,0.0
FG|NS-IBTS-3|Limanda limanda,30,1991.0,2020.0,30,0,0,,,0,0,0,,,False,NS-IBTS,NS-IBTS-3,Limanda limanda,0.0
FG|NS-IBTS-3|Lophius piscatorius,30,1991.0,2020.0,30,0,0,,,0,0,0,,,False,NS-IBTS,NS-IBTS-3,Lophius piscatorius,0.0
FG|NS-IBTS-3|Lumpenus lampretaeformis,0,,,0,0,0,,,0,0,0,,,,NS-IBTS,NS-IBTS-3,Lumpenus lampretaeformis,
FG|NS-IBTS-3|Melanogrammus aeglefinus,30,1991.0,2020.0,30,0,0,,,0,0,0,,,False,NS-IBTS,NS-IBTS-3,Melanogrammus aeglefinus,0.0
FG|NS-IBTS-3|Merlangius merlangus,30,1991.0,2020.0,30,0,0,,,0,0,0,,,False,NS-IBTS,NS-IBTS-3,Merlangius merlangus,0.0
FG|NS-IBTS-3|Merluccius merluccius,30,1991.0,2020.0,30,0,0,,,0,0,0,,,False,NS-IBTS,NS-IBTS-3,Merluccius merluccius,0.0
FG|NS-IBTS-3|Micromesistius poutassou,30,1991.0,2020.0,30,0,0,2006.0,2006.0,0,0,0,,,False,NS-IBTS,NS-IBTS-3,Micromesistius poutassou,0.0
FG|NS-IBTS-3|Microstomus kitt,30,1991.0,2020.0,30,0,0,,,0,0,0,,,False,NS-IBTS,NS-IBTS-3,Microstomus kitt,0.0
FG|NS-IBTS-3|Molva molva,30,1991.0,2020.0,30,0,0,,,0,0,0,,,False,NS-IBTS,NS-IBTS-3,Molva molva,0.0
FG|NS-IBTS-3|Mullus surmuletus,30,1991.0,2020.0,30,0,0,,,0,0,0,,,False,NS-IBTS,NS-IBTS-3,Mullus surmuletus,0.0
FG|NS-IBTS-3|Myoxocephalus scorpius,30,1991.0,2020.0,30,0,0,,,0,0,0,,,False,NS-IBTS,NS-IBTS-3,Myoxocephalus scorpius,0.0
FG|NS-IBTS-3|Myxine glutinosa,30,1991.0,2020.0,30,0,0,,,0,0,0,,,False,NS-IBTS,NS-IBTS-3,Myxine glutinosa,0.0
FG|NS-IBTS-3|Platichthys flesus,30,1991.0,2020.0,30,0,0,,,0,0,0,,,False,NS-IBTS,NS-IBTS-3,Platichthys flesus,0.0
FG|NS-IBTS-3|Pleuronectes platessa,30,1991.0,2020.0,30,0,0,,,0,0,0,,,False,NS-IBTS,NS-IBTS-3,Pleuronectes platessa,0.0
FG|NS-IBTS-3|Pollachius virens,30,1991.0,2020.0,30,0,0,,,0,0,0,,,False,NS-IBTS,NS-IBTS-3,Pollachius virens,0.0
FG|NS-IBTS-3|Scomber scombrus,30,1991.0,2020.0,30,0,0,,,0,0,0,,,False,NS-IBTS,NS-IBTS-3,Scomber scombrus,0.0
FG|NS-IBTS-3|Scophthalmus maximus,30,1991.0,2020.0,30,0,0,,,0,0,0,,,False,NS-IBTS,NS-IBTS-3,Scophthalmus maximus,0.0
FG|NS-IBTS-3|Scophthalmus rhombus,30,1991.0,2020.0,30,0,0,,,0,0,0,,,False,NS-IBTS,NS-IBTS-3,Scophthalmus rhombus,0.0
FG|NS-IBTS-3|Scyliorhinus canicula,30,1991.0,2020.0,30,0,0,,,0,0,0,,,False,NS-IBTS,NS-IBTS-3,Scyliorhinus canicula,0.0
FG|NS-IBTS-3|Solea solea,30,1991.0,2020.0,30,0,0,,,0,0,0,,,False,NS-IBTS,NS-IBTS-3,Solea solea,0.0
FG|NS-IBTS-3|Sprattus sprattus,30,1991.0,2020.0,30,0,0,,,0,0,0,,,False,NS-IBTS,NS-IBTS-3,Sprattus sprattus,0.0
FG|NS-IBTS-3|Squalus acanthias,30,1991.0,2020.0,30,0,0,2000.0,2000.0,0,0,0,,,False,NS-IBTS,NS-IBTS-3,Squalus acanthias,0.0
FG|NS-IBTS-3|Trachinus draco,30,1991.0,2020.0,30,0,0,,,0,0,0,,,False,NS-IBTS,NS-IBTS-3,Trachinus draco,0.0
FG|NS-IBTS-3|Trachurus trachurus,30,1991.0,2020.0,30,0,0,2009.0,2009.0,0,0,0,,,False,NS-IBTS,NS-IBTS-3,Trachurus trachurus,0.0
FG|NS-IBTS-3|Trisopterus esmarkii,30,1991.0,2020.0,30,0,0,2004.0,2004.0,0,0,0,,,False,NS-IBTS,NS-IBTS-3,Trisopterus esmarkii,0.0
FG|NS-IBTS-3|Trisopterus minutus,30,1991.0,2020.0,30,0,0,,,0,0,0,,,False,NS-IBTS,NS-IBTS-3,Trisopterus minutus,0.0
FG|PT-IBTS|Anthias anthias,0,,,0,0,0,,,0,0,0,,,,PT-IBTS,PT-IBTS,Anthias anthias,
FG|PT-IBTS|Arnoglossus laterna,14,2002.0,2018.0,17,3,0,,,0,0,0,,,False,PT-IBTS,PT-IBTS,Arnoglossus laterna,0.0
FG|PT-IBTS|Boops boops,14,2002.0,2018.0,17,3,0,,,0,0,0,,,False,PT-IBTS,PT-IBTS,Boops boops,0.0
FG|PT-IBTS|Callionymus lyra,14,2002.0,2018.0,17,3,0,,,0,0,0,,,False,PT-IBTS,PT-IBTS,Callionymus lyra,0.0
FG|PT-IBTS|Capros aper,14,2002.0,2018.0,17,3,0,,,0,0,0,,,False,PT-IBTS,PT-IBTS,Capros aper,0.0
FG|PT-IBTS|Chelidonichthys cuculus,14,2002.0,2018.0,17,3,0,,,0,0,0,,,False,PT-IBTS,PT-IBTS,Chelidonichthys cuculus,0.0
FG|PT-IBTS|Chelidonichthys obscurus,14,2002.0,2018.0,17,3,0,,,0,0,0,,,False,PT-IBTS,PT-IBTS,Chelidonichthys obscurus,0.0
FG|PT-IBTS|Citharus linguatula,14,2002.0,2018.0,17,3,1,,2018.0,0,0,0,,,False,PT-IBTS,PT-IBTS,Citharus linguatula,0.07142857142857142
FG|PT-IBTS|Conger conger,14,2002.0,2018.0,17,3,0,,,0,0,0,,,False,PT-IBTS,PT-IBTS,Conger conger,0.0
FG|PT-IBTS|Diplodus vulgaris,14,2002.0,2018.0,17,3,0,,,0,0,0,,,False,PT-IBTS,PT-IBTS,Diplodus vulgaris,0.0
FG|PT-IBTS|Gadiculus argenteus,14,2002.0,2018.0,17,3,0,,,0,0,0,,,False,PT-IBTS,PT-IBTS,Gadiculus argenteus,0.0
FG|PT-IBTS|Galeus melastomus,14,2002.0,2018.0,17,3,0,,,0,0,0,,,False,PT-IBTS,PT-IBTS,Galeus melastomus,0.0
FG|PT-IBTS|Helicolenus dactylopterus,14,2002.0,2018.0,17,3,0,,,0,0,0,,,False,PT-IBTS,PT-IBTS,Helicolenus dactylopterus,0.0
FG|PT-IBTS|Hyperoplus lanceolatus,14,2002.0,2018.0,17,3,0,,2018.0,0,0,0,,,False,PT-IBTS,PT-IBTS,Hyperoplus lanceolatus,0.0
FG|PT-IBTS|Lepidopus caudatus,14,2002.0,2018.0,17,3,0,2013.0,2013.0,0,0,0,,,False,PT-IBTS,PT-IBTS,Lepidopus caudatus,0.0
FG|PT-IBTS|Lepidorhombus boscii,14,2002.0,2018.0,17,3,0,,,0,0,0,,,False,PT-IBTS,PT-IBTS,Lepidorhombus boscii,0.0
FG|PT-IBTS|Merluccius merluccius,14,2002.0,2018.0,17,3,0,,,0,0,0,,,False,PT-IBTS,PT-IBTS,Merluccius merluccius,0.0
FG|PT-IBTS|Microchirus variegatus,14,2002.0,2018.0,17,3,0,,,0,0,0,,,False,PT-IBTS,PT-IBTS,Microchirus variegatus,0.0
FG|PT-IBTS|Micromesistius poutassou,14,2002.0,2018.0,17,3,0,,,0,0,0,,,False,PT-IBTS,PT-IBTS,Micromesistius poutassou,0.0
FG|PT-IBTS|Mullus surmuletus,14,2002.0,2018.0,17,3,0,,2018.0,0,0,0,,,False,PT-IBTS,PT-IBTS,Mullus surmuletus,0.0
FG|PT-IBTS|Pagellus acarne,14,2002.0,2018.0,17,3,0,,,0,0,0,,,False,PT-IBTS,PT-IBTS,Pagellus acarne,0.0
FG|PT-IBTS|Pagellus erythrinus,14,2002.0,2018.0,17,3,1,,2018.0,0,0,0,,,False,PT-IBTS,PT-IBTS,Pagellus erythrinus,0.07142857142857142
FG|PT-IBTS|Phycis blennoides,14,2002.0,2018.0,17,3,0,,,0,0,0,,,False,PT-IBTS,PT-IBTS,Phycis blennoides,0.0
FG|PT-IBTS|Raja clavata,14,2002.0,2018.0,17,3,0,,,0,0,0,,,False,PT-IBTS,PT-IBTS,Raja clavata,0.0
FG|PT-IBTS|Sardina pilchardus,14,2002.0,2018.0,17,3,0,,2018.0,0,0,0,,,False,PT-IBTS,PT-IBTS,Sardina pilchardus,0.0
FG|PT-IBTS|Scomber colias,14,2002.0,2018.0,17,3,0,,,0,0,0,,,False,PT-IBTS,PT-IBTS,Scomber colias,0.0
FG|PT-IBTS|Scomber scombrus,14,2002.0,2018.0,17,3,0,2015.0,2015.0,0,0,0,,,False,PT-IBTS,PT-IBTS,Scomber scombrus,0.0
FG|PT-IBTS|Scyliorhinus canicula,14,2002.0,2018.0,17,3,0,,,0,0,0,,,False,PT-IBTS,PT-IBTS,Scyliorhinus canicula,0.0
FG|PT-IBTS|Serranus hepatus,14,2002.0,2018.0,17,3,0,,,0,0,0,,,False,PT-IBTS,PT-IBTS,Serranus hepatus,0.0
FG|PT-IBTS|Spondyliosoma cantharus,14,2002.0,2018.0,17,3,0,,,0,0,0,,,False,PT-IBTS,PT-IBTS,Spondyliosoma cantharus,0.0
FG|PT-IBTS|Trachurus picturatus,14,2002.0,2018.0,17,3,0,2010.0,2010.0,0,0,0,,,False,PT-IBTS,PT-IBTS,Trachurus picturatus,0.0
FG|PT-IBTS|Trachurus trachurus,14,2002.0,2018.0,17,3,0,,,0,0,0,,,False,PT-IBTS,PT-IBTS,Trachurus trachurus,0.0
FG|PT-IBTS|Trisopterus luscus,14,2002.0,2018.0,17,3,0,,,0,0,0,,,False,PT-IBTS,PT-IBTS,Trisopterus luscus,0.0
FG|PT-IBTS|Zeus faber,14,2002.0,2018.0,17,3,0,,,0,0,0,,,False,PT-IBTS,PT-IBTS,Zeus faber,0.0
FG|DFO-QCS|Anoplopoma fimbria,10,2003.0,2019.0,17,7,0,,,0,0,0,,,False,DFO-QCS,DFO-QCS,Anoplopoma fimbria,0.0
FG|DFO-QCS|Atheresthes stomias,10,2003.0,2019.0,17,7,0,,,0,0,0,,,False,DFO-QCS,DFO-QCS,Atheresthes stomias,0.0
FG|DFO-QCS|Bathyraja interrupta,10,2003.0,2019.0,17,7,0,,,0,0,0,,,False,DFO-QCS,DFO-QCS,Bathyraja interrupta,0.0
FG|DFO-QCS|Beringraja rhina,10,2003.0,2019.0,17,7,0,,,0,0,0,,,False,DFO-QCS,DFO-QCS,Beringraja rhina,0.0
FG|DFO-QCS|Citharichthys sordidus,10,2003.0,2019.0,17,7,0,,,0,0,0,,,False,DFO-QCS,DFO-QCS,Citharichthys sordidus,0.0
FG|DFO-QCS|Clupea pallasii,10,2003.0,2019.0,17,7,0,,,0,0,0,,,False,DFO-QCS,DFO-QCS,Clupea pallasii,0.0
FG|DFO-QCS|Eopsetta jordani,10,2003.0,2019.0,17,7,0,,,0,0,0,,,False,DFO-QCS,DFO-QCS,Eopsetta jordani,0.0
FG|DFO-QCS|Gadus chalcogrammus,10,2003.0,2019.0,17,7,0,,,0,0,0,,,False,DFO-QCS,DFO-QCS,Gadus chalcogrammus,0.0
FG|DFO-QCS|Gadus macrocephalus,10,2003.0,2019.0,17,7,0,,,0,0,0,,,False,DFO-QCS,DFO-QCS,Gadus macrocephalus,0.0
FG|DFO-QCS|Glyptocephalus zachirus,10,2003.0,2019.0,17,7,0,,,0,0,0,,,False,DFO-QCS,DFO-QCS,Glyptocephalus zachirus,0.0
FG|DFO-QCS|Hippoglossoides elassodon,10,2003.0,2019.0,17,7,0,,,0,0,0,,,False,DFO-QCS,DFO-QCS,Hippoglossoides elassodon,0.0
FG|DFO-QCS|Hippoglossus stenolepis,10,2003.0,2019.0,17,7,0,,,0,0,0,,,False,DFO-QCS,DFO-QCS,Hippoglossus stenolepis,0.0
FG|DFO-QCS|Hydrolagus colliei,10,2003.0,2019.0,17,7,0,,,0,0,0,,,False,DFO-QCS,DFO-QCS,Hydrolagus colliei,0.0
FG|DFO-QCS|Icelinus filamentosus,10,2003.0,2019.0,17,7,0,,,0,0,0,,,False,DFO-QCS,DFO-QCS,Icelinus filamentosus,0.0
FG|DFO-QCS|Lepidopsetta bilineata,10,2003.0,2019.0,17,7,0,,,0,0,0,,,False,DFO-QCS,DFO-QCS,Lepidopsetta bilineata,0.0
FG|DFO-QCS|Lycodes cortezianus,10,2003.0,2019.0,17,7,0,,,0,0,0,,,False,DFO-QCS,DFO-QCS,Lycodes cortezianus,0.0
FG|DFO-QCS|Lycodes diapterus,10,2003.0,2019.0,17,7,0,,,0,0,0,,,False,DFO-QCS,DFO-QCS,Lycodes diapterus,0.0
FG|DFO-QCS|Lycodes pacificus,10,2003.0,2019.0,17,7,0,,,0,0,0,,,False,DFO-QCS,DFO-QCS,Lycodes pacificus,0.0
FG|DFO-QCS|Lyopsetta exilis,10,2003.0,2019.0,17,7,0,,,0,0,0,,,False,DFO-QCS,DFO-QCS,Lyopsetta exilis,0.0
FG|DFO-QCS|Merluccius productus,10,2003.0,2019.0,17,7,0,,,0,0,0,,,False,DFO-QCS,DFO-QCS,Merluccius productus,0.0
FG|DFO-QCS|Microstomus pacificus,10,2003.0,2019.0,17,7,0,,,0,0,0,,,False,DFO-QCS,DFO-QCS,Microstomus pacificus,0.0
FG|DFO-QCS|Ophiodon elongatus,10,2003.0,2019.0,17,7,0,,,0,0,0,,,False,DFO-QCS,DFO-QCS,Ophiodon elongatus,0.0
FG|DFO-QCS|Parophrys vetulus,10,2003.0,2019.0,17,7,0,,,0,0,0,,,False,DFO-QCS,DFO-QCS,Parophrys vetulus,0.0
FG|DFO-QCS|Pleuronichthys decurrens,10,2003.0,2019.0,17,7,0,,,0,0,0,,,False,DFO-QCS,DFO-QCS,Pleuronichthys decurrens,0.0
FG|DFO-QCS|Sebastes alutus,10,2003.0,2019.0,17,7,0,,,0,0,0,,,False,DFO-QCS,DFO-QCS,Sebastes alutus,0.0
FG|DFO-QCS|Sebastes babcocki,10,2003.0,2019.0,17,7,0,,,0,0,0,,,False,DFO-QCS,DFO-QCS,Sebastes babcocki,0.0
FG|DFO-QCS|Sebastes brevispinis,10,2003.0,2019.0,17,7,0,,,0,0,0,,,False,DFO-QCS,DFO-QCS,Sebastes brevispinis,0.0
FG|DFO-QCS|Sebastes crameri,10,2003.0,2019.0,17,7,0,,,0,0,0,,,False,DFO-QCS,DFO-QCS,Sebastes crameri,0.0
FG|DFO-QCS|Sebastes diploproa,10,2003.0,2019.0,17,7,0,,,0,0,0,,,False,DFO-QCS,DFO-QCS,Sebastes diploproa,0.0
FG|DFO-QCS|Sebastes elongatus,10,2003.0,2019.0,17,7,0,,,0,0,0,,,False,DFO-QCS,DFO-QCS,Sebastes elongatus,0.0
FG|DFO-QCS|Sebastes entomelas,10,2003.0,2019.0,17,7,0,,,0,0,0,,,False,DFO-QCS,DFO-QCS,Sebastes entomelas,0.0
FG|DFO-QCS|Sebastes flavidus,10,2003.0,2019.0,17,7,0,,,0,0,0,,,False,DFO-QCS,DFO-QCS,Sebastes flavidus,0.0
FG|DFO-QCS|Sebastes helvomaculatus,10,2003.0,2019.0,17,7,0,,,0,0,0,,,False,DFO-QCS,DFO-QCS,Sebastes helvomaculatus,0.0
FG|DFO-QCS|Sebastes maliger,10,2003.0,2019.0,17,7,0,,,0,0,0,,,False,DFO-QCS,DFO-QCS,Sebastes maliger,0.0
FG|DFO-QCS|Sebastes paucispinis,10,2003.0,2019.0,17,7,0,,,0,0,0,,,False,DFO-QCS,DFO-QCS,Sebastes paucispinis,0.0
FG|DFO-QCS|Sebastes pinniger,10,2003.0,2019.0,17,7,0,,,0,0,0,,,False,DFO-QCS,DFO-QCS,Sebastes pinniger,0.0
FG|DFO-QCS|Sebastes proriger,10,2003.0,2019.0,17,7,0,,,0,0,0,,,False,DFO-QCS,DFO-QCS,Sebastes proriger,0.0
FG|DFO-QCS|Sebastes reedi,10,2003.0,2019.0,17,7,0,,,0,0,0,,,False,DFO-QCS,DFO-QCS,Sebastes reedi,0.0
FG|DFO-QCS|Sebastes ruberrimus,10,2003.0,2019.0,17,7,0,,,0,0,0,,,False,DFO-QCS,DFO-QCS,Sebastes ruberrimus,0.0
FG|DFO-QCS|Sebastes wilsoni,10,2003.0,2019.0,17,7,0,,,0,0,0,,,False,DFO-QCS,DFO-QCS,Sebastes wilsoni,0.0
FG|DFO-QCS|Sebastes zacentrus,10,2003.0,2019.0,17,7,0,,,0,0,0,,,False,DFO-QCS,DFO-QCS,Sebastes zacentrus,0.0
FG|DFO-QCS|Sebastolobus alascanus,10,2003.0,2019.0,17,7,0,,,0,0,0,,,False,DFO-QCS,DFO-QCS,Sebastolobus alascanus,0.0
FG|DFO-QCS|Squalus suckleyi,10,2003.0,2019.0,17,7,0,,,0,0,0,,,False,DFO-QCS,DFO-QCS,Squalus suckleyi,0.0
FG|DFO-QCS|Thaleichthys pacificus,10,2003.0,2019.0,17,7,0,,,0,0,0,,,False,DFO-QCS,DFO-QCS,Thaleichthys pacificus,0.0
FG|ROCKALL|Ammodytes marinus,19,1999.0,2020.0,22,3,2,,,0,0,0,,,False,ROCKALL,ROCKALL,Ammodytes marinus,0.10526315789473684
FG|ROCKALL|Anarhichas lupus,19,1999.0,2020.0,22,3,2,2019.0,2019.0,0,0,0,,,False,ROCKALL,ROCKALL,Anarhichas lupus,0.10526315789473684
FG|ROCKALL|Brosme brosme,19,1999.0,2020.0,22,3,2,,,0,0,0,,,False,ROCKALL,ROCKALL,Brosme brosme,0.10526315789473684
FG|ROCKALL|Callionymus lyra,19,1999.0,2020.0,22,3,6,2013.0,2013.0,0,0,0,,,False,ROCKALL,ROCKALL,Callionymus lyra,0.3157894736842105
FG|ROCKALL|Entelurus aequoreus,19,1999.0,2020.0,22,3,13,2011.0,2011.0,0,0,0,,,False,ROCKALL,ROCKALL,Entelurus aequoreus,0.6842105263157895
FG|ROCKALL|Eutrigla gurnardus,19,1999.0,2020.0,22,3,0,2019.0,2019.0,0,0,0,,,False,ROCKALL,ROCKALL,Eutrigla gurnardus,0.0
FG|ROCKALL|Gadiculus argenteus,19,1999.0,2020.0,22,3,0,2019.0,2019.0,0,0,0,,,False,ROCKALL,ROCKALL,Gadiculus argenteus,0.0
FG|ROCKALL|Gadus morhua,19,1999.0,2020.0,22,3,3,2011.0,2011.0,0,0,0,,,False,ROCKALL,ROCKALL,Gadus morhua,0.15789473684210525
FG|ROCKALL|Glyptocephalus cynoglossus,19,1999.0,2020.0,22,3,0,,,0,0,0,,,False,ROCKALL,ROCKALL,Glyptocephalus cynoglossus,0.0
FG|ROCKALL|Helicolenus dactylopterus,19,1999.0,2020.0,22,3,0,,,0,0,0,,,False,ROCKALL,ROCKALL,Helicolenus dactylopterus,0.0
FG|ROCKALL|Hippoglossoides platessoides,19,1999.0,2020.0,22,3,0,,,0,0,0,,,False,ROCKALL,ROCKALL,Hippoglossoides platessoides,0.0
FG|ROCKALL|Lepidorhombus whiffiagonis,19,1999.0,2020.0,22,3,0,,,0,0,0,,,False,ROCKALL,ROCKALL,Lepidorhombus whiffiagonis,0.0
FG|ROCKALL|Leucoraja fullonica,19,1999.0,2020.0,22,3,4,,,0,0,0,,,False,ROCKALL,ROCKALL,Leucoraja fullonica,0.21052631578947367
FG|ROCKALL|Lophius piscatorius,19,1999.0,2020.0,22,3,0,,,0,0,0,,,False,ROCKALL,ROCKALL,Lophius piscatorius,0.0
FG|ROCKALL|Maurolicus muelleri,19,1999.0,2020.0,22,3,5,,2020.0,0,0,0,,,False,ROCKALL,ROCKALL,Maurolicus muelleri,0.2631578947368421
FG|ROCKALL|Melanogrammus aeglefinus,19,1999.0,2020.0,22,3,0,,,0,0,0,,,False,ROCKALL,ROCKALL,Melanogrammus aeglefinus,0.0
FG|ROCKALL|Merlangius merlangus,19,1999.0,2020.0,22,3,6,,2020.0,0,0,0,,,False,ROCKALL,ROCKALL,Merlangius merlangus,0.3157894736842105
FG|ROCKALL|Microchirus variegatus,19,1999.0,2020.0,22,3,0,,,0,0,0,,,False,ROCKALL,ROCKALL,Microchirus variegatus,0.0
FG|ROCKALL|Micromesistius poutassou,19,1999.0,2020.0,22,3,0,,,0,0,0,,,False,ROCKALL,ROCKALL,Micromesistius poutassou,0.0
FG|ROCKALL|Microstomus kitt,19,1999.0,2020.0,22,3,0,,,0,0,0,,,False,ROCKALL,ROCKALL,Microstomus kitt,0.0
FG|ROCKALL|Molva molva,19,1999.0,2020.0,22,3,0,,,0,0,0,,,False,ROCKALL,ROCKALL,Molva molva,0.0
FG|ROCKALL|Pollachius virens,19,1999.0,2020.0,22,3,5,2014.0,2014.0,0,0,0,,,False,ROCKALL,ROCKALL,Pollachius virens,0.2631578947368421
FG|ROCKALL|Raja clavata,19,1999.0,2020.0,22,3,1,,,0,0,0,,,False,ROCKALL,ROCKALL,Raja clavata,0.05263157894736842
FG|ROCKALL|Scomber scombrus,19,1999.0,2020.0,22,3,6,2016.0,2016.0,0,0,0,,,False,ROCKALL,ROCKALL,Scomber scombrus,0.3157894736842105
FG|ROCKALL|Sebastes viviparus,19,1999.0,2020.0,22,3,0,,,0,0,0,,,False,ROCKALL,ROCKALL,Sebastes viviparus,0.0
FG|ROCKALL|Trachurus trachurus,19,1999.0,2020.0,22,3,5,2015.0,2015.0,0,0,0,,,False,ROCKALL,ROCKALL,Trachurus trachurus,0.2631578947368421
FG|ROCKALL|Trisopterus minutus,19,1999.0,2020.0,22,3,0,,,0,0,0,,,False,ROCKALL,ROCKALL,Trisopterus minutus,0.0
FG|SCS-FALL|Alosa pseudoharengus,6,1979.0,1984.0,6,0,0,,,0,0,0,,,False,SCS,SCS-FALL,Alosa pseudoharengus,0.0
FG|SCS-FALL|Amblyraja radiata,6,1979.0,1984.0,6,0,0,,,0,0,0,,,False,SCS,SCS-FALL,Amblyraja radiata,0.0
FG|SCS-FALL|Anarhichas lupus,6,1979.0,1984.0,6,0,0,,,0,0,0,,,False,SCS,SCS-FALL,Anarhichas lupus,0.0
FG|SCS-FALL|Argentina silus,6,1979.0,1984.0,6,0,0,,,0,0,0,,,False,SCS,SCS-FALL,Argentina silus,0.0
FG|SCS-FALL|Artediellus uncinatus,6,1979.0,1984.0,6,0,0,,,0,0,0,,,False,SCS,SCS-FALL,Artediellus uncinatus,0.0
FG|SCS-FALL|Aspidophoroides monopterygius,6,1979.0,1984.0,6,0,0,,,0,0,0,,,False,SCS,SCS-FALL,Aspidophoroides monopterygius,0.0
FG|SCS-FALL|Brosme brosme,6,1979.0,1984.0,6,0,0,,,0,0,0,,,False,SCS,SCS-FALL,Brosme brosme,0.0
FG|SCS-FALL|Clupea harengus,6,1979.0,1984.0,6,0,0,,,0,0,0,,,False,SCS,SCS-FALL,Clupea harengus,0.0
FG|SCS-FALL|Enchelyopus cimbrius,6,1979.0,1984.0,6,0,0,,,0,0,0,,,False,SCS,SCS-FALL,Enchelyopus cimbrius,0.0
FG|SCS-FALL|Gadus morhua,6,1979.0,1984.0,6,0,0,,,0,0,0,,,False,SCS,SCS-FALL,Gadus morhua,0.0
FG|SCS-FALL|Glyptocephalus cynoglossus,6,1979.0,1984.0,6,0,0,,,0,0,0,,,False,SCS,SCS-FALL,Glyptocephalus cynoglossus,0.0
FG|SCS-FALL|Hemitripterus americanus,6,1979.0,1984.0,6,0,0,,,0,0,0,,,False,SCS,SCS-FALL,Hemitripterus americanus,0.0
FG|SCS-FALL|Hippoglossoides platessoides,6,1979.0,1984.0,6,0,0,,,0,0,0,,,False,SCS,SCS-FALL,Hippoglossoides platessoides,0.0
FG|SCS-FALL|Hippoglossus hippoglossus,6,1979.0,1984.0,6,0,0,,,0,0,0,,,False,SCS,SCS-FALL,Hippoglossus hippoglossus,0.0
FG|SCS-FALL|Leucoraja erinaceus,6,1979.0,1984.0,6,0,0,,,0,0,0,,,False,SCS,SCS-FALL,Leucoraja erinaceus,0.0
FG|SCS-FALL|Leucoraja ocellata,6,1979.0,1984.0,6,0,0,,,0,0,0,,,False,SCS,SCS-FALL,Leucoraja ocellata,0.0
FG|SCS-FALL|Lophius americanus,6,1979.0,1984.0,6,0,0,,,0,0,0,,,False,SCS,SCS-FALL,Lophius americanus,0.0
FG|SCS-FALL|Malacoraja senta,6,1979.0,1984.0,6,0,0,,,0,0,0,,,False,SCS,SCS-FALL,Malacoraja senta,0.0
FG|SCS-FALL|Melanogrammus aeglefinus,6,1979.0,1984.0,6,0,0,,,0,0,0,,,False,SCS,SCS-FALL,Melanogrammus aeglefinus,0.0
FG|SCS-FALL|Merluccius bilinearis,6,1979.0,1984.0,6,0,0,,,0,0,0,,,False,SCS,SCS-FALL,Merluccius bilinearis,0.0
FG|SCS-FALL|Myoxocephalus octodecemspinosus,6,1979.0,1984.0,6,0,0,,,0,0,0,,,False,SCS,SCS-FALL,Myoxocephalus octodecemspinosus,0.0
FG|SCS-FALL|Myxine glutinosa,6,1979.0,1984.0,6,0,0,,,0,0,0,,,False,SCS,SCS-FALL,Myxine glutinosa,0.0
FG|SCS-FALL|Myzopsetta ferruginea,6,1979.0,1984.0,6,0,0,,,0,0,0,,,False,SCS,SCS-FALL,Myzopsetta ferruginea,0.0
FG|SCS-FALL|Nezumia bairdii,6,1979.0,1984.0,6,0,0,,,0,0,0,,,False,SCS,SCS-FALL,Nezumia bairdii,0.0
FG|SCS-FALL|Phycis chesteri,6,1979.0,1984.0,6,0,0,,,0,0,0,,,False,SCS,SCS-FALL,Phycis chesteri,0.0
FG|SCS-FALL|Pollachius virens,6,1979.0,1984.0,6,0,0,,,0,0,0,,,False,SCS,SCS-FALL,Pollachius virens,0.0
FG|SCS-FALL|Pseudopleuronectes americanus,6,1979.0,1984.0,6,0,0,,,0,0,0,,,False,SCS,SCS-FALL,Pseudopleuronectes americanus,0.0
FG|SCS-FALL|Scomber scombrus,6,1979.0,1984.0,6,0,0,,,0,0,0,,,False,SCS,SCS-FALL,Scomber scombrus,0.0
FG|SCS-FALL|Squalus acanthias,6,1979.0,1984.0,6,0,0,,,0,0,0,,,False,SCS,SCS-FALL,Squalus acanthias,0.0
FG|SCS-FALL|Triglops murrayi,6,1979.0,1984.0,6,0,0,,,0,0,0,,,False,SCS,SCS-FALL,Triglops murrayi,0.0
FG|SCS-FALL|Urophycis chuss,6,1979.0,1984.0,6,0,0,,,0,0,0,,,False,SCS,SCS-FALL,Urophycis chuss,0.0
FG|SCS-FALL|Urophycis tenuis,6,1979.0,1984.0,6,0,0,,,0,0,0,,,False,SCS,SCS-FALL,Urophycis tenuis,0.0
FG|SCS-FALL|Zoarces americanus,6,1979.0,1984.0,6,0,0,,,0,0,0,,,False,SCS,SCS-FALL,Zoarces americanus,0.0
FG|SCS-SPRING|Alosa pseudoharengus,27,1986.0,2019.0,34,7,0,,2005.0,0,0,0,,,False,SCS,SCS-SPRING,Alosa pseudoharengus,0.0
FG|SCS-SPRING|Alosa sapidissima,27,1986.0,2019.0,34,7,0,2002.0,2002.0,0,0,0,,,False,SCS,SCS-SPRING,Alosa sapidissima,0.0
FG|SCS-SPRING|Amblyraja radiata,27,1986.0,2019.0,34,7,0,2007.0,2007.0,0,0,0,,,False,SCS,SCS-SPRING,Amblyraja radiata,0.0
FG|SCS-SPRING|Ammodytes dubius,27,1986.0,2019.0,34,7,3,,2017.0,0,0,0,,,False,SCS,SCS-SPRING,Ammodytes dubius,0.1111111111111111
FG|SCS-SPRING|Anarhichas lupus,27,1986.0,2019.0,34,7,3,2000.0,2000.0,0,0,0,,,False,SCS,SCS-SPRING,Anarhichas lupus,0.1111111111111111
FG|SCS-SPRING|Aspidophoroides monopterygius,27,1986.0,2019.0,34,7,2,,,0,0,0,,,False,SCS,SCS-SPRING,Aspidophoroides monopterygius,0.07407407407407407
FG|SCS-SPRING|Citharichthys arctifrons,27,1986.0,2019.0,34,7,1,2009.0,2009.0,0,0,0,,,False,SCS,SCS-SPRING,Citharichthys arctifrons,0.037037037037037035
FG|SCS-SPRING|Clupea harengus,27,1986.0,2019.0,34,7,0,2002.0,2002.0,0,0,0,,,False,SCS,SCS-SPRING,Clupea harengus,0.0
FG|SCS-SPRING|Dipturus laevis,27,1986.0,2019.0,34,7,0,2008.0,2008.0,0,0,0,,,False,SCS,SCS-SPRING,Dipturus laevis,0.0
FG|SCS-SPRING|Gadus morhua,27,1986.0,2019.0,34,7,0,,2014.0,0,0,0,,,False,SCS,SCS-SPRING,Gadus morhua,0.0
FG|SCS-SPRING|Glyptocephalus cynoglossus,27,1986.0,2019.0,34,7,1,2007.0,2007.0,0,0,0,,,False,SCS,SCS-SPRING,Glyptocephalus cynoglossus,0.037037037037037035
FG|SCS-SPRING|Hemitripterus americanus,27,1986.0,2019.0,34,7,0,,2019.0,0,0,0,,,False,SCS,SCS-SPRING,Hemitripterus americanus,0.0
FG|SCS-SPRING|Hippoglossina oblonga,27,1986.0,2019.0,34,7,0,,2017.0,0,0,0,,,False,SCS,SCS-SPRING,Hippoglossina oblonga,0.0
FG|SCS-SPRING|Hippoglossoides platessoides,27,1986.0,2019.0,34,7,0,2013.0,2011.0,0,0,0,,,False,SCS,SCS-SPRING,Hippoglossoides platessoides,0.0
FG|SCS-SPRING|Leucoraja erinaceus,27,1986.0,2019.0,34,7,0,,2011.0,0,0,0,,,False,SCS,SCS-SPRING,Leucoraja erinaceus,0.0
FG|SCS-SPRING|Leucoraja ocellata,27,1986.0,2019.0,34,7,0,,2017.0,0,0,0,,,False,SCS,SCS-SPRING,Leucoraja ocellata,0.0
FG|SCS-SPRING|Lophius americanus,27,1986.0,2019.0,34,7,0,2007.0,2007.0,0,0,0,,,False,SCS,SCS-SPRING,Lophius americanus,0.0
FG|SCS-SPRING|Malacoraja senta,27,1986.0,2019.0,34,7,0,,,0,0,0,,,False,SCS,SCS-SPRING,Malacoraja senta,0.0
FG|SCS-SPRING|Melanogrammus aeglefinus,27,1986.0,2019.0,34,7,0,,,0,0,0,,,False,SCS,SCS-SPRING,Melanogrammus aeglefinus,0.0
FG|SCS-SPRING|Merluccius bilinearis,27,1986.0,2019.0,34,7,0,2002.0,2002.0,0,0,0,,,False,SCS,SCS-SPRING,Merluccius bilinearis,0.0
FG|SCS-SPRING|Myoxocephalus octodecemspinosus,27,1986.0,2019.0,34,7,0,2009.0,2009.0,0,0,0,,,False,SCS,SCS-SPRING,Myoxocephalus octodecemspinosus,0.0
FG|SCS-SPRING|Myzopsetta ferruginea,27,1986.0,2019.0,34,7,0,2013.0,2011.0,0,0,0,,,False,SCS,SCS-SPRING,Myzopsetta ferruginea,0.0
FG|SCS-SPRING|Peprilus triacanthus,27,1986.0,2019.0,34,7,1,2002.0,2002.0,0,0,0,,,False,SCS,SCS-SPRING,Peprilus triacanthus,0.037037037037037035
FG|SCS-SPRING|Pollachius virens,27,1986.0,2019.0,34,7,0,2009.0,2009.0,0,0,0,,,False,SCS,SCS-SPRING,Pollachius virens,0.0
FG|SCS-SPRING|Pseudopleuronectes americanus,27,1986.0,2019.0,34,7,0,2010.0,2010.0,0,0,0,,,False,SCS,SCS-SPRING,Pseudopleuronectes americanus,0.0
FG|SCS-SPRING|Scomber scombrus,27,1986.0,2019.0,34,7,1,2009.0,2005.0,0,0,0,,,False,SCS,SCS-SPRING,Scomber scombrus,0.037037037037037035
FG|SCS-SPRING|Scophthalmus aquosus,27,1986.0,2019.0,34,7,0,,,0,0,0,,,False,SCS,SCS-SPRING,Scophthalmus aquosus,0.0
FG|SCS-SPRING|Squalus acanthias,27,1986.0,2019.0,34,7,0,2004.0,2004.0,0,0,0,,,False,SCS,SCS-SPRING,Squalus acanthias,0.0
FG|SCS-SPRING|Tautogolabrus adspersus,27,1986.0,2019.0,34,7,0,2007.0,2007.0,0,0,0,,,False,SCS,SCS-SPRING,Tautogolabrus adspersus,0.0
FG|SCS-SPRING|Triglops murrayi,27,1986.0,2019.0,34,7,1,2013.0,2013.0,0,0,0,,,False,SCS,SCS-SPRING,Triglops murrayi,0.037037037037037035
FG|SCS-SPRING|Urophycis chuss,27,1986.0,2019.0,34,7,0,,,0,0,0,,,False,SCS,SCS-SPRING,Urophycis chuss,0.0
FG|SCS-SPRING|Urophycis tenuis,27,1986.0,2019.0,34,7,0,2007.0,2007.0,0,0,0,,,False,SCS,SCS-SPRING,Urophycis tenuis,0.0
FG|SCS-SPRING|Zoarces americanus,27,1986.0,2019.0,34,7,0,2007.0,2005.0,0,0,0,,,False,SCS,SCS-SPRING,Zoarces americanus,0.0
FG|SCS-SUMMER|Alosa pseudoharengus,51,1970.0,2020.0,51,0,0,1990.0,1990.0,0,0,0,,,False,SCS,SCS-SUMMER,Alosa pseudoharengus,0.0
FG|SCS-SUMMER|Alosa sapidissima,51,1970.0,2020.0,51,0,1,,,17,0,17,1999.0,2015.0,False,SCS,SCS-SUMMER,Alosa sapidissima,0.0196078431372549
FG|SCS-SUMMER|Amblyraja radiata,51,1970.0,2020.0,51,0,0,1994.0,1994.0,0,0,0,,,False,SCS,SCS-SUMMER,Amblyraja radiata,0.0
FG|SCS-SUMMER|Ammodytes dubius,51,1970.0,2020.0,51,0,0,1977.0,1977.0,0,0,0,,,False,SCS,SCS-SUMMER,Ammodytes dubius,0.0
FG|SCS-SUMMER|Anarhichas lupus,51,1970.0,2020.0,51,0,0,2007.0,2007.0,8,5,3,1999.0,2006.0,True,SCS,SCS-SUMMER,Anarhichas lupus,0.0
FG|SCS-SUMMER|Argentina silus,51,1970.0,2020.0,51,0,0,1999.0,1999.0,0,0,0,,,False,SCS,SCS-SUMMER,Argentina silus,0.0
FG|SCS-SUMMER|Aspidophoroides monopterygius,51,1970.0,2020.0,51,0,3,1976.0,1976.0,0,0,0,,,False,SCS,SCS-SUMMER,Aspidophoroides monopterygius,0.058823529411764705
FG|SCS-SUMMER|Brosme brosme,51,1970.0,2020.0,51,0,0,1993.0,1993.0,0,0,0,,,False,SCS,SCS-SUMMER,Brosme brosme,0.0
FG|SCS-SUMMER|Clupea harengus,51,1970.0,2020.0,51,0,0,1976.0,1976.0,0,0,0,,,False,SCS,SCS-SUMMER,Clupea harengus,0.0
FG|SCS-SUMMER|Enchelyopus cimbrius,51,1970.0,2020.0,51,0,1,1975.0,1975.0,0,0,0,,,False,SCS,SCS-SUMMER,Enchelyopus cimbrius,0.0196078431372549
FG|SCS-SUMMER|Gadus morhua,51,1970.0,2020.0,51,0,0,1999.0,1999.0,0,0,0,,,False,SCS,SCS-SUMMER,Gadus morhua,0.0
FG|SCS-SUMMER|Glyptocephalus cynoglossus,51,1970.0,2020.0,51,0,0,,,17,0,17,1999.0,2015.0,False,SCS,SCS-SUMMER,Glyptocephalus cynoglossus,0.0
FG|SCS-SUMMER|Helicolenus dactylopterus,51,1970.0,2020.0,51,0,6,,,17,0,17,1999.0,2015.0,False,SCS,SCS-SUMMER,Helicolenus dactylopterus,0.11764705882352941
FG|SCS-SUMMER|Hemitripterus americanus,51,1970.0,2020.0,51,0,0,,,17,0,17,1999.0,2015.0,False,SCS,SCS-SUMMER,Hemitripterus americanus,0.0
FG|SCS-SUMMER|Hippoglossoides platessoides,51,1970.0,2020.0,51,0,0,2014.0,2014.0,15,5,10,1999.0,2013.0,True,SCS,SCS-SUMMER,Hippoglossoides platessoides,0.0
FG|SCS-SUMMER|Hippoglossus hippoglossus,51,1970.0,2020.0,51,0,0,,,17,0,17,1999.0,2015.0,False,SCS,SCS-SUMMER,Hippoglossus hippoglossus,0.0
FG|SCS-SUMMER|Leucoraja erinaceus,51,1970.0,2020.0,51,0,1,,,17,0,17,1999.0,2015.0,False,SCS,SCS-SUMMER,Leucoraja erinaceus,0.0196078431372549
FG|SCS-SUMMER|Leucoraja ocellata,51,1970.0,2020.0,51,0,0,2001.0,2001.0,2,2,0,1999.0,2000.0,True,SCS,SCS-SUMMER,Leucoraja ocellata,0.0
FG|SCS-SUMMER|Lophius americanus,51,1970.0,2020.0,51,0,0,1989.0,1989.0,0,0,0,,,False,SCS,SCS-SUMMER,Lophius americanus,0.0
FG|SCS-SUMMER|Lycodes vahlii,51,1970.0,2020.0,51,0,6,2008.0,2008.0,9,5,4,1999.0,2007.0,True,SCS,SCS-SUMMER,Lycodes vahlii,0.11764705882352941
FG|SCS-SUMMER|Malacoraja senta,51,1970.0,2020.0,51,0,0,1989.0,1989.0,0,0,0,,,False,SCS,SCS-SUMMER,Malacoraja senta,0.0
FG|SCS-SUMMER|Mallotus villosus,51,1970.0,2020.0,51,0,9,1975.0,1975.0,0,0,0,,,False,SCS,SCS-SUMMER,Mallotus villosus,0.17647058823529413
FG|SCS-SUMMER|Melanogrammus aeglefinus,51,1970.0,2020.0,51,0,0,,,17,0,17,1999.0,2015.0,False,SCS,SCS-SUMMER,Melanogrammus aeglefinus,0.0
FG|SCS-SUMMER|Merluccius bilinearis,51,1970.0,2020.0,51,0,0,2005.0,2005.0,6,5,1,1999.0,2004.0,True,SCS,SCS-SUMMER,Merluccius bilinearis,0.0
FG|SCS-SUMMER|Myoxocephalus octodecemspinosus,51,1970.0,2020.0,51,0,0,,,17,0,17,1999.0,2015.0,False,SCS,SCS-SUMMER,Myoxocephalus octodecemspinosus,0.0
FG|SCS-SUMMER|Myxine glutinosa,51,1970.0,2020.0,51,0,1,1990.0,1990.0,0,0,0,,,False,SCS,SCS-SUMMER,Myxine glutinosa,0.0196078431372549
FG|SCS-SUMMER|Myzopsetta ferruginea,51,1970.0,2020.0,51,0,0,2018.0,2018.0,19,5,14,1999.0,2017.0,True,SCS,SCS-SUMMER,Myzopsetta ferruginea,0.0
FG|SCS-SUMMER|Nezumia bairdii,51,1970.0,2020.0,51,0,1,2004.0,2004.0,5,5,0,1999.0,2003.0,True,SCS,SCS-SUMMER,Nezumia bairdii,0.0196078431372549
FG|SCS-SUMMER|Peprilus triacanthus,51,1970.0,2020.0,51,0,8,1998.0,1998.0,0,0,0,,,False,SCS,SCS-SUMMER,Peprilus triacanthus,0.1568627450980392
FG|SCS-SUMMER|Phycis chesteri,51,1970.0,2020.0,51,0,1,2014.0,2014.0,15,5,10,1999.0,2013.0,True,SCS,SCS-SUMMER,Phycis chesteri,0.0196078431372549
FG|SCS-SUMMER|Pollachius virens,51,1970.0,2020.0,51,0,0,1997.0,1997.0,0,0,0,,,False,SCS,SCS-SUMMER,Pollachius virens,0.0
FG|SCS-SUMMER|Pseudopleuronectes americanus,51,1970.0,2020.0,51,0,0,,,17,0,17,1999.0,2015.0,False,SCS,SCS-SUMMER,Pseudopleuronectes americanus,0.0
FG|SCS-SUMMER|Reinhardtius hippoglossoides,51,1970.0,2020.0,51,0,1,1982.0,1982.0,0,0,0,,,False,SCS,SCS-SUMMER,Reinhardtius hippoglossoides,0.0196078431372549
FG|SCS-SUMMER|Scomber scombrus,51,1970.0,2020.0,51,0,0,1981.0,1981.0,0,0,0,,,False,SCS,SCS-SUMMER,Scomber scombrus,0.0
FG|SCS-SUMMER|Squalus acanthias,51,1970.0,2020.0,51,0,0,2010.0,2010.0,11,5,6,1999.0,2009.0,True,SCS,SCS-SUMMER,Squalus acanthias,0.0
FG|SCS-SUMMER|Triglops murrayi,51,1970.0,2020.0,51,0,0,1991.0,1991.0,0,0,0,,,False,SCS,SCS-SUMMER,Triglops murrayi,0.0
FG|SCS-SUMMER|Urophycis chuss,51,1970.0,2020.0,51,0,1,1975.0,1975.0,0,0,0,,,False,SCS,SCS-SUMMER,Urophycis chuss,0.0196078431372549
FG|SCS-SUMMER|Urophycis tenuis,51,1970.0,2020.0,51,0,0,2003.0,2003.0,4,4,0,1999.0,2002.0,True,SCS,SCS-SUMMER,Urophycis tenuis,0.0
FG|SCS-SUMMER|Zoarces americanus,51,1970.0,2020.0,51,0,0,2000.0,2000.0,1,1,0,1999.0,1999.0,True,SCS,SCS-SUMMER,Zoarces americanus,0.0
FG|SEUS-fall|Aetobatus narinari,31,1989.0,2019.0,31,0,3,2015.0,2015.0,0,0,0,,,False,SEUS,SEUS-fall,Aetobatus narinari,0.0967741935483871
FG|SEUS-fall|Ancylopsetta quadrocellata,31,1989.0,2019.0,31,0,0,,,0,0,0,,,False,SEUS,SEUS-fall,Ancylopsetta quadrocellata,0.0
FG|SEUS-fall|Archosargus probatocephalus,31,1989.0,2019.0,31,0,1,2006.0,2006.0,0,0,0,,,False,SEUS,SEUS-fall,Archosargus probatocephalus,0.03225806451612903
FG|SEUS-fall|Ariopsis felis,31,1989.0,2019.0,31,0,3,1997.0,1997.0,0,0,0,,,False,SEUS,SEUS-fall,Ariopsis felis,0.0967741935483871
FG|SEUS-fall|Bagre marinus,31,1989.0,2019.0,31,0,1,2008.0,2008.0,0,0,0,,,False,SEUS,SEUS-fall,Bagre marinus,0.03225806451612903
FG|SEUS-fall|Bairdiella chrysoura,31,1989.0,2019.0,31,0,0,1997.0,1997.0,0,0,0,,,False,SEUS,SEUS-fall,Bairdiella chrysoura,0.0
FG|SEUS-fall|Bathytoshia centroura,31,1989.0,2019.0,31,0,2,,,0,0,0,,,False,SEUS,SEUS-fall,Bathytoshia centroura,0.06451612903225806
FG|SEUS-fall|Brevoortia tyrannus,31,1989.0,2019.0,31,0,1,2013.0,2013.0,0,0,0,,,False,SEUS,SEUS-fall,Brevoortia tyrannus,0.03225806451612903
FG|SEUS-fall|Caranx crysos,31,1989.0,2019.0,31,0,0,2004.0,2004.0,0,0,0,,,False,SEUS,SEUS-fall,Caranx crysos,0.0
FG|SEUS-fall|Caranx hippos,31,1989.0,2019.0,31,0,1,1997.0,1997.0,0,0,0,,,False,SEUS,SEUS-fall,Caranx hippos,0.03225806451612903
FG|SEUS-fall|Carcharhinus acronotus,31,1989.0,2019.0,31,0,10,,,0,0,0,,,False,SEUS,SEUS-fall,Carcharhinus acronotus,0.3225806451612903
FG|SEUS-fall|Centropristis philadelphica,31,1989.0,2019.0,31,0,0,,,0,0,0,,,False,SEUS,SEUS-fall,Centropristis philadelphica,0.0
FG|SEUS-fall|Centropristis striata,31,1989.0,2019.0,31,0,0,2001.0,2001.0,0,0,0,,,False,SEUS,SEUS-fall,Centropristis striata,0.0
FG|SEUS-fall|Chaetodipterus faber,31,1989.0,2019.0,31,0,0,,,0,0,0,,,False,SEUS,SEUS-fall,Chaetodipterus faber,0.0
FG|SEUS-fall|Chilomycterus schoepfii,31,1989.0,2019.0,31,0,0,,,0,0,0,,,False,SEUS,SEUS-fall,Chilomycterus schoepfii,0.0
FG|SEUS-fall|Chloroscombrus chrysurus,31,1989.0,2019.0,31,0,0,2015.0,2015.0,0,0,0,,,False,SEUS,SEUS-fall,Chloroscombrus chrysurus,0.0
FG|SEUS-fall|Citharichthys macrops,31,1989.0,2019.0,31,0,0,,,0,0,0,,,False,SEUS,SEUS-fall,Citharichthys macrops,0.0
FG|SEUS-fall|Citharichthys spilopterus,31,1989.0,2019.0,31,0,0,2007.0,2007.0,0,0,0,,,False,SEUS,SEUS-fall,Citharichthys spilopterus,0.0
FG|SEUS-fall|Cynoscion nothus,31,1989.0,2019.0,31,0,0,,,0,0,0,,,False,SEUS,SEUS-fall,Cynoscion nothus,0.0
FG|SEUS-fall|Cynoscion regalis,31,1989.0,2019.0,31,0,0,,,0,0,0,,,False,SEUS,SEUS-fall,Cynoscion regalis,0.0
FG|SEUS-fall|Decapterus punctatus,31,1989.0,2019.0,31,0,1,2008.0,2008.0,0,0,0,,,False,SEUS,SEUS-fall,Decapterus punctatus,0.03225806451612903
FG|SEUS-fall|Echeneis naucrates,31,1989.0,2019.0,31,0,1,2003.0,2003.0,0,0,0,,,False,SEUS,SEUS-fall,Echeneis naucrates,0.03225806451612903
FG|SEUS-fall|Etropus crossotus,31,1989.0,2019.0,31,0,0,,,0,0,0,,,False,SEUS,SEUS-fall,Etropus crossotus,0.0
FG|SEUS-fall|Etropus cyclosquamus,31,1989.0,2019.0,31,0,1,1995.0,1995.0,0,0,0,,,False,SEUS,SEUS-fall,Etropus cyclosquamus,0.03225806451612903
FG|SEUS-fall|Gymnura altavela,31,1989.0,2019.0,31,0,7,2018.0,2018.0,0,0,0,,,False,SEUS,SEUS-fall,Gymnura altavela,0.22580645161290322
FG|SEUS-fall|Gymnura micrura,31,1989.0,2019.0,31,0,0,,,0,0,0,,,False,SEUS,SEUS-fall,Gymnura micrura,0.0
FG|SEUS-fall|Harengula jaguana,31,1989.0,2019.0,31,0,2,2002.0,2002.0,0,0,0,,,False,SEUS,SEUS-fall,Harengula jaguana,0.06451612903225806
FG|SEUS-fall|Hypanus americanus,31,1989.0,2019.0,31,0,0,,,0,0,0,,,False,SEUS,SEUS-fall,Hypanus americanus,0.0
FG|SEUS-fall|Hypanus sabinus,31,1989.0,2019.0,31,0,0,2013.0,2013.0,0,0,0,,,False,SEUS,SEUS-fall,Hypanus sabinus,0.0
FG|SEUS-fall|Hypanus say,31,1989.0,2019.0,31,0,0,1997.0,1997.0,0,0,0,,,False,SEUS,SEUS-fall,Hypanus say,0.0
FG|SEUS-fall|Lagodon rhomboides,31,1989.0,2019.0,31,0,0,,,0,0,0,,,False,SEUS,SEUS-fall,Lagodon rhomboides,0.0
FG|SEUS-fall|Larimus fasciatus,31,1989.0,2019.0,31,0,0,,,0,0,0,,,False,SEUS,SEUS-fall,Larimus fasciatus,0.0
FG|SEUS-fall|Leiostomus xanthurus,31,1989.0,2019.0,31,0,0,1997.0,1997.0,0,0,0,,,False,SEUS,SEUS-fall,Leiostomus xanthurus,0.0
FG|SEUS-fall|Menticirrhus americanus,31,1989.0,2019.0,31,0,0,,,0,0,0,,,False,SEUS,SEUS-fall,Menticirrhus americanus,0.0
FG|SEUS-fall|Menticirrhus littoralis,31,1989.0,2019.0,31,0,0,2013.0,2013.0,0,0,0,,,False,SEUS,SEUS-fall,Menticirrhus littoralis,0.0
FG|SEUS-fall|Micropogonias undulatus,31,1989.0,2019.0,31,0,0,,,0,0,0,,,False,SEUS,SEUS-fall,Micropogonias undulatus,0.0
FG|SEUS-fall|Myliobatis freminvillei,31,1989.0,2019.0,31,0,1,1997.0,1997.0,0,0,0,,,False,SEUS,SEUS-fall,Myliobatis freminvillei,0.03225806451612903
FG|SEUS-fall|Opisthonema oglinum,31,1989.0,2019.0,31,0,0,,,0,0,0,,,False,SEUS,SEUS-fall,Opisthonema oglinum,0.0
FG|SEUS-fall|Orthopristis chrysoptera,31,1989.0,2019.0,31,0,0,2018.0,2018.0,0,0,0,,,False,SEUS,SEUS-fall,Orthopristis chrysoptera,0.0
FG|SEUS-fall|Paralichthys albigutta,31,1989.0,2019.0,31,0,2,1998.0,1998.0,0,0,0,,,False,SEUS,SEUS-fall,Paralichthys albigutta,0.06451612903225806
FG|SEUS-fall|Paralichthys dentatus,31,1989.0,2019.0,31,0,0,,,0,0,0,,,False,SEUS,SEUS-fall,Paralichthys dentatus,0.0
FG|SEUS-fall|Paralichthys lethostigma,31,1989.0,2019.0,31,0,0,,,0,0,0,,,False,SEUS,SEUS-fall,Paralichthys lethostigma,0.0
FG|SEUS-fall|Peprilus paru,31,1989.0,2019.0,31,0,0,,,0,0,0,,,False,SEUS,SEUS-fall,Peprilus paru,0.0
FG|SEUS-fall|Peprilus triacanthus,31,1989.0,2019.0,31,0,0,2017.0,2017.0,0,0,0,,,False,SEUS,SEUS-fall,Peprilus triacanthus,0.0
FG|SEUS-fall|Pomatomus saltatrix,31,1989.0,2019.0,31,0,0,,,0,0,0,,,False,SEUS,SEUS-fall,Pomatomus saltatrix,0.0
FG|SEUS-fall|Prionotus carolinus,31,1989.0,2019.0,31,0,0,,,0,0,0,,,False,SEUS,SEUS-fall,Prionotus carolinus,0.0
FG|SEUS-fall|Prionotus evolans,31,1989.0,2019.0,31,0,0,,,0,0,0,,,False,SEUS,SEUS-fall,Prionotus evolans,0.0
FG|SEUS-fall|Prionotus rubio,31,1989.0,2019.0,31,0,0,,,0,0,0,,,False,SEUS,SEUS-fall,Prionotus rubio,0.0
FG|SEUS-fall|Prionotus scitulus,31,1989.0,2019.0,31,0,0,1995.0,1995.0,0,0,0,,,False,SEUS,SEUS-fall,Prionotus scitulus,0.0
FG|SEUS-fall|Prionotus tribulus,31,1989.0,2019.0,31,0,0,1994.0,1994.0,0,0,0,,,False,SEUS,SEUS-fall,Prionotus tribulus,0.0
FG|SEUS-fall|Rhinoptera bonasus,31,1989.0,2019.0,31,0,0,1999.0,1999.0,0,0,0,,,False,SEUS,SEUS-fall,Rhinoptera bonasus,0.0
FG|SEUS-fall|Rhizoprionodon terraenovae,31,1989.0,2019.0,31,0,0,,,0,0,0,,,False,SEUS,SEUS-fall,Rhizoprionodon terraenovae,0.0
FG|SEUS-fall|Rostroraja eglanteria,31,1989.0,2019.0,31,0,0,2018.0,2018.0,0,0,0,,,False,SEUS,SEUS-fall,Rostroraja eglanteria,0.0
FG|SEUS-fall|Sardinella aurita,31,1989.0,2019.0,31,0,3,1999.0,1999.0,0,0,0,,,False,SEUS,SEUS-fall,Sardinella aurita,0.0967741935483871
FG|SEUS-fall|Scomberomorus cavalla,31,1989.0,2019.0,31,0,0,,2019.0,0,0,0,,,False,SEUS,SEUS-fall,Scomberomorus cavalla,0.0
FG|SEUS-fall|Scomberomorus maculatus,31,1989.0,2019.0,31,0,0,,,0,0,0,,,False,SEUS,SEUS-fall,Scomberomorus maculatus,0.0
FG|SEUS-fall|Scophthalmus aquosus,31,1989.0,2019.0,31,0,0,,,0,0,0,,,False,SEUS,SEUS-fall,Scophthalmus aquosus,0.0
FG|SEUS-fall|Selene setapinnis,31,1989.0,2019.0,31,0,0,,,0,0,0,,,False,SEUS,SEUS-fall,Selene setapinnis,0.0
FG|SEUS-fall|Selene vomer,31,1989.0,2019.0,31,0,0,2016.0,2016.0,0,0,0,,,False,SEUS,SEUS-fall,Selene vomer,0.0
FG|SEUS-fall|Sphoeroides maculatus,31,1989.0,2019.0,31,0,0,1995.0,1995.0,0,0,0,,,False,SEUS,SEUS-fall,Sphoeroides maculatus,0.0
FG|SEUS-fall|Sphyraena guachancho,31,1989.0,2019.0,31,0,0,,,0,0,0,,,False,SEUS,SEUS-fall,Sphyraena guachancho,0.0
FG|SEUS-fall|Sphyrna tiburo,31,1989.0,2019.0,31,0,0,1999.0,1999.0,0,0,0,,,False,SEUS,SEUS-fall,Sphyrna tiburo,0.0
FG|SEUS-fall|Stellifer lanceolatus,31,1989.0,2019.0,31,0,0,,,0,0,0,,,False,SEUS,SEUS-fall,Stellifer lanceolatus,0.0
FG|SEUS-fall|Stephanolepis hispida,31,1989.0,2019.0,31,0,0,1999.0,1999.0,0,0,0,,,False,SEUS,SEUS-fall,Stephanolepis hispida,0.0
FG|SEUS-fall|Symphurus plagiusa,31,1989.0,2019.0,31,0,0,1995.0,1995.0,0,0,0,,,False,SEUS,SEUS-fall,Symphurus plagiusa,0.0
FG|SEUS-fall|Synodus foetens,31,1989.0,2019.0,31,0,0,,,0,0,0,,,False,SEUS,SEUS-fall,Synodus foetens,0.0
FG|SEUS-fall|Trachinotus carolinus,31,1989.0,2019.0,31,0,0,,,0,0,0,,,False,SEUS,SEUS-fall,Trachinotus carolinus,0.0
FG|SEUS-fall|Trichiurus lepturus,31,1989.0,2019.0,31,0,0,,,0,0,0,,,False,SEUS,SEUS-fall,Trichiurus lepturus,0.0
FG|SEUS-fall|Trinectes maculatus,31,1989.0,2019.0,31,0,0,,,0,0,0,,,False,SEUS,SEUS-fall,Trinectes maculatus,0.0
FG|SEUS-spring|Ancylopsetta quadrocellata,31,1989.0,2019.0,31,0,0,,,0,0,0,,,False,SEUS,SEUS-spring,Ancylopsetta quadrocellata,0.0
FG|SEUS-spring|Ariopsis felis,31,1989.0,2019.0,31,0,5,1996.0,1996.0,0,0,0,,,False,SEUS,SEUS-spring,Ariopsis felis,0.16129032258064516
FG|SEUS-spring|Bairdiella chrysoura,31,1989.0,2019.0,31,0,0,,,0,0,0,,,False,SEUS,SEUS-spring,Bairdiella chrysoura,0.0
FG|SEUS-spring|Brevoortia tyrannus,31,1989.0,2019.0,31,0,0,1994.0,1994.0,0,0,0,,,False,SEUS,SEUS-spring,Brevoortia tyrannus,0.0
FG|SEUS-spring|Caranx crysos,31,1989.0,2019.0,31,0,2,2005.0,2005.0,0,0,0,,,False,SEUS,SEUS-spring,Caranx crysos,0.06451612903225806
FG|SEUS-spring|Centropristis striata,31,1989.0,2019.0,31,0,0,2000.0,2000.0,0,0,0,,,False,SEUS,SEUS-spring,Centropristis striata,0.0
FG|SEUS-spring|Chaetodipterus faber,31,1989.0,2019.0,31,0,0,1995.0,1995.0,0,0,0,,,False,SEUS,SEUS-spring,Chaetodipterus faber,0.0
FG|SEUS-spring|Chilomycterus schoepfii,31,1989.0,2019.0,31,0,0,2018.0,2018.0,0,0,0,,,False,SEUS,SEUS-spring,Chilomycterus schoepfii,0.0
FG|SEUS-spring|Chloroscombrus chrysurus,31,1989.0,2019.0,31,0,0,,,0,0,0,,,False,SEUS,SEUS-spring,Chloroscombrus chrysurus,0.0
FG|SEUS-spring|Citharichthys macrops,31,1989.0,2019.0,31,0,0,,,0,0,0,,,False,SEUS,SEUS-spring,Citharichthys macrops,0.0
FG|SEUS-spring|Cynoscion nothus,31,1989.0,2019.0,31,0,0,2010.0,2010.0,0,0,0,,,False,SEUS,SEUS-spring,Cynoscion nothus,0.0
FG|SEUS-spring|Cynoscion regalis,31,1989.0,2019.0,31,0,0,,,0,0,0,,,False,SEUS,SEUS-spring,Cynoscion regalis,0.0
FG|SEUS-spring|Echeneis naucrates,31,1989.0,2019.0,31,0,1,,,0,0,0,,,False,SEUS,SEUS-spring,Echeneis naucrates,0.03225806451612903
FG|SEUS-spring|Etropus crossotus,31,1989.0,2019.0,31,0,0,,,0,0,0,,,False,SEUS,SEUS-spring,Etropus crossotus,0.0
FG|SEUS-spring|Gymnura altavela,31,1989.0,2019.0,31,0,2,1996.0,1996.0,0,0,0,,,False,SEUS,SEUS-spring,Gymnura altavela,0.06451612903225806
FG|SEUS-spring|Gymnura micrura,31,1989.0,2019.0,31,0,0,,,0,0,0,,,False,SEUS,SEUS-spring,Gymnura micrura,0.0
FG|SEUS-spring|Harengula jaguana,31,1989.0,2019.0,31,0,5,,,0,0,0,,,False,SEUS,SEUS-spring,Harengula jaguana,0.16129032258064516
FG|SEUS-spring|Hypanus americanus,31,1989.0,2019.0,31,0,3,2003.0,2003.0,0,0,0,,,False,SEUS,SEUS-spring,Hypanus americanus,0.0967741935483871
FG|SEUS-spring|Hypanus say,31,1989.0,2019.0,31,0,0,,,0,0,0,,,False,SEUS,SEUS-spring,Hypanus say,0.0
FG|SEUS-spring|Lagodon rhomboides,31,1989.0,2019.0,31,0,0,1997.0,1997.0,0,0,0,,,False,SEUS,SEUS-spring,Lagodon rhomboides,0.0
FG|SEUS-spring|Larimus fasciatus,31,1989.0,2019.0,31,0,0,,,0,0,0,,,False,SEUS,SEUS-spring,Larimus fasciatus,0.0
FG|SEUS-spring|Leiostomus xanthurus,31,1989.0,2019.0,31,0,0,1999.0,1999.0,0,0,0,,,False,SEUS,SEUS-spring,Leiostomus xanthurus,0.0
FG|SEUS-spring|Menticirrhus americanus,31,1989.0,2019.0,31,0,0,,,0,0,0,,,False,SEUS,SEUS-spring,Menticirrhus americanus,0.0
FG|SEUS-spring|Menticirrhus littoralis,31,1989.0,2019.0,31,0,0,1995.0,1995.0,0,0,0,,,False,SEUS,SEUS-spring,Menticirrhus littoralis,0.0
FG|SEUS-spring|Micropogonias undulatus,31,1989.0,2019.0,31,0,0,1996.0,1996.0,0,0,0,,,False,SEUS,SEUS-spring,Micropogonias undulatus,0.0
FG|SEUS-spring|Mustelus canis,31,1989.0,2019.0,31,0,0,2007.0,2007.0,0,0,0,,,False,SEUS,SEUS-spring,Mustelus canis,0.0
FG|SEUS-spring|Myliobatis freminvillei,31,1989.0,2019.0,31,0,0,1996.0,1996.0,0,0,0,,,False,SEUS,SEUS-spring,Myliobatis freminvillei,0.0
FG|SEUS-spring|Opisthonema oglinum,31,1989.0,2019.0,31,0,0,,,0,0,0,,,False,SEUS,SEUS-spring,Opisthonema oglinum,0.0
FG|SEUS-spring|Orthopristis chrysoptera,31,1989.0,2019.0,31,0,0,1998.0,1998.0,0,0,0,,,False,SEUS,SEUS-spring,Orthopristis chrysoptera,0.0
FG|SEUS-spring|Paralichthys dentatus,31,1989.0,2019.0,31,0,0,,,0,0,0,,,False,SEUS,SEUS-spring,Paralichthys dentatus,0.0
FG|SEUS-spring|Paralichthys lethostigma,31,1989.0,2019.0,31,0,0,,,0,0,0,,,False,SEUS,SEUS-spring,Paralichthys lethostigma,0.0
FG|SEUS-spring|Peprilus paru,31,1989.0,2019.0,31,0,0,,,0,0,0,,,False,SEUS,SEUS-spring,Peprilus paru,0.0
FG|SEUS-spring|Peprilus triacanthus,31,1989.0,2019.0,31,0,0,,,0,0,0,,,False,SEUS,SEUS-spring,Peprilus triacanthus,0.0
FG|SEUS-spring|Pomatomus saltatrix,31,1989.0,2019.0,31,0,0,,,0,0,0,,,False,SEUS,SEUS-spring,Pomatomus saltatrix,0.0
FG|SEUS-spring|Prionotus carolinus,31,1989.0,2019.0,31,0,0,2000.0,2000.0,0,0,0,,,False,SEUS,SEUS-spring,Prionotus carolinus,0.0
FG|SEUS-spring|Prionotus evolans,31,1989.0,2019.0,31,0,0,1997.0,1997.0,0,0,0,,,False,SEUS,SEUS-spring,Prionotus evolans,0.0
FG|SEUS-spring|Prionotus rubio,31,1989.0,2019.0,31,0,5,1994.0,1994.0,0,0,0,,,False,SEUS,SEUS-spring,Prionotus rubio,0.16129032258064516
FG|SEUS-spring|Prionotus scitulus,31,1989.0,2019.0,31,0,0,1997.0,1997.0,0,0,0,,,False,SEUS,SEUS-spring,Prionotus scitulus,0.0
FG|SEUS-spring|Prionotus tribulus,31,1989.0,2019.0,31,0,0,2000.0,2000.0,0,0,0,,,False,SEUS,SEUS-spring,Prionotus tribulus,0.0
FG|SEUS-spring|Rhinoptera bonasus,31,1989.0,2019.0,31,0,0,2011.0,2011.0,0,0,0,,,False,SEUS,SEUS-spring,Rhinoptera bonasus,0.0
FG|SEUS-spring|Rhizoprionodon terraenovae,31,1989.0,2019.0,31,0,0,,,0,0,0,,,False,SEUS,SEUS-spring,Rhizoprionodon terraenovae,0.0
FG|SEUS-spring|Rostroraja eglanteria,31,1989.0,2019.0,31,0,0,2016.0,2016.0,0,0,0,,,False,SEUS,SEUS-spring,Rostroraja eglanteria,0.0
FG|SEUS-spring|Sardinella aurita,31,1989.0,2019.0,31,0,5,2010.0,2010.0,0,0,0,,,False,SEUS,SEUS-spring,Sardinella aurita,0.16129032258064516
FG|SEUS-spring|Scomberomorus cavalla,31,1989.0,2019.0,31,0,2,2000.0,2000.0,0,0,0,,,False,SEUS,SEUS-spring,Scomberomorus cavalla,0.06451612903225806
FG|SEUS-spring|Scomberomorus maculatus,31,1989.0,2019.0,31,0,0,,,0,0,0,,,False,SEUS,SEUS-spring,Scomberomorus maculatus,0.0
FG|SEUS-spring|Scophthalmus aquosus,31,1989.0,2019.0,31,0,0,,,0,0,0,,,False,SEUS,SEUS-spring,Scophthalmus aquosus,0.0
FG|SEUS-spring|Selene setapinnis,31,1989.0,2019.0,31,0,0,,,0,0,0,,,False,SEUS,SEUS-spring,Selene setapinnis,0.0
FG|SEUS-spring|Sphoeroides maculatus,31,1989.0,2019.0,31,0,0,2000.0,2000.0,0,0,0,,,False,SEUS,SEUS-spring,Sphoeroides maculatus,0.0
FG|SEUS-spring|Sphyraena guachancho,31,1989.0,2019.0,31,0,0,1995.0,1995.0,0,0,0,,,False,SEUS,SEUS-spring,Sphyraena guachancho,0.0
FG|SEUS-spring|Sphyrna tiburo,31,1989.0,2019.0,31,0,0,,,0,0,0,,,False,SEUS,SEUS-spring,Sphyrna tiburo,0.0
FG|SEUS-spring|Stellifer lanceolatus,31,1989.0,2019.0,31,0,0,,,0,0,0,,,False,SEUS,SEUS-spring,Stellifer lanceolatus,0.0
FG|SEUS-spring|Symphurus plagiusa,31,1989.0,2019.0,31,0,0,2001.0,2001.0,0,0,0,,,False,SEUS,SEUS-spring,Symphurus plagiusa,0.0
FG|SEUS-spring|Synodus foetens,31,1989.0,2019.0,31,0,0,2000.0,2000.0,0,0,0,,,False,SEUS,SEUS-spring,Synodus foetens,0.0
FG|SEUS-spring|Trichiurus lepturus,31,1989.0,2019.0,31,0,0,,,0,0,0,,,False,SEUS,SEUS-spring,Trichiurus lepturus,0.0
FG|SEUS-spring|Trinectes maculatus,31,1989.0,2019.0,31,0,0,,,0,0,0,,,False,SEUS,SEUS-spring,Trinectes maculatus,0.0
FG|SEUS-spring|Urophycis floridana,31,1989.0,2019.0,31,0,0,2005.0,2005.0,0,0,0,,,False,SEUS,SEUS-spring,Urophycis floridana,0.0
FG|SEUS-spring|Urophycis regia,31,1989.0,2019.0,31,0,0,2006.0,2006.0,0,0,0,,,False,SEUS,SEUS-spring,Urophycis regia,0.0
FG|SEUS-summer|Alectis ciliaris,31,1989.0,2019.0,31,0,4,2003.0,2003.0,0,0,0,,,False,SEUS,SEUS-summer,Alectis ciliaris,0.12903225806451613
FG|SEUS-summer|Ancylopsetta quadrocellata,31,1989.0,2019.0,31,0,0,,,0,0,0,,,False,SEUS,SEUS-summer,Ancylopsetta quadrocellata,0.0
FG|SEUS-summer|Ariopsis felis,31,1989.0,2019.0,31,0,7,1996.0,1996.0,0,0,0,,,False,SEUS,SEUS-summer,Ariopsis felis,0.22580645161290322
FG|SEUS-summer|Bairdiella chrysoura,31,1989.0,2019.0,31,0,0,1996.0,1996.0,0,0,0,,,False,SEUS,SEUS-summer,Bairdiella chrysoura,0.0
FG|SEUS-summer|Brevoortia tyrannus,31,1989.0,2019.0,31,0,0,,,0,0,0,,,False,SEUS,SEUS-summer,Brevoortia tyrannus,0.0
FG|SEUS-summer|Caranx crysos,31,1989.0,2019.0,31,0,0,,,0,0,0,,,False,SEUS,SEUS-summer,Caranx crysos,0.0
FG|SEUS-summer|Carcharhinus acronotus,31,1989.0,2019.0,31,0,1,,,0,0,0,,,False,SEUS,SEUS-summer,Carcharhinus acronotus,0.03225806451612903
FG|SEUS-summer|Centropristis philadelphica,31,1989.0,2019.0,31,0,2,2005.0,2005.0,0,0,0,,,False,SEUS,SEUS-summer,Centropristis philadelphica,0.06451612903225806
FG|SEUS-summer|Centropristis striata,31,1989.0,2019.0,31,0,0,2007.0,2007.0,0,0,0,,,False,SEUS,SEUS-summer,Centropristis striata,0.0
FG|SEUS-summer|Chaetodipterus faber,31,1989.0,2019.0,31,0,0,1995.0,1995.0,0,0,0,,,False,SEUS,SEUS-summer,Chaetodipterus faber,0.0
FG|SEUS-summer|Chilomycterus schoepfii,31,1989.0,2019.0,31,0,0,2008.0,2008.0,0,0,0,,,False,SEUS,SEUS-summer,Chilomycterus schoepfii,0.0
FG|SEUS-summer|Chloroscombrus chrysurus,31,1989.0,2019.0,31,0,0,2018.0,2018.0,0,0,0,,,False,SEUS,SEUS-summer,Chloroscombrus chrysurus,0.0
FG|SEUS-summer|Citharichthys macrops,31,1989.0,2019.0,31,0,0,,,0,0,0,,,False,SEUS,SEUS-summer,Citharichthys macrops,0.0
FG|SEUS-summer|Citharichthys spilopterus,31,1989.0,2019.0,31,0,1,1995.0,1995.0,0,0,0,,,False,SEUS,SEUS-summer,Citharichthys spilopterus,0.03225806451612903
FG|SEUS-summer|Cynoscion nothus,31,1989.0,2019.0,31,0,0,2009.0,2009.0,0,0,0,,,False,SEUS,SEUS-summer,Cynoscion nothus,0.0
FG|SEUS-summer|Cynoscion regalis,31,1989.0,2019.0,31,0,0,,,0,0,0,,,False,SEUS,SEUS-summer,Cynoscion regalis,0.0
FG|SEUS-summer|Decapterus punctatus,31,1989.0,2019.0,31,0,2,2013.0,2013.0,0,0,0,,,False,SEUS,SEUS-summer,Decapterus punctatus,0.06451612903225806
FG|SEUS-summer|Diplectrum formosum,31,1989.0,2019.0,31,0,3,1996.0,1996.0,0,0,0,,,False,SEUS,SEUS-summer,Diplectrum formosum,0.0967741935483871
FG|SEUS-summer|Echeneis naucrates,31,1989.0,2019.0,31,0,0,1998.0,1998.0,0,0,0,,,False,SEUS,SEUS-summer,Echeneis naucrates,0.0
FG|SEUS-summer|Etropus crossotus,31,1989.0,2019.0,31,0,0,,,0,0,0,,,False,SEUS,SEUS-summer,Etropus crossotus,0.0
FG|SEUS-summer|Etropus cyclosquamus,31,1989.0,2019.0,31,0,0,2007.0,2007.0,0,0,0,,,False,SEUS,SEUS-summer,Etropus cyclosquamus,0.0
FG|SEUS-summer|Gymnura micrura,31,1989.0,2019.0,31,0,0,,,0,0,0,,,False,SEUS,SEUS-summer,Gymnura micrura,0.0
FG|SEUS-summer|Hypanus americanus,31,1989.0,2019.0,31,0,1,,,0,0,0,,,False,SEUS,SEUS-summer,Hypanus americanus,0.03225806451612903
FG|SEUS-summer|Hypanus say,31,1989.0,2019.0,31,0,0,,,0,0,0,,,False,SEUS,SEUS-summer,Hypanus say,0.0
FG|SEUS-summer|Lagodon rhomboides,31,1989.0,2019.0,31,0,0,,,0,0,0,,,False,SEUS,SEUS-summer,Lagodon rhomboides,0.0
FG|SEUS-summer|Larimus fasciatus,31,1989.0,2019.0,31,0,0,,,0,0,0,,,False,SEUS,SEUS-summer,Larimus fasciatus,0.0
FG|SEUS-summer|Leiostomus xanthurus,31,1989.0,2019.0,31,0,0,,,0,0,0,,,False,SEUS,SEUS-summer,Leiostomus xanthurus,0.0
FG|SEUS-summer|Menticirrhus americanus,31,1989.0,2019.0,31,0,0,,,0,0,0,,,False,SEUS,SEUS-summer,Menticirrhus americanus,0.0
FG|SEUS-summer|Menticirrhus littoralis,31,1989.0,2019.0,31,0,0,,,0,0,0,,,False,SEUS,SEUS-summer,Menticirrhus littoralis,0.0
FG|SEUS-summer|Menticirrhus saxatilis,31,1989.0,2019.0,31,0,1,2004.0,2004.0,0,0,0,,,False,SEUS,SEUS-summer,Menticirrhus saxatilis,0.03225806451612903
FG|SEUS-summer|Micropogonias undulatus,31,1989.0,2019.0,31,0,0,,,0,0,0,,,False,SEUS,SEUS-summer,Micropogonias undulatus,0.0
FG|SEUS-summer|Myliobatis freminvillei,31,1989.0,2019.0,31,0,1,,,0,0,0,,,False,SEUS,SEUS-summer,Myliobatis freminvillei,0.03225806451612903
FG|SEUS-summer|Opisthonema oglinum,31,1989.0,2019.0,31,0,0,,,0,0,0,,,False,SEUS,SEUS-summer,Opisthonema oglinum,0.0
FG|SEUS-summer|Orthopristis chrysoptera,31,1989.0,2019.0,31,0,0,,,0,0,0,,,False,SEUS,SEUS-summer,Orthopristis chrysoptera,0.0
FG|SEUS-summer|Paralichthys albigutta,31,1989.0,2019.0,31,0,0,1994.0,1994.0,0,0,0,,,False,SEUS,SEUS-summer,Paralichthys albigutta,0.0
FG|SEUS-summer|Paralichthys dentatus,31,1989.0,2019.0,31,0,0,,,0,0,0,,,False,SEUS,SEUS-summer,Paralichthys dentatus,0.0
FG|SEUS-summer|Paralichthys lethostigma,31,1989.0,2019.0,31,0,0,2007.0,2007.0,0,0,0,,,False,SEUS,SEUS-summer,Paralichthys lethostigma,0.0
FG|SEUS-summer|Peprilus paru,31,1989.0,2019.0,31,0,0,,,0,0,0,,,False,SEUS,SEUS-summer,Peprilus paru,0.0
FG|SEUS-summer|Peprilus triacanthus,31,1989.0,2019.0,31,0,0,,,0,0,0,,,False,SEUS,SEUS-summer,Peprilus triacanthus,0.0
FG|SEUS-summer|Pomatomus saltatrix,31,1989.0,2019.0,31,0,0,,2019.0,0,0,0,,,False,SEUS,SEUS-summer,Pomatomus saltatrix,0.0
FG|SEUS-summer|Prionotus carolinus,31,1989.0,2019.0,31,0,0,,,0,0,0,,,False,SEUS,SEUS-summer,Prionotus carolinus,0.0
FG|SEUS-summer|Prionotus evolans,31,1989.0,2019.0,31,0,0,,,0,0,0,,,False,SEUS,SEUS-summer,Prionotus evolans,0.0
FG|SEUS-summer|Prionotus rubio,31,1989.0,2019.0,31,0,1,2009.0,2009.0,0,0,0,,,False,SEUS,SEUS-summer,Prionotus rubio,0.03225806451612903
FG|SEUS-summer|Prionotus scitulus,31,1989.0,2019.0,31,0,0,,,0,0,0,,,False,SEUS,SEUS-summer,Prionotus scitulus,0.0
FG|SEUS-summer|Prionotus tribulus,31,1989.0,2019.0,31,0,0,2001.0,2001.0,0,0,0,,,False,SEUS,SEUS-summer,Prionotus tribulus,0.0
FG|SEUS-summer|Rhizoprionodon terraenovae,31,1989.0,2019.0,31,0,0,,,0,0,0,,,False,SEUS,SEUS-summer,Rhizoprionodon terraenovae,0.0
FG|SEUS-summer|Scomberomorus cavalla,31,1989.0,2019.0,31,0,0,2010.0,2010.0,0,0,0,,,False,SEUS,SEUS-summer,Scomberomorus cavalla,0.0
FG|SEUS-summer|Scomberomorus maculatus,31,1989.0,2019.0,31,0,0,,,0,0,0,,,False,SEUS,SEUS-summer,Scomberomorus maculatus,0.0
FG|SEUS-summer|Scophthalmus aquosus,31,1989.0,2019.0,31,0,0,2007.0,2007.0,0,0,0,,,False,SEUS,SEUS-summer,Scophthalmus aquosus,0.0
FG|SEUS-summer|Selene setapinnis,31,1989.0,2019.0,31,0,0,,,0,0,0,,,False,SEUS,SEUS-summer,Selene setapinnis,0.0
FG|SEUS-summer|Selene vomer,31,1989.0,2019.0,31,0,0,,,0,0,0,,,False,SEUS,SEUS-summer,Selene vomer,0.0
FG|SEUS-summer|Sphoeroides maculatus,31,1989.0,2019.0,31,0,0,2007.0,2007.0,0,0,0,,,False,SEUS,SEUS-summer,Sphoeroides maculatus,0.0
FG|SEUS-summer|Sphyraena guachancho,31,1989.0,2019.0,31,0,0,2009.0,2009.0,0,0,0,,,False,SEUS,SEUS-summer,Sphyraena guachancho,0.0
FG|SEUS-summer|Sphyrna lewini,31,1989.0,2019.0,31,0,3,,,0,0,0,,,False,SEUS,SEUS-summer,Sphyrna lewini,0.0967741935483871
FG|SEUS-summer|Sphyrna tiburo,31,1989.0,2019.0,31,0,0,,,0,0,0,,,False,SEUS,SEUS-summer,Sphyrna tiburo,0.0
FG|SEUS-summer|Stellifer lanceolatus,31,1989.0,2019.0,31,0,0,,,0,0,0,,,False,SEUS,SEUS-summer,Stellifer lanceolatus,0.0
FG|SEUS-summer|Stephanolepis hispida,31,1989.0,2019.0,31,0,0,1996.0,1996.0,0,0,0,,,False,SEUS,SEUS-summer,Stephanolepis hispida,0.0
FG|SEUS-summer|Syacium papillosum,31,1989.0,2019.0,31,0,3,2005.0,2005.0,0,0,0,,,False,SEUS,SEUS-summer,Syacium papillosum,0.0967741935483871
FG|SEUS-summer|Symphurus plagiusa,31,1989.0,2019.0,31,0,1,1999.0,1999.0,0,0,0,,,False,SEUS,SEUS-summer,Symphurus plagiusa,0.03225806451612903
FG|SEUS-summer|Synodus foetens,31,1989.0,2019.0,31,0,0,,,0,0,0,,,False,SEUS,SEUS-summer,Synodus foetens,0.0
FG|SEUS-summer|Trachinotus carolinus,31,1989.0,2019.0,31,0,0,1995.0,1995.0,0,0,0,,,False,SEUS,SEUS-summer,Trachinotus carolinus,0.0
FG|SEUS-summer|Trichiurus lepturus,31,1989.0,2019.0,31,0,0,,,0,0,0,,,False,SEUS,SEUS-summer,Trichiurus lepturus,0.0
FG|SEUS-summer|Trinectes maculatus,31,1989.0,2019.0,31,0,0,,,0,0,0,,,False,SEUS,SEUS-summer,Trinectes maculatus,0.0
FG|DFO-SOG|Alosa sapidissima,2,2012.0,2015.0,4,2,0,,,0,0,0,,,False,DFO-SOG,DFO-SOG,Alosa sapidissima,0.0
FG|DFO-SOG|Anoplopoma fimbria,2,2012.0,2015.0,4,2,0,,,0,0,0,,,False,DFO-SOG,DFO-SOG,Anoplopoma fimbria,0.0
FG|DFO-SOG|Apristurus brunneus,2,2012.0,2015.0,4,2,0,,,0,0,0,,,False,DFO-SOG,DFO-SOG,Apristurus brunneus,0.0
FG|DFO-SOG|Atheresthes stomias,2,2012.0,2015.0,4,2,0,,,0,0,0,,,False,DFO-SOG,DFO-SOG,Atheresthes stomias,0.0
FG|DFO-SOG|Bathyagonus nigripinnis,2,2012.0,2015.0,4,2,0,,,0,0,0,,,False,DFO-SOG,DFO-SOG,Bathyagonus nigripinnis,0.0
FG|DFO-SOG|Beringraja binoculata,2,2012.0,2015.0,4,2,0,,,0,0,0,,,False,DFO-SOG,DFO-SOG,Beringraja binoculata,0.0
FG|DFO-SOG|Beringraja rhina,2,2012.0,2015.0,4,2,0,,,0,0,0,,,False,DFO-SOG,DFO-SOG,Beringraja rhina,0.0
FG|DFO-SOG|Citharichthys sordidus,2,2012.0,2015.0,4,2,0,,,0,0,0,,,False,DFO-SOG,DFO-SOG,Citharichthys sordidus,0.0
FG|DFO-SOG|Clupea pallasii,2,2012.0,2015.0,4,2,0,,,0,0,0,,,False,DFO-SOG,DFO-SOG,Clupea pallasii,0.0
FG|DFO-SOG|Cryptacanthodes aleutensis,2,2012.0,2015.0,4,2,0,,,0,0,0,,,False,DFO-SOG,DFO-SOG,Cryptacanthodes aleutensis,0.0
FG|DFO-SOG|Cymatogaster aggregata,2,2012.0,2015.0,4,2,0,,,0,0,0,,,False,DFO-SOG,DFO-SOG,Cymatogaster aggregata,0.0
FG|DFO-SOG|Dasycottus setiger,1,2015.0,2015.0,1,0,0,,,0,0,0,,,False,DFO-SOG,DFO-SOG,Dasycottus setiger,0.0
FG|DFO-SOG|Entosphenus tridentatus,1,2015.0,2015.0,1,0,0,,,0,0,0,,,False,DFO-SOG,DFO-SOG,Entosphenus tridentatus,0.0
FG|DFO-SOG|Eopsetta jordani,2,2012.0,2015.0,4,2,0,,,0,0,0,,,False,DFO-SOG,DFO-SOG,Eopsetta jordani,0.0
FG|DFO-SOG|Gadus chalcogrammus,2,2012.0,2015.0,4,2,0,,,0,0,0,,,False,DFO-SOG,DFO-SOG,Gadus chalcogrammus,0.0
FG|DFO-SOG|Gadus macrocephalus,2,2012.0,2015.0,4,2,0,,,0,0,0,,,False,DFO-SOG,DFO-SOG,Gadus macrocephalus,0.0
FG|DFO-SOG|Glyptocephalus zachirus,2,2012.0,2015.0,4,2,0,,,0,0,0,,,False,DFO-SOG,DFO-SOG,Glyptocephalus zachirus,0.0
FG|DFO-SOG|Hippoglossoides elassodon,2,2012.0,2015.0,4,2,0,,,0,0,0,,,False,DFO-SOG,DFO-SOG,Hippoglossoides elassodon,0.0
FG|DFO-SOG|Hydrolagus colliei,2,2012.0,2015.0,4,2,0,,,0,0,0,,,False,DFO-SOG,DFO-SOG,Hydrolagus colliei,0.0
FG|DFO-SOG|Lepidopsetta bilineata,2,2012.0,2015.0,4,2,0,,,0,0,0,,,False,DFO-SOG,DFO-SOG,Lepidopsetta bilineata,0.0
FG|DFO-SOG|Leptocottus armatus,2,2012.0,2015.0,4,2,0,,,0,0,0,,,False,DFO-SOG,DFO-SOG,Leptocottus armatus,0.0
FG|DFO-SOG|Leuroglossus schmidti,2,2012.0,2015.0,4,2,0,,,0,0,0,,,False,DFO-SOG,DFO-SOG,Leuroglossus schmidti,0.0
FG|DFO-SOG|Lumpenus sagitta,2,2012.0,2015.0,4,2,0,,,0,0,0,,,False,DFO-SOG,DFO-SOG,Lumpenus sagitta,0.0
FG|DFO-SOG|Lycodapus mandibularis,0,,,0,0,0,,,0,0,0,,,,DFO-SOG,DFO-SOG,Lycodapus mandibularis,
FG|DFO-SOG|Lycodes diapterus,2,2012.0,2015.0,4,2,0,,,0,0,0,,,False,DFO-SOG,DFO-SOG,Lycodes diapterus,0.0
FG|DFO-SOG|Lycodes pacificus,2,2012.0,2015.0,4,2,0,,,0,0,0,,,False,DFO-SOG,DFO-SOG,Lycodes pacificus,0.0
FG|DFO-SOG|Lyopsetta exilis,2,2012.0,2015.0,4,2,0,,,0,0,0,,,False,DFO-SOG,DFO-SOG,Lyopsetta exilis,0.0
FG|DFO-SOG|Merluccius productus,2,2012.0,2015.0,4,2,0,,,0,0,0,,,False,DFO-SOG,DFO-SOG,Merluccius productus,0.0
FG|DFO-SOG|Microstomus pacificus,2,2012.0,2015.0,4,2,0,,,0,0,0,,,False,DFO-SOG,DFO-SOG,Microstomus pacificus,0.0
FG|DFO-SOG|Ophiodon elongatus,2,2012.0,2015.0,4,2,0,,,0,0,0,,,False,DFO-SOG,DFO-SOG,Ophiodon elongatus,0.0
FG|DFO-SOG|Parophrys vetulus,2,2012.0,2015.0,4,2,0,,,0,0,0,,,False,DFO-SOG,DFO-SOG,Parophrys vetulus,0.0
FG|DFO-SOG|Platichthys stellatus,2,2012.0,2015.0,4,2,0,,,0,0,0,,,False,DFO-SOG,DFO-SOG,Platichthys stellatus,0.0
FG|DFO-SOG|Porichthys notatus,2,2012.0,2015.0,4,2,0,,,0,0,0,,,False,DFO-SOG,DFO-SOG,Porichthys notatus,0.0
FG|DFO-SOG|Sebastes diploproa,2,2012.0,2015.0,4,2,0,,,0,0,0,,,False,DFO-SOG,DFO-SOG,Sebastes diploproa,0.0
FG|DFO-SOG|Sebastes elongatus,2,2012.0,2015.0,4,2,0,,,0,0,0,,,False,DFO-SOG,DFO-SOG,Sebastes elongatus,0.0
FG|DFO-SOG|Sebastes maliger,2,2012.0,2015.0,4,2,0,,,0,0,0,,,False,DFO-SOG,DFO-SOG,Sebastes maliger,0.0
FG|DFO-SOG|Sebastes ruberrimus,2,2012.0,2015.0,4,2,0,,,0,0,0,,,False,DFO-SOG,DFO-SOG,Sebastes ruberrimus,0.0
FG|DFO-SOG|Sebastolobus alascanus,2,2012.0,2015.0,4,2,0,,,0,0,0,,,False,DFO-SOG,DFO-SOG,Sebastolobus alascanus,0.0
FG|DFO-SOG|Squalus suckleyi,2,2012.0,2015.0,4,2,0,,,0,0,0,,,False,DFO-SOG,DFO-SOG,Squalus suckleyi,0.0
FG|DFO-SOG|Stenobrachius leucopsarus,1,2015.0,2015.0,1,0,0,,,0,0,0,,,False,DFO-SOG,DFO-SOG,Stenobrachius leucopsarus,0.0
FG|DFO-SOG|Thaleichthys pacificus,2,2012.0,2015.0,4,2,0,,,0,0,0,,,False,DFO-SOG,DFO-SOG,Thaleichthys pacificus,0.0
FG|SP-ARSA-1|Boops boops,14,2007.0,2020.0,14,0,0,,,0,0,0,,,False,SP-ARSA,SP-ARSA-1,Boops boops,0.0
FG|SP-ARSA-1|Capros aper,14,2007.0,2020.0,14,0,0,,,0,0,0,,,False,SP-ARSA,SP-ARSA-1,Capros aper,0.0
FG|SP-ARSA-1|Chelidonichthys lucerna,14,2007.0,2020.0,14,0,0,,,0,0,0,,,False,SP-ARSA,SP-ARSA-1,Chelidonichthys lucerna,0.0
FG|SP-ARSA-1|Chimaera monstrosa,14,2007.0,2020.0,14,0,0,,,0,0,0,,,False,SP-ARSA,SP-ARSA-1,Chimaera monstrosa,0.0
FG|SP-ARSA-1|Citharus linguatula,14,2007.0,2020.0,14,0,0,,2020.0,0,0,0,,,False,SP-ARSA,SP-ARSA-1,Citharus linguatula,0.0
FG|SP-ARSA-1|Conger conger,14,2007.0,2020.0,14,0,0,,,0,0,0,,,False,SP-ARSA,SP-ARSA-1,Conger conger,0.0
FG|SP-ARSA-1|Dicologlossa cuneata,14,2007.0,2020.0,14,0,0,,,0,0,0,,,False,SP-ARSA,SP-ARSA-1,Dicologlossa cuneata,0.0
FG|SP-ARSA-1|Galeus melastomus,14,2007.0,2020.0,14,0,0,,,0,0,0,,,False,SP-ARSA,SP-ARSA-1,Galeus melastomus,0.0
FG|SP-ARSA-1|Leucoraja naevus,14,2007.0,2020.0,14,0,0,,,0,0,0,,,False,SP-ARSA,SP-ARSA-1,Leucoraja naevus,0.0
FG|SP-ARSA-1|Lophius budegassa,14,2007.0,2020.0,14,0,0,,,0,0,0,,,False,SP-ARSA,SP-ARSA-1,Lophius budegassa,0.0
FG|SP-ARSA-1|Macroramphosus scolopax,14,2007.0,2020.0,14,0,0,,,0,0,0,,,False,SP-ARSA,SP-ARSA-1,Macroramphosus scolopax,0.0
FG|SP-ARSA-1|Merluccius merluccius,14,2007.0,2020.0,14,0,0,,,0,0,0,,,False,SP-ARSA,SP-ARSA-1,Merluccius merluccius,0.0
FG|SP-ARSA-1|Micromesistius poutassou,14,2007.0,2020.0,14,0,0,,2020.0,0,0,0,,,False,SP-ARSA,SP-ARSA-1,Micromesistius poutassou,0.0
FG|SP-ARSA-1|Pagellus acarne,14,2007.0,2020.0,14,0,0,2015.0,2015.0,0,0,0,,,False,SP-ARSA,SP-ARSA-1,Pagellus acarne,0.0
FG|SP-ARSA-1|Raja clavata,14,2007.0,2020.0,14,0,0,,,0,0,0,,,False,SP-ARSA,SP-ARSA-1,Raja clavata,0.0
FG|SP-ARSA-1|Scomber japonicus,14,2007.0,2020.0,14,0,0,,2020.0,0,0,0,,,False,SP-ARSA,SP-ARSA-1,Scomber japonicus,0.0
FG|SP-ARSA-1|Scomber scombrus,14,2007.0,2020.0,14,0,0,,,0,0,0,,,False,SP-ARSA,SP-ARSA-1,Scomber scombrus,0.0
FG|SP-ARSA-1|Scyliorhinus canicula,14,2007.0,2020.0,14,0,0,,,0,0,0,,,False,SP-ARSA,SP-ARSA-1,Scyliorhinus canicula,0.0
FG|SP-ARSA-1|Trachurus mediterraneus,14,2007.0,2020.0,14,0,0,2012.0,2012.0,0,0,0,,,False,SP-ARSA,SP-ARSA-1,Trachurus mediterraneus,0.0
FG|SP-ARSA-1|Trachurus trachurus,14,2007.0,2020.0,14,0,0,,,0,0,0,,,False,SP-ARSA,SP-ARSA-1,Trachurus trachurus,0.0
FG|SP-ARSA-1|Zeus faber,14,2007.0,2020.0,14,0,0,,,0,0,0,,,False,SP-ARSA,SP-ARSA-1,Zeus faber,0.0
FG|SP-ARSA-4|Boops boops,15,2002.0,2020.0,19,4,0,,,0,0,0,,,False,SP-ARSA,SP-ARSA-4,Boops boops,0.0
FG|SP-ARSA-4|Capros aper,15,2002.0,2020.0,19,4,0,,,0,0,0,,,False,SP-ARSA,SP-ARSA-4,Capros aper,0.0
FG|SP-ARSA-4|Chelidonichthys lucerna,15,2002.0,2020.0,19,4,0,,,0,0,0,,,False,SP-ARSA,SP-ARSA-4,Chelidonichthys lucerna,0.0
FG|SP-ARSA-4|Chimaera monstrosa,15,2002.0,2020.0,19,4,0,,,0,0,0,,,False,SP-ARSA,SP-ARSA-4,Chimaera monstrosa,0.0
FG|SP-ARSA-4|Citharus linguatula,15,2002.0,2020.0,19,4,0,,,0,0,0,,,False,SP-ARSA,SP-ARSA-4,Citharus linguatula,0.0
FG|SP-ARSA-4|Conger conger,15,2002.0,2020.0,19,4,0,,,0,0,0,,,False,SP-ARSA,SP-ARSA-4,Conger conger,0.0
FG|SP-ARSA-4|Dicologlossa cuneata,15,2002.0,2020.0,19,4,0,,2020.0,0,0,0,,,False,SP-ARSA,SP-ARSA-4,Dicologlossa cuneata,0.0
FG|SP-ARSA-4|Galeus melastomus,15,2002.0,2020.0,19,4,0,,,0,0,0,,,False,SP-ARSA,SP-ARSA-4,Galeus melastomus,0.0
FG|SP-ARSA-4|Leucoraja naevus,15,2002.0,2020.0,19,4,0,,,0,0,0,,,False,SP-ARSA,SP-ARSA-4,Leucoraja naevus,0.0
FG|SP-ARSA-4|Lophius budegassa,15,2002.0,2020.0,19,4,0,,,0,0,0,,,False,SP-ARSA,SP-ARSA-4,Lophius budegassa,0.0
FG|SP-ARSA-4|Macroramphosus scolopax,15,2002.0,2020.0,19,4,0,,,0,0,0,,,False,SP-ARSA,SP-ARSA-4,Macroramphosus scolopax,0.0
FG|SP-ARSA-4|Merluccius merluccius,15,2002.0,2020.0,19,4,0,,,0,0,0,,,False,SP-ARSA,SP-ARSA-4,Merluccius merluccius,0.0
FG|SP-ARSA-4|Micromesistius poutassou,15,2002.0,2020.0,19,4,0,,2020.0,0,0,0,,,False,SP-ARSA,SP-ARSA-4,Micromesistius poutassou,0.0
FG|SP-ARSA-4|Pagellus acarne,15,2002.0,2020.0,19,4,0,,,0,0,0,,,False,SP-ARSA,SP-ARSA-4,Pagellus acarne,0.0
FG|SP-ARSA-4|Raja clavata,15,2002.0,2020.0,19,4,0,,,0,0,0,,,False,SP-ARSA,SP-ARSA-4,Raja clavata,0.0
FG|SP-ARSA-4|Scomber japonicus,15,2002.0,2020.0,19,4,0,,,0,0,0,,,False,SP-ARSA,SP-ARSA-4,Scomber japonicus,0.0
FG|SP-ARSA-4|Scomber scombrus,15,2002.0,2020.0,19,4,0,,,0,0,0,,,False,SP-ARSA,SP-ARSA-4,Scomber scombrus,0.0
FG|SP-ARSA-4|Scyliorhinus canicula,15,2002.0,2020.0,19,4,0,,,0,0,0,,,False,SP-ARSA,SP-ARSA-4,Scyliorhinus canicula,0.0
FG|SP-ARSA-4|Trachurus mediterraneus,15,2002.0,2020.0,19,4,1,,,0,0,0,,,False,SP-ARSA,SP-ARSA-4,Trachurus mediterraneus,0.06666666666666667
FG|SP-ARSA-4|Trachurus trachurus,15,2002.0,2020.0,19,4,0,,,0,0,0,,,False,SP-ARSA,SP-ARSA-4,Trachurus trachurus,0.0
FG|SP-ARSA-4|Zeus faber,15,2002.0,2020.0,19,4,0,,2020.0,0,0,0,,,False,SP-ARSA,SP-ARSA-4,Zeus faber,0.0
FG|SP-NORTH|Capros aper,27,1990.0,2019.0,30,3,3,,,0,0,0,,,False,SP-NORTH,SP-NORTH,Capros aper,0.1111111111111111
FG|SP-NORTH|Chelidonichthys lucerna,27,1990.0,2019.0,30,3,0,,,0,0,0,,,False,SP-NORTH,SP-NORTH,Chelidonichthys lucerna,0.0
FG|SP-NORTH|Conger conger,27,1990.0,2019.0,30,3,0,,,0,0,0,,,False,SP-NORTH,SP-NORTH,Conger conger,0.0
FG|SP-NORTH|Deltentosteus quadrimaculatus,27,1990.0,2019.0,30,3,6,2002.0,2002.0,0,0,0,,,False,SP-NORTH,SP-NORTH,Deltentosteus quadrimaculatus,0.2222222222222222
FG|SP-NORTH|Engraulis encrasicolus,27,1990.0,2019.0,30,3,6,,,0,0,0,,,False,SP-NORTH,SP-NORTH,Engraulis encrasicolus,0.2222222222222222
FG|SP-NORTH|Eutrigla gurnardus,27,1990.0,2019.0,30,3,0,,,0,0,0,,,False,SP-NORTH,SP-NORTH,Eutrigla gurnardus,0.0
FG|SP-NORTH|Galeus melastomus,27,1990.0,2019.0,30,3,0,,,0,0,0,,,False,SP-NORTH,SP-NORTH,Galeus melastomus,0.0
FG|SP-NORTH|Helicolenus dactylopterus,27,1990.0,2019.0,30,3,0,,,0,0,0,,,False,SP-NORTH,SP-NORTH,Helicolenus dactylopterus,0.0
FG|SP-NORTH|Lepidorhombus boscii,27,1990.0,2019.0,30,3,0,,,0,0,0,,,False,SP-NORTH,SP-NORTH,Lepidorhombus boscii,0.0
FG|SP-NORTH|Lepidorhombus whiffiagonis,27,1990.0,2019.0,30,3,0,,,0,0,0,,,False,SP-NORTH,SP-NORTH,Lepidorhombus whiffiagonis,0.0
FG|SP-NORTH|Lepidotrigla cavillone,27,1990.0,2019.0,30,3,5,,,0,0,0,,,False,SP-NORTH,SP-NORTH,Lepidotrigla cavillone,0.18518518518518517
FG|SP-NORTH|Leucoraja naevus,27,1990.0,2019.0,30,3,0,,,0,0,0,,,False,SP-NORTH,SP-NORTH,Leucoraja naevus,0.0
FG|SP-NORTH|Lophius budegassa,27,1990.0,2019.0,30,3,0,,,0,0,0,,,False,SP-NORTH,SP-NORTH,Lophius budegassa,0.0
FG|SP-NORTH|Lophius piscatorius,27,1990.0,2019.0,30,3,0,,,0,0,0,,,False,SP-NORTH,SP-NORTH,Lophius piscatorius,0.0
FG|SP-NORTH|Macroramphosus scolopax,27,1990.0,2019.0,30,3,4,1999.0,1999.0,0,0,0,,,False,SP-NORTH,SP-NORTH,Macroramphosus scolopax,0.14814814814814814
FG|SP-NORTH|Merluccius merluccius,27,1990.0,2019.0,30,3,0,,,0,0,0,,,False,SP-NORTH,SP-NORTH,Merluccius merluccius,0.0
FG|SP-NORTH|Micromesistius poutassou,27,1990.0,2019.0,30,3,0,,,0,0,0,,,False,SP-NORTH,SP-NORTH,Micromesistius poutassou,0.0
FG|SP-NORTH|Molva macrophthalma,27,1990.0,2019.0,30,3,2,,,0,0,0,,,False,SP-NORTH,SP-NORTH,Molva macrophthalma,0.07407407407407407
FG|SP-NORTH|Phycis blennoides,27,1990.0,2019.0,30,3,0,,,0,0,0,,,False,SP-NORTH,SP-NORTH,Phycis blennoides,0.0
FG|SP-NORTH|Raja clavata,27,1990.0,2019.0,30,3,0,,,0,0,0,,,False,SP-NORTH,SP-NORTH,Raja clavata,0.0
FG|SP-NORTH|Raja montagui,27,1990.0,2019.0,30,3,0,,,0,0,0,,,False,SP-NORTH,SP-NORTH,Raja montagui,0.0
FG|SP-NORTH|Scomber scombrus,27,1990.0,2019.0,30,3,0,,,0,0,0,,,False,SP-NORTH,SP-NORTH,Scomber scombrus,0.0
FG|SP-NORTH|Scyliorhinus canicula,27,1990.0,2019.0,30,3,0,,,0,0,0,,,False,SP-NORTH,SP-NORTH,Scyliorhinus canicula,0.0
FG|SP-NORTH|Trachurus trachurus,27,1990.0,2019.0,30,3,0,,,0,0,0,,,False,SP-NORTH,SP-NORTH,Trachurus trachurus,0.0
FG|SP-NORTH|Trisopterus luscus,27,1990.0,2019.0,30,3,0,,,0,0,0,,,False,SP-NORTH,SP-NORTH,Trisopterus luscus,0.0
FG|SP-NORTH|Zeus faber,27,1990.0,2019.0,30,3,0,,,0,0,0,,,False,SP-NORTH,SP-NORTH,Zeus faber,0.0
FG|SP-PORC|Aphanopus carbo,19,2001.0,2019.0,19,0,1,2018.0,2018.0,0,0,0,,,False,SP-PORC,SP-PORC,Aphanopus carbo,0.05263157894736842
FG|SP-PORC|Arctozenus risso,19,2001.0,2019.0,19,0,6,,2019.0,0,0,0,,,False,SP-PORC,SP-PORC,Arctozenus risso,0.3157894736842105
FG|SP-PORC|Argyropelecus olfersii,19,2001.0,2019.0,19,0,1,2009.0,2009.0,0,0,0,,,False,SP-PORC,SP-PORC,Argyropelecus olfersii,0.05263157894736842
FG|SP-PORC|Arnoglossus imperialis,19,2001.0,2019.0,19,0,1,,,0,0,0,,,False,SP-PORC,SP-PORC,Arnoglossus imperialis,0.05263157894736842
FG|SP-PORC|Capros aper,19,2001.0,2019.0,19,0,1,,,0,0,0,,,False,SP-PORC,SP-PORC,Capros aper,0.05263157894736842
FG|SP-PORC|Centrolophus niger,19,2001.0,2019.0,19,0,1,2014.0,2014.0,0,0,0,,,False,SP-PORC,SP-PORC,Centrolophus niger,0.05263157894736842
FG|SP-PORC|Chelidonichthys cuculus,19,2001.0,2019.0,19,0,1,,,0,0,0,,,False,SP-PORC,SP-PORC,Chelidonichthys cuculus,0.05263157894736842
FG|SP-PORC|Chimaera monstrosa,19,2001.0,2019.0,19,0,1,,,0,0,0,,,False,SP-PORC,SP-PORC,Chimaera monstrosa,0.05263157894736842
FG|SP-PORC|Coelorinchus caelorhincus,19,2001.0,2019.0,19,0,1,,,0,0,0,,,False,SP-PORC,SP-PORC,Coelorinchus caelorhincus,0.05263157894736842
FG|SP-PORC|Conger conger,19,2001.0,2019.0,19,0,0,,,0,0,0,,,False,SP-PORC,SP-PORC,Conger conger,0.0
FG|SP-PORC|Dalatias licha,19,2001.0,2019.0,19,0,1,,,0,0,0,,,False,SP-PORC,SP-PORC,Dalatias licha,0.05263157894736842
FG|SP-PORC|Deania calceus,19,2001.0,2019.0,19,0,1,,,0,0,0,,,False,SP-PORC,SP-PORC,Deania calceus,0.05263157894736842
FG|SP-PORC|Echiodon drummondii,19,2001.0,2019.0,19,0,5,2014.0,2014.0,0,0,0,,,False,SP-PORC,SP-PORC,Echiodon drummondii,0.2631578947368421
FG|SP-PORC|Entelurus aequoreus,19,2001.0,2019.0,19,0,8,2008.0,2008.0,0,0,0,,,False,SP-PORC,SP-PORC,Entelurus aequoreus,0.42105263157894735
FG|SP-PORC|Epigonus telescopus,19,2001.0,2019.0,19,0,1,,,0,0,0,,,False,SP-PORC,SP-PORC,Epigonus telescopus,0.05263157894736842
FG|SP-PORC|Etmopterus spinax,19,2001.0,2019.0,19,0,1,,,0,0,0,,,False,SP-PORC,SP-PORC,Etmopterus spinax,0.05263157894736842
FG|SP-PORC|Eutrigla gurnardus,19,2001.0,2019.0,19,0,0,,,0,0,0,,,False,SP-PORC,SP-PORC,Eutrigla gurnardus,0.0
FG|SP-PORC|Gadiculus argenteus,19,2001.0,2019.0,19,0,1,,,0,0,0,,,False,SP-PORC,SP-PORC,Gadiculus argenteus,0.05263157894736842
FG|SP-PORC|Gaidropsarus macrophthalmus,1,2014.0,2014.0,1,0,1,,,0,0,0,,,False,SP-PORC,SP-PORC,Gaidropsarus macrophthalmus,1.0
FG|SP-PORC|Galeus melastomus,19,2001.0,2019.0,19,0,0,,,0,0,0,,,False,SP-PORC,SP-PORC,Galeus melastomus,0.0
FG|SP-PORC|Glyptocephalus cynoglossus,19,2001.0,2019.0,19,0,0,,,0,0,0,,,False,SP-PORC,SP-PORC,Glyptocephalus cynoglossus,0.0
FG|SP-PORC|Halargyreus johnsonii,19,2001.0,2019.0,19,0,1,,2019.0,0,0,0,,,False,SP-PORC,SP-PORC,Halargyreus johnsonii,0.05263157894736842
FG|SP-PORC|Helicolenus dactylopterus,19,2001.0,2019.0,19,0,0,,,0,0,0,,,False,SP-PORC,SP-PORC,Helicolenus dactylopterus,0.0
FG|SP-PORC|Hexanchus griseus,19,2001.0,2019.0,19,0,0,,,0,0,0,,,False,SP-PORC,SP-PORC,Hexanchus griseus,0.0
FG|SP-PORC|Hippoglossoides platessoides,19,2001.0,2019.0,19,0,0,2010.0,2010.0,0,0,0,,,False,SP-PORC,SP-PORC,Hippoglossoides platessoides,0.0
FG|SP-PORC|Hoplostethus mediterraneus,19,2001.0,2019.0,19,0,1,,,0,0,0,,,False,SP-PORC,SP-PORC,Hoplostethus mediterraneus,0.05263157894736842
FG|SP-PORC|Hydrolagus mirabilis,19,2001.0,2019.0,19,0,3,,,0,0,0,,,False,SP-PORC,SP-PORC,Hydrolagus mirabilis,0.15789473684210525
FG|SP-PORC|Lampanyctus crocodilus,19,2001.0,2019.0,19,0,1,2018.0,2018.0,0,0,0,,,False,SP-PORC,SP-PORC,Lampanyctus crocodilus,0.05263157894736842
FG|SP-PORC|Lepidion lepidion,1,2014.0,2014.0,1,0,1,,,0,0,0,,,False,SP-PORC,SP-PORC,Lepidion lepidion,1.0
FG|SP-PORC|Lepidorhombus boscii,19,2001.0,2019.0,19,0,0,,,0,0,0,,,False,SP-PORC,SP-PORC,Lepidorhombus boscii,0.0
FG|SP-PORC|Lepidorhombus whiffiagonis,19,2001.0,2019.0,19,0,0,,,0,0,0,,,False,SP-PORC,SP-PORC,Lepidorhombus whiffiagonis,0.0
FG|SP-PORC|Leucoraja circularis,19,2001.0,2019.0,19,0,0,,,0,0,0,,,False,SP-PORC,SP-PORC,Leucoraja circularis,0.0
FG|SP-PORC|Leucoraja naevus,19,2001.0,2019.0,19,0,0,,,0,0,0,,,False,SP-PORC,SP-PORC,Leucoraja naevus,0.0
FG|SP-PORC|Lophius budegassa,19,2001.0,2019.0,19,0,0,,,0,0,0,,,False,SP-PORC,SP-PORC,Lophius budegassa,0.0
FG|SP-PORC|Lophius piscatorius,19,2001.0,2019.0,19,0,0,,,0,0,0,,,False,SP-PORC,SP-PORC,Lophius piscatorius,0.0
FG|SP-PORC|Malacocephalus laevis,19,2001.0,2019.0,19,0,1,2017.0,2017.0,0,0,0,,,False,SP-PORC,SP-PORC,Malacocephalus laevis,0.05263157894736842
FG|SP-PORC|Maurolicus muelleri,19,2001.0,2019.0,19,0,1,,,0,0,0,,,False,SP-PORC,SP-PORC,Maurolicus muelleri,0.05263157894736842
FG|SP-PORC|Melanogrammus aeglefinus,19,2001.0,2019.0,19,0,0,,,0,0,0,,,False,SP-PORC,SP-PORC,Melanogrammus aeglefinus,0.0
FG|SP-PORC|Merluccius merluccius,19,2001.0,2019.0,19,0,0,,,0,0,0,,,False,SP-PORC,SP-PORC,Merluccius merluccius,0.0
FG|SP-PORC|Microchirus variegatus,19,2001.0,2019.0,19,0,1,,,0,0,0,,,False,SP-PORC,SP-PORC,Microchirus variegatus,0.05263157894736842
FG|SP-PORC|Micromesistius poutassou,19,2001.0,2019.0,19,0,0,,,0,0,0,,,False,SP-PORC,SP-PORC,Micromesistius poutassou,0.0
FG|SP-PORC|Microstomus kitt,19,2001.0,2019.0,19,0,1,,,0,0,0,,,False,SP-PORC,SP-PORC,Microstomus kitt,0.05263157894736842
FG|SP-PORC|Molva macrophthalma,19,2001.0,2019.0,19,0,0,2018.0,2018.0,0,0,0,,,False,SP-PORC,SP-PORC,Molva macrophthalma,0.0
FG|SP-PORC|Molva molva,19,2001.0,2019.0,19,0,0,,2019.0,0,0,0,,,False,SP-PORC,SP-PORC,Molva molva,0.0
FG|SP-PORC|Mora moro,19,2001.0,2019.0,19,0,1,2014.0,2014.0,0,0,0,,,False,SP-PORC,SP-PORC,Mora moro,0.05263157894736842
FG|SP-PORC|Myctophum punctatum,19,2001.0,2019.0,19,0,1,2013.0,2013.0,0,0,0,,,False,SP-PORC,SP-PORC,Myctophum punctatum,0.05263157894736842
FG|SP-PORC|Nezumia aequalis,19,2001.0,2019.0,19,0,1,,,0,0,0,,,False,SP-PORC,SP-PORC,Nezumia aequalis,0.05263157894736842
FG|SP-PORC|Notacanthus bonaparte,19,2001.0,2019.0,19,0,12,,,0,0,0,,,False,SP-PORC,SP-PORC,Notacanthus bonaparte,0.631578947368421
FG|SP-PORC|Notoscopelus kroyeri,19,2001.0,2019.0,19,0,6,2014.0,2014.0,0,0,0,,,False,SP-PORC,SP-PORC,Notoscopelus kroyeri,0.3157894736842105
FG|SP-PORC|Phycis blennoides,19,2001.0,2019.0,19,0,0,,,0,0,0,,,False,SP-PORC,SP-PORC,Phycis blennoides,0.0
FG|SP-PORC|Pollachius virens,19,2001.0,2019.0,19,0,1,2014.0,2014.0,0,0,0,,,False,SP-PORC,SP-PORC,Pollachius virens,0.05263157894736842
FG|SP-PORC|Scomber scombrus,19,2001.0,2019.0,19,0,1,2008.0,2008.0,0,0,0,,,False,SP-PORC,SP-PORC,Scomber scombrus,0.05263157894736842
FG|SP-PORC|Scyliorhinus canicula,19,2001.0,2019.0,19,0,0,,,0,0,0,,,False,SP-PORC,SP-PORC,Scyliorhinus canicula,0.0
FG|SP-PORC|Scymnodon ringens,19,2001.0,2019.0,19,0,1,,,0,0,0,,,False,SP-PORC,SP-PORC,Scymnodon ringens,0.05263157894736842
FG|SP-PORC|Stomias boa,19,2001.0,2019.0,19,0,1,,,0,0,0,,,False,SP-PORC,SP-PORC,Stomias boa,0.05263157894736842
FG|SP-PORC|Synaphobranchus kaupii,19,2001.0,2019.0,19,0,1,2011.0,2011.0,0,0,0,,,False,SP-PORC,SP-PORC,Synaphobranchus kaupii,0.05263157894736842
FG|SP-PORC|Trachurus trachurus,19,2001.0,2019.0,19,0,0,,2019.0,0,0,0,,,False,SP-PORC,SP-PORC,Trachurus trachurus,0.0
FG|SP-PORC|Trachyrincus scabrus,19,2001.0,2019.0,19,0,1,,,0,0,0,,,False,SP-PORC,SP-PORC,Trachyrincus scabrus,0.05263157894736842
FG|SP-PORC|Trisopterus esmarkii,19,2001.0,2019.0,19,0,1,2006.0,2006.0,0,0,0,,,False,SP-PORC,SP-PORC,Trisopterus esmarkii,0.05263157894736842
FG|SP-PORC|Trisopterus minutus,19,2001.0,2019.0,19,0,1,2018.0,2018.0,0,0,0,,,False,SP-PORC,SP-PORC,Trisopterus minutus,0.05263157894736842
FG|SP-PORC|Xenodermichthys copei,19,2001.0,2019.0,19,0,1,,,0,0,0,,,False,SP-PORC,SP-PORC,Xenodermichthys copei,0.05263157894736842
FG|SWC-IBTS-1|Agonus cataphractus,33,1985.0,2020.0,36,3,7,2004.0,2004.0,0,0,0,,,False,SWC-IBTS,SWC-IBTS-1,Agonus cataphractus,0.21212121212121213
FG|SWC-IBTS-1|Buglossidium luteum,33,1985.0,2020.0,36,3,19,1999.0,1999.0,0,0,0,,,False,SWC-IBTS,SWC-IBTS-1,Buglossidium luteum,0.5757575757575758
FG|SWC-IBTS-1|Callionymus lyra,33,1985.0,2020.0,36,3,0,,,0,0,0,,,False,SWC-IBTS,SWC-IBTS-1,Callionymus lyra,0.0
FG|SWC-IBTS-1|Capros aper,33,1985.0,2020.0,36,3,1,2004.0,2004.0,0,0,0,,,False,SWC-IBTS,SWC-IBTS-1,Capros aper,0.030303030303030304
FG|SWC-IBTS-1|Chelidonichthys cuculus,33,1985.0,2020.0,36,3,0,,,0,0,0,,,False,SWC-IBTS,SWC-IBTS-1,Chelidonichthys cuculus,0.0
FG|SWC-IBTS-1|Clupea harengus,33,1985.0,2020.0,36,3,0,2014.0,2014.0,0,0,0,,,False,SWC-IBTS,SWC-IBTS-1,Clupea harengus,0.0
FG|SWC-IBTS-1|Conger conger,33,1985.0,2020.0,36,3,4,2000.0,2000.0,0,0,0,,,False,SWC-IBTS,SWC-IBTS-1,Conger conger,0.12121212121212122
FG|SWC-IBTS-1|Enchelyopus cimbrius,33,1985.0,2020.0,36,3,1,2009.0,2009.0,0,0,0,,,False,SWC-IBTS,SWC-IBTS-1,Enchelyopus cimbrius,0.030303030303030304
FG|SWC-IBTS-1|Entelurus aequoreus,33,1985.0,2020.0,36,3,28,2009.0,2009.0,0,0,0,,,False,SWC-IBTS,SWC-IBTS-1,Entelurus aequoreus,0.8484848484848485
FG|SWC-IBTS-1|Eutrigla gurnardus,33,1985.0,2020.0,36,3,0,,,0,0,0,,,False,SWC-IBTS,SWC-IBTS-1,Eutrigla gurnardus,0.0
FG|SWC-IBTS-1|Gadiculus argenteus,33,1985.0,2020.0,36,3,0,1990.0,1990.0,0,0,0,,,False,SWC-IBTS,SWC-IBTS-1,Gadiculus argenteus,0.0
FG|SWC-IBTS-1|Gadus morhua,33,1985.0,2020.0,36,3,0,2007.0,2005.0,0,0,0,,,False,SWC-IBTS,SWC-IBTS-1,Gadus morhua,0.0
FG|SWC-IBTS-1|Galeus melastomus,33,1985.0,2020.0,36,3,0,,,0,0,0,,,False,SWC-IBTS,SWC-IBTS-1,Galeus melastomus,0.0
FG|SWC-IBTS-1|Glyptocephalus cynoglossus,33,1985.0,2020.0,36,3,0,,,0,0,0,,,False,SWC-IBTS,SWC-IBTS-1,Glyptocephalus cynoglossus,0.0
FG|SWC-IBTS-1|Helicolenus dactylopterus,33,1985.0,2020.0,36,3,0,,,0,0,0,,,False,SWC-IBTS,SWC-IBTS-1,Helicolenus dactylopterus,0.0
FG|SWC-IBTS-1|Hippoglossoides platessoides,33,1985.0,2020.0,36,3,0,,,0,0,0,,,False,SWC-IBTS,SWC-IBTS-1,Hippoglossoides platessoides,0.0
FG|SWC-IBTS-1|Lepidorhombus whiffiagonis,33,1985.0,2020.0,36,3,0,,,0,0,0,,,False,SWC-IBTS,SWC-IBTS-1,Lepidorhombus whiffiagonis,0.0
FG|SWC-IBTS-1|Leucoraja naevus,33,1985.0,2020.0,36,3,0,,,0,0,0,,,False,SWC-IBTS,SWC-IBTS-1,Leucoraja naevus,0.0
FG|SWC-IBTS-1|Limanda limanda,33,1985.0,2020.0,36,3,0,,,0,0,0,,,False,SWC-IBTS,SWC-IBTS-1,Limanda limanda,0.0
FG|SWC-IBTS-1|Lophius budegassa,33,1985.0,2020.0,36,3,0,,,0,0,0,,,False,SWC-IBTS,SWC-IBTS-1,Lophius budegassa,0.0
FG|SWC-IBTS-1|Lophius piscatorius,33,1985.0,2020.0,36,3,0,,,0,0,0,,,False,SWC-IBTS,SWC-IBTS-1,Lophius piscatorius,0.0
FG|SWC-IBTS-1|Lumpenus lampretaeformis,0,,,0,0,0,,,0,0,0,,,,SWC-IBTS,SWC-IBTS-1,Lumpenus lampretaeformis,
FG|SWC-IBTS-1|Maurolicus muelleri,33,1985.0,2020.0,36,3,7,2015.0,2015.0,0,0,0,,,False,SWC-IBTS,SWC-IBTS-1,Maurolicus muelleri,0.21212121212121213
FG|SWC-IBTS-1|Melanogrammus aeglefinus,33,1985.0,2020.0,36,3,0,,,0,0,0,,,False,SWC-IBTS,SWC-IBTS-1,Melanogrammus aeglefinus,0.0
FG|SWC-IBTS-1|Merlangius merlangus,33,1985.0,2020.0,36,3,0,2007.0,2007.0,0,0,0,,,False,SWC-IBTS,SWC-IBTS-1,Merlangius merlangus,0.0
FG|SWC-IBTS-1|Merluccius merluccius,33,1985.0,2020.0,36,3,0,,,0,0,0,,,False,SWC-IBTS,SWC-IBTS-1,Merluccius merluccius,0.0
FG|SWC-IBTS-1|Microchirus variegatus,33,1985.0,2020.0,36,3,11,,2005.0,0,0,0,,,False,SWC-IBTS,SWC-IBTS-1,Microchirus variegatus,0.3333333333333333
FG|SWC-IBTS-1|Micromesistius poutassou,33,1985.0,2020.0,36,3,0,,2005.0,0,0,0,,,False,SWC-IBTS,SWC-IBTS-1,Micromesistius poutassou,0.0
FG|SWC-IBTS-1|Microstomus kitt,33,1985.0,2020.0,36,3,0,,,0,0,0,,,False,SWC-IBTS,SWC-IBTS-1,Microstomus kitt,0.0
FG|SWC-IBTS-1|Molva molva,33,1985.0,2020.0,36,3,0,,,0,0,0,,,False,SWC-IBTS,SWC-IBTS-1,Molva molva,0.0
FG|SWC-IBTS-1|Phrynorhombus norvegicus,8,1995.0,2019.0,25,17,8,,,0,0,0,,,False,SWC-IBTS,SWC-IBTS-1,Phrynorhombus norvegicus,1.0
FG|SWC-IBTS-1|Phycis blennoides,33,1985.0,2020.0,36,3,3,1990.0,1990.0,0,0,0,,,False,SWC-IBTS,SWC-IBTS-1,Phycis blennoides,0.09090909090909091
FG|SWC-IBTS-1|Pleuronectes platessa,33,1985.0,2020.0,36,3,0,,,0,0,0,,,False,SWC-IBTS,SWC-IBTS-1,Pleuronectes platessa,0.0
FG|SWC-IBTS-1|Pollachius virens,33,1985.0,2020.0,36,3,0,2007.0,2005.0,0,0,0,,,False,SWC-IBTS,SWC-IBTS-1,Pollachius virens,0.0
FG|SWC-IBTS-1|Raja clavata,33,1985.0,2020.0,36,3,0,,,0,0,0,,,False,SWC-IBTS,SWC-IBTS-1,Raja clavata,0.0
FG|SWC-IBTS-1|Raja montagui,33,1985.0,2020.0,36,3,0,,,0,0,0,,,False,SWC-IBTS,SWC-IBTS-1,Raja montagui,0.0
FG|SWC-IBTS-1|Scomber scombrus,33,1985.0,2020.0,36,3,0,2018.0,2018.0,0,0,0,,,False,SWC-IBTS,SWC-IBTS-1,Scomber scombrus,0.0
FG|SWC-IBTS-1|Scyliorhinus canicula,33,1985.0,2020.0,36,3,0,,,0,0,0,,,False,SWC-IBTS,SWC-IBTS-1,Scyliorhinus canicula,0.0
FG|SWC-IBTS-1|Sprattus sprattus,33,1985.0,2020.0,36,3,0,,,0,0,0,,,False,SWC-IBTS,SWC-IBTS-1,Sprattus sprattus,0.0
FG|SWC-IBTS-1|Squalus acanthias,33,1985.0,2020.0,36,3,0,1992.0,1992.0,0,0,0,,,False,SWC-IBTS,SWC-IBTS-1,Squalus acanthias,0.0
FG|SWC-IBTS-1|Trachurus trachurus,33,1985.0,2020.0,36,3,0,1993.0,1993.0,0,0,0,,,False,SWC-IBTS,SWC-IBTS-1,Trachurus trachurus,0.0
FG|SWC-IBTS-1|Trisopterus esmarkii,33,1985.0,2020.0,36,3,0,,,0,0,0,,,False,SWC-IBTS,SWC-IBTS-1,Trisopterus esmarkii,0.0
FG|SWC-IBTS-1|Trisopterus minutus,33,1985.0,2020.0,36,3,0,,,0,0,0,,,False,SWC-IBTS,SWC-IBTS-1,Trisopterus minutus,0.0
FG|SWC-IBTS-1|Zeus faber,33,1985.0,2020.0,36,3,0,2013.0,2013.0,0,0,0,,,False,SWC-IBTS,SWC-IBTS-1,Zeus faber,0.0
FG|SWC-IBTS-4|Arnoglossus imperialis,26,1991.0,2020.0,30,4,5,,,0,0,0,,,False,SWC-IBTS,SWC-IBTS-4,Arnoglossus imperialis,0.19230769230769232
FG|SWC-IBTS-4|Callionymus lyra,26,1991.0,2020.0,30,4,0,,,0,0,0,,,False,SWC-IBTS,SWC-IBTS-4,Callionymus lyra,0.0
FG|SWC-IBTS-4|Capros aper,26,1991.0,2020.0,30,4,0,,2009.0,0,0,0,,,False,SWC-IBTS,SWC-IBTS-4,Capros aper,0.0
FG|SWC-IBTS-4|Chelidonichthys cuculus,26,1991.0,2020.0,30,4,0,,,0,0,0,,,False,SWC-IBTS,SWC-IBTS-4,Chelidonichthys cuculus,0.0
FG|SWC-IBTS-4|Chelidonichthys lucerna,26,1991.0,2020.0,30,4,8,2005.0,2005.0,0,0,0,,,False,SWC-IBTS,SWC-IBTS-4,Chelidonichthys lucerna,0.3076923076923077
FG|SWC-IBTS-4|Clupea harengus,26,1991.0,2020.0,30,4,0,,2020.0,0,0,0,,,False,SWC-IBTS,SWC-IBTS-4,Clupea harengus,0.0
FG|SWC-IBTS-4|Conger conger,26,1991.0,2020.0,30,4,0,,2012.0,0,0,0,,,False,SWC-IBTS,SWC-IBTS-4,Conger conger,0.0
FG|SWC-IBTS-4|Enchelyopus cimbrius,26,1991.0,2020.0,30,4,4,2004.0,2004.0,0,0,0,,,False,SWC-IBTS,SWC-IBTS-4,Enchelyopus cimbrius,0.15384615384615385
FG|SWC-IBTS-4|Entelurus aequoreus,26,1991.0,2020.0,30,4,21,2008.0,2008.0,0,0,0,,,False,SWC-IBTS,SWC-IBTS-4,Entelurus aequoreus,0.8076923076923077
FG|SWC-IBTS-4|Eutrigla gurnardus,26,1991.0,2020.0,30,4,0,,,0,0,0,,,False,SWC-IBTS,SWC-IBTS-4,Eutrigla gurnardus,0.0
FG|SWC-IBTS-4|Gadiculus argenteus,26,1991.0,2020.0,30,4,0,,,0,0,0,,,False,SWC-IBTS,SWC-IBTS-4,Gadiculus argenteus,0.0
FG|SWC-IBTS-4|Gadus morhua,26,1991.0,2020.0,30,4,0,,,0,0,0,,,False,SWC-IBTS,SWC-IBTS-4,Gadus morhua,0.0
FG|SWC-IBTS-4|Galeus melastomus,26,1991.0,2020.0,30,4,0,,,0,0,0,,,False,SWC-IBTS,SWC-IBTS-4,Galeus melastomus,0.0
FG|SWC-IBTS-4|Glyptocephalus cynoglossus,26,1991.0,2020.0,30,4,0,,,0,0,0,,,False,SWC-IBTS,SWC-IBTS-4,Glyptocephalus cynoglossus,0.0
FG|SWC-IBTS-4|Helicolenus dactylopterus,26,1991.0,2020.0,30,4,0,,,0,0,0,,,False,SWC-IBTS,SWC-IBTS-4,Helicolenus dactylopterus,0.0
FG|SWC-IBTS-4|Hippoglossoides platessoides,26,1991.0,2020.0,30,4,0,,2012.0,0,0,0,,,False,SWC-IBTS,SWC-IBTS-4,Hippoglossoides platessoides,0.0
FG|SWC-IBTS-4|Lepidorhombus whiffiagonis,26,1991.0,2020.0,30,4,0,,,0,0,0,,,False,SWC-IBTS,SWC-IBTS-4,Lepidorhombus whiffiagonis,0.0
FG|SWC-IBTS-4|Leucoraja naevus,26,1991.0,2020.0,30,4,0,,,0,0,0,,,False,SWC-IBTS,SWC-IBTS-4,Leucoraja naevus,0.0
FG|SWC-IBTS-4|Limanda limanda,26,1991.0,2020.0,30,4,0,,,0,0,0,,,False,SWC-IBTS,SWC-IBTS-4,Limanda limanda,0.0
FG|SWC-IBTS-4|Lophius budegassa,26,1991.0,2020.0,30,4,1,,2009.0,0,0,0,,,False,SWC-IBTS,SWC-IBTS-4,Lophius budegassa,0.038461538461538464
FG|SWC-IBTS-4|Lophius piscatorius,26,1991.0,2020.0,30,4,0,,,0,0,0,,,False,SWC-IBTS,SWC-IBTS-4,Lophius piscatorius,0.0
FG|SWC-IBTS-4|Maurolicus muelleri,26,1991.0,2020.0,30,4,2,2014.0,2012.0,0,0,0,,,False,SWC-IBTS,SWC-IBTS-4,Maurolicus muelleri,0.07692307692307693
FG|SWC-IBTS-4|Melanogrammus aeglefinus,26,1991.0,2020.0,30,4,0,,,0,0,0,,,False,SWC-IBTS,SWC-IBTS-4,Melanogrammus aeglefinus,0.0
FG|SWC-IBTS-4|Merlangius merlangus,26,1991.0,2020.0,30,4,0,2005.0,2005.0,0,0,0,,,False,SWC-IBTS,SWC-IBTS-4,Merlangius merlangus,0.0
FG|SWC-IBTS-4|Merluccius merluccius,26,1991.0,2020.0,30,4,0,,,0,0,0,,,False,SWC-IBTS,SWC-IBTS-4,Merluccius merluccius,0.0
FG|SWC-IBTS-4|Microchirus variegatus,26,1991.0,2020.0,30,4,3,2018.0,2018.0,0,0,0,,,False,SWC-IBTS,SWC-IBTS-4,Microchirus variegatus,0.11538461538461539
FG|SWC-IBTS-4|Micromesistius poutassou,26,1991.0,2020.0,30,4,0,,,0,0,0,,,False,SWC-IBTS,SWC-IBTS-4,Micromesistius poutassou,0.0
FG|SWC-IBTS-4|Microstomus kitt,26,1991.0,2020.0,30,4,0,,,0,0,0,,,False,SWC-IBTS,SWC-IBTS-4,Microstomus kitt,0.0
FG|SWC-IBTS-4|Molva molva,26,1991.0,2020.0,30,4,0,,,0,0,0,,,False,SWC-IBTS,SWC-IBTS-4,Molva molva,0.0
FG|SWC-IBTS-4|Phycis blennoides,26,1991.0,2020.0,30,4,3,2008.0,2008.0,0,0,0,,,False,SWC-IBTS,SWC-IBTS-4,Phycis blennoides,0.11538461538461539
FG|SWC-IBTS-4|Pleuronectes platessa,26,1991.0,2020.0,30,4,0,,,0,0,0,,,False,SWC-IBTS,SWC-IBTS-4,Pleuronectes platessa,0.0
FG|SWC-IBTS-4|Pollachius virens,26,1991.0,2020.0,30,4,0,,2020.0,0,0,0,,,False,SWC-IBTS,SWC-IBTS-4,Pollachius virens,0.0
FG|SWC-IBTS-4|Raja brachyura,26,1991.0,2020.0,30,4,6,,,0,0,0,,,False,SWC-IBTS,SWC-IBTS-4,Raja brachyura,0.23076923076923078
FG|SWC-IBTS-4|Raja clavata,26,1991.0,2020.0,30,4,1,,,0,0,0,,,False,SWC-IBTS,SWC-IBTS-4,Raja clavata,0.038461538461538464
FG|SWC-IBTS-4|Raja montagui,26,1991.0,2020.0,30,4,0,,,0,0,0,,,False,SWC-IBTS,SWC-IBTS-4,Raja montagui,0.0
FG|SWC-IBTS-4|Scomber scombrus,26,1991.0,2020.0,30,4,0,,2020.0,0,0,0,,,False,SWC-IBTS,SWC-IBTS-4,Scomber scombrus,0.0
FG|SWC-IBTS-4|Scophthalmus maximus,26,1991.0,2020.0,30,4,1,2005.0,2005.0,0,0,0,,,False,SWC-IBTS,SWC-IBTS-4,Scophthalmus maximus,0.038461538461538464
FG|SWC-IBTS-4|Scyliorhinus canicula,26,1991.0,2020.0,30,4,0,,,0,0,0,,,False,SWC-IBTS,SWC-IBTS-4,Scyliorhinus canicula,0.0
FG|SWC-IBTS-4|Solea solea,26,1991.0,2020.0,30,4,0,,,0,0,0,,,False,SWC-IBTS,SWC-IBTS-4,Solea solea,0.0
FG|SWC-IBTS-4|Sprattus sprattus,26,1991.0,2020.0,30,4,0,2005.0,2005.0,0,0,0,,,False,SWC-IBTS,SWC-IBTS-4,Sprattus sprattus,0.0
FG|SWC-IBTS-4|Squalus acanthias,26,1991.0,2020.0,30,4,0,,,0,0,0,,,False,SWC-IBTS,SWC-IBTS-4,Squalus acanthias,0.0
FG|SWC-IBTS-4|Trachurus trachurus,26,1991.0,2020.0,30,4,0,,2009.0,0,0,0,,,False,SWC-IBTS,SWC-IBTS-4,Trachurus trachurus,0.0
FG|SWC-IBTS-4|Trisopterus esmarkii,26,1991.0,2020.0,30,4,0,2005.0,2005.0,0,0,0,,,False,SWC-IBTS,SWC-IBTS-4,Trisopterus esmarkii,0.0
FG|SWC-IBTS-4|Trisopterus minutus,26,1991.0,2020.0,30,4,0,,2020.0,0,0,0,,,False,SWC-IBTS,SWC-IBTS-4,Trisopterus minutus,0.0
FG|SWC-IBTS-4|Zeus faber,26,1991.0,2020.0,30,4,0,,,0,0,0,,,False,SWC-IBTS,SWC-IBTS-4,Zeus faber,0.0
FG|WCANN|Albatrossia pectoralis,16,2003.0,2018.0,16,0,0,,,0,0,0,,,False,WCANN,WCANN,Albatrossia pectoralis,0.0
FG|WCANN|Alepocephalus tenebrosus,16,2003.0,2018.0,16,0,0,,,0,0,0,,,False,WCANN,WCANN,Alepocephalus tenebrosus,0.0
FG|WCANN|Alosa sapidissima,16,2003.0,2018.0,16,0,0,2012.0,2012.0,0,0,0,,,False,WCANN,WCANN,Alosa sapidissima,0.0
FG|WCANN|Anoplopoma fimbria,16,2003.0,2018.0,16,0,0,,,0,0,0,,,False,WCANN,WCANN,Anoplopoma fimbria,0.0
FG|WCANN|Antimora microlepis,16,2003.0,2018.0,16,0,0,,,0,0,0,,,False,WCANN,WCANN,Antimora microlepis,0.0
FG|WCANN|Apristurus brunneus,16,2003.0,2018.0,16,0,0,,,0,0,0,,,False,WCANN,WCANN,Apristurus brunneus,0.0
FG|WCANN|Atheresthes stomias,16,2003.0,2018.0,16,0,0,,,0,0,0,,,False,WCANN,WCANN,Atheresthes stomias,0.0
FG|WCANN|Bathyagonus nigripinnis,16,2003.0,2018.0,16,0,0,,,0,0,0,,,False,WCANN,WCANN,Bathyagonus nigripinnis,0.0
FG|WCANN|Beringraja binoculata,16,2003.0,2018.0,16,0,0,,,0,0,0,,,False,WCANN,WCANN,Beringraja binoculata,0.0
FG|WCANN|Beringraja inornata,16,2003.0,2018.0,16,0,0,,,0,0,0,,,False,WCANN,WCANN,Beringraja inornata,0.0
FG|WCANN|Beringraja rhina,16,2003.0,2018.0,16,0,0,,,0,0,0,,,False,WCANN,WCANN,Beringraja rhina,0.0
FG|WCANN|Bothrocara brunneum,16,2003.0,2018.0,16,0,0,,,0,0,0,,,False,WCANN,WCANN,Bothrocara brunneum,0.0
FG|WCANN|Careproctus melanurus,16,2003.0,2018.0,16,0,0,,,0,0,0,,,False,WCANN,WCANN,Careproctus melanurus,0.0
FG|WCANN|Chauliodus macouni,16,2003.0,2018.0,16,0,0,,,0,0,0,,,False,WCANN,WCANN,Chauliodus macouni,0.0
FG|WCANN|Citharichthys sordidus,16,2003.0,2018.0,16,0,0,,,0,0,0,,,False,WCANN,WCANN,Citharichthys sordidus,0.0
FG|WCANN|Clupea pallasii,16,2003.0,2018.0,16,0,0,,,0,0,0,,,False,WCANN,WCANN,Clupea pallasii,0.0
FG|WCANN|Coryphaenoides acrolepis,16,2003.0,2018.0,16,0,0,,,0,0,0,,,False,WCANN,WCANN,Coryphaenoides acrolepis,0.0
FG|WCANN|Eopsetta jordani,16,2003.0,2018.0,16,0,0,,,0,0,0,,,False,WCANN,WCANN,Eopsetta jordani,0.0
FG|WCANN|Eptatretus deani,16,2003.0,2018.0,16,0,1,,,0,0,0,,,False,WCANN,WCANN,Eptatretus deani,0.0625
FG|WCANN|Gadus macrocephalus,16,2003.0,2018.0,16,0,0,,2018.0,0,0,0,,,False,WCANN,WCANN,Gadus macrocephalus,0.0
FG|WCANN|Genyonemus lineatus,16,2003.0,2018.0,16,0,0,2016.0,2016.0,0,0,0,,,False,WCANN,WCANN,Genyonemus lineatus,0.0
FG|WCANN|Glyptocephalus zachirus,16,2003.0,2018.0,16,0,0,,,0,0,0,,,False,WCANN,WCANN,Glyptocephalus zachirus,0.0
FG|WCANN|Hippoglossoides elassodon,16,2003.0,2018.0,16,0,0,,,0,0,0,,,False,WCANN,WCANN,Hippoglossoides elassodon,0.0
FG|WCANN|Hippoglossus stenolepis,16,2003.0,2018.0,16,0,0,,,0,0,0,,,False,WCANN,WCANN,Hippoglossus stenolepis,0.0
FG|WCANN|Hydrolagus colliei,16,2003.0,2018.0,16,0,0,,,0,0,0,,,False,WCANN,WCANN,Hydrolagus colliei,0.0
FG|WCANN|Icelinus filamentosus,16,2003.0,2018.0,16,0,0,,,0,0,0,,,False,WCANN,WCANN,Icelinus filamentosus,0.0
FG|WCANN|Lycenchelys crotalinus,16,2003.0,2018.0,16,0,0,,,0,0,0,,,False,WCANN,WCANN,Lycenchelys crotalinus,0.0
FG|WCANN|Lycodes cortezianus,16,2003.0,2018.0,16,0,0,,,0,0,0,,,False,WCANN,WCANN,Lycodes cortezianus,0.0
FG|WCANN|Lycodes diapterus,16,2003.0,2018.0,16,0,0,,,0,0,0,,,False,WCANN,WCANN,Lycodes diapterus,0.0
FG|WCANN|Lycodes pacificus,16,2003.0,2018.0,16,0,0,,,0,0,0,,,False,WCANN,WCANN,Lycodes pacificus,0.0
FG|WCANN|Lyopsetta exilis,16,2003.0,2018.0,16,0,0,,,0,0,0,,,False,WCANN,WCANN,Lyopsetta exilis,0.0
FG|WCANN|Merluccius productus,16,2003.0,2018.0,16,0,0,,,0,0,0,,,False,WCANN,WCANN,Merluccius productus,0.0
FG|WCANN|Microstomus bathybius,16,2003.0,2018.0,16,0,0,,,0,0,0,,,False,WCANN,WCANN,Microstomus bathybius,0.0
FG|WCANN|Microstomus pacificus,16,2003.0,2018.0,16,0,0,,,0,0,0,,,False,WCANN,WCANN,Microstomus pacificus,0.0
FG|WCANN|Nezumia stelgidolepis,16,2003.0,2018.0,16,0,0,,,0,0,0,,,False,WCANN,WCANN,Nezumia stelgidolepis,0.0
FG|WCANN|Ophiodon elongatus,16,2003.0,2018.0,16,0,0,,,0,0,0,,,False,WCANN,WCANN,Ophiodon elongatus,0.0
FG|WCANN|Parmaturus xaniurus,16,2003.0,2018.0,16,0,0,,,0,0,0,,,False,WCANN,WCANN,Parmaturus xaniurus,0.0
FG|WCANN|Parophrys vetulus,16,2003.0,2018.0,16,0,0,,,0,0,0,,,False,WCANN,WCANN,Parophrys vetulus,0.0
FG|WCANN|Peprilus simillimus,16,2003.0,2018.0,16,0,0,2009.0,2009.0,0,0,0,,,False,WCANN,WCANN,Peprilus simillimus,0.0
FG|WCANN|Pleuronichthys decurrens,16,2003.0,2018.0,16,0,0,,,0,0,0,,,False,WCANN,WCANN,Pleuronichthys decurrens,0.0
FG|WCANN|Porichthys notatus,16,2003.0,2018.0,16,0,0,,,0,0,0,,,False,WCANN,WCANN,Porichthys notatus,0.0
FG|WCANN|Sebastes alutus,16,2003.0,2018.0,16,0,0,,,0,0,0,,,False,WCANN,WCANN,Sebastes alutus,0.0
FG|WCANN|Sebastes aurora,16,2003.0,2018.0,16,0,0,,,0,0,0,,,False,WCANN,WCANN,Sebastes aurora,0.0
FG|WCANN|Sebastes babcocki,16,2003.0,2018.0,16,0,0,,,0,0,0,,,False,WCANN,WCANN,Sebastes babcocki,0.0
FG|WCANN|Sebastes chlorostictus,16,2003.0,2018.0,16,0,0,,,0,0,0,,,False,WCANN,WCANN,Sebastes chlorostictus,0.0
FG|WCANN|Sebastes crameri,16,2003.0,2018.0,16,0,0,,,0,0,0,,,False,WCANN,WCANN,Sebastes crameri,0.0
FG|WCANN|Sebastes diploproa,16,2003.0,2018.0,16,0,0,,,0,0,0,,,False,WCANN,WCANN,Sebastes diploproa,0.0
FG|WCANN|Sebastes elongatus,16,2003.0,2018.0,16,0,0,,,0,0,0,,,False,WCANN,WCANN,Sebastes elongatus,0.0
FG|WCANN|Sebastes flavidus,16,2003.0,2018.0,16,0,0,,,0,0,0,,,False,WCANN,WCANN,Sebastes flavidus,0.0
FG|WCANN|Sebastes goodei,16,2003.0,2018.0,16,0,0,,,0,0,0,,,False,WCANN,WCANN,Sebastes goodei,0.0
FG|WCANN|Sebastes helvomaculatus,16,2003.0,2018.0,16,0,0,,,0,0,0,,,False,WCANN,WCANN,Sebastes helvomaculatus,0.0
FG|WCANN|Sebastes jordani,16,2003.0,2018.0,16,0,0,2013.0,2013.0,0,0,0,,,False,WCANN,WCANN,Sebastes jordani,0.0
FG|WCANN|Sebastes melanostomus,16,2003.0,2018.0,16,0,0,,,0,0,0,,,False,WCANN,WCANN,Sebastes melanostomus,0.0
FG|WCANN|Sebastes paucispinis,16,2003.0,2018.0,16,0,0,,,0,0,0,,,False,WCANN,WCANN,Sebastes paucispinis,0.0
FG|WCANN|Sebastes pinniger,16,2003.0,2018.0,16,0,0,,,0,0,0,,,False,WCANN,WCANN,Sebastes pinniger,0.0
FG|WCANN|Sebastes saxicola,16,2003.0,2018.0,16,0,0,,,0,0,0,,,False,WCANN,WCANN,Sebastes saxicola,0.0
FG|WCANN|Sebastes semicinctus,16,2003.0,2018.0,16,0,0,,,0,0,0,,,False,WCANN,WCANN,Sebastes semicinctus,0.0
FG|WCANN|Sebastes zacentrus,16,2003.0,2018.0,16,0,0,,,0,0,0,,,False,WCANN,WCANN,Sebastes zacentrus,0.0
FG|WCANN|Sebastolobus alascanus,16,2003.0,2018.0,16,0,0,,,0,0,0,,,False,WCANN,WCANN,Sebastolobus alascanus,0.0
FG|WCANN|Sebastolobus altivelis,16,2003.0,2018.0,16,0,0,,,0,0,0,,,False,WCANN,WCANN,Sebastolobus altivelis,0.0
FG|WCANN|Squalus suckleyi,16,2003.0,2018.0,16,0,0,,,0,0,0,,,False,WCANN,WCANN,Squalus suckleyi,0.0
FG|WCANN|Tactostoma macropus,16,2003.0,2018.0,16,0,0,,,0,0,0,,,False,WCANN,WCANN,Tactostoma macropus,0.0
FG|WCANN|Talismania bifurcata,16,2003.0,2018.0,16,0,0,,,0,0,0,,,False,WCANN,WCANN,Talismania bifurcata,0.0
FG|WCANN|Tetronarce californica,16,2003.0,2018.0,16,0,0,,,0,0,0,,,False,WCANN,WCANN,Tetronarce californica,0.0
FG|WCANN|Thaleichthys pacificus,16,2003.0,2018.0,16,0,0,2017.0,2017.0,0,0,0,,,False,WCANN,WCANN,Thaleichthys pacificus,0.0
FG|WCANN|Zalembius rosaceus,16,2003.0,2018.0,16,0,0,,,0,0,0,,,False,WCANN,WCANN,Zalembius rosaceus,0.0
FG|WCANN|Zaniolepis latipinnis,16,2003.0,2018.0,16,0,0,,,0,0,0,,,False,WCANN,WCANN,Zaniolepis latipinnis,0.0
FG|DFO-WCHG|Albatrossia pectoralis,8,2006.0,2018.0,13,5,1,,,0,0,0,,,False,DFO-WCHG,DFO-WCHG,Albatrossia pectoralis,0.125
FG|DFO-WCHG|Anoplopoma fimbria,8,2006.0,2018.0,13,5,0,,,0,0,0,,,False,DFO-WCHG,DFO-WCHG,Anoplopoma fimbria,0.0
FG|DFO-WCHG|Antimora microlepis,8,2006.0,2018.0,13,5,1,,,0,0,0,,,False,DFO-WCHG,DFO-WCHG,Antimora microlepis,0.125
FG|DFO-WCHG|Atheresthes stomias,8,2006.0,2018.0,13,5,0,,,0,0,0,,,False,DFO-WCHG,DFO-WCHG,Atheresthes stomias,0.0
FG|DFO-WCHG|Bathyagonus nigripinnis,7,2006.0,2018.0,13,6,2,,,0,0,0,,,False,DFO-WCHG,DFO-WCHG,Bathyagonus nigripinnis,0.2857142857142857
FG|DFO-WCHG|Bathyagonus pentacanthus,8,2006.0,2018.0,13,5,0,,,0,0,0,,,False,DFO-WCHG,DFO-WCHG,Bathyagonus pentacanthus,0.0
FG|DFO-WCHG|Bathyraja aleutica,8,2006.0,2018.0,13,5,0,,,0,0,0,,,False,DFO-WCHG,DFO-WCHG,Bathyraja aleutica,0.0
FG|DFO-WCHG|Bathyraja interrupta,8,2006.0,2018.0,13,5,0,,,0,0,0,,,False,DFO-WCHG,DFO-WCHG,Bathyraja interrupta,0.0
FG|DFO-WCHG|Bathyraja trachura,8,2006.0,2018.0,13,5,1,,,0,0,0,,,False,DFO-WCHG,DFO-WCHG,Bathyraja trachura,0.125
FG|DFO-WCHG|Beringraja rhina,8,2006.0,2018.0,13,5,0,,,0,0,0,,,False,DFO-WCHG,DFO-WCHG,Beringraja rhina,0.0
FG|DFO-WCHG|Bothrocara brunneum,8,2006.0,2018.0,13,5,1,,,0,0,0,,,False,DFO-WCHG,DFO-WCHG,Bothrocara brunneum,0.125
FG|DFO-WCHG|Chauliodus macouni,8,2006.0,2018.0,13,5,1,,,0,0,0,,,False,DFO-WCHG,DFO-WCHG,Chauliodus macouni,0.125
FG|DFO-WCHG|Coryphaenoides acrolepis,8,2006.0,2018.0,13,5,1,,,0,0,0,,,False,DFO-WCHG,DFO-WCHG,Coryphaenoides acrolepis,0.125
FG|DFO-WCHG|Coryphaenoides cinereus,8,2006.0,2018.0,13,5,1,,,0,0,0,,,False,DFO-WCHG,DFO-WCHG,Coryphaenoides cinereus,0.125
FG|DFO-WCHG|Eopsetta jordani,8,2006.0,2018.0,13,5,0,,,0,0,0,,,False,DFO-WCHG,DFO-WCHG,Eopsetta jordani,0.0
FG|DFO-WCHG|Gadus chalcogrammus,8,2006.0,2018.0,13,5,0,,,0,0,0,,,False,DFO-WCHG,DFO-WCHG,Gadus chalcogrammus,0.0
FG|DFO-WCHG|Gadus macrocephalus,8,2006.0,2018.0,13,5,0,,,0,0,0,,,False,DFO-WCHG,DFO-WCHG,Gadus macrocephalus,0.0
FG|DFO-WCHG|Glyptocephalus zachirus,8,2006.0,2018.0,13,5,0,,,0,0,0,,,False,DFO-WCHG,DFO-WCHG,Glyptocephalus zachirus,0.0
FG|DFO-WCHG|Hippoglossus stenolepis,8,2006.0,2018.0,13,5,0,,,0,0,0,,,False,DFO-WCHG,DFO-WCHG,Hippoglossus stenolepis,0.0
FG|DFO-WCHG|Hydrolagus colliei,8,2006.0,2018.0,13,5,0,,,0,0,0,,,False,DFO-WCHG,DFO-WCHG,Hydrolagus colliei,0.0
FG|DFO-WCHG|Lycodes diapterus,8,2006.0,2018.0,13,5,1,,,0,0,0,,,False,DFO-WCHG,DFO-WCHG,Lycodes diapterus,0.125
FG|DFO-WCHG|Lyopsetta exilis,8,2006.0,2018.0,13,5,0,,,0,0,0,,,False,DFO-WCHG,DFO-WCHG,Lyopsetta exilis,0.0
FG|DFO-WCHG|Merluccius productus,8,2006.0,2018.0,13,5,0,,,0,0,0,,,False,DFO-WCHG,DFO-WCHG,Merluccius productus,0.0
FG|DFO-WCHG|Microstomus bathybius,8,2006.0,2018.0,13,5,1,,,0,0,0,,,False,DFO-WCHG,DFO-WCHG,Microstomus bathybius,0.125
FG|DFO-WCHG|Microstomus pacificus,8,2006.0,2018.0,13,5,0,,,0,0,0,,,False,DFO-WCHG,DFO-WCHG,Microstomus pacificus,0.0
FG|DFO-WCHG|Ophiodon elongatus,8,2006.0,2018.0,13,5,0,,,0,0,0,,,False,DFO-WCHG,DFO-WCHG,Ophiodon elongatus,0.0
FG|DFO-WCHG|Parophrys vetulus,8,2006.0,2018.0,13,5,0,,,0,0,0,,,False,DFO-WCHG,DFO-WCHG,Parophrys vetulus,0.0
FG|DFO-WCHG|Sebastes alutus,8,2006.0,2018.0,13,5,0,,,0,0,0,,,False,DFO-WCHG,DFO-WCHG,Sebastes alutus,0.0
FG|DFO-WCHG|Sebastes babcocki,8,2006.0,2018.0,13,5,0,,,0,0,0,,,False,DFO-WCHG,DFO-WCHG,Sebastes babcocki,0.0
FG|DFO-WCHG|Sebastes borealis,8,2006.0,2018.0,13,5,0,,,0,0,0,,,False,DFO-WCHG,DFO-WCHG,Sebastes borealis,0.0
FG|DFO-WCHG|Sebastes brevispinis,8,2006.0,2018.0,13,5,0,,,0,0,0,,,False,DFO-WCHG,DFO-WCHG,Sebastes brevispinis,0.0
FG|DFO-WCHG|Sebastes crameri,8,2006.0,2018.0,13,5,0,,,0,0,0,,,False,DFO-WCHG,DFO-WCHG,Sebastes crameri,0.0
FG|DFO-WCHG|Sebastes diploproa,8,2006.0,2018.0,13,5,0,,,0,0,0,,,False,DFO-WCHG,DFO-WCHG,Sebastes diploproa,0.0
FG|DFO-WCHG|Sebastes elongatus,8,2006.0,2018.0,13,5,0,,,0,0,0,,,False,DFO-WCHG,DFO-WCHG,Sebastes elongatus,0.0
FG|DFO-WCHG|Sebastes entomelas,8,2006.0,2018.0,13,5,0,,,0,0,0,,,False,DFO-WCHG,DFO-WCHG,Sebastes entomelas,0.0
FG|DFO-WCHG|Sebastes flavidus,8,2006.0,2018.0,13,5,0,,,0,0,0,,,False,DFO-WCHG,DFO-WCHG,Sebastes flavidus,0.0
FG|DFO-WCHG|Sebastes helvomaculatus,8,2006.0,2018.0,13,5,0,,,0,0,0,,,False,DFO-WCHG,DFO-WCHG,Sebastes helvomaculatus,0.0
FG|DFO-WCHG|Sebastes paucispinis,8,2006.0,2018.0,13,5,0,,,0,0,0,,,False,DFO-WCHG,DFO-WCHG,Sebastes paucispinis,0.0
FG|DFO-WCHG|Sebastes pinniger,8,2006.0,2018.0,13,5,0,,,0,0,0,,,False,DFO-WCHG,DFO-WCHG,Sebastes pinniger,0.0
FG|DFO-WCHG|Sebastes proriger,8,2006.0,2018.0,13,5,0,,,0,0,0,,,False,DFO-WCHG,DFO-WCHG,Sebastes proriger,0.0
FG|DFO-WCHG|Sebastes reedi,8,2006.0,2018.0,13,5,0,,,0,0,0,,,False,DFO-WCHG,DFO-WCHG,Sebastes reedi,0.0
FG|DFO-WCHG|Sebastes variegatus,8,2006.0,2018.0,13,5,0,,,0,0,0,,,False,DFO-WCHG,DFO-WCHG,Sebastes variegatus,0.0
FG|DFO-WCHG|Sebastes zacentrus,8,2006.0,2018.0,13,5,0,,,0,0,0,,,False,DFO-WCHG,DFO-WCHG,Sebastes zacentrus,0.0
FG|DFO-WCHG|Sebastolobus alascanus,8,2006.0,2018.0,13,5,0,,,0,0,0,,,False,DFO-WCHG,DFO-WCHG,Sebastolobus alascanus,0.0
FG|DFO-WCHG|Sebastolobus altivelis,8,2006.0,2018.0,13,5,1,,,0,0,0,,,False,DFO-WCHG,DFO-WCHG,Sebastolobus altivelis,0.125
FG|DFO-WCHG|Squalus suckleyi,8,2006.0,2018.0,13,5,0,,,0,0,0,,,False,DFO-WCHG,DFO-WCHG,Squalus suckleyi,0.0
FG|DFO-WCHG|Stenobrachius leucopsarus,6,2006.0,2016.0,11,5,1,,,0,0,0,,,False,DFO-WCHG,DFO-WCHG,Stenobrachius leucopsarus,0.16666666666666666
FG|DFO-WCHG|Xeneretmus leiops,8,2006.0,2018.0,13,5,3,,,0,0,0,,,False,DFO-WCHG,DFO-WCHG,Xeneretmus leiops,0.375
FG|WCTRI|Alosa sapidissima,10,1977.0,2004.0,28,18,0,,,0,0,0,,,False,WCTRI,WCTRI,Alosa sapidissima,0.0
FG|WCTRI|Anoplopoma fimbria,10,1977.0,2004.0,28,18,0,,,0,0,0,,,False,WCTRI,WCTRI,Anoplopoma fimbria,0.0
FG|WCTRI|Apristurus brunneus,10,1977.0,2004.0,28,18,0,,,0,0,0,,,False,WCTRI,WCTRI,Apristurus brunneus,0.0
FG|WCTRI|Atheresthes stomias,10,1977.0,2004.0,28,18,0,,,0,0,0,,,False,WCTRI,WCTRI,Atheresthes stomias,0.0
FG|WCTRI|Beringraja binoculata,10,1977.0,2004.0,28,18,0,,,0,0,0,,,False,WCTRI,WCTRI,Beringraja binoculata,0.0
FG|WCTRI|Beringraja rhina,10,1977.0,2004.0,28,18,0,,,0,0,0,,,False,WCTRI,WCTRI,Beringraja rhina,0.0
FG|WCTRI|Chilara taylori,10,1977.0,2004.0,28,18,0,,,0,0,0,,,False,WCTRI,WCTRI,Chilara taylori,0.0
FG|WCTRI|Citharichthys sordidus,10,1977.0,2004.0,28,18,0,,,0,0,0,,,False,WCTRI,WCTRI,Citharichthys sordidus,0.0
FG|WCTRI|Clupea pallasii,10,1977.0,2004.0,28,18,0,,,0,0,0,,,False,WCTRI,WCTRI,Clupea pallasii,0.0
FG|WCTRI|Eopsetta jordani,10,1977.0,2004.0,28,18,0,,,0,0,0,,,False,WCTRI,WCTRI,Eopsetta jordani,0.0
FG|WCTRI|Gadus chalcogrammus,10,1977.0,2004.0,28,18,0,,,0,0,0,,,False,WCTRI,WCTRI,Gadus chalcogrammus,0.0
FG|WCTRI|Gadus macrocephalus,10,1977.0,2004.0,28,18,0,,,0,0,0,,,False,WCTRI,WCTRI,Gadus macrocephalus,0.0
FG|WCTRI|Genyonemus lineatus,10,1977.0,2004.0,28,18,0,,,0,0,0,,,False,WCTRI,WCTRI,Genyonemus lineatus,0.0
FG|WCTRI|Glyptocephalus zachirus,10,1977.0,2004.0,28,18,0,,,0,0,0,,,False,WCTRI,WCTRI,Glyptocephalus zachirus,0.0
FG|WCTRI|Hippoglossoides elassodon,10,1977.0,2004.0,28,18,0,,,0,0,0,,,False,WCTRI,WCTRI,Hippoglossoides elassodon,0.0
FG|WCTRI|Hippoglossus stenolepis,10,1977.0,2004.0,28,18,0,,,0,0,0,,,False,WCTRI,WCTRI,Hippoglossus stenolepis,0.0
FG|WCTRI|Hydrolagus colliei,10,1977.0,2004.0,28,18,0,,,0,0,0,,,False,WCTRI,WCTRI,Hydrolagus colliei,0.0
FG|WCTRI|Icelinus filamentosus,10,1977.0,2004.0,28,18,0,,,0,0,0,,,False,WCTRI,WCTRI,Icelinus filamentosus,0.0
FG|WCTRI|Lycodes cortezianus,10,1977.0,2004.0,28,18,0,,,0,0,0,,,False,WCTRI,WCTRI,Lycodes cortezianus,0.0
FG|WCTRI|Lycodes diapterus,10,1977.0,2004.0,28,18,0,,,0,0,0,,,False,WCTRI,WCTRI,Lycodes diapterus,0.0
FG|WCTRI|Lyopsetta exilis,10,1977.0,2004.0,28,18,0,,,0,0,0,,,False,WCTRI,WCTRI,Lyopsetta exilis,0.0
FG|WCTRI|Merluccius productus,10,1977.0,2004.0,28,18,0,,,0,0,0,,,False,WCTRI,WCTRI,Merluccius productus,0.0
FG|WCTRI|Microgadus proximus,10,1977.0,2004.0,28,18,0,,,0,0,0,,,False,WCTRI,WCTRI,Microgadus proximus,0.0
FG|WCTRI|Microstomus pacificus,10,1977.0,2004.0,28,18,0,,,0,0,0,,,False,WCTRI,WCTRI,Microstomus pacificus,0.0
FG|WCTRI|Oncorhynchus tshawytscha,10,1977.0,2004.0,28,18,0,,,0,0,0,,,False,WCTRI,WCTRI,Oncorhynchus tshawytscha,0.0
FG|WCTRI|Ophiodon elongatus,10,1977.0,2004.0,28,18,0,,,0,0,0,,,False,WCTRI,WCTRI,Ophiodon elongatus,0.0
FG|WCTRI|Parophrys vetulus,10,1977.0,2004.0,28,18,0,,,0,0,0,,,False,WCTRI,WCTRI,Parophrys vetulus,0.0
FG|WCTRI|Pleuronichthys decurrens,10,1977.0,2004.0,28,18,0,,,0,0,0,,,False,WCTRI,WCTRI,Pleuronichthys decurrens,0.0
FG|WCTRI|Porichthys notatus,10,1977.0,2004.0,28,18,0,,,0,0,0,,,False,WCTRI,WCTRI,Porichthys notatus,0.0
FG|WCTRI|Scomber japonicus,10,1977.0,2004.0,28,18,3,,,0,0,0,,,False,WCTRI,WCTRI,Scomber japonicus,0.3
FG|WCTRI|Sebastes alutus,10,1977.0,2004.0,28,18,0,,,0,0,0,,,False,WCTRI,WCTRI,Sebastes alutus,0.0
FG|WCTRI|Sebastes aurora,10,1977.0,2004.0,28,18,1,,,0,0,0,,,False,WCTRI,WCTRI,Sebastes aurora,0.1
FG|WCTRI|Sebastes babcocki,10,1977.0,2004.0,28,18,0,,,0,0,0,,,False,WCTRI,WCTRI,Sebastes babcocki,0.0
FG|WCTRI|Sebastes crameri,10,1977.0,2004.0,28,18,0,,,0,0,0,,,False,WCTRI,WCTRI,Sebastes crameri,0.0
FG|WCTRI|Sebastes diploproa,10,1977.0,2004.0,28,18,0,,,0,0,0,,,False,WCTRI,WCTRI,Sebastes diploproa,0.0
FG|WCTRI|Sebastes elongatus,10,1977.0,2004.0,28,18,0,,,0,0,0,,,False,WCTRI,WCTRI,Sebastes elongatus,0.0
FG|WCTRI|Sebastes entomelas,10,1977.0,2004.0,28,18,0,,,0,0,0,,,False,WCTRI,WCTRI,Sebastes entomelas,0.0
FG|WCTRI|Sebastes flavidus,10,1977.0,2004.0,28,18,0,,,0,0,0,,,False,WCTRI,WCTRI,Sebastes flavidus,0.0
FG|WCTRI|Sebastes goodei,10,1977.0,2004.0,28,18,0,,,0,0,0,,,False,WCTRI,WCTRI,Sebastes goodei,0.0
FG|WCTRI|Sebastes helvomaculatus,10,1977.0,2004.0,28,18,0,,,0,0,0,,,False,WCTRI,WCTRI,Sebastes helvomaculatus,0.0
FG|WCTRI|Sebastes jordani,10,1977.0,2004.0,28,18,0,,,0,0,0,,,False,WCTRI,WCTRI,Sebastes jordani,0.0
FG|WCTRI|Sebastes paucispinis,10,1977.0,2004.0,28,18,0,,,0,0,0,,,False,WCTRI,WCTRI,Sebastes paucispinis,0.0
FG|WCTRI|Sebastes pinniger,10,1977.0,2004.0,28,18,0,,,0,0,0,,,False,WCTRI,WCTRI,Sebastes pinniger,0.0
FG|WCTRI|Sebastes proriger,10,1977.0,2004.0,28,18,0,,,0,0,0,,,False,WCTRI,WCTRI,Sebastes proriger,0.0
FG|WCTRI|Sebastes saxicola,10,1977.0,2004.0,28,18,0,,,0,0,0,,,False,WCTRI,WCTRI,Sebastes saxicola,0.0
FG|WCTRI|Sebastes zacentrus,10,1977.0,2004.0,28,18,0,,,0,0,0,,,False,WCTRI,WCTRI,Sebastes zacentrus,0.0
FG|WCTRI|Sebastolobus alascanus,10,1977.0,2004.0,28,18,0,,,0,0,0,,,False,WCTRI,WCTRI,Sebastolobus alascanus,0.0
FG|WCTRI|Squalus suckleyi,10,1977.0,2004.0,28,18,0,,,0,0,0,,,False,WCTRI,WCTRI,Squalus suckleyi,0.0
FG|WCTRI|Tetronarce californica,10,1977.0,2004.0,28,18,0,,,0,0,0,,,False,WCTRI,WCTRI,Tetronarce californica,0.0
FG|WCTRI|Thaleichthys pacificus,10,1977.0,2004.0,28,18,0,,,0,0,0,,,False,WCTRI,WCTRI,Thaleichthys pacificus,0.0
FG|WCTRI|Trachurus symmetricus,10,1977.0,2004.0,28,18,0,,,0,0,0,,,False,WCTRI,WCTRI,Trachurus symmetricus,0.0
FG|WCTRI|Zalembius rosaceus,10,1977.0,2004.0,28,18,0,,,0,0,0,,,False,WCTRI,WCTRI,Zalembius rosaceus,0.0
FG|DFO-WCVI|Alosa sapidissima,8,2004.0,2018.0,15,7,0,,,0,0,0,,,False,DFO-WCVI,DFO-WCVI,Alosa sapidissima,0.0
FG|DFO-WCVI|Anoplopoma fimbria,8,2004.0,2018.0,15,7,0,,,0,0,0,,,False,DFO-WCVI,DFO-WCVI,Anoplopoma fimbria,0.0
FG|DFO-WCVI|Atheresthes stomias,8,2004.0,2018.0,15,7,0,,,0,0,0,,,False,DFO-WCVI,DFO-WCVI,Atheresthes stomias,0.0
FG|DFO-WCVI|Bathyagonus pentacanthus,6,2006.0,2018.0,13,7,0,,,0,0,0,,,False,DFO-WCVI,DFO-WCVI,Bathyagonus pentacanthus,0.0
FG|DFO-WCVI|Bathyraja interrupta,8,2004.0,2018.0,15,7,0,,,0,0,0,,,False,DFO-WCVI,DFO-WCVI,Bathyraja interrupta,0.0
FG|DFO-WCVI|Beringraja binoculata,8,2004.0,2018.0,15,7,0,,,0,0,0,,,False,DFO-WCVI,DFO-WCVI,Beringraja binoculata,0.0
FG|DFO-WCVI|Beringraja rhina,8,2004.0,2018.0,15,7,0,,,0,0,0,,,False,DFO-WCVI,DFO-WCVI,Beringraja rhina,0.0
FG|DFO-WCVI|Citharichthys sordidus,8,2004.0,2018.0,15,7,0,,,0,0,0,,,False,DFO-WCVI,DFO-WCVI,Citharichthys sordidus,0.0
FG|DFO-WCVI|Clupea pallasii,8,2004.0,2018.0,15,7,0,,,0,0,0,,,False,DFO-WCVI,DFO-WCVI,Clupea pallasii,0.0
FG|DFO-WCVI|Eopsetta jordani,8,2004.0,2018.0,15,7,0,,,0,0,0,,,False,DFO-WCVI,DFO-WCVI,Eopsetta jordani,0.0
FG|DFO-WCVI|Gadus chalcogrammus,8,2004.0,2018.0,15,7,0,,,0,0,0,,,False,DFO-WCVI,DFO-WCVI,Gadus chalcogrammus,0.0
FG|DFO-WCVI|Gadus macrocephalus,8,2004.0,2018.0,15,7,0,,,0,0,0,,,False,DFO-WCVI,DFO-WCVI,Gadus macrocephalus,0.0
FG|DFO-WCVI|Glyptocephalus zachirus,8,2004.0,2018.0,15,7,0,,,0,0,0,,,False,DFO-WCVI,DFO-WCVI,Glyptocephalus zachirus,0.0
FG|DFO-WCVI|Hexagrammos decagrammus,8,2004.0,2018.0,15,7,0,,,0,0,0,,,False,DFO-WCVI,DFO-WCVI,Hexagrammos decagrammus,0.0
FG|DFO-WCVI|Hippoglossoides elassodon,8,2004.0,2018.0,15,7,0,,,0,0,0,,,False,DFO-WCVI,DFO-WCVI,Hippoglossoides elassodon,0.0
FG|DFO-WCVI|Hippoglossus stenolepis,8,2004.0,2018.0,15,7,0,,,0,0,0,,,False,DFO-WCVI,DFO-WCVI,Hippoglossus stenolepis,0.0
FG|DFO-WCVI|Hydrolagus colliei,8,2004.0,2018.0,15,7,0,,,0,0,0,,,False,DFO-WCVI,DFO-WCVI,Hydrolagus colliei,0.0
FG|DFO-WCVI|Icelinus filamentosus,8,2004.0,2018.0,15,7,0,,,0,0,0,,,False,DFO-WCVI,DFO-WCVI,Icelinus filamentosus,0.0
FG|DFO-WCVI|Lepidopsetta bilineata,8,2004.0,2018.0,15,7,0,,,0,0,0,,,False,DFO-WCVI,DFO-WCVI,Lepidopsetta bilineata,0.0
FG|DFO-WCVI|Lycodes cortezianus,8,2004.0,2018.0,15,7,0,,,0,0,0,,,False,DFO-WCVI,DFO-WCVI,Lycodes cortezianus,0.0
FG|DFO-WCVI|Lycodes diapterus,8,2004.0,2018.0,15,7,0,,,0,0,0,,,False,DFO-WCVI,DFO-WCVI,Lycodes diapterus,0.0
FG|DFO-WCVI|Lycodes pacificus,8,2004.0,2018.0,15,7,0,,,0,0,0,,,False,DFO-WCVI,DFO-WCVI,Lycodes pacificus,0.0
FG|DFO-WCVI|Lyopsetta exilis,8,2004.0,2018.0,15,7,0,,,0,0,0,,,False,DFO-WCVI,DFO-WCVI,Lyopsetta exilis,0.0
FG|DFO-WCVI|Merluccius productus,8,2004.0,2018.0,15,7,0,,,0,0,0,,,False,DFO-WCVI,DFO-WCVI,Merluccius productus,0.0
FG|DFO-WCVI|Microgadus proximus,7,2004.0,2018.0,15,8,1,,,0,0,0,,,False,DFO-WCVI,DFO-WCVI,Microgadus proximus,0.14285714285714285
FG|DFO-WCVI|Microstomus pacificus,8,2004.0,2018.0,15,7,0,,,0,0,0,,,False,DFO-WCVI,DFO-WCVI,Microstomus pacificus,0.0
FG|DFO-WCVI|Ophiodon elongatus,8,2004.0,2018.0,15,7,0,,,0,0,0,,,False,DFO-WCVI,DFO-WCVI,Ophiodon elongatus,0.0
FG|DFO-WCVI|Parophrys vetulus,8,2004.0,2018.0,15,7,0,,,0,0,0,,,False,DFO-WCVI,DFO-WCVI,Parophrys vetulus,0.0
FG|DFO-WCVI|Pleuronichthys decurrens,8,2004.0,2018.0,15,7,0,,,0,0,0,,,False,DFO-WCVI,DFO-WCVI,Pleuronichthys decurrens,0.0
FG|DFO-WCVI|Radulinus asprellus,2,2016.0,2018.0,3,1,0,,,0,0,0,,,False,DFO-WCVI,DFO-WCVI,Radulinus asprellus,0.0
FG|DFO-WCVI|Ronquilus jordani,8,2004.0,2018.0,15,7,0,,,0,0,0,,,False,DFO-WCVI,DFO-WCVI,Ronquilus jordani,0.0
FG|DFO-WCVI|Sebastes alutus,8,2004.0,2018.0,15,7,0,,,0,0,0,,,False,DFO-WCVI,DFO-WCVI,Sebastes alutus,0.0
FG|DFO-WCVI|Sebastes babcocki,8,2004.0,2018.0,15,7,0,,,0,0,0,,,False,DFO-WCVI,DFO-WCVI,Sebastes babcocki,0.0
FG|DFO-WCVI|Sebastes borealis,8,2004.0,2018.0,15,7,0,,,0,0,0,,,False,DFO-WCVI,DFO-WCVI,Sebastes borealis,0.0
FG|DFO-WCVI|Sebastes brevispinis,8,2004.0,2018.0,15,7,0,,,0,0,0,,,False,DFO-WCVI,DFO-WCVI,Sebastes brevispinis,0.0
FG|DFO-WCVI|Sebastes crameri,8,2004.0,2018.0,15,7,0,,,0,0,0,,,False,DFO-WCVI,DFO-WCVI,Sebastes crameri,0.0
FG|DFO-WCVI|Sebastes diploproa,8,2004.0,2018.0,15,7,0,,,0,0,0,,,False,DFO-WCVI,DFO-WCVI,Sebastes diploproa,0.0
FG|DFO-WCVI|Sebastes elongatus,8,2004.0,2018.0,15,7,0,,,0,0,0,,,False,DFO-WCVI,DFO-WCVI,Sebastes elongatus,0.0
FG|DFO-WCVI|Sebastes entomelas,8,2004.0,2018.0,15,7,0,,,0,0,0,,,False,DFO-WCVI,DFO-WCVI,Sebastes entomelas,0.0
FG|DFO-WCVI|Sebastes flavidus,8,2004.0,2018.0,15,7,0,,,0,0,0,,,False,DFO-WCVI,DFO-WCVI,Sebastes flavidus,0.0
FG|DFO-WCVI|Sebastes helvomaculatus,8,2004.0,2018.0,15,7,0,,,0,0,0,,,False,DFO-WCVI,DFO-WCVI,Sebastes helvomaculatus,0.0
FG|DFO-WCVI|Sebastes maliger,8,2004.0,2018.0,15,7,0,,,0,0,0,,,False,DFO-WCVI,DFO-WCVI,Sebastes maliger,0.0
FG|DFO-WCVI|Sebastes paucispinis,8,2004.0,2018.0,15,7,0,,,0,0,0,,,False,DFO-WCVI,DFO-WCVI,Sebastes paucispinis,0.0
FG|DFO-WCVI|Sebastes pinniger,8,2004.0,2018.0,15,7,0,,,0,0,0,,,False,DFO-WCVI,DFO-WCVI,Sebastes pinniger,0.0
FG|DFO-WCVI|Sebastes proriger,8,2004.0,2018.0,15,7,0,,,0,0,0,,,False,DFO-WCVI,DFO-WCVI,Sebastes proriger,0.0
FG|DFO-WCVI|Sebastes reedi,8,2004.0,2018.0,15,7,0,,,0,0,0,,,False,DFO-WCVI,DFO-WCVI,Sebastes reedi,0.0
FG|DFO-WCVI|Sebastes ruberrimus,8,2004.0,2018.0,15,7,0,,,0,0,0,,,False,DFO-WCVI,DFO-WCVI,Sebastes ruberrimus,0.0
FG|DFO-WCVI|Sebastes wilsoni,8,2004.0,2018.0,15,7,0,,,0,0,0,,,False,DFO-WCVI,DFO-WCVI,Sebastes wilsoni,0.0
FG|DFO-WCVI|Sebastes zacentrus,8,2004.0,2018.0,15,7,0,,,0,0,0,,,False,DFO-WCVI,DFO-WCVI,Sebastes zacentrus,0.0
FG|DFO-WCVI|Sebastolobus alascanus,8,2004.0,2018.0,15,7,0,,,0,0,0,,,False,DFO-WCVI,DFO-WCVI,Sebastolobus alascanus,0.0
FG|DFO-WCVI|Squalus suckleyi,8,2004.0,2018.0,15,7,0,,,0,0,0,,,False,DFO-WCVI,DFO-WCVI,Squalus suckleyi,0.0
FG|DFO-WCVI|Thaleichthys pacificus,8,2004.0,2018.0,15,7,0,,,0,0,0,,,False,DFO-WCVI,DFO-WCVI,Thaleichthys pacificus,0.0
FG|DFO-WCVI|Xeneretmus leiops,7,2006.0,2018.0,13,6,0,,,0,0,0,,,False,DFO-WCVI,DFO-WCVI,Xeneretmus leiops,0.0
