MainID,n_obs,start,end,span,n_missing_years,n_zero,onset_year,censor_year,n_origins,n_pos,n_neg,first_origin,last_origin,event_in_eligible_window,TaxonName,TaxonomicClass,BiotopeType,Country,Continent,SamplingProtocol,SamplingUnits,SamplingEffort,SpatialDensity,Reliability,DatasetLength,SamplingFrequency,restricted,Notes,DataSourceID,LocationID,TaxonID,LongDD,LatDD
1,30,1959,1988,30,0,1,1970.0,1970.0,0,0,0,,,False,Bonasa bonasia,Aves,Coniferous forest,Russian Federation,Europe,Count,All Individuals,Sample,per 1000ha^2,4.0,30.0,1.0,False,Source dominated landscape.,1,1,1,57.0,62.0
2,19,1971,1989,19,0,2,1983.0,1983.0,0,0,0,,,False,Anolis limifrons,Reptilia,Deciduous forest,Panama,South America,Count,All Individuals,Census,per 890m^2,3.0,19.0,1.0,False,Census data provides estimates of population density at the end of the wet season (December). Adults are individuals with a snout-vent length greater than or equal to 35mm.,2,2,2,-79.83333333333333,9.166666666666666
3,27,1962,1988,27,0,0,,,0,0,0,,,False,Ischnura elegans,Insecta,Wetland,UK - England,Europe,Count,All Individuals,Census,None,4.0,27.0,1.0,False,None,3,411,3,-0.18333333333333332,52.43333333333333
4,27,1962,1988,27,0,0,,,0,0,0,,,False,Sympetrum striolatum,Insecta,Wetland,UK - England,Europe,Count,All Individuals,Census,None,4.0,27.0,1.0,False,None,3,411,4,-0.18333333333333332,52.43333333333333
5,29,1959,1988,30,1,2,1966.0,1966.0,0,0,0,,,False,Libellula quadrimaculata,Insecta,Wetland,UK - England,Europe,Count,All Individuals,Census,None,4.0,30.0,1.0,False,None,3,411,5,-0.18333333333333332,52.43333333333333
6,26,1963,1988,26,0,0,,,0,0,0,,,False,Coenagrion puella,Insecta,Wetland,UK - England,Europe,Count,All Individuals,Census,None,4.0,26.0,1.0,False,None,3,411,6,-0.18333333333333332,52.43333333333333
7,25,1964,1988,25,0,0,,,0,0,0,,,False,Lestes sponsa,Insecta,Wetland,UK - England,Europe,Count,All Individuals,Census,None,4.0,25.0,1.0,False,None,3,411,7,-0.18333333333333332,52.43333333333333
8,21,1971,1991,21,0,0,,,0,0,0,,,False,Haematopus ostralegus,Aves,Coastal,United Kingdom,Europe,Count,All Individuals,Census,None,4.0,21.0,1.0,False,NOT a closed population. The data are in the form of a winter population index rather than species counts.,5,4,9,-1.0,55.0
9,21,1971,1991,21,0,0,,,0,0,0,,,False,Charadrius hiaticula,Aves,Coastal,United Kingdom,Europe,Count,All Individuals,Census,None,4.0,21.0,1.0,False,The data are in the form of a winter index rather than species counts.,5,4,12,-1.0,55.0
10,21,1971,1991,21,0,0,,,0,0,0,,,False,Pluvialis squatarola,Aves,Coastal,United Kingdom,Europe,Count,All Individuals,Census,None,4.0,21.0,1.0,False,The data are in the form of a winter index rather than species counts.,5,4,13,-1.0,55.0
11,21,1971,1991,21,0,0,,,0,0,0,,,False,Calidris canutus,Aves,Coastal,United Kingdom,Europe,Count,All Individuals,Census,None,4.0,21.0,1.0,False,The data are in the form of a winter index rather than species counts.,5,4,10,-1.0,55.0
12,21,1971,1991,21,0,0,,,0,0,0,,,False,Calidris alba,Aves,Coastal,United Kingdom,Europe,Count,All Individuals,Census,None,4.0,21.0,1.0,False,The data are in the form of a winter index rather than species counts.,5,4,14,-1.0,55.0
13,21,1971,1991,21,0,0,,,0,0,0,,,False,Calidris alpina,Aves,Coastal,United Kingdom,Europe,Count,All Individuals,Census,None,4.0,21.0,1.0,False,The data are in the form of a winter index rather than species counts.,5,4,11,-1.0,55.0
14,21,1971,1991,21,0,0,,,0,0,0,,,False,Limosa limosa,Aves,Coastal,United Kingdom,Europe,Count,All Individuals,Census,None,4.0,21.0,1.0,False,The data are in the form of a winter index rather than species counts.,5,4,15,-1.0,55.0
15,21,1971,1991,21,0,0,,,0,0,0,,,False,Limosa lapponica,Aves,Coastal,United Kingdom,Europe,Count,All Individuals,Census,None,4.0,21.0,1.0,False,The data are in the form of a winter index rather than species counts.,5,4,16,-1.0,55.0
16,21,1971,1991,21,0,0,,,0,0,0,,,False,Numenius arquata,Aves,Coastal,United Kingdom,Europe,Count,All Individuals,Census,None,4.0,21.0,1.0,False,The data are in the form of a winter index rather than species counts.,5,4,17,-1.0,55.0
17,21,1971,1991,21,0,0,,,0,0,0,,,False,Tringa totanus,Aves,Coastal,United Kingdom,Europe,Count,All Individuals,Census,None,4.0,21.0,1.0,False,The data are in the form of a winter index rather than species counts.,5,4,18,-1.0,55.0
18,21,1971,1991,21,0,0,,,0,0,0,,,False,Arenaria interpres,Aves,Coastal,United Kingdom,Europe,Count,All Individuals,Census,None,4.0,21.0,1.0,False,The data are in the form of a winter index rather than species counts.,5,4,19,-1.0,55.0
19,111,1876,1986,111,0,0,1905.0,1905.0,0,0,0,,,False,Salmo salar,Osteichthyes,Fluvial,Norway,Europe,Harvest,Tonnes,Harvest,None,2.0,111.0,1.0,False,"Reported catch. The total salmon run was estimated by using catch statistics, trap counts and by mark-recapture experiment.",6,5,48,10.0,60.0
44,28,1949,1977,29,1,0,,,0,0,0,,,False,Apodemus sylvaticus,Mammalia,Deciduous forest,UK - England,Europe,Count,All Individuals,Sample,None,3.0,29.0,1.0,False,"Summer sampling only, for winter equivalent see Main ID 45",9,8,50,-1.3333333333333333,51.7
45,28,1949,1977,29,1,0,,,0,0,0,,,False,Apodemus sylvaticus,Mammalia,Deciduous forest,UK - England,Europe,Count,All Individuals,Sample,None,3.0,29.0,1.0,False,"Winter sampling only, for summer equivalent see Main ID 44",9,8,50,-1.3333333333333333,51.7
46,28,1949,1977,29,1,0,,,0,0,0,,,False,Clethrionomys glareolus,Mammalia,Deciduous forest,UK - England,Europe,Count,All Individuals,Sample,None,3.0,29.0,1.0,False,"Summer sampling only, for winter equivalent see Main ID 47",9,8,51,-1.3333333333333333,51.7
47,28,1949,1977,29,1,0,,,0,0,0,,,False,Clethrionomys glareolus,Mammalia,Deciduous forest,UK - England,Europe,Count,All Individuals,Sample,None,3.0,29.0,1.0,False,"Winter sampling only, for summer equivalent see Main ID 46",9,8,51,-1.3333333333333333,51.7
48,10,1979,1992,14,4,0,,,0,0,0,,,False,Phalacrocorax carbo,Aves,Coastal,Norway,Europe,Count,Pairs,Census,None,3.0,14.0,1.0,False,to be completed,10,9,23,8.533333333333333,63.916666666666664
49,10,1980,1992,13,3,0,,,0,0,0,,,False,Phalacrocorax carbo,Aves,Coastal,Norway,Europe,Count,Pairs,Census,None,3.0,13.0,1.0,False,to be completed,10,10,23,8.666666666666666,63.833333333333336
50,10,1979,1992,14,4,0,,,0,0,0,,,False,Phalacrocorax carbo,Aves,Coastal,Norway,Europe,Count,Pairs,Census,None,3.0,14.0,1.0,False,to be completed,10,12,23,9.25,64.0
51,10,1979,1992,14,4,0,,,0,0,0,,,False,Phalacrocorax carbo,Aves,Coastal,Norway,Europe,Count,Pairs,Census,None,3.0,14.0,1.0,False,to be completed,10,13,23,11.0,64.91666666666667
52,11,1979,1992,14,3,0,,,0,0,0,,,False,Phalacrocorax carbo,Aves,Coastal,Norway,Europe,Count,Pairs,Census,None,3.0,14.0,1.0,False,to be completed,10,14,23,10.833333333333334,65.08333333333333
53,41,1950,1990,41,0,6,1967.0,1967.0,0,0,0,,,False,Clupea harengus,Osteichthyes,Marine,Multiple or International jurisdiction,Europe,Harvest,Tonnes,Harvest,None,1.0,41.0,1.0,False,None,11,15,52,-10.0,65.0
55,11,1979,1989,11,0,0,,,0,0,0,,,False,Fratercula arctica,Aves,Coastal,Norway,Europe,Count,Occupied burrows,Census,None,5.0,11.0,1.0,False,None,11,17,42,11.866666666666667,67.43333333333334
56,47,1928,1979,52,5,0,,,6,0,6,1969.0,1974.0,False,Haematopus ostralegus,Aves,Island,UK - Wales,Europe,Count,Pairs,Census,None,4.0,52.0,1.0,False,None,13,18,9,-5.15,51.7
57,47,1928,1979,52,5,0,,,6,0,6,1969.0,1974.0,False,Anthus pratensis,Aves,Island,UK - Wales,Europe,Count,Pairs,Census,None,4.0,52.0,1.0,False,None,13,18,61,-5.15,51.7
58,47,1928,1979,52,5,0,,,6,0,6,1969.0,1974.0,False,Oenanthe oenanthe,Aves,Island,UK - Wales,Europe,Count,Pairs,Census,None,4.0,52.0,1.0,False,None,13,18,62,-5.15,51.7
59,47,1928,1979,52,5,0,,,6,0,6,1969.0,1974.0,False,Alauda arvensis,Aves,Island,UK - Wales,Europe,Count,Pairs,Census,None,4.0,52.0,1.0,False,None,13,18,63,-5.15,51.7
60,47,1928,1979,52,5,12,,,6,0,6,1969.0,1974.0,False,Sturnus vulgaris,Aves,Island,UK - Wales,Europe,Count,Pairs,Census,None,4.0,52.0,1.0,False,None,13,18,64,-5.15,51.7
61,47,1928,1979,52,5,1,1978.0,1978.0,9,5,4,1969.0,1977.0,True,Vanellus vanellus,Aves,Island,UK - Wales,Europe,Count,Pairs,Census,None,4.0,52.0,1.0,False,None,13,18,65,-5.15,51.7
62,47,1928,1979,52,5,34,,,4,0,4,1971.0,1974.0,False,Columba oenas,Aves,Island,UK - Wales,Europe,Count,Pairs,Census,None,4.0,52.0,1.0,False,None,13,18,66,-5.15,51.7
63,47,1928,1979,52,5,32,,,6,0,6,1969.0,1974.0,False,Corvus monedula,Aves,Island,UK - Wales,Europe,Count,Pairs,Census,None,4.0,52.0,1.0,False,None,13,18,67,-5.15,51.7
64,47,1928,1979,52,5,0,,,6,0,6,1969.0,1974.0,False,Corvus corone,Aves,Island,UK - Wales,Europe,Count,Pairs,Census,None,4.0,52.0,1.0,False,None,13,18,68,-5.15,51.7
65,47,1928,1979,52,5,18,1939.0,1939.0,0,0,0,,,False,Prunella modularis,Aves,Island,UK - Wales,Europe,Count,Pairs,Census,None,4.0,52.0,1.0,False,None,13,18,69,-5.15,51.7
66,47,1928,1979,52,5,0,,,6,0,6,1969.0,1974.0,False,Corvus corax,Aves,Island,UK - Wales,Europe,Count,Pairs,Census,None,4.0,52.0,1.0,False,None,13,18,70,-5.15,51.7
67,47,1928,1979,52,5,33,,,5,0,5,1970.0,1974.0,False,Emberiza schoeniclus,Aves,Island,UK - Wales,Europe,Count,Pairs,Census,None,4.0,52.0,1.0,False,None,13,18,71,-5.15,51.7
69,63,1919,1981,63,0,0,1932.0,1932.0,0,0,0,,,False,Taxidea taxus,Mammalia,Unspecified habitat or no information,Canada,North America,Count,All Individuals,Sample,None,1.0,63.0,1.0,False,None,12,19,56,-115.0,55.0
70,63,1919,1981,63,0,26,1930.0,1930.0,0,0,0,,,False,Taxidea taxus,Mammalia,Unspecified habitat or no information,Canada,North America,Count,All Individuals,Sample,None,1.0,63.0,1.0,False,None,12,20,56,-125.0,55.0
71,63,1919,1981,63,0,0,1931.0,1931.0,0,0,0,,,False,Taxidea taxus,Mammalia,Unspecified habitat or no information,Canada,North America,Count,All Individuals,Sample,None,1.0,63.0,1.0,False,None,12,21,56,-98.0,55.0
72,62,1919,1981,63,1,0,1934.0,1934.0,0,0,0,,,False,Taxidea taxus,Mammalia,Unspecified habitat or no information,Canada,North America,Count,All Individuals,Sample,None,1.0,63.0,1.0,False,None,12,29,56,-104.0,55.0
73,63,1919,1981,63,0,0,1932.0,1932.0,0,0,0,,,False,Taxidea taxus,Mammalia,Unspecified habitat or no information,Canada,North America,Count,All Individuals,Sample,None,1.0,63.0,1.0,False,Total catch including  provinces and/or years with missing data,12,80,56,-98.0,60.0
74,44,1935,1981,47,3,0,1948.0,1948.0,0,0,0,,,False,Taxidea taxus,Mammalia,Unspecified habitat or no information,USA,North America,Count,All Individuals,Sample,None,1.0,47.0,1.0,False,None,12,35,56,-119.0,37.0
75,34,1940,1981,42,8,2,1946.0,1946.0,0,0,0,,,False,Taxidea taxus,Mammalia,Unspecified habitat or no information,USA,North America,Count,All Individuals,Sample,None,1.0,42.0,1.0,False,None,12,36,56,-116.0,38.0
76,26,1956,1981,26,0,0,,,0,0,0,,,False,Taxidea taxus,Mammalia,Unspecified habitat or no information,USA,North America,Count,All Individuals,Sample,None,1.0,26.0,1.0,False,None,12,41,56,-114.0,44.0
77,24,1941,1965,25,1,0,1950.0,1950.0,0,0,0,,,False,Taxidea taxus,Mammalia,Unspecified habitat or no information,USA,North America,Count,All Individuals,Sample,None,1.0,25.0,1.0,False,None,12,43,56,-86.0,40.0
78,47,1934,1981,48,1,0,1950.0,1950.0,0,0,0,,,False,Taxidea taxus,Mammalia,Unspecified habitat or no information,USA,North America,Count,All Individuals,Sample,None,1.0,48.0,1.0,False,None,12,44,56,-94.0,42.0
79,42,1934,1981,48,6,0,1954.0,1954.0,0,0,0,,,False,Taxidea taxus,Mammalia,Unspecified habitat or no information,USA,North America,Count,All Individuals,Sample,None,1.0,48.0,1.0,False,None,12,45,56,-97.0,39.0
80,34,1935,1970,36,2,0,1957.0,1957.0,0,0,0,,,False,Taxidea taxus,Mammalia,Unspecified habitat or no information,USA,North America,Count,All Individuals,Sample,None,1.0,36.0,1.0,False,None,12,51,56,-85.0,44.0
81,41,1934,1981,48,7,0,,,0,0,0,,,False,Taxidea taxus,Mammalia,Unspecified habitat or no information,USA,North America,Count,All Individuals,Sample,None,1.0,48.0,1.0,False,None,12,52,56,-95.0,46.0
82,41,1940,1981,42,1,20,,,0,0,0,,,False,Taxidea taxus,Mammalia,Unspecified habitat or no information,USA,North America,Count,All Individuals,Sample,None,1.0,42.0,1.0,False,None,12,54,56,-98.0,38.0
83,31,1950,1981,32,1,0,,,0,0,0,,,False,Taxidea taxus,Mammalia,Unspecified habitat or no information,USA,North America,Count,All Individuals,Sample,None,1.0,32.0,1.0,False,None,12,55,56,-110.0,47.0
84,36,1943,1981,39,3,0,1970.0,1970.0,0,0,0,,,False,Taxidea taxus,Mammalia,Unspecified habitat or no information,USA,North America,Count,All Individuals,Sample,None,1.0,39.0,1.0,False,None,12,56,56,-110.0,42.0
85,11,1969,1981,13,2,0,,,0,0,0,,,False,Taxidea taxus,Mammalia,Unspecified habitat or no information,USA,North America,Count,All Individuals,Sample,None,1.0,13.0,1.0,False,None,12,57,56,-113.0,39.0
86,33,1940,1981,42,9,3,1949.0,1949.0,0,0,0,,,False,Taxidea taxus,Mammalia,Unspecified habitat or no information,USA,North America,Count,All Individuals,Sample,None,1.0,42.0,1.0,False,None,12,60,56,-114.0,34.0
87,40,1941,1981,41,1,0,1947.0,1947.0,0,0,0,,,False,Taxidea taxus,Mammalia,Unspecified habitat or no information,USA,North America,Count,All Individuals,Sample,None,1.0,41.0,1.0,False,None,12,63,56,-100.0,47.0
88,37,1943,1981,39,2,12,,,0,0,0,,,False,Taxidea taxus,Mammalia,Unspecified habitat or no information,USA,North America,Count,All Individuals,Sample,None,1.0,39.0,1.0,False,None,12,64,56,-83.0,40.0
89,35,1934,1981,48,13,9,1948.0,1948.0,0,0,0,,,False,Taxidea taxus,Mammalia,Unspecified habitat or no information,USA,North America,Count,All Individuals,Sample,None,1.0,48.0,1.0,False,None,12,65,56,-97.0,36.0
90,43,1937,1981,45,2,0,1947.0,1947.0,0,0,0,,,False,Taxidea taxus,Mammalia,Unspecified habitat or no information,USA,North America,Count,All Individuals,Sample,None,1.0,45.0,1.0,False,None,12,66,56,-120.0,44.0
91,18,1957,1981,25,7,0,1962.0,1962.0,0,0,0,,,False,Taxidea taxus,Mammalia,Unspecified habitat or no information,USA,North America,Count,All Individuals,Sample,None,1.0,25.0,1.0,False,None,12,70,56,-100.0,44.0
92,41,1934,1981,48,7,1,1944.0,1944.0,0,0,0,,,False,Taxidea taxus,Mammalia,Unspecified habitat or no information,USA,North America,Count,All Individuals,Sample,None,1.0,48.0,1.0,False,None,12,72,56,-99.0,32.0
93,37,1937,1981,45,8,6,1948.0,1948.0,0,0,0,,,False,Taxidea taxus,Mammalia,Unspecified habitat or no information,USA,North America,Count,All Individuals,Sample,None,1.0,45.0,1.0,False,None,12,76,56,-120.0,48.0
94,19,1934,1954,21,2,0,1947.0,1947.0,0,0,0,,,False,Taxidea taxus,Mammalia,Unspecified habitat or no information,USA,North America,Count,All Individuals,Sample,None,1.0,21.0,1.0,False,None,12,78,56,-90.0,44.0
95,23,1957,1980,24,1,0,1962.0,1962.0,0,0,0,,,False,Taxidea taxus,Mammalia,Unspecified habitat or no information,USA,North America,Count,All Individuals,Sample,None,1.0,24.0,1.0,False,None,12,79,56,-108.0,43.0
96,48,1934,1981,48,0,0,,,14,0,14,1963.0,1976.0,False,Taxidea taxus,Mammalia,Unspecified habitat or no information,Canada,North America,Count,All Individuals,Sample,None,1.0,48.0,1.0,False,Total catch including  provinces and/or years with missing data,12,80,56,-98.0,60.0
97,51,1931,1981,51,0,0,1950.0,1950.0,0,0,0,,,False,Taxidea taxus,Mammalia,Unspecified habitat or no information,USA,North America,Count,All Individuals,Sample,None,1.0,51.0,1.0,False,Total catch including  states and/or years with missing data,12,81,56,-95.0,40.0
98,54,1919,1981,63,9,0,1933.0,1933.0,0,0,0,,,False,Ursus americanus,Mammalia,Unspecified habitat or no information,Canada,North America,Count,All Individuals,Sample,None,1.0,63.0,1.0,False,None,12,19,60,-115.0,55.0
99,51,1919,1981,63,12,0,1933.0,1933.0,0,0,0,,,False,Ursus americanus,Mammalia,Unspecified habitat or no information,Canada,North America,Count,All Individuals,Sample,None,1.0,63.0,1.0,False,None,12,20,60,-125.0,55.0
100,63,1919,1981,63,0,0,1940.0,1940.0,0,0,0,,,False,Ursus americanus,Mammalia,Unspecified habitat or no information,Canada,North America,Count,All Individuals,Sample,None,1.0,63.0,1.0,False,None,12,21,60,-98.0,55.0
101,49,1919,1981,63,14,3,1933.0,1933.0,0,0,0,,,False,Ursus americanus,Mammalia,Unspecified habitat or no information,Canada,North America,Count,All Individuals,Sample,None,1.0,63.0,1.0,False,None,12,22,60,-67.0,47.0
102,24,1951,1981,31,7,3,1976.0,1976.0,0,0,0,,,False,Ursus americanus,Mammalia,Unspecified habitat or no information,Canada,North America,Count,All Individuals,Sample,None,1.0,31.0,1.0,False,None,12,23,60,-53.0,48.0
103,62,1919,1981,63,1,0,1933.0,1933.0,0,0,0,,,False,Ursus americanus,Mammalia,Unspecified habitat or no information,Canada,North America,Count,All Individuals,Sample,None,1.0,63.0,1.0,False,None,12,24,60,-100.0,67.0
104,53,1919,1981,63,10,0,1931.0,1931.0,0,0,0,,,False,Ursus americanus,Mammalia,Unspecified habitat or no information,Canada,North America,Count,All Individuals,Sample,None,1.0,63.0,1.0,False,None,12,25,60,-63.0,45.0
105,45,1919,1981,63,18,0,1939.0,1939.0,0,0,0,,,False,Ursus americanus,Mammalia,Unspecified habitat or no information,Canada,North America,Count,All Individuals,Sample,None,1.0,63.0,1.0,False,None,12,26,60,-88.0,52.0
106,63,1919,1981,63,0,0,1934.0,1934.0,0,0,0,,,False,Ursus americanus,Mammalia,Unspecified habitat or no information,Canada,North America,Count,All Individuals,Sample,None,1.0,63.0,1.0,False,None,12,28,60,-73.0,52.0
107,63,1919,1981,63,0,0,1932.0,1932.0,0,0,0,,,False,Ursus americanus,Mammalia,Unspecified habitat or no information,Canada,North America,Count,All Individuals,Sample,None,1.0,63.0,1.0,False,None,12,29,60,-104.0,55.0
108,60,1919,1981,63,3,8,1931.0,1931.0,0,0,0,,,False,Ursus americanus,Mammalia,Unspecified habitat or no information,Canada,North America,Count,All Individuals,Sample,None,1.0,63.0,1.0,False,None,12,30,60,-155.0,65.0
109,63,1919,1981,63,0,0,1933.0,1933.0,0,0,0,,,False,Ursus americanus,Mammalia,Unspecified habitat or no information,Canada,North America,Count,All Individuals,Sample,None,1.0,63.0,1.0,False,Total catch including  provinces and/or years with missing data,12,80,60,-98.0,60.0
110,12,1970,1981,12,0,0,,,0,0,0,,,False,Ursus americanus,Mammalia,Unspecified habitat or no information,USA,North America,Count,All Individuals,Sample,None,1.0,12.0,1.0,False,None,12,33,60,-112.0,34.0
111,12,1970,1981,12,0,0,,,0,0,0,,,False,Ursus americanus,Mammalia,Unspecified habitat or no information,USA,North America,Count,All Individuals,Sample,None,1.0,12.0,1.0,False,None,12,35,60,-119.0,37.0
112,12,1970,1981,12,0,0,,,0,0,0,,,False,Ursus americanus,Mammalia,Unspecified habitat or no information,USA,North America,Count,All Individuals,Sample,None,1.0,12.0,1.0,False,None,12,36,60,-116.0,38.0
113,12,1970,1981,12,0,0,,,0,0,0,,,False,Ursus americanus,Mammalia,Unspecified habitat or no information,USA,North America,Count,All Individuals,Sample,None,1.0,12.0,1.0,False,None,12,41,60,-114.0,44.0
114,24,1935,1978,44,20,0,,,0,0,0,,,False,Ursus americanus,Mammalia,Unspecified habitat or no information,USA,North America,Count,All Individuals,Sample,None,1.0,44.0,1.0,False,None,12,48,60,-69.0,45.0
115,12,1970,1981,12,0,0,,,0,0,0,,,False,Ursus americanus,Mammalia,Unspecified habitat or no information,USA,North America,Count,All Individuals,Sample,None,1.0,12.0,1.0,False,None,12,51,60,-85.0,44.0
116,12,1970,1981,12,0,0,,,0,0,0,,,False,Ursus americanus,Mammalia,Unspecified habitat or no information,USA,North America,Count,All Individuals,Sample,None,1.0,12.0,1.0,False,None,12,52,60,-95.0,46.0
117,12,1970,1981,12,0,0,,,0,0,0,,,False,Ursus americanus,Mammalia,Unspecified habitat or no information,USA,North America,Count,All Individuals,Sample,None,1.0,12.0,1.0,False,None,12,55,60,-110.0,47.0
118,25,1934,1981,48,23,0,,,0,0,0,,,False,Ursus americanus,Mammalia,Unspecified habitat or no information,USA,North America,Count,All Individuals,Sample,None,1.0,48.0,1.0,False,None,12,58,60,-72.0,44.0
119,12,1970,1981,12,0,0,,,0,0,0,,,False,Ursus americanus,Mammalia,Unspecified habitat or no information,USA,North America,Count,All Individuals,Sample,None,1.0,12.0,1.0,False,None,12,60,60,-114.0,34.0
120,30,1934,1981,48,18,0,,,0,0,0,,,False,Ursus americanus,Mammalia,Unspecified habitat or no information,USA,North America,Count,All Individuals,Sample,None,1.0,48.0,1.0,False,None,12,61,60,-73.0,41.0
121,12,1970,1981,12,0,0,,,0,0,0,,,False,Ursus americanus,Mammalia,Unspecified habitat or no information,USA,North America,Count,All Individuals,Sample,None,1.0,12.0,1.0,False,None,12,62,60,-79.0,36.0
122,12,1970,1981,12,0,0,,,0,0,0,,,False,Ursus americanus,Mammalia,Unspecified habitat or no information,USA,North America,Count,All Individuals,Sample,None,1.0,12.0,1.0,False,None,12,66,60,-120.0,44.0
123,12,1970,1981,12,0,0,,,0,0,0,,,False,Ursus americanus,Mammalia,Unspecified habitat or no information,USA,North America,Count,All Individuals,Sample,None,1.0,12.0,1.0,False,None,12,69,60,-81.0,34.0
124,12,1970,1981,12,0,3,,,0,0,0,,,False,Ursus americanus,Mammalia,Unspecified habitat or no information,USA,North America,Count,All Individuals,Sample,None,1.0,12.0,1.0,False,None,12,71,60,-86.0,36.0
125,12,1970,1981,12,0,0,,,0,0,0,,,False,Ursus americanus,Mammalia,Unspecified habitat or no information,USA,North America,Count,All Individuals,Sample,None,1.0,12.0,1.0,False,None,12,73,60,-112.0,39.0
126,12,1970,1981,12,0,0,,,0,0,0,,,False,Ursus americanus,Mammalia,Unspecified habitat or no information,USA,North America,Count,All Individuals,Sample,None,1.0,12.0,1.0,False,None,12,74,60,-73.0,44.0
127,12,1970,1981,12,0,0,,,0,0,0,,,False,Ursus americanus,Mammalia,Unspecified habitat or no information,USA,North America,Count,All Individuals,Sample,None,1.0,12.0,1.0,False,None,12,75,60,-78.0,38.0
128,12,1970,1981,12,0,0,,,0,0,0,,,False,Ursus americanus,Mammalia,Unspecified habitat or no information,USA,North America,Count,All Individuals,Sample,None,1.0,12.0,1.0,False,None,12,76,60,-120.0,48.0
129,12,1970,1981,12,0,0,,,0,0,0,,,False,Ursus americanus,Mammalia,Unspecified habitat or no information,USA,North America,Count,All Individuals,Sample,None,1.0,12.0,1.0,False,None,12,77,60,-80.0,38.0
130,23,1935,1981,47,24,0,,,0,0,0,,,False,Ursus americanus,Mammalia,Unspecified habitat or no information,USA,North America,Count,All Individuals,Sample,None,1.0,47.0,1.0,False,None,12,78,60,-90.0,44.0
131,12,1970,1981,12,0,0,,,0,0,0,,,False,Ursus americanus,Mammalia,Unspecified habitat or no information,USA,North America,Count,All Individuals,Sample,None,1.0,12.0,1.0,False,None,12,79,60,-108.0,43.0
132,32,1934,1981,48,16,0,,,0,0,0,,,False,Ursus americanus,Mammalia,Unspecified habitat or no information,USA,North America,Count,All Individuals,Sample,None,1.0,48.0,1.0,False,Total catch including  states and/or years with missing data,12,81,60,-95.0,40.0
133,51,1931,1981,51,0,0,1954.0,1954.0,0,0,0,,,False,Ursus americanus,Mammalia,Unspecified habitat or no information,Multiple or International jurisdiction,North America,Count,All Individuals,Sample,None,1.0,51.0,1.0,False,Total catch including  states/provinces and/or years with missing data,12,82,60,-100.0,45.0
134,20,1919,1981,63,43,0,,,0,0,0,,,False,Ursus arctos,Mammalia,Unspecified habitat or no information,Canada,North America,Count,All Individuals,Sample,None,1.0,63.0,1.0,False,None,12,19,57,-115.0,55.0
135,28,1919,1981,63,35,0,1967.0,1929.0,0,0,0,,,False,Ursus arctos,Mammalia,Unspecified habitat or no information,Canada,North America,Count,All Individuals,Sample,None,1.0,63.0,1.0,False,None,12,20,57,-125.0,55.0
136,29,1919,1980,62,33,0,,1940.0,0,0,0,,,False,Ursus arctos,Mammalia,Unspecified habitat or no information,Canada,North America,Count,All Individuals,Sample,None,1.0,62.0,1.0,False,None,12,24,57,-100.0,67.0
137,41,1919,1981,63,22,0,1930.0,1930.0,0,0,0,,,False,Ursus arctos,Mammalia,Unspecified habitat or no information,Canada,North America,Count,All Individuals,Sample,None,1.0,63.0,1.0,False,Total catch including  provinces and/or years with missing data,12,80,57,-98.0,60.0
138,62,1919,1981,63,1,0,1932.0,1932.0,0,0,0,,,False,Ursus maritimus,Mammalia,Unspecified habitat or no information,Canada,North America,Count,All Individuals,Sample,None,1.0,63.0,1.0,False,None,12,24,58,-100.0,67.0
139,17,1919,1981,63,46,0,,,0,0,0,,,False,Ursus maritimus,Mammalia,Unspecified habitat or no information,Canada,North America,Count,All Individuals,Sample,None,1.0,63.0,1.0,False,None,12,26,58,-88.0,52.0
140,61,1919,1981,63,2,0,1938.0,1925.0,0,0,0,,,False,Ursus maritimus,Mammalia,Unspecified habitat or no information,Canada,North America,Count,All Individuals,Sample,None,1.0,63.0,1.0,False,None,12,28,58,-73.0,52.0
141,63,1919,1981,63,0,0,1932.0,1932.0,0,0,0,,,False,Ursus maritimus,Mammalia,Unspecified habitat or no information,Canada,North America,Count,All Individuals,Sample,None,1.0,63.0,1.0,False,Total catch including  provinces and/or years with missing data,12,80,58,-98.0,60.0
142,47,1934,1981,48,1,0,1972.0,1972.0,0,0,0,,,False,Ursus maritimus,Mammalia,Unspecified habitat or no information,USA,North America,Count,All Individuals,Sample,None,1.0,48.0,1.0,False,None,12,32,58,-155.0,65.0
143,51,1931,1981,51,0,0,,,17,0,17,1960.0,1976.0,False,Ursus maritimus,Mammalia,Unspecified habitat or no information,Multiple or International jurisdiction,North America,Count,All Individuals,Sample,None,1.0,51.0,1.0,False,Total catch including  states/provinces and/or years with missing data,12,82,58,-100.0,45.0
144,63,1919,1981,63,0,0,1927.0,1927.0,0,0,0,,,False,Castor canadensis,Mammalia,Unspecified habitat or no information,Canada,North America,Count,All Individuals,Sample,None,1.0,63.0,1.0,False,None,12,19,54,-115.0,55.0
145,63,1919,1981,63,0,0,,,29,0,29,1948.0,1976.0,False,Castor canadensis,Mammalia,Unspecified habitat or no information,Canada,North America,Count,All Individuals,Sample,None,1.0,63.0,1.0,False,None,12,20,54,-125.0,55.0
146,63,1919,1981,63,0,2,1926.0,1926.0,0,0,0,,,False,Castor canadensis,Mammalia,Unspecified habitat or no information,Canada,North America,Count,All Individuals,Sample,None,1.0,63.0,1.0,False,None,12,21,54,-98.0,55.0
147,63,1919,1981,63,0,21,1927.0,1927.0,0,0,0,,,False,Castor canadensis,Mammalia,Unspecified habitat or no information,Canada,North America,Count,All Individuals,Sample,None,1.0,63.0,1.0,False,None,12,22,54,-67.0,47.0
148,31,1951,1981,31,0,1,1958.0,1958.0,0,0,0,,,False,Castor canadensis,Mammalia,Unspecified habitat or no information,Canada,North America,Count,All Individuals,Sample,None,1.0,31.0,1.0,False,None,12,23,54,-53.0,48.0
149,63,1919,1981,63,0,0,,1981.0,28,0,28,1948.0,1975.0,False,Castor canadensis,Mammalia,Unspecified habitat or no information,Canada,North America,Count,All Individuals,Sample,None,1.0,63.0,1.0,False,None,12,24,54,-100.0,67.0
150,39,1943,1981,39,0,2,,,5,0,5,1972.0,1976.0,False,Castor canadensis,Mammalia,Unspecified habitat or no information,Canada,North America,Count,All Individuals,Sample,None,1.0,39.0,1.0,False,None,12,25,54,-63.0,45.0
151,63,1919,1981,63,0,0,1930.0,1930.0,0,0,0,,,False,Castor canadensis,Mammalia,Unspecified habitat or no information,Canada,North America,Count,All Individuals,Sample,None,1.0,63.0,1.0,False,None,12,26,54,-88.0,52.0
152,63,1919,1981,63,0,37,1928.0,1928.0,0,0,0,,,False,Castor canadensis,Mammalia,Unspecified habitat or no information,Canada,North America,Count,All Individuals,Sample,None,1.0,63.0,1.0,False,None,12,27,54,-63.0,47.0
153,63,1919,1981,63,0,0,1931.0,1931.0,0,0,0,,,False,Castor canadensis,Mammalia,Unspecified habitat or no information,Canada,North America,Count,All Individuals,Sample,None,1.0,63.0,1.0,False,None,12,28,54,-73.0,52.0
154,63,1919,1981,63,0,0,1927.0,1927.0,0,0,0,,,False,Castor canadensis,Mammalia,Unspecified habitat or no information,Canada,North America,Count,All Individuals,Sample,None,1.0,63.0,1.0,False,None,12,29,54,-104.0,55.0
155,59,1923,1981,59,0,1,1946.0,1946.0,0,0,0,,,False,Castor canadensis,Mammalia,Unspecified habitat or no information,Canada,North America,Count,All Individuals,Sample,None,1.0,59.0,1.0,False,None,12,30,54,-155.0,65.0
156,63,1919,1981,63,0,0,,,29,0,29,1948.0,1976.0,False,Castor canadensis,Mammalia,Unspecified habitat or no information,Canada,North America,Count,All Individuals,Sample,None,1.0,63.0,1.0,False,Total catch including  provinces and/or years with missing data,12,80,54,-98.0,60.0
157,19,1951,1981,31,12,0,,,0,0,0,,,False,Castor canadensis,Mammalia,Unspecified habitat or no information,USA,North America,Count,All Individuals,Sample,None,1.0,31.0,1.0,False,None,12,31,54,-87.0,33.0
158,43,1937,1981,45,2,0,,,0,0,0,,,False,Castor canadensis,Mammalia,Unspecified habitat or no information,USA,North America,Count,All Individuals,Sample,None,1.0,45.0,1.0,False,None,12,32,54,-155.0,65.0
159,21,1958,1981,24,3,0,,,0,0,0,,,False,Castor canadensis,Mammalia,Unspecified habitat or no information,USA,North America,Count,All Individuals,Sample,None,1.0,24.0,1.0,False,None,12,34,54,-98.0,34.0
160,32,1949,1981,33,1,0,,,0,0,0,,,False,Castor canadensis,Mammalia,Unspecified habitat or no information,USA,North America,Count,All Individuals,Sample,None,1.0,33.0,1.0,False,None,12,35,54,-119.0,37.0
161,18,1955,1981,27,9,0,,,0,0,0,,,False,Castor canadensis,Mammalia,Unspecified habitat or no information,USA,North America,Count,All Individuals,Sample,None,1.0,27.0,1.0,False,None,12,36,54,-116.0,38.0
162,22,1960,1981,22,0,0,,,0,0,0,,,False,Castor canadensis,Mammalia,Unspecified habitat or no information,USA,North America,Count,All Individuals,Sample,None,1.0,22.0,1.0,False,None,12,37,54,-73.0,42.0
163,36,1943,1981,39,3,0,1949.0,1949.0,0,0,0,,,False,Castor canadensis,Mammalia,Unspecified habitat or no information,USA,North America,Count,All Individuals,Sample,None,1.0,39.0,1.0,False,None,12,40,54,-83.0,33.0
164,42,1939,1981,43,1,5,,,5,0,5,1972.0,1976.0,False,Castor canadensis,Mammalia,Unspecified habitat or no information,USA,North America,Count,All Individuals,Sample,None,1.0,43.0,1.0,False,None,12,41,54,-114.0,44.0
165,15,1961,1981,21,6,0,,,0,0,0,,,False,Castor canadensis,Mammalia,Unspecified habitat or no information,USA,North America,Count,All Individuals,Sample,None,1.0,21.0,1.0,False,None,12,42,54,-89.0,39.0
166,39,1943,1981,39,0,2,1949.0,1949.0,0,0,0,,,False,Castor canadensis,Mammalia,Unspecified habitat or no information,USA,North America,Count,All Individuals,Sample,None,1.0,39.0,1.0,False,None,12,43,54,-86.0,40.0
167,39,1943,1981,39,0,0,,,5,0,5,1972.0,1976.0,False,Castor canadensis,Mammalia,Unspecified habitat or no information,USA,North America,Count,All Individuals,Sample,None,1.0,39.0,1.0,False,None,12,44,54,-94.0,42.0
168,30,1948,1981,34,4,0,,,0,0,0,,,False,Castor canadensis,Mammalia,Unspecified habitat or no information,USA,North America,Count,All Individuals,Sample,None,1.0,34.0,1.0,False,None,12,45,54,-97.0,39.0
169,22,1960,1981,22,0,0,,,0,0,0,,,False,Castor canadensis,Mammalia,Unspecified habitat or no information,USA,North America,Count,All Individuals,Sample,None,1.0,22.0,1.0,False,None,12,46,54,-85.0,38.0
170,19,1963,1981,19,0,0,,,0,0,0,,,False,Castor canadensis,Mammalia,Unspecified habitat or no information,USA,North America,Count,All Individuals,Sample,None,1.0,19.0,1.0,False,None,12,47,54,-97.0,31.0
171,31,1949,1981,33,2,0,,,0,0,0,,,False,Castor canadensis,Mammalia,Unspecified habitat or no information,USA,North America,Count,All Individuals,Sample,None,1.0,33.0,1.0,False,None,12,48,54,-69.0,45.0
172,20,1961,1981,21,1,0,,,0,0,0,,,False,Castor canadensis,Mammalia,Unspecified habitat or no information,USA,North America,Count,All Individuals,Sample,None,1.0,21.0,1.0,False,None,12,49,54,-76.0,39.0
173,27,1955,1981,27,0,0,,,0,0,0,,,False,Castor canadensis,Mammalia,Unspecified habitat or no information,USA,North America,Count,All Individuals,Sample,None,1.0,27.0,1.0,False,None,12,50,54,-73.0,42.0
174,44,1936,1981,46,2,2,1948.0,1948.0,0,0,0,,,False,Castor canadensis,Mammalia,Unspecified habitat or no information,USA,North America,Count,All Individuals,Sample,None,1.0,46.0,1.0,False,None,12,51,54,-85.0,44.0
175,39,1941,1981,41,2,0,,,0,0,0,,,False,Castor canadensis,Mammalia,Unspecified habitat or no information,USA,North America,Count,All Individuals,Sample,None,1.0,41.0,1.0,False,None,12,52,54,-95.0,46.0
176,23,1946,1981,36,13,0,1955.0,1955.0,0,0,0,,,False,Castor canadensis,Mammalia,Unspecified habitat or no information,USA,North America,Count,All Individuals,Sample,None,1.0,36.0,1.0,False,None,12,53,54,-90.0,33.0
177,36,1946,1981,36,0,0,,,2,0,2,1975.0,1976.0,False,Castor canadensis,Mammalia,Unspecified habitat or no information,USA,North America,Count,All Individuals,Sample,None,1.0,36.0,1.0,False,None,12,54,54,-98.0,38.0
178,46,1935,1981,47,1,0,1949.0,1949.0,0,0,0,,,False,Castor canadensis,Mammalia,Unspecified habitat or no information,USA,North America,Count,All Individuals,Sample,None,1.0,47.0,1.0,False,None,12,55,54,-110.0,47.0
179,42,1937,1981,45,3,0,,,0,0,0,,,False,Castor canadensis,Mammalia,Unspecified habitat or no information,USA,North America,Count,All Individuals,Sample,None,1.0,45.0,1.0,False,None,12,56,54,-110.0,42.0
180,22,1949,1981,33,11,0,,,0,0,0,,,False,Castor canadensis,Mammalia,Unspecified habitat or no information,USA,North America,Count,All Individuals,Sample,None,1.0,33.0,1.0,False,None,12,57,54,-113.0,39.0
181,39,1940,1981,42,3,1,,,0,0,0,,,False,Castor canadensis,Mammalia,Unspecified habitat or no information,USA,North America,Count,All Individuals,Sample,None,1.0,42.0,1.0,False,None,12,58,54,-72.0,44.0
182,21,1949,1981,33,12,0,1970.0,1955.0,0,0,0,,,False,Castor canadensis,Mammalia,Unspecified habitat or no information,USA,North America,Count,All Individuals,Sample,None,1.0,33.0,1.0,False,None,12,59,54,-74.0,41.0
183,33,1938,1981,44,11,0,1969.0,1969.0,0,0,0,,,False,Castor canadensis,Mammalia,Unspecified habitat or no information,USA,North America,Count,All Individuals,Sample,None,1.0,44.0,1.0,False,None,12,60,54,-114.0,34.0
184,36,1938,1981,44,8,0,,,0,0,0,,,False,Castor canadensis,Mammalia,Unspecified habitat or no information,USA,North America,Count,All Individuals,Sample,None,1.0,44.0,1.0,False,None,12,61,54,-73.0,41.0
185,26,1949,1981,33,7,1,1963.0,1955.0,0,0,0,,,False,Castor canadensis,Mammalia,Unspecified habitat or no information,USA,North America,Count,All Individuals,Sample,None,1.0,33.0,1.0,False,None,12,62,54,-79.0,36.0
186,42,1940,1981,42,0,5,1949.0,1949.0,0,0,0,,,False,Castor canadensis,Mammalia,Unspecified habitat or no information,USA,North America,Count,All Individuals,Sample,None,1.0,42.0,1.0,False,None,12,63,54,-100.0,47.0
187,27,1949,1981,33,6,0,,,0,0,0,,,False,Castor canadensis,Mammalia,Unspecified habitat or no information,USA,North America,Count,All Individuals,Sample,None,1.0,33.0,1.0,False,None,12,64,54,-83.0,40.0
188,17,1960,1981,22,5,0,,1969.0,0,0,0,,,False,Castor canadensis,Mammalia,Unspecified habitat or no information,USA,North America,Count,All Individuals,Sample,None,1.0,22.0,1.0,False,None,12,65,54,-97.0,36.0
189,45,1934,1981,48,3,0,,,3,0,3,1974.0,1976.0,False,Castor canadensis,Mammalia,Unspecified habitat or no information,USA,North America,Count,All Individuals,Sample,None,1.0,48.0,1.0,False,None,12,67,54,-78.0,41.0
190,39,1937,1981,45,6,0,1961.0,1956.0,0,0,0,,,False,Castor canadensis,Mammalia,Unspecified habitat or no information,USA,North America,Count,All Individuals,Sample,None,1.0,45.0,1.0,False,None,12,70,54,-100.0,44.0
191,35,1937,1981,45,10,0,,,0,0,0,,,False,Castor canadensis,Mammalia,Unspecified habitat or no information,USA,North America,Count,All Individuals,Sample,None,1.0,45.0,1.0,False,None,12,72,54,-99.0,32.0
192,44,1935,1981,47,3,0,,,9,0,9,1964.0,1972.0,False,Castor canadensis,Mammalia,Unspecified habitat or no information,USA,North America,Count,All Individuals,Sample,None,1.0,47.0,1.0,False,None,12,73,54,-112.0,39.0
193,28,1949,1981,33,5,0,,,0,0,0,,,False,Castor canadensis,Mammalia,Unspecified habitat or no information,USA,North America,Count,All Individuals,Sample,None,1.0,33.0,1.0,False,None,12,74,54,-73.0,44.0
194,25,1955,1981,27,2,0,,,0,0,0,,,False,Castor canadensis,Mammalia,Unspecified habitat or no information,USA,North America,Count,All Individuals,Sample,None,1.0,27.0,1.0,False,None,12,75,54,-78.0,38.0
195,24,1956,1981,26,2,0,,,0,0,0,,,False,Castor canadensis,Mammalia,Unspecified habitat or no information,USA,North America,Count,All Individuals,Sample,None,1.0,26.0,1.0,False,None,12,76,54,-120.0,48.0
196,34,1948,1981,34,0,0,,,0,0,0,,,False,Castor canadensis,Mammalia,Unspecified habitat or no information,USA,North America,Count,All Individuals,Sample,None,1.0,34.0,1.0,False,None,12,77,54,-80.0,38.0
197,44,1934,1981,48,4,0,,,0,0,0,,,False,Castor canadensis,Mammalia,Unspecified habitat or no information,USA,North America,Count,All Individuals,Sample,None,1.0,48.0,1.0,False,None,12,78,54,-90.0,44.0
198,46,1934,1981,48,2,0,1962.0,1962.0,0,0,0,,,False,Castor canadensis,Mammalia,Unspecified habitat or no information,USA,North America,Count,All Individuals,Sample,None,1.0,48.0,1.0,False,None,12,79,54,-108.0,43.0
199,48,1934,1981,48,0,0,,,14,0,14,1963.0,1976.0,False,Castor canadensis,Mammalia,Unspecified habitat or no information,USA,North America,Count,All Individuals,Sample,None,1.0,48.0,1.0,False,Total catch including  states and/or years with missing data,12,81,54,-95.0,40.0
200,51,1931,1981,51,0,0,,,17,0,17,1960.0,1976.0,False,Castor canadensis,Mammalia,Unspecified habitat or no information,Multiple or International jurisdiction,North America,Count,All Individuals,Sample,None,1.0,51.0,1.0,False,Total catch including  states/provinces and/or years with missing data  See Main ID 9721. Ostensibly same data from different source. See also Main ID 9735,12,82,54,-100.0,45.0
201,20,1962,1981,20,0,1,,,0,0,0,,,False,Lynx rufus,Mammalia,Unspecified habitat or no information,Canada,North America,Count,All Individuals,Sample,None,1.0,20.0,1.0,False,None,12,20,91,-125.0,55.0
202,62,1920,1981,62,0,0,1948.0,1948.0,0,0,0,,,False,Lynx rufus,Mammalia,Unspecified habitat or no information,Canada,North America,Count,All Individuals,Sample,None,1.0,62.0,1.0,False,None,12,22,91,-67.0,47.0
203,62,1920,1981,62,0,0,1929.0,1929.0,0,0,0,,,False,Lynx rufus,Mammalia,Unspecified habitat or no information,Canada,North America,Count,All Individuals,Sample,None,1.0,62.0,1.0,False,None,12,25,91,-63.0,45.0
204,46,1936,1981,46,0,0,,,12,0,12,1965.0,1976.0,False,Lynx rufus,Mammalia,Unspecified habitat or no information,Canada,North America,Count,All Individuals,Sample,None,1.0,46.0,1.0,False,None,12,28,91,-73.0,52.0
205,58,1920,1981,62,4,6,1940.0,1940.0,0,0,0,,,False,Lynx rufus,Mammalia,Unspecified habitat or no information,Canada,North America,Count,All Individuals,Sample,None,1.0,62.0,1.0,False,None,12,29,91,-104.0,55.0
206,62,1920,1981,62,0,0,1950.0,1950.0,1,1,0,1949.0,1949.0,True,Lynx rufus,Mammalia,Unspecified habitat or no information,Canada,North America,Count,All Individuals,Sample,None,1.0,62.0,1.0,False,Total catch including  provinces and/or years with missing data,12,80,91,-98.0,60.0
207,40,1938,1981,44,4,0,1949.0,1949.0,0,0,0,,,False,Lynx rufus,Mammalia,Unspecified habitat or no information,USA,North America,Count,All Individuals,Sample,None,1.0,44.0,1.0,False,None,12,34,91,-98.0,34.0
208,45,1934,1981,48,3,0,1948.0,1948.0,0,0,0,,,False,Lynx rufus,Mammalia,Unspecified habitat or no information,USA,North America,Count,All Individuals,Sample,None,1.0,48.0,1.0,False,None,12,35,91,-119.0,37.0
209,34,1940,1981,42,8,0,1947.0,1947.0,0,0,0,,,False,Lynx rufus,Mammalia,Unspecified habitat or no information,USA,North America,Count,All Individuals,Sample,None,1.0,42.0,1.0,False,None,12,36,91,-116.0,38.0
210,21,1933,1955,23,2,0,,,0,0,0,,,False,Lynx rufus,Mammalia,Unspecified habitat or no information,USA,North America,Count,All Individuals,Sample,None,1.0,23.0,1.0,False,None,12,37,91,-73.0,42.0
211,26,1946,1981,36,10,0,1963.0,1963.0,0,0,0,,,False,Lynx rufus,Mammalia,Unspecified habitat or no information,USA,North America,Count,All Individuals,Sample,None,1.0,36.0,1.0,False,None,12,39,91,-82.0,30.0
212,22,1956,1981,26,4,0,,,0,0,0,,,False,Lynx rufus,Mammalia,Unspecified habitat or no information,USA,North America,Count,All Individuals,Sample,None,1.0,26.0,1.0,False,None,12,41,91,-114.0,44.0
213,30,1947,1981,35,5,3,,,0,0,0,,,False,Lynx rufus,Mammalia,Unspecified habitat or no information,USA,North America,Count,All Individuals,Sample,None,1.0,35.0,1.0,False,None,12,45,91,-97.0,39.0
214,23,1949,1973,25,2,1,,1973.0,0,0,0,,,False,Lynx rufus,Mammalia,Unspecified habitat or no information,USA,North America,Count,All Individuals,Sample,None,1.0,25.0,1.0,False,None,12,46,91,-85.0,38.0
215,36,1943,1981,39,3,1,1949.0,1949.0,0,0,0,,,False,Lynx rufus,Mammalia,Unspecified habitat or no information,USA,North America,Count,All Individuals,Sample,None,1.0,39.0,1.0,False,None,12,47,91,-97.0,31.0
216,40,1934,1981,48,8,0,,,0,0,0,,,False,Lynx rufus,Mammalia,Unspecified habitat or no information,USA,North America,Count,All Individuals,Sample,None,1.0,48.0,1.0,False,None,12,48,91,-69.0,45.0
217,16,1934,1950,17,1,0,,,0,0,0,,,False,Lynx rufus,Mammalia,Unspecified habitat or no information,USA,North America,Count,All Individuals,Sample,None,1.0,17.0,1.0,False,None,12,50,91,-73.0,42.0
218,32,1936,1981,46,14,0,1963.0,1958.0,0,0,0,,,False,Lynx rufus,Mammalia,Unspecified habitat or no information,USA,North America,Count,All Individuals,Sample,None,1.0,46.0,1.0,False,None,12,51,91,-85.0,44.0
219,43,1934,1981,48,5,0,1962.0,1962.0,0,0,0,,,False,Lynx rufus,Mammalia,Unspecified habitat or no information,USA,North America,Count,All Individuals,Sample,None,1.0,48.0,1.0,False,None,12,52,91,-95.0,46.0
220,23,1934,1962,29,6,2,1947.0,1947.0,0,0,0,,,False,Lynx rufus,Mammalia,Unspecified habitat or no information,USA,North America,Count,All Individuals,Sample,None,1.0,29.0,1.0,False,None,12,53,91,-90.0,33.0
221,22,1955,1976,22,0,0,,,0,0,0,,,False,Lynx rufus,Mammalia,Unspecified habitat or no information,USA,North America,Count,All Individuals,Sample,None,1.0,22.0,1.0,False,None,12,54,91,-98.0,38.0
222,31,1950,1981,32,1,0,,,0,0,0,,,False,Lynx rufus,Mammalia,Unspecified habitat or no information,USA,North America,Count,All Individuals,Sample,None,1.0,32.0,1.0,False,None,12,55,91,-110.0,47.0
223,38,1943,1981,39,1,0,,,0,0,0,,,False,Lynx rufus,Mammalia,Unspecified habitat or no information,USA,North America,Count,All Individuals,Sample,None,1.0,39.0,1.0,False,None,12,56,91,-110.0,42.0
224,14,1968,1981,14,0,0,,,0,0,0,,,False,Lynx rufus,Mammalia,Unspecified habitat or no information,USA,North America,Count,All Individuals,Sample,None,1.0,14.0,1.0,False,None,12,57,91,-113.0,39.0
225,47,1934,1981,48,1,1,1951.0,1951.0,0,0,0,,,False,Lynx rufus,Mammalia,Unspecified habitat or no information,USA,North America,Count,All Individuals,Sample,None,1.0,48.0,1.0,False,None,12,58,91,-72.0,44.0
226,36,1940,1981,42,6,0,1956.0,1956.0,0,0,0,,,False,Lynx rufus,Mammalia,Unspecified habitat or no information,USA,North America,Count,All Individuals,Sample,None,1.0,42.0,1.0,False,None,12,60,91,-114.0,34.0
227,38,1940,1981,42,4,0,,,0,0,0,,,False,Lynx rufus,Mammalia,Unspecified habitat or no information,USA,North America,Count,All Individuals,Sample,None,1.0,42.0,1.0,False,None,12,62,91,-79.0,36.0
228,40,1941,1981,41,1,0,1947.0,1947.0,0,0,0,,,False,Lynx rufus,Mammalia,Unspecified habitat or no information,USA,North America,Count,All Individuals,Sample,None,1.0,41.0,1.0,False,None,12,63,91,-100.0,47.0
229,33,1939,1981,43,10,0,1948.0,1948.0,0,0,0,,,False,Lynx rufus,Mammalia,Unspecified habitat or no information,USA,North America,Count,All Individuals,Sample,None,1.0,43.0,1.0,False,None,12,65,91,-97.0,36.0
230,41,1938,1981,44,3,0,,,0,0,0,,,False,Lynx rufus,Mammalia,Unspecified habitat or no information,USA,North America,Count,All Individuals,Sample,None,1.0,44.0,1.0,False,None,12,66,91,-120.0,44.0
231,23,1935,1968,34,11,3,1941.0,1941.0,0,0,0,,,False,Lynx rufus,Mammalia,Unspecified habitat or no information,USA,North America,Count,All Individuals,Sample,None,1.0,34.0,1.0,False,None,12,67,91,-78.0,41.0
232,16,1962,1981,20,4,0,,,0,0,0,,,False,Lynx rufus,Mammalia,Unspecified habitat or no information,USA,North America,Count,All Individuals,Sample,None,1.0,20.0,1.0,False,None,12,69,91,-81.0,34.0
233,18,1957,1980,24,6,0,,1980.0,0,0,0,,,False,Lynx rufus,Mammalia,Unspecified habitat or no information,USA,North America,Count,All Individuals,Sample,None,1.0,24.0,1.0,False,None,12,70,91,-100.0,44.0
234,24,1954,1981,28,4,0,1969.0,1969.0,0,0,0,,,False,Lynx rufus,Mammalia,Unspecified habitat or no information,USA,North America,Count,All Individuals,Sample,None,1.0,28.0,1.0,False,None,12,71,91,-86.0,36.0
235,23,1956,1981,26,3,0,,,0,0,0,,,False,Lynx rufus,Mammalia,Unspecified habitat or no information,USA,North America,Count,All Individuals,Sample,None,1.0,26.0,1.0,False,None,12,72,91,-99.0,32.0
236,37,1941,1981,41,4,0,1956.0,1956.0,0,0,0,,,False,Lynx rufus,Mammalia,Unspecified habitat or no information,USA,North America,Count,All Individuals,Sample,None,1.0,41.0,1.0,False,None,12,75,91,-78.0,38.0
237,38,1937,1981,45,7,3,1951.0,1951.0,0,0,0,,,False,Lynx rufus,Mammalia,Unspecified habitat or no information,USA,North America,Count,All Individuals,Sample,None,1.0,45.0,1.0,False,None,12,76,91,-120.0,48.0
238,41,1936,1981,46,5,4,1949.0,1949.0,0,0,0,,,False,Lynx rufus,Mammalia,Unspecified habitat or no information,USA,North America,Count,All Individuals,Sample,None,1.0,46.0,1.0,False,None,12,77,91,-80.0,38.0
239,33,1934,1981,48,15,0,,,0,0,0,,,False,Lynx rufus,Mammalia,Unspecified habitat or no information,USA,North America,Count,All Individuals,Sample,None,1.0,48.0,1.0,False,None,12,78,91,-90.0,44.0
240,24,1957,1981,25,1,0,,,0,0,0,,,False,Lynx rufus,Mammalia,Unspecified habitat or no information,USA,North America,Count,All Individuals,Sample,None,1.0,25.0,1.0,False,None,12,79,91,-108.0,43.0
241,49,1933,1981,49,0,0,,,15,0,15,1962.0,1976.0,False,Lynx rufus,Mammalia,Unspecified habitat or no information,USA,North America,Count,All Individuals,Sample,None,1.0,49.0,1.0,False,Total catch including  states and/or years with missing data,12,81,91,-95.0,40.0
242,51,1931,1981,51,0,0,,,17,0,17,1960.0,1976.0,False,Lynx rufus,Mammalia,Unspecified habitat or no information,Multiple or International jurisdiction,North America,Count,All Individuals,Sample,None,1.0,51.0,1.0,False,Total catch including  states/provinces and/or years with missing data,12,82,91,-100.0,45.0
243,63,1919,1981,63,0,0,1948.0,1948.0,0,0,0,,,False,Canis latrans,Mammalia,Unspecified habitat or no information,Canada,North America,Count,All Individuals,Sample,None,1.0,63.0,1.0,False,None,12,19,59,-115.0,55.0
244,44,1919,1981,63,19,0,1932.0,1932.0,0,0,0,,,False,Canis latrans,Mammalia,Unspecified habitat or no information,Canada,North America,Count,All Individuals,Sample,None,1.0,63.0,1.0,False,None,12,20,59,-125.0,55.0
245,38,1944,1981,38,0,0,,,4,0,4,1973.0,1976.0,False,Canis latrans,Mammalia,Unspecified habitat or no information,Canada,North America,Count,All Individuals,Sample,None,1.0,38.0,1.0,False,None,12,21,59,-98.0,55.0
246,49,1919,1981,63,14,0,1947.0,1947.0,0,0,0,,,False,Canis latrans,Mammalia,Unspecified habitat or no information,Canada,North America,Count,All Individuals,Sample,None,1.0,63.0,1.0,False,None,12,24,59,-100.0,67.0
247,11,1971,1981,11,0,0,,,0,0,0,,,False,Canis latrans,Mammalia,Unspecified habitat or no information,Canada,North America,Count,All Individuals,Sample,None,1.0,11.0,1.0,False,None,12,26,59,-88.0,52.0
248,63,1919,1981,63,0,0,1952.0,1952.0,4,4,0,1948.0,1951.0,True,Canis latrans,Mammalia,Unspecified habitat or no information,Canada,North America,Count,All Individuals,Sample,None,1.0,63.0,1.0,False,None,12,29,59,-104.0,55.0
249,63,1919,1981,63,0,0,1930.0,1930.0,0,0,0,,,False,Canis latrans,Mammalia,Unspecified habitat or no information,Canada,North America,Count,All Individuals,Sample,None,1.0,63.0,1.0,False,None,12,30,59,-155.0,65.0
250,63,1919,1981,63,0,0,1948.0,1948.0,0,0,0,,,False,Canis latrans,Mammalia,Unspecified habitat or no information,Canada,North America,Count,All Individuals,Sample,None,1.0,63.0,1.0,False,Total catch including  provinces and/or years with missing data,12,80,59,-98.0,60.0
251,31,1934,1981,48,17,0,1961.0,1958.0,0,0,0,,,False,Canis latrans,Mammalia,Unspecified habitat or no information,USA,North America,Count,All Individuals,Sample,None,1.0,48.0,1.0,False,None,12,32,59,-155.0,65.0
252,19,1958,1981,24,5,0,,,0,0,0,,,False,Canis latrans,Mammalia,Unspecified habitat or no information,USA,North America,Count,All Individuals,Sample,None,1.0,24.0,1.0,False,None,12,34,59,-98.0,34.0
253,42,1934,1981,48,6,0,1948.0,1948.0,0,0,0,,,False,Canis latrans,Mammalia,Unspecified habitat or no information,USA,North America,Count,All Individuals,Sample,None,1.0,48.0,1.0,False,None,12,35,59,-119.0,37.0
254,31,1940,1981,42,11,0,1946.0,1946.0,0,0,0,,,False,Canis latrans,Mammalia,Unspecified habitat or no information,USA,North America,Count,All Individuals,Sample,None,1.0,42.0,1.0,False,None,12,36,59,-116.0,38.0
255,29,1944,1981,38,9,1,1959.0,1959.0,0,0,0,,,False,Canis latrans,Mammalia,Unspecified habitat or no information,USA,North America,Count,All Individuals,Sample,None,1.0,38.0,1.0,False,None,12,41,59,-114.0,44.0
256,11,1971,1981,11,0,0,,,0,0,0,,,False,Canis latrans,Mammalia,Unspecified habitat or no information,USA,North America,Count,All Individuals,Sample,None,1.0,11.0,1.0,False,None,12,43,59,-86.0,40.0
257,41,1936,1981,46,5,0,1951.0,1951.0,0,0,0,,,False,Canis latrans,Mammalia,Unspecified habitat or no information,USA,North America,Count,All Individuals,Sample,None,1.0,46.0,1.0,False,None,12,44,59,-94.0,42.0
258,36,1940,1981,42,6,0,1947.0,1947.0,0,0,0,,,False,Canis latrans,Mammalia,Unspecified habitat or no information,USA,North America,Count,All Individuals,Sample,None,1.0,42.0,1.0,False,None,12,45,59,-97.0,39.0
259,11,1971,1981,11,0,0,,,0,0,0,,,False,Canis latrans,Mammalia,Unspecified habitat or no information,USA,North America,Count,All Individuals,Sample,None,1.0,11.0,1.0,False,None,12,47,59,-97.0,31.0
260,10,1972,1981,10,0,0,,,0,0,0,,,False,Canis latrans,Mammalia,Unspecified habitat or no information,USA,North America,Count,All Individuals,Sample,None,1.0,10.0,1.0,False,None,12,48,59,-69.0,45.0
261,34,1935,1981,47,13,0,,,0,0,0,,,False,Canis latrans,Mammalia,Unspecified habitat or no information,USA,North America,Count,All Individuals,Sample,None,1.0,47.0,1.0,False,None,12,51,59,-85.0,44.0
262,39,1934,1980,47,8,0,1964.0,1964.0,0,0,0,,,False,Canis latrans,Mammalia,Unspecified habitat or no information,USA,North America,Count,All Individuals,Sample,None,1.0,47.0,1.0,False,None,12,52,59,-95.0,46.0
263,24,1958,1981,24,0,0,,,0,0,0,,,False,Canis latrans,Mammalia,Unspecified habitat or no information,USA,North America,Count,All Individuals,Sample,None,1.0,24.0,1.0,False,None,12,54,59,-98.0,38.0
264,24,1958,1981,24,0,0,,,0,0,0,,,False,Canis latrans,Mammalia,Unspecified habitat or no information,USA,North America,Count,All Individuals,Sample,None,1.0,24.0,1.0,False,None,12,55,59,-110.0,47.0
265,27,1943,1981,39,12,0,,1958.0,0,0,0,,,False,Canis latrans,Mammalia,Unspecified habitat or no information,USA,North America,Count,All Individuals,Sample,None,1.0,39.0,1.0,False,None,12,56,59,-110.0,42.0
266,13,1969,1981,13,0,0,,,0,0,0,,,False,Canis latrans,Mammalia,Unspecified habitat or no information,USA,North America,Count,All Individuals,Sample,None,1.0,13.0,1.0,False,None,12,57,59,-113.0,39.0
267,10,1972,1981,10,0,0,,,0,0,0,,,False,Canis latrans,Mammalia,Unspecified habitat or no information,USA,North America,Count,All Individuals,Sample,None,1.0,10.0,1.0,False,None,12,58,59,-72.0,44.0
268,31,1940,1981,42,11,0,1952.0,1952.0,0,0,0,,,False,Canis latrans,Mammalia,Unspecified habitat or no information,USA,North America,Count,All Individuals,Sample,None,1.0,42.0,1.0,False,None,12,59,59,-74.0,41.0
269,36,1941,1981,41,5,0,1948.0,1948.0,0,0,0,,,False,Canis latrans,Mammalia,Unspecified habitat or no information,USA,North America,Count,All Individuals,Sample,None,1.0,41.0,1.0,False,None,12,63,59,-100.0,47.0
270,29,1939,1981,43,14,0,1947.0,1947.0,0,0,0,,,False,Canis latrans,Mammalia,Unspecified habitat or no information,USA,North America,Count,All Individuals,Sample,None,1.0,43.0,1.0,False,None,12,65,59,-97.0,36.0
271,40,1937,1981,45,5,0,1948.0,1948.0,0,0,0,,,False,Canis latrans,Mammalia,Unspecified habitat or no information,USA,North America,Count,All Individuals,Sample,None,1.0,45.0,1.0,False,None,12,66,59,-120.0,44.0
272,19,1958,1981,24,5,0,,,0,0,0,,,False,Canis latrans,Mammalia,Unspecified habitat or no information,USA,North America,Count,All Individuals,Sample,None,1.0,24.0,1.0,False,None,12,70,59,-100.0,44.0
273,15,1963,1981,19,4,0,,,0,0,0,,,False,Canis latrans,Mammalia,Unspecified habitat or no information,USA,North America,Count,All Individuals,Sample,None,1.0,19.0,1.0,False,None,12,72,59,-99.0,32.0
274,31,1939,1981,43,12,1,1960.0,1960.0,0,0,0,,,False,Canis latrans,Mammalia,Unspecified habitat or no information,USA,North America,Count,All Individuals,Sample,None,1.0,43.0,1.0,False,None,12,76,59,-120.0,48.0
275,37,1934,1981,48,11,0,1965.0,1965.0,0,0,0,,,False,Canis latrans,Mammalia,Unspecified habitat or no information,USA,North America,Count,All Individuals,Sample,None,1.0,48.0,1.0,False,None,12,78,59,-90.0,44.0
276,23,1958,1981,24,1,0,,,0,0,0,,,False,Canis latrans,Mammalia,Unspecified habitat or no information,USA,North America,Count,All Individuals,Sample,None,1.0,24.0,1.0,False,None,12,79,59,-108.0,43.0
277,45,1934,1981,48,3,0,1951.0,1951.0,0,0,0,,,False,Canis latrans,Mammalia,Unspecified habitat or no information,USA,North America,Count,All Individuals,Sample,None,1.0,48.0,1.0,False,Total catch including  states and/or years with missing data,12,81,59,-95.0,40.0
278,51,1931,1981,51,0,0,1952.0,1952.0,0,0,0,,,False,Canis latrans,Mammalia,Unspecified habitat or no information,Multiple or International jurisdiction,North America,Count,All Individuals,Sample,None,1.0,51.0,1.0,False,Total catch including  states/provinces and/or years with missing data,12,82,59,-100.0,45.0
279,63,1919,1981,63,0,12,1938.0,1938.0,0,0,0,,,False,Martes pennanti,Mammalia,Unspecified habitat or no information,Canada,North America,Count,All Individuals,Sample,None,1.0,63.0,1.0,False,None,12,19,55,-115.0,55.0
280,63,1919,1981,63,0,0,,,29,0,29,1948.0,1976.0,False,Martes pennanti,Mammalia,Unspecified habitat or no information,Canada,North America,Count,All Individuals,Sample,None,1.0,63.0,1.0,False,None,12,20,55,-125.0,55.0
281,63,1919,1981,63,0,0,1946.0,1946.0,0,0,0,,,False,Martes pennanti,Mammalia,Unspecified habitat or no information,Canada,North America,Count,All Individuals,Sample,None,1.0,63.0,1.0,False,None,12,21,55,-98.0,55.0
282,54,1919,1981,63,9,10,1955.0,1945.0,0,0,0,,,False,Martes pennanti,Mammalia,Unspecified habitat or no information,Canada,North America,Count,All Individuals,Sample,None,1.0,63.0,1.0,False,None,12,22,55,-67.0,47.0
283,63,1919,1981,63,0,1,1931.0,1931.0,0,0,0,,,False,Martes pennanti,Mammalia,Unspecified habitat or no information,Canada,North America,Count,All Individuals,Sample,None,1.0,63.0,1.0,False,None,12,24,55,-100.0,67.0
284,63,1919,1981,63,0,0,,,29,0,29,1948.0,1976.0,False,Martes pennanti,Mammalia,Unspecified habitat or no information,Canada,North America,Count,All Individuals,Sample,None,1.0,63.0,1.0,False,None,12,26,55,-88.0,52.0
285,63,1919,1981,63,0,0,,,29,0,29,1948.0,1976.0,False,Martes pennanti,Mammalia,Unspecified habitat or no information,Canada,North America,Count,All Individuals,Sample,None,1.0,63.0,1.0,False,None,12,28,55,-73.0,52.0
286,63,1919,1981,63,0,0,1931.0,1931.0,0,0,0,,,False,Martes pennanti,Mammalia,Unspecified habitat or no information,Canada,North America,Count,All Individuals,Sample,None,1.0,63.0,1.0,False,None,12,29,55,-104.0,55.0
287,45,1934,1981,48,3,1,1959.0,1959.0,0,0,0,,,False,Martes pennanti,Mammalia,Unspecified habitat or no information,Canada,North America,Count,All Individuals,Sample,None,1.0,48.0,1.0,False,None,12,30,55,-155.0,65.0
288,63,1919,1981,63,0,0,,,29,0,29,1948.0,1976.0,False,Martes pennanti,Mammalia,Unspecified habitat or no information,Canada,North America,Count,All Individuals,Sample,None,1.0,63.0,1.0,False,Total catch including  provinces and/or years with missing data,12,80,55,-98.0,60.0
289,26,1954,1981,28,2,0,,,0,0,0,,,False,Martes pennanti,Mammalia,Unspecified habitat or no information,USA,North America,Count,All Individuals,Sample,None,1.0,28.0,1.0,False,None,12,48,55,-69.0,45.0
290,46,1934,1981,48,2,11,1948.0,1948.0,0,0,0,,,False,Martes pennanti,Mammalia,Unspecified habitat or no information,USA,North America,Count,All Individuals,Sample,None,1.0,48.0,1.0,False,None,12,58,55,-72.0,44.0
291,31,1949,1981,33,2,0,,,0,0,0,,,False,Martes pennanti,Mammalia,Unspecified habitat or no information,USA,North America,Count,All Individuals,Sample,None,1.0,33.0,1.0,False,None,12,61,55,-73.0,41.0
292,48,1934,1981,48,0,2,1939.0,1939.0,0,0,0,,,False,Martes pennanti,Mammalia,Unspecified habitat or no information,USA,North America,Count,All Individuals,Sample,None,1.0,48.0,1.0,False,Total catch including  states and/or years with missing data,12,81,55,-95.0,40.0
293,51,1931,1981,51,0,0,,,17,0,17,1960.0,1976.0,False,Martes pennanti,Mammalia,Unspecified habitat or no information,Multiple or International jurisdiction,North America,Count,All Individuals,Sample,None,1.0,51.0,1.0,False,Total catch including  states/provinces and/or years with missing data  See Main ID 9724. Ostensibly same data from different source.,12,82,55,-100.0,45.0
306,63,1919,1981,63,0,6,1943.0,1943.0,0,0,0,,,False,Alopex lagopus,Mammalia,Unspecified habitat or no information,Canada,North America,Count,All Individuals,Sample,None,1.0,63.0,1.0,False,None,12,19,74,-115.0,55.0
307,24,1919,1942,24,0,4,1924.0,1924.0,0,0,0,,,False,Alopex lagopus,Mammalia,Unspecified habitat or no information,Canada,North America,Count,All Individuals,Sample,None,1.0,24.0,1.0,False,None,12,20,74,-125.0,55.0
308,63,1919,1981,63,0,0,1935.0,1935.0,0,0,0,,,False,Alopex lagopus,Mammalia,Unspecified habitat or no information,Canada,North America,Count,All Individuals,Sample,None,1.0,63.0,1.0,False,None,12,21,74,-98.0,55.0
309,31,1951,1981,31,0,1,1958.0,1958.0,0,0,0,,,False,Alopex lagopus,Mammalia,Unspecified habitat or no information,Canada,North America,Count,All Individuals,Sample,None,1.0,31.0,1.0,False,None,12,23,74,-53.0,48.0
310,63,1919,1981,63,0,0,1968.0,1968.0,20,5,15,1948.0,1967.0,True,Alopex lagopus,Mammalia,Unspecified habitat or no information,Canada,North America,Count,All Individuals,Sample,None,1.0,63.0,1.0,False,None,12,24,74,-100.0,67.0
311,63,1919,1981,63,0,0,1928.0,1928.0,0,0,0,,,False,Alopex lagopus,Mammalia,Unspecified habitat or no information,Canada,North America,Count,All Individuals,Sample,None,1.0,63.0,1.0,False,None,12,26,74,-88.0,52.0
312,63,1919,1981,63,0,0,1939.0,1939.0,0,0,0,,,False,Alopex lagopus,Mammalia,Unspecified habitat or no information,Canada,North America,Count,All Individuals,Sample,None,1.0,63.0,1.0,False,None,12,28,74,-73.0,52.0
313,63,1919,1981,63,0,1,1927.0,1927.0,0,0,0,,,False,Alopex lagopus,Mammalia,Unspecified habitat or no information,Canada,North America,Count,All Individuals,Sample,None,1.0,63.0,1.0,False,None,12,29,74,-104.0,55.0
314,63,1919,1981,63,0,9,1928.0,1928.0,0,0,0,,,False,Alopex lagopus,Mammalia,Unspecified habitat or no information,Canada,North America,Count,All Individuals,Sample,None,1.0,63.0,1.0,False,None,12,30,74,-155.0,65.0
315,63,1919,1981,63,0,0,,,29,0,29,1948.0,1976.0,False,Alopex lagopus,Mammalia,Unspecified habitat or no information,Canada,North America,Count,All Individuals,Sample,None,1.0,63.0,1.0,False,Total catch including  provinces and/or years with missing data,12,80,74,-98.0,60.0
316,43,1934,1981,48,5,0,1950.0,1950.0,0,0,0,,,False,Alopex lagopus,Mammalia,Unspecified habitat or no information,USA,North America,Count,All Individuals,Sample,None,1.0,48.0,1.0,False,None,12,32,74,-155.0,65.0
317,51,1931,1981,51,0,0,,,17,0,17,1960.0,1976.0,False,Alopex lagopus,Mammalia,Unspecified habitat or no information,Multiple or International jurisdiction,North America,Count,All Individuals,Sample,None,1.0,51.0,1.0,False,Total catch including  states/provinces and/or years with missing data,12,82,74,-100.0,45.0
318,12,1970,1981,12,0,0,,,0,0,0,,,False,Urocyon cinereoargenteus,Mammalia,Unspecified habitat or no information,USA,North America,Count,All Individuals,Sample,None,1.0,12.0,1.0,False,None,12,34,73,-98.0,34.0
319,12,1970,1981,12,0,0,,,0,0,0,,,False,Urocyon cinereoargenteus,Mammalia,Unspecified habitat or no information,USA,North America,Count,All Individuals,Sample,None,1.0,12.0,1.0,False,None,12,35,73,-119.0,37.0
320,12,1970,1981,12,0,0,,,0,0,0,,,False,Urocyon cinereoargenteus,Mammalia,Unspecified habitat or no information,USA,North America,Count,All Individuals,Sample,None,1.0,12.0,1.0,False,None,12,40,73,-83.0,33.0
321,12,1970,1981,12,0,0,,,0,0,0,,,False,Urocyon cinereoargenteus,Mammalia,Unspecified habitat or no information,USA,North America,Count,All Individuals,Sample,None,1.0,12.0,1.0,False,None,12,43,73,-86.0,40.0
322,12,1970,1981,12,0,0,,,0,0,0,,,False,Urocyon cinereoargenteus,Mammalia,Unspecified habitat or no information,USA,North America,Count,All Individuals,Sample,None,1.0,12.0,1.0,False,None,12,44,73,-94.0,42.0
323,12,1970,1981,12,0,0,,,0,0,0,,,False,Urocyon cinereoargenteus,Mammalia,Unspecified habitat or no information,USA,North America,Count,All Individuals,Sample,None,1.0,12.0,1.0,False,None,12,45,73,-97.0,39.0
324,12,1970,1981,12,0,0,,,0,0,0,,,False,Urocyon cinereoargenteus,Mammalia,Unspecified habitat or no information,USA,North America,Count,All Individuals,Sample,None,1.0,12.0,1.0,False,None,12,46,73,-85.0,38.0
325,12,1970,1981,12,0,0,,,0,0,0,,,False,Urocyon cinereoargenteus,Mammalia,Unspecified habitat or no information,USA,North America,Count,All Individuals,Sample,None,1.0,12.0,1.0,False,None,12,47,73,-97.0,31.0
326,12,1970,1981,12,0,0,,,0,0,0,,,False,Urocyon cinereoargenteus,Mammalia,Unspecified habitat or no information,USA,North America,Count,All Individuals,Sample,None,1.0,12.0,1.0,False,None,12,49,73,-76.0,39.0
327,12,1970,1981,12,0,0,,,0,0,0,,,False,Urocyon cinereoargenteus,Mammalia,Unspecified habitat or no information,USA,North America,Count,All Individuals,Sample,None,1.0,12.0,1.0,False,None,12,50,73,-73.0,42.0
328,12,1970,1981,12,0,0,,,0,0,0,,,False,Urocyon cinereoargenteus,Mammalia,Unspecified habitat or no information,USA,North America,Count,All Individuals,Sample,None,1.0,12.0,1.0,False,None,12,52,73,-95.0,46.0
329,11,1970,1981,12,1,0,,,0,0,0,,,False,Urocyon cinereoargenteus,Mammalia,Unspecified habitat or no information,USA,North America,Count,All Individuals,Sample,None,1.0,12.0,1.0,False,None,12,53,73,-90.0,33.0
330,12,1970,1981,12,0,0,,,0,0,0,,,False,Urocyon cinereoargenteus,Mammalia,Unspecified habitat or no information,USA,North America,Count,All Individuals,Sample,None,1.0,12.0,1.0,False,None,12,56,73,-110.0,42.0
331,11,1971,1981,11,0,0,,,0,0,0,,,False,Urocyon cinereoargenteus,Mammalia,Unspecified habitat or no information,USA,North America,Count,All Individuals,Sample,None,1.0,11.0,1.0,False,None,12,57,73,-113.0,39.0
332,10,1970,1981,12,2,0,,,0,0,0,,,False,Urocyon cinereoargenteus,Mammalia,Unspecified habitat or no information,USA,North America,Count,All Individuals,Sample,None,1.0,12.0,1.0,False,None,12,60,73,-114.0,34.0
333,12,1970,1981,12,0,0,,1981.0,0,0,0,,,False,Urocyon cinereoargenteus,Mammalia,Unspecified habitat or no information,USA,North America,Count,All Individuals,Sample,None,1.0,12.0,1.0,False,None,12,62,73,-79.0,36.0
334,12,1970,1981,12,0,0,,,0,0,0,,,False,Urocyon cinereoargenteus,Mammalia,Unspecified habitat or no information,USA,North America,Count,All Individuals,Sample,None,1.0,12.0,1.0,False,None,12,64,73,-83.0,40.0
335,12,1970,1981,12,0,0,,,0,0,0,,,False,Urocyon cinereoargenteus,Mammalia,Unspecified habitat or no information,USA,North America,Count,All Individuals,Sample,None,1.0,12.0,1.0,False,None,12,66,73,-120.0,44.0
336,12,1970,1981,12,0,0,,,0,0,0,,,False,Urocyon cinereoargenteus,Mammalia,Unspecified habitat or no information,USA,North America,Count,All Individuals,Sample,None,1.0,12.0,1.0,False,None,12,67,73,-78.0,41.0
337,9,1973,1981,9,0,0,,,0,0,0,,,False,Urocyon cinereoargenteus,Mammalia,Unspecified habitat or no information,USA,North America,Count,All Individuals,Sample,None,1.0,9.0,1.0,False,None,12,69,73,-81.0,34.0
338,10,1970,1981,12,2,0,,,0,0,0,,,False,Urocyon cinereoargenteus,Mammalia,Unspecified habitat or no information,USA,North America,Count,All Individuals,Sample,None,1.0,12.0,1.0,False,None,12,70,73,-100.0,44.0
339,6,1976,1981,6,0,0,,,0,0,0,,,False,Urocyon cinereoargenteus,Mammalia,Unspecified habitat or no information,USA,North America,Count,All Individuals,Sample,None,1.0,6.0,1.0,False,None,12,71,73,-86.0,36.0
340,10,1972,1981,10,0,0,,,0,0,0,,,False,Urocyon cinereoargenteus,Mammalia,Unspecified habitat or no information,USA,North America,Count,All Individuals,Sample,None,1.0,10.0,1.0,False,None,12,72,73,-99.0,32.0
341,12,1970,1981,12,0,0,,,0,0,0,,,False,Urocyon cinereoargenteus,Mammalia,Unspecified habitat or no information,USA,North America,Count,All Individuals,Sample,None,1.0,12.0,1.0,False,None,12,75,73,-78.0,38.0
342,12,1970,1981,12,0,0,,,0,0,0,,,False,Urocyon cinereoargenteus,Mammalia,Unspecified habitat or no information,USA,North America,Count,All Individuals,Sample,None,1.0,12.0,1.0,False,None,12,77,73,-80.0,38.0
343,12,1970,1981,12,0,0,,,0,0,0,,,False,Urocyon cinereoargenteus,Mammalia,Unspecified habitat or no information,USA,North America,Count,All Individuals,Sample,None,1.0,12.0,1.0,False,None,12,78,73,-90.0,44.0
344,12,1970,1981,12,0,0,,,0,0,0,,,False,Urocyon cinereoargenteus,Mammalia,Unspecified habitat or no information,Multiple or International jurisdiction,North America,Count,All Individuals,Sample,None,1.0,12.0,1.0,False,Total catch including  states/provinces and/or years with missing data,12,82,73,-100.0,45.0
345,62,1920,1981,62,0,0,1927.0,1927.0,0,0,0,,,False,Vulpes fulva,Mammalia,Unspecified habitat or no information,Canada,North America,Count,All Individuals,Sample,None,1.0,62.0,1.0,False,None,12,19,72,-115.0,55.0
346,62,1920,1981,62,0,0,1948.0,1948.0,0,0,0,,,False,Vulpes fulva,Mammalia,Unspecified habitat or no information,Canada,North America,Count,All Individuals,Sample,None,1.0,62.0,1.0,False,None,12,20,72,-125.0,55.0
347,62,1920,1981,62,0,0,1947.0,1947.0,0,0,0,,,False,Vulpes fulva,Mammalia,Unspecified habitat or no information,Canada,North America,Count,All Individuals,Sample,None,1.0,62.0,1.0,False,None,12,21,72,-98.0,55.0
348,62,1920,1981,62,0,1,1943.0,1943.0,0,0,0,,,False,Vulpes fulva,Mammalia,Unspecified habitat or no information,Canada,North America,Count,All Individuals,Sample,None,1.0,62.0,1.0,False,None,12,22,72,-67.0,47.0
349,31,1951,1981,31,0,0,,,0,0,0,,,False,Vulpes fulva,Mammalia,Unspecified habitat or no information,Canada,North America,Count,All Individuals,Sample,None,1.0,31.0,1.0,False,None,12,23,72,-53.0,48.0
350,62,1920,1981,62,0,0,1948.0,1948.0,0,0,0,,,False,Vulpes fulva,Mammalia,Unspecified habitat or no information,Canada,North America,Count,All Individuals,Sample,None,1.0,62.0,1.0,False,None,12,24,72,-100.0,67.0
351,62,1920,1981,62,0,1,1947.0,1947.0,0,0,0,,,False,Vulpes fulva,Mammalia,Unspecified habitat or no information,Canada,North America,Count,All Individuals,Sample,None,1.0,62.0,1.0,False,None,12,25,72,-63.0,45.0
352,62,1920,1981,62,0,0,1953.0,1953.0,4,4,0,1949.0,1952.0,True,Vulpes fulva,Mammalia,Unspecified habitat or no information,Canada,North America,Count,All Individuals,Sample,None,1.0,62.0,1.0,False,None,12,26,72,-88.0,52.0
353,62,1920,1981,62,0,10,1942.0,1942.0,0,0,0,,,False,Vulpes fulva,Mammalia,Unspecified habitat or no information,Canada,North America,Count,All Individuals,Sample,None,1.0,62.0,1.0,False,None,12,27,72,-63.0,47.0
354,62,1920,1981,62,0,0,1952.0,1952.0,3,3,0,1949.0,1951.0,True,Vulpes fulva,Mammalia,Unspecified habitat or no information,Canada,North America,Count,All Individuals,Sample,None,1.0,62.0,1.0,False,None,12,28,72,-73.0,52.0
355,62,1920,1981,62,0,0,1945.0,1945.0,0,0,0,,,False,Vulpes fulva,Mammalia,Unspecified habitat or no information,Canada,North America,Count,All Individuals,Sample,None,1.0,62.0,1.0,False,None,12,29,72,-104.0,55.0
356,62,1920,1981,62,0,0,1948.0,1948.0,0,0,0,,,False,Vulpes fulva,Mammalia,Unspecified habitat or no information,Canada,North America,Count,All Individuals,Sample,None,1.0,62.0,1.0,False,None,12,30,72,-155.0,65.0
357,62,1920,1981,62,0,0,1951.0,1951.0,2,2,0,1949.0,1950.0,True,Vulpes fulva,Mammalia,Unspecified habitat or no information,Canada,North America,Count,All Individuals,Sample,None,1.0,62.0,1.0,False,Total catch including  provinces and/or years with missing data,12,80,72,-98.0,60.0
358,20,1951,1981,31,11,0,,,0,0,0,,,False,Vulpes fulva,Mammalia,Unspecified habitat or no information,USA,North America,Count,All Individuals,Sample,None,1.0,31.0,1.0,False,None,12,31,72,-87.0,33.0
359,46,1934,1981,48,2,0,1948.0,1948.0,0,0,0,,,False,Vulpes fulva,Mammalia,Unspecified habitat or no information,USA,North America,Count,All Individuals,Sample,None,1.0,51.0,1.0,False,None,12,32,72,-155.0,65.0
360,32,1940,1978,39,7,0,1954.0,1954.0,0,0,0,,,False,Vulpes fulva,Mammalia,Unspecified habitat or no information,USA,North America,Count,All Individuals,Sample,None,1.0,42.0,1.0,False,None,12,34,72,-98.0,34.0
361,34,1934,1969,36,2,0,1948.0,1948.0,0,0,0,,,False,Vulpes fulva,Mammalia,Unspecified habitat or no information,USA,North America,Count,All Individuals,Sample,None,1.0,36.0,1.0,False,None,12,35,72,-119.0,37.0
362,34,1940,1981,42,8,0,1947.0,1947.0,0,0,0,,,False,Vulpes fulva,Mammalia,Unspecified habitat or no information,USA,North America,Count,All Individuals,Sample,None,1.0,42.0,1.0,False,None,12,36,72,-116.0,38.0
363,21,1933,1955,23,2,0,,,0,0,0,,,False,Vulpes fulva,Mammalia,Unspecified habitat or no information,USA,North America,Count,All Individuals,Sample,None,1.0,25.0,1.0,False,None,12,37,72,-73.0,42.0
364,22,1946,1978,33,11,0,1963.0,1963.0,0,0,0,,,False,Vulpes fulva,Mammalia,Unspecified habitat or no information,USA,North America,Count,All Individuals,Sample,None,1.0,36.0,1.0,False,None,12,39,72,-82.0,30.0
365,39,1937,1981,45,6,0,1961.0,1942.0,0,0,0,,,False,Vulpes fulva,Mammalia,Unspecified habitat or no information,USA,North America,Count,All Individuals,Sample,None,1.0,51.0,1.0,False,None,12,40,72,-83.0,33.0
366,32,1946,1981,36,4,1,,,0,0,0,,,False,Vulpes fulva,Mammalia,Unspecified habitat or no information,USA,North America,Count,All Individuals,Sample,None,1.0,36.0,1.0,False,None,12,41,72,-114.0,44.0
367,29,1934,1981,48,19,0,1961.0,1961.0,0,0,0,,,False,Vulpes fulva,Mammalia,Unspecified habitat or no information,USA,North America,Count,All Individuals,Sample,None,1.0,51.0,1.0,False,None,12,42,72,-89.0,39.0
368,45,1934,1981,48,3,0,1949.0,1949.0,0,0,0,,,False,Vulpes fulva,Mammalia,Unspecified habitat or no information,USA,North America,Count,All Individuals,Sample,None,1.0,51.0,1.0,False,None,12,43,72,-86.0,40.0
369,47,1934,1981,48,1,0,1954.0,1954.0,0,0,0,,,False,Vulpes fulva,Mammalia,Unspecified habitat or no information,USA,North America,Count,All Individuals,Sample,None,1.0,48.0,1.0,False,None,12,44,72,-94.0,42.0
370,41,1938,1981,44,3,2,1948.0,1948.0,0,0,0,,,False,Vulpes fulva,Mammalia,Unspecified habitat or no information,USA,North America,Count,All Individuals,Sample,None,1.0,44.0,1.0,False,None,12,45,72,-97.0,39.0
371,33,1949,1981,33,0,0,1955.0,1955.0,0,0,0,,,False,Vulpes fulva,Mammalia,Unspecified habitat or no information,USA,North America,Count,All Individuals,Sample,None,1.0,33.0,1.0,False,None,12,46,72,-85.0,38.0
372,40,1941,1981,41,1,2,1954.0,1952.0,0,0,0,,,False,Vulpes fulva,Mammalia,Unspecified habitat or no information,USA,North America,Count,All Individuals,Sample,None,1.0,41.0,1.0,False,None,12,47,72,-97.0,31.0
373,43,1934,1981,48,5,0,1949.0,1949.0,0,0,0,,,False,Vulpes fulva,Mammalia,Unspecified habitat or no information,USA,North America,Count,All Individuals,Sample,None,1.0,51.0,1.0,False,None,12,48,72,-69.0,45.0
374,30,1949,1981,33,3,0,,,0,0,0,,,False,Vulpes fulva,Mammalia,Unspecified habitat or no information,USA,North America,Count,All Individuals,Sample,None,1.0,33.0,1.0,False,None,12,49,72,-76.0,39.0
375,47,1934,1981,48,1,0,1949.0,1949.0,0,0,0,,,False,Vulpes fulva,Mammalia,Unspecified habitat or no information,USA,North America,Count,All Individuals,Sample,None,1.0,51.0,1.0,False,None,12,50,72,-73.0,42.0
376,32,1935,1970,36,4,0,,1960.0,0,0,0,,,False,Vulpes fulva,Mammalia,Unspecified habitat or no information,USA,North America,Count,All Individuals,Sample,None,1.0,40.0,1.0,False,None,12,51,72,-85.0,44.0
377,42,1934,1981,48,6,0,,,0,0,0,,,False,Vulpes fulva,Mammalia,Unspecified habitat or no information,USA,North America,Count,All Individuals,Sample,None,1.0,48.0,1.0,False,None,12,52,72,-95.0,46.0
378,22,1946,1981,36,14,1,,,0,0,0,,,False,Vulpes fulva,Mammalia,Unspecified habitat or no information,USA,North America,Count,All Individuals,Sample,None,1.0,36.0,1.0,False,None,12,53,72,-90.0,33.0
379,40,1934,1981,48,8,0,1954.0,1954.0,0,0,0,,,False,Vulpes fulva,Mammalia,Unspecified habitat or no information,USA,North America,Count,All Individuals,Sample,None,1.0,48.0,1.0,False,None,12,54,72,-98.0,38.0
380,44,1935,1981,47,3,0,1949.0,1949.0,0,0,0,,,False,Vulpes fulva,Mammalia,Unspecified habitat or no information,USA,North America,Count,All Individuals,Sample,None,1.0,51.0,1.0,False,None,12,55,72,-110.0,47.0
381,31,1943,1981,39,8,0,,,0,0,0,,,False,Vulpes fulva,Mammalia,Unspecified habitat or no information,USA,North America,Count,All Individuals,Sample,None,1.0,39.0,1.0,False,None,12,56,72,-110.0,42.0
382,47,1934,1981,48,1,0,1949.0,1949.0,0,0,0,,,False,Vulpes fulva,Mammalia,Unspecified habitat or no information,USA,North America,Count,All Individuals,Sample,None,1.0,51.0,1.0,False,None,12,58,72,-72.0,44.0
383,24,1934,1981,48,24,0,,,0,0,0,,,False,Vulpes fulva,Mammalia,Unspecified habitat or no information,USA,North America,Count,All Individuals,Sample,None,1.0,51.0,1.0,False,None,12,59,72,-74.0,41.0
384,31,1940,1981,42,11,0,1957.0,1957.0,0,0,0,,,False,Vulpes fulva,Mammalia,Unspecified habitat or no information,USA,North America,Count,All Individuals,Sample,None,1.0,51.0,1.0,False,None,12,60,72,-114.0,34.0
385,21,1934,1981,48,27,0,,,0,0,0,,,False,Vulpes fulva,Mammalia,Unspecified habitat or no information,USA,North America,Count,All Individuals,Sample,None,1.0,51.0,1.0,False,None,12,61,72,-73.0,41.0
386,41,1940,1981,42,1,1,1947.0,1947.0,0,0,0,,,False,Vulpes fulva,Mammalia,Unspecified habitat or no information,USA,North America,Count,All Individuals,Sample,None,1.0,51.0,1.0,False,None,12,62,72,-79.0,36.0
387,41,1940,1981,42,1,0,1956.0,1956.0,0,0,0,,,False,Vulpes fulva,Mammalia,Unspecified habitat or no information,USA,North America,Count,All Individuals,Sample,None,1.0,42.0,1.0,False,None,12,63,72,-100.0,47.0
388,48,1931,1981,51,3,0,1949.0,1949.0,0,0,0,,,False,Vulpes fulva,Mammalia,Unspecified habitat or no information,USA,North America,Count,All Individuals,Sample,None,1.0,51.0,1.0,False,None,12,64,72,-83.0,40.0
389,28,1939,1975,37,9,1,1953.0,1953.0,0,0,0,,,False,Vulpes fulva,Mammalia,Unspecified habitat or no information,USA,North America,Count,All Individuals,Sample,None,1.0,37.0,1.0,False,None,12,65,72,-97.0,36.0
390,43,1938,1981,44,1,0,,,9,0,9,1968.0,1976.0,False,Vulpes fulva,Mammalia,Unspecified habitat or no information,USA,North America,Count,All Individuals,Sample,None,1.0,44.0,1.0,False,None,12,66,72,-120.0,44.0
391,46,1934,1981,48,2,0,1954.0,1954.0,0,0,0,,,False,Vulpes fulva,Mammalia,Unspecified habitat or no information,USA,North America,Count,All Individuals,Sample,None,1.0,51.0,1.0,False,None,12,67,72,-78.0,41.0
392,27,1949,1981,33,6,0,1967.0,1958.0,0,0,0,,,False,Vulpes fulva,Mammalia,Unspecified habitat or no information,USA,North America,Count,All Individuals,Sample,None,1.0,33.0,1.0,False,None,12,68,72,-72.0,42.0
393,42,1934,1981,48,6,0,1957.0,1957.0,0,0,0,,,False,Vulpes fulva,Mammalia,Unspecified habitat or no information,USA,North America,Count,All Individuals,Sample,None,1.0,51.0,1.0,False,None,12,69,72,-81.0,34.0
394,21,1957,1981,25,4,0,1962.0,1962.0,0,0,0,,,False,Vulpes fulva,Mammalia,Unspecified habitat or no information,USA,North America,Count,All Individuals,Sample,None,1.0,25.0,1.0,False,None,12,70,72,-100.0,44.0
395,33,1938,1981,44,11,0,1953.0,1953.0,0,0,0,,,False,Vulpes fulva,Mammalia,Unspecified habitat or no information,USA,North America,Count,All Individuals,Sample,None,1.0,51.0,1.0,False,None,12,71,72,-86.0,36.0
396,43,1934,1981,48,5,0,1952.0,1952.0,0,0,0,,,False,Vulpes fulva,Mammalia,Unspecified habitat or no information,USA,North America,Count,All Individuals,Sample,None,1.0,51.0,1.0,False,None,12,72,72,-99.0,32.0
397,14,1937,1951,15,1,0,1949.0,1949.0,0,0,0,,,False,Vulpes fulva,Mammalia,Unspecified habitat or no information,USA,North America,Count,All Individuals,Sample,None,1.0,21.0,1.0,False,None,12,74,72,-73.0,44.0
398,39,1938,1981,44,5,0,1954.0,1954.0,0,0,0,,,False,Vulpes fulva,Mammalia,Unspecified habitat or no information,USA,North America,Count,All Individuals,Sample,None,1.0,44.0,1.0,False,None,12,75,72,-78.0,38.0
399,43,1937,1981,45,2,0,1949.0,1949.0,0,0,0,,,False,Vulpes fulva,Mammalia,Unspecified habitat or no information,USA,North America,Count,All Individuals,Sample,None,1.0,51.0,1.0,False,None,12,76,72,-120.0,48.0
400,45,1936,1981,46,1,0,1949.0,1949.0,0,0,0,,,False,Vulpes fulva,Mammalia,Unspecified habitat or no information,USA,North America,Count,All Individuals,Sample,None,1.0,51.0,1.0,False,None,12,77,72,-80.0,38.0
401,41,1934,1981,48,7,0,,,0,0,0,,,False,Vulpes fulva,Mammalia,Unspecified habitat or no information,USA,North America,Count,All Individuals,Sample,None,1.0,51.0,1.0,False,None,12,78,72,-90.0,44.0
402,25,1957,1981,25,0,0,,,0,0,0,,,False,Vulpes fulva,Mammalia,Unspecified habitat or no information,USA,North America,Count,All Individuals,Sample,None,1.0,25.0,1.0,False,None,12,79,72,-108.0,43.0
403,51,1931,1981,51,0,0,,,17,0,17,1960.0,1976.0,False,Vulpes fulva,Mammalia,Unspecified habitat or no information,USA,North America,Count,All Individuals,Sample,None,1.0,51.0,1.0,False,Total catch including  states and/or years with missing data,12,81,72,-95.0,40.0
404,51,1931,1981,51,0,0,1957.0,1957.0,0,0,0,,,False,Vulpes fulva,Mammalia,Unspecified habitat or no information,Multiple or International jurisdiction,North America,Count,All Individuals,Sample,None,1.0,51.0,1.0,False,Total catch including  states/provinces and/or years with missing data,12,82,72,-100.0,45.0
405,62,1919,1981,63,1,0,1937.0,1937.0,0,0,0,,,False,Lynx canadensis,Mammalia,Unspecified habitat or no information,Canada,North America,Count,All Individuals,Sample,None,1.0,63.0,1.0,False,None,12,19,75,-115.0,55.0
406,62,1919,1981,63,1,0,1947.0,1947.0,0,0,0,,,False,Lynx canadensis,Mammalia,Unspecified habitat or no information,Canada,North America,Count,All Individuals,Sample,None,1.0,63.0,1.0,False,None,12,20,75,-125.0,55.0
407,62,1919,1981,63,1,0,1939.0,1939.0,0,0,0,,,False,Lynx canadensis,Mammalia,Unspecified habitat or no information,Canada,North America,Count,All Individuals,Sample,None,1.0,63.0,1.0,False,None,12,21,75,-98.0,55.0
408,31,1951,1981,31,0,0,,,0,0,0,,,False,Lynx canadensis,Mammalia,Unspecified habitat or no information,Canada,North America,Count,All Individuals,Sample,None,1.0,31.0,1.0,False,None,12,23,75,-53.0,48.0
409,62,1919,1981,63,1,0,1948.0,1948.0,0,0,0,,,False,Lynx canadensis,Mammalia,Unspecified habitat or no information,Canada,North America,Count,All Individuals,Sample,None,1.0,63.0,1.0,False,None,12,24,75,-100.0,67.0
410,61,1919,1980,62,1,3,1927.0,1927.0,0,0,0,,,False,Lynx canadensis,Mammalia,Unspecified habitat or no information,Canada,North America,Count,All Individuals,Sample,None,1.0,63.0,1.0,False,None,12,25,75,-63.0,45.0
411,62,1919,1981,63,1,0,1938.0,1938.0,0,0,0,,,False,Lynx canadensis,Mammalia,Unspecified habitat or no information,Canada,North America,Count,All Individuals,Sample,None,1.0,63.0,1.0,False,None,12,26,75,-88.0,52.0
412,62,1919,1981,63,1,0,1929.0,1929.0,0,0,0,,,False,Lynx canadensis,Mammalia,Unspecified habitat or no information,Canada,North America,Count,All Individuals,Sample,None,1.0,63.0,1.0,False,None,12,28,75,-73.0,52.0
413,62,1919,1981,63,1,0,1944.0,1944.0,0,0,0,,,False,Lynx canadensis,Mammalia,Unspecified habitat or no information,Canada,North America,Count,All Individuals,Sample,None,1.0,63.0,1.0,False,None,12,29,75,-104.0,55.0
414,62,1919,1981,63,1,0,1948.0,1948.0,0,0,0,,,False,Lynx canadensis,Mammalia,Unspecified habitat or no information,Canada,North America,Count,All Individuals,Sample,None,1.0,63.0,1.0,False,None,12,30,75,-155.0,65.0
415,62,1919,1981,63,1,0,1948.0,1948.0,0,0,0,,,False,Lynx canadensis,Mammalia,Unspecified habitat or no information,Canada,North America,Count,All Individuals,Sample,None,1.0,63.0,1.0,False,Total catch including  provinces and/or years with missing data,12,80,75,-98.0,60.0
416,42,1934,1981,48,6,0,,,0,0,0,,,False,Lynx canadensis,Mammalia,Unspecified habitat or no information,USA,North America,Count,All Individuals,Sample,None,1.0,51.0,1.0,False,None,12,32,75,-155.0,65.0
417,24,1957,1981,25,1,0,1980.0,1980.0,0,0,0,,,False,Lynx canadensis,Mammalia,Unspecified habitat or no information,USA,North America,Count,All Individuals,Sample,None,1.0,25.0,1.0,False,None,12,41,75,-114.0,44.0
418,38,1934,1981,48,10,2,1957.0,1957.0,0,0,0,,,False,Lynx canadensis,Mammalia,Unspecified habitat or no information,USA,North America,Count,All Individuals,Sample,None,1.0,48.0,1.0,False,None,12,52,75,-95.0,46.0
419,23,1955,1978,24,1,0,1977.0,1977.0,0,0,0,,,False,Lynx canadensis,Mammalia,Unspecified habitat or no information,USA,North America,Count,All Individuals,Sample,None,1.0,24.0,1.0,False,None,12,55,75,-110.0,47.0
420,18,1935,1963,29,11,3,1940.0,1940.0,0,0,0,,,False,Lynx canadensis,Mammalia,Unspecified habitat or no information,USA,North America,Count,All Individuals,Sample,None,1.0,29.0,1.0,False,None,12,58,75,-72.0,44.0
421,16,1961,1978,18,2,0,,,0,0,0,,,False,Lynx canadensis,Mammalia,Unspecified habitat or no information,USA,North America,Count,All Individuals,Sample,None,1.0,21.0,1.0,False,None,12,76,75,-120.0,48.0
422,45,1934,1981,48,3,0,,,0,0,0,,,False,Lynx canadensis,Mammalia,Unspecified habitat or no information,USA,North America,Count,All Individuals,Sample,None,1.0,48.0,1.0,False,Total catch including  states and/or years with missing data,12,81,75,-95.0,40.0
423,48,1931,1981,51,3,0,,,0,0,0,,,False,Lynx canadensis,Mammalia,Unspecified habitat or no information,Multiple or International jurisdiction,North America,Count,All Individuals,Sample,None,1.0,51.0,1.0,False,Total catch including  states/provinces and/or years with missing data,12,82,75,-100.0,45.0
424,44,1934,1981,48,4,0,,1941.0,0,0,0,,,False,Martes americana,Mammalia,Unspecified habitat or no information,USA,North America,Count,All Individuals,Sample,None,1.0,51.0,1.0,False,None,12,32,77,-155.0,65.0
425,19,1934,1955,22,3,3,1954.0,1952.0,0,0,0,,,False,Martes americana,Mammalia,Unspecified habitat or no information,USA,North America,Count,All Individuals,Sample,None,1.0,25.0,1.0,False,None,12,35,77,-119.0,37.0
426,33,1941,1981,41,8,4,1956.0,1956.0,0,0,0,,,False,Martes americana,Mammalia,Unspecified habitat or no information,USA,North America,Count,All Individuals,Sample,None,1.0,41.0,1.0,False,None,12,36,77,-116.0,38.0
427,40,1934,1981,48,8,3,,,6,0,6,1971.0,1976.0,False,Martes americana,Mammalia,Unspecified habitat or no information,USA,North America,Count,All Individuals,Sample,None,1.0,51.0,1.0,False,None,12,41,77,-114.0,44.0
428,39,1935,1981,47,8,4,,,0,0,0,,,False,Martes americana,Mammalia,Unspecified habitat or no information,USA,North America,Count,All Individuals,Sample,None,1.0,51.0,1.0,False,None,12,55,77,-110.0,47.0
429,43,1937,1981,45,2,8,1967.0,1967.0,0,0,0,,,False,Martes americana,Mammalia,Unspecified habitat or no information,USA,North America,Count,All Individuals,Sample,None,1.0,51.0,1.0,False,None,12,66,77,-120.0,44.0
430,14,1957,1981,25,11,0,,,0,0,0,,,False,Martes americana,Mammalia,Unspecified habitat or no information,USA,North America,Count,All Individuals,Sample,None,1.0,25.0,1.0,False,None,12,73,77,-112.0,39.0
431,42,1937,1981,45,3,3,1965.0,1965.0,0,0,0,,,False,Martes americana,Mammalia,Unspecified habitat or no information,USA,North America,Count,All Individuals,Sample,None,1.0,51.0,1.0,False,None,12,76,77,-120.0,48.0
432,15,1958,1981,24,9,0,,,0,0,0,,,False,Martes americana,Mammalia,Unspecified habitat or no information,USA,North America,Count,All Individuals,Sample,None,1.0,24.0,1.0,False,None,12,79,77,-108.0,43.0
433,47,1934,1981,48,1,0,,,11,0,11,1966.0,1976.0,False,Martes americana,Mammalia,Unspecified habitat or no information,USA,North America,Count,All Individuals,Sample,None,1.0,51.0,1.0,False,Total catch including  states and/or years with missing data,12,81,77,-95.0,40.0
434,50,1931,1981,51,1,0,,,11,0,11,1966.0,1976.0,False,Martes americana,Mammalia,Unspecified habitat or no information,Multiple or International jurisdiction,North America,Count,All Individuals,Sample,None,1.0,51.0,1.0,False,Total catch including  states/provinces and/or years with missing data,12,82,77,-100.0,45.0
435,63,1919,1981,63,0,0,1926.0,1926.0,0,0,0,,,False,Mustela vison,Mammalia,Unspecified habitat or no information,Canada,North America,Count,All Individuals,Sample,None,1.0,63.0,1.0,False,None,12,19,78,-115.0,55.0
436,63,1919,1981,63,0,0,1967.0,1967.0,19,5,14,1948.0,1966.0,True,Mustela vison,Mammalia,Unspecified habitat or no information,Canada,North America,Count,All Individuals,Sample,None,1.0,63.0,1.0,False,None,12,20,78,-125.0,55.0
437,63,1919,1981,63,0,0,1970.0,1970.0,22,5,17,1948.0,1969.0,True,Mustela vison,Mammalia,Unspecified habitat or no information,Canada,North America,Count,All Individuals,Sample,None,1.0,63.0,1.0,False,None,12,21,78,-98.0,55.0
438,63,1919,1981,63,0,0,1946.0,1946.0,0,0,0,,,False,Mustela vison,Mammalia,Unspecified habitat or no information,Canada,North America,Count,All Individuals,Sample,None,1.0,63.0,1.0,False,None,12,22,78,-67.0,47.0
439,31,1951,1981,31,0,0,,,0,0,0,,,False,Mustela vison,Mammalia,Unspecified habitat or no information,Canada,North America,Count,All Individuals,Sample,None,1.0,31.0,1.0,False,None,12,23,78,-53.0,48.0
440,63,1919,1981,63,0,0,,,29,0,29,1948.0,1976.0,False,Mustela vison,Mammalia,Unspecified habitat or no information,Canada,North America,Count,All Individuals,Sample,None,1.0,63.0,1.0,False,None,12,24,78,-100.0,67.0
441,63,1919,1981,63,0,0,1952.0,1952.0,4,4,0,1948.0,1951.0,True,Mustela vison,Mammalia,Unspecified habitat or no information,Canada,North America,Count,All Individuals,Sample,None,1.0,63.0,1.0,False,None,12,25,78,-63.0,45.0
442,63,1919,1981,63,0,0,1970.0,1970.0,22,5,17,1948.0,1969.0,True,Mustela vison,Mammalia,Unspecified habitat or no information,Canada,North America,Count,All Individuals,Sample,None,1.0,63.0,1.0,False,None,12,26,78,-88.0,52.0
443,62,1919,1981,63,1,0,1950.0,1950.0,2,2,0,1948.0,1949.0,True,Mustela vison,Mammalia,Unspecified habitat or no information,Canada,North America,Count,All Individuals,Sample,None,1.0,63.0,1.0,False,None,12,27,78,-63.0,47.0
444,63,1919,1981,63,0,0,,,29,0,29,1948.0,1976.0,False,Mustela vison,Mammalia,Unspecified habitat or no information,Canada,North America,Count,All Individuals,Sample,None,1.0,63.0,1.0,False,None,12,28,78,-73.0,52.0
445,63,1919,1981,63,0,0,1973.0,1973.0,25,5,20,1948.0,1972.0,True,Mustela vison,Mammalia,Unspecified habitat or no information,Canada,North America,Count,All Individuals,Sample,None,1.0,63.0,1.0,False,None,12,29,78,-104.0,55.0
446,63,1919,1981,63,0,0,1956.0,1956.0,8,5,3,1948.0,1955.0,True,Mustela vison,Mammalia,Unspecified habitat or no information,Canada,North America,Count,All Individuals,Sample,None,1.0,63.0,1.0,False,None,12,30,78,-155.0,65.0
447,63,1919,1981,63,0,0,1970.0,1970.0,22,5,17,1948.0,1969.0,True,Mustela vison,Mammalia,Unspecified habitat or no information,Canada,North America,Count,All Individuals,Sample,None,1.0,63.0,1.0,False,Total catch including  provinces and/or years with missing data,12,80,78,-98.0,60.0
448,20,1951,1981,31,11,0,,,0,0,0,,,False,Mustela vison,Mammalia,Unspecified habitat or no information,USA,North America,Count,All Individuals,Sample,None,1.0,31.0,1.0,False,None,12,31,78,-87.0,33.0
449,45,1934,1981,48,3,0,1970.0,1968.0,0,0,0,,,False,Mustela vison,Mammalia,Unspecified habitat or no information,USA,North America,Count,All Individuals,Sample,None,1.0,51.0,1.0,False,None,12,32,78,-155.0,65.0
450,40,1938,1981,44,4,0,1968.0,1968.0,0,0,0,,,False,Mustela vison,Mammalia,Unspecified habitat or no information,USA,North America,Count,All Individuals,Sample,None,1.0,51.0,1.0,False,None,12,34,78,-98.0,34.0
451,46,1934,1981,48,2,0,1970.0,1970.0,0,0,0,,,False,Mustela vison,Mammalia,Unspecified habitat or no information,USA,North America,Count,All Individuals,Sample,None,1.0,51.0,1.0,False,None,12,35,78,-119.0,37.0
452,34,1940,1981,42,8,2,1948.0,1948.0,0,0,0,,,False,Mustela vison,Mammalia,Unspecified habitat or no information,USA,North America,Count,All Individuals,Sample,None,1.0,42.0,1.0,False,None,12,36,78,-116.0,38.0
453,21,1933,1955,23,2,0,,,0,0,0,,,False,Mustela vison,Mammalia,Unspecified habitat or no information,USA,North America,Count,All Individuals,Sample,None,1.0,25.0,1.0,False,None,12,37,78,-73.0,42.0
454,21,1956,1979,24,3,0,,,0,0,0,,,False,Mustela vison,Mammalia,Unspecified habitat or no information,USA,North America,Count,All Individuals,Sample,None,1.0,24.0,1.0,False,None,12,38,78,-74.0,39.0
455,26,1946,1981,36,10,0,,1968.0,0,0,0,,,False,Mustela vison,Mammalia,Unspecified habitat or no information,USA,North America,Count,All Individuals,Sample,None,1.0,36.0,1.0,False,None,12,39,78,-82.0,30.0
456,35,1937,1981,45,10,0,1961.0,1961.0,0,0,0,,,False,Mustela vison,Mammalia,Unspecified habitat or no information,USA,North America,Count,All Individuals,Sample,None,1.0,51.0,1.0,False,None,12,40,78,-83.0,33.0
457,39,1934,1981,48,9,0,,,0,0,0,,,False,Mustela vison,Mammalia,Unspecified habitat or no information,USA,North America,Count,All Individuals,Sample,None,1.0,51.0,1.0,False,None,12,41,78,-114.0,44.0
458,29,1934,1981,48,19,0,1963.0,1963.0,0,0,0,,,False,Mustela vison,Mammalia,Unspecified habitat or no information,USA,North America,Count,All Individuals,Sample,None,1.0,51.0,1.0,False,None,12,42,78,-89.0,39.0
459,45,1934,1981,48,3,0,,,11,0,11,1966.0,1976.0,False,Mustela vison,Mammalia,Unspecified habitat or no information,USA,North America,Count,All Individuals,Sample,None,1.0,51.0,1.0,False,None,12,43,78,-86.0,40.0
460,47,1934,1981,48,1,0,,,13,0,13,1964.0,1976.0,False,Mustela vison,Mammalia,Unspecified habitat or no information,USA,North America,Count,All Individuals,Sample,None,1.0,51.0,1.0,False,None,12,44,78,-94.0,42.0
461,42,1934,1981,48,6,0,1964.0,1956.0,0,0,0,,,False,Mustela vison,Mammalia,Unspecified habitat or no information,USA,North America,Count,All Individuals,Sample,None,1.0,51.0,1.0,False,None,12,45,78,-97.0,39.0
462,33,1949,1981,33,0,0,,,0,0,0,,,False,Mustela vison,Mammalia,Unspecified habitat or no information,USA,North America,Count,All Individuals,Sample,None,1.0,33.0,1.0,False,None,12,46,78,-85.0,38.0
463,44,1934,1981,48,4,0,1963.0,1963.0,0,0,0,,,False,Mustela vison,Mammalia,Unspecified habitat or no information,USA,North America,Count,All Individuals,Sample,None,1.0,51.0,1.0,False,None,12,47,78,-97.0,31.0
464,30,1949,1981,33,3,0,,,0,0,0,,,False,Mustela vison,Mammalia,Unspecified habitat or no information,USA,North America,Count,All Individuals,Sample,None,1.0,33.0,1.0,False,None,12,48,78,-69.0,45.0
465,41,1934,1981,48,7,1,,,0,0,0,,,False,Mustela vison,Mammalia,Unspecified habitat or no information,USA,North America,Count,All Individuals,Sample,None,1.0,51.0,1.0,False,None,12,49,78,-76.0,39.0
466,48,1931,1981,51,3,1,1967.0,1967.0,4,4,0,1963.0,1966.0,True,Mustela vison,Mammalia,Unspecified habitat or no information,USA,North America,Count,All Individuals,Sample,None,1.0,51.0,1.0,False,None,12,50,78,-73.0,42.0
467,36,1935,1981,47,11,0,1965.0,1965.0,0,0,0,,,False,Mustela vison,Mammalia,Unspecified habitat or no information,USA,North America,Count,All Individuals,Sample,None,1.0,51.0,1.0,False,None,12,51,78,-85.0,44.0
468,45,1934,1981,48,3,0,,,11,0,11,1966.0,1976.0,False,Mustela vison,Mammalia,Unspecified habitat or no information,USA,North America,Count,All Individuals,Sample,None,1.0,51.0,1.0,False,None,12,52,78,-95.0,46.0
469,27,1934,1981,48,21,0,,,0,0,0,,,False,Mustela vison,Mammalia,Unspecified habitat or no information,USA,North America,Count,All Individuals,Sample,None,1.0,48.0,1.0,False,None,12,53,78,-90.0,33.0
470,40,1940,1981,42,2,0,,,0,0,0,,,False,Mustela vison,Mammalia,Unspecified habitat or no information,USA,North America,Count,All Individuals,Sample,None,1.0,42.0,1.0,False,None,12,54,78,-98.0,38.0
471,44,1935,1981,47,3,0,,,0,0,0,,,False,Mustela vison,Mammalia,Unspecified habitat or no information,USA,North America,Count,All Individuals,Sample,None,1.0,47.0,1.0,False,None,12,55,78,-110.0,47.0
472,38,1943,1981,39,1,0,,,0,0,0,,,False,Mustela vison,Mammalia,Unspecified habitat or no information,USA,North America,Count,All Individuals,Sample,None,1.0,39.0,1.0,False,None,12,56,78,-110.0,42.0
473,14,1968,1981,14,0,0,,,0,0,0,,,False,Mustela vison,Mammalia,Unspecified habitat or no information,USA,North America,Count,All Individuals,Sample,None,1.0,14.0,1.0,False,None,12,57,78,-113.0,39.0
474,47,1934,1981,48,1,0,1970.0,1970.0,5,4,1,1963.0,1968.0,True,Mustela vison,Mammalia,Unspecified habitat or no information,USA,North America,Count,All Individuals,Sample,None,1.0,48.0,1.0,False,None,12,58,78,-72.0,44.0
475,19,1940,1962,23,4,1,1948.0,1948.0,0,0,0,,,False,Mustela vison,Mammalia,Unspecified habitat or no information,USA,North America,Count,All Individuals,Sample,None,1.0,23.0,1.0,False,None,12,60,78,-114.0,34.0
476,21,1934,1981,48,27,0,,,0,0,0,,,False,Mustela vison,Mammalia,Unspecified habitat or no information,USA,North America,Count,All Individuals,Sample,None,1.0,48.0,1.0,False,None,12,61,78,-73.0,41.0
477,42,1931,1981,51,9,2,1956.0,1956.0,0,0,0,,,False,Mustela vison,Mammalia,Unspecified habitat or no information,USA,North America,Count,All Individuals,Sample,None,1.0,51.0,1.0,False,None,12,62,78,-79.0,36.0
478,40,1940,1981,42,2,0,,,0,0,0,,,False,Mustela vison,Mammalia,Unspecified habitat or no information,USA,North America,Count,All Individuals,Sample,None,1.0,42.0,1.0,False,None,12,63,78,-100.0,47.0
479,49,1931,1981,51,2,1,1954.0,1954.0,0,0,0,,,False,Mustela vison,Mammalia,Unspecified habitat or no information,USA,North America,Count,All Individuals,Sample,None,1.0,51.0,1.0,False,None,12,64,78,-83.0,40.0
480,37,1934,1981,48,11,0,1963.0,1963.0,0,0,0,,,False,Mustela vison,Mammalia,Unspecified habitat or no information,USA,North America,Count,All Individuals,Sample,None,1.0,51.0,1.0,False,None,12,65,78,-97.0,36.0
481,44,1936,1980,45,1,0,1965.0,1965.0,0,0,0,,,False,Mustela vison,Mammalia,Unspecified habitat or no information,USA,North America,Count,All Individuals,Sample,None,1.0,45.0,1.0,False,None,12,66,78,-120.0,44.0
482,47,1933,1980,48,1,0,,,13,0,13,1963.0,1975.0,False,Mustela vison,Mammalia,Unspecified habitat or no information,USA,North America,Count,All Individuals,Sample,None,1.0,48.0,1.0,False,None,12,67,78,-78.0,41.0
483,34,1948,1981,34,0,1,1970.0,1970.0,0,0,0,,,False,Mustela vison,Mammalia,Unspecified habitat or no information,USA,North America,Count,All Individuals,Sample,None,1.0,34.0,1.0,False,None,12,68,78,-72.0,42.0
484,43,1933,1980,48,5,0,1959.0,1959.0,0,0,0,,,False,Mustela vison,Mammalia,Unspecified habitat or no information,USA,North America,Count,All Individuals,Sample,None,1.0,50.0,1.0,False,None,12,69,78,-81.0,34.0
485,21,1955,1980,26,5,0,1963.0,1963.0,0,0,0,,,False,Mustela vison,Mammalia,Unspecified habitat or no information,USA,North America,Count,All Individuals,Sample,None,1.0,27.0,1.0,False,None,12,70,78,-100.0,44.0
486,34,1937,1980,44,10,0,1968.0,1968.0,0,0,0,,,False,Mustela vison,Mammalia,Unspecified habitat or no information,USA,North America,Count,All Individuals,Sample,None,1.0,51.0,1.0,False,None,12,71,78,-86.0,36.0
487,44,1933,1980,48,4,0,1943.0,1943.0,0,0,0,,,False,Mustela vison,Mammalia,Unspecified habitat or no information,USA,North America,Count,All Individuals,Sample,None,1.0,50.0,1.0,False,None,12,72,78,-99.0,32.0
488,26,1954,1980,27,1,0,,,0,0,0,,,False,Mustela vison,Mammalia,Unspecified habitat or no information,USA,North America,Count,All Individuals,Sample,None,1.0,28.0,1.0,False,None,12,73,78,-112.0,39.0
489,15,1936,1954,19,4,0,,,0,0,0,,,False,Mustela vison,Mammalia,Unspecified habitat or no information,USA,North America,Count,All Individuals,Sample,None,1.0,24.0,1.0,False,None,12,74,78,-73.0,44.0
490,39,1937,1980,44,5,0,,,0,0,0,,,False,Mustela vison,Mammalia,Unspecified habitat or no information,USA,North America,Count,All Individuals,Sample,None,1.0,44.0,1.0,False,None,12,75,78,-78.0,38.0
491,43,1936,1980,45,2,0,1968.0,1968.0,1,1,0,1967.0,1967.0,True,Mustela vison,Mammalia,Unspecified habitat or no information,USA,North America,Count,All Individuals,Sample,None,1.0,45.0,1.0,False,None,12,76,78,-120.0,48.0
492,44,1935,1980,46,2,0,1948.0,1948.0,0,0,0,,,False,Mustela vison,Mammalia,Unspecified habitat or no information,USA,North America,Count,All Individuals,Sample,None,1.0,46.0,1.0,False,None,12,77,78,-80.0,38.0
493,46,1933,1980,48,2,0,,,0,0,0,,,False,Mustela vison,Mammalia,Unspecified habitat or no information,USA,North America,Count,All Individuals,Sample,None,1.0,48.0,1.0,False,None,12,78,78,-90.0,44.0
494,24,1956,1981,26,2,0,,1961.0,0,0,0,,,False,Mustela vison,Mammalia,Unspecified habitat or no information,USA,North America,Count,All Individuals,Sample,None,1.0,26.0,1.0,False,None,12,79,78,-108.0,43.0
495,50,1931,1980,50,0,0,,,16,0,16,1960.0,1975.0,False,Mustela vison,Mammalia,Unspecified habitat or no information,USA,North America,Count,All Individuals,Sample,None,1.0,50.0,1.0,False,Total catch including  states and/or years with missing data,12,81,78,-95.0,40.0
496,51,1931,1981,51,0,0,,,17,0,17,1960.0,1976.0,False,Mustela vison,Mammalia,Unspecified habitat or no information,Multiple or International jurisdiction,North America,Count,All Individuals,Sample,None,1.0,51.0,1.0,False,Total catch including  states/provinces and/or years with missing data,12,82,78,-100.0,45.0
497,23,1919,1981,63,40,1,1972.0,1972.0,0,0,0,,,False,Puma concolor,Mammalia,Unspecified habitat or no information,Canada,North America,Count,All Individuals,Sample,None,1.0,63.0,1.0,False,None,12,20,76,-125.0,55.0
498,22,1919,1981,63,41,0,1972.0,1972.0,0,0,0,,,False,Puma concolor,Mammalia,Unspecified habitat or no information,Canada,North America,Count,All Individuals,Sample,None,1.0,63.0,1.0,False,Total catch including  provinces and/or years with missing data,12,80,76,-98.0,60.0
499,12,1970,1981,12,0,0,,,0,0,0,,,False,Puma concolor,Mammalia,Unspecified habitat or no information,USA,North America,Count,All Individuals,Sample,None,1.0,12.0,1.0,False,None,12,33,76,-112.0,34.0
500,9,1973,1981,9,0,0,,,0,0,0,,,False,Puma concolor,Mammalia,Unspecified habitat or no information,USA,North America,Count,All Individuals,Sample,None,1.0,9.0,1.0,False,None,12,41,76,-114.0,44.0
501,12,1970,1981,12,0,0,,,0,0,0,,,False,Puma concolor,Mammalia,Unspecified habitat or no information,USA,North America,Count,All Individuals,Sample,None,1.0,12.0,1.0,False,None,12,57,76,-113.0,39.0
502,11,1943,1953,11,0,0,,,0,0,0,,,False,Puma concolor,Mammalia,Unspecified habitat or no information,USA,North America,Count,All Individuals,Sample,None,1.0,11.0,1.0,False,None,12,60,76,-114.0,34.0
503,14,1937,1951,15,1,0,,,0,0,0,,,False,Puma concolor,Mammalia,Unspecified habitat or no information,USA,North America,Count,All Individuals,Sample,None,1.0,15.0,1.0,False,None,12,66,76,-120.0,44.0
504,29,1937,1981,45,16,0,,1953.0,0,0,0,,,False,Puma concolor,Mammalia,Unspecified habitat or no information,USA,North America,Count,All Individuals,Sample,None,1.0,45.0,1.0,False,Total catch including  states and/or years with missing data,12,81,76,-95.0,40.0
505,29,1937,1981,45,16,0,,1953.0,0,0,0,,,False,Puma concolor,Mammalia,Unspecified habitat or no information,Multiple or International jurisdiction,North America,Count,All Individuals,Sample,None,1.0,45.0,1.0,False,Total catch including  states/provinces and/or years with missing data,12,82,76,-100.0,45.0
1088,16,1981,1996,16,0,1,,,0,0,0,,,False,Agonus cataphractus,Osteichthyes,Tidal/Intertidal,UK - England,Europe,Count,All Individuals,Sample,None,5.0,16.0,1.0,False,"Data are summed values from monthly counts. Monthly data available in this dataset also. Samples are taken from screens on condenser water inlets at Hinkley Point power station. Constant sampling effort assured, but NB sample reduced to 11 months in 1982 & 1992 and 5 months in 1986--yearly counts adjusted accordingly.",14,83,92,-4.05,51.25
1089,16,1981,1996,16,0,2,,,0,0,0,,,False,Alosa fallax,Osteichthyes,Tidal/Intertidal,UK - England,Europe,Count,All Individuals,Sample,None,5.0,16.0,1.0,False,"Data are summed values from monthly counts. Monthly data available in this dataset also. Samples are taken from screens on condenser water inlets at Hinkley Point power station. Constant sampling effort assured, but NB sample reduced to 11 months in 1982 & 1992 and 5 months in 1986--yearly counts adjusted accordingly.",14,83,93,-4.05,51.25
1090,16,1981,1996,16,0,0,1991.0,1991.0,0,0,0,,,False,Anguilla anguilla,Osteichthyes,Tidal/Intertidal,UK - England,Europe,Count,All Individuals,Sample,None,5.0,16.0,1.0,False,"Data are summed values from monthly counts. Monthly data available in this dataset also. Samples are taken from screens on condenser water inlets at Hinkley Point power station. Constant sampling effort assured, but NB sample reduced to 11 months in 1982 & 1992 and 5 months in 1986--yearly counts adjusted accordingly.",14,83,94,-4.05,51.25
1091,16,1981,1996,16,0,0,1986.0,1986.0,0,0,0,,,False,Aphia minuta,Osteichthyes,Tidal/Intertidal,UK - England,Europe,Count,All Individuals,Sample,None,5.0,16.0,1.0,False,"Data are summed values from monthly counts. Monthly data available in this dataset also. Samples are taken from screens on condenser water inlets at Hinkley Point power station. Constant sampling effort assured, but NB sample reduced to 11 months in 1982 & 1992 and 5 months in 1986--yearly counts adjusted accordingly.",14,83,95,-4.05,51.25
1092,16,1981,1996,16,0,5,,,0,0,0,,,False,Callionymus lyra,Osteichthyes,Tidal/Intertidal,UK - England,Europe,Count,All Individuals,Sample,None,5.0,16.0,1.0,False,"Data are summed values from monthly counts. Monthly data available in this dataset also. Samples are taken from screens on condenser water inlets at Hinkley Point power station. Constant sampling effort assured, but NB sample reduced to 11 months in 1982 & 1992 and 5 months in 1986--yearly counts adjusted accordingly.",14,83,96,-4.05,51.25
1093,16,1981,1996,16,0,1,,,0,0,0,,,False,Ciliata mustela,Osteichthyes,Tidal/Intertidal,UK - England,Europe,Count,All Individuals,Sample,None,5.0,16.0,1.0,False,"Data are summed values from monthly counts. Monthly data available in this dataset also. Samples are taken from screens on condenser water inlets at Hinkley Point power station. Constant sampling effort assured, but NB sample reduced to 11 months in 1982 & 1992 and 5 months in 1986--yearly counts adjusted accordingly.",14,83,97,-4.05,51.25
1094,16,1981,1996,16,0,3,,,0,0,0,,,False,Ciliata septentrionalis,Osteichthyes,Tidal/Intertidal,UK - England,Europe,Count,All Individuals,Sample,None,5.0,16.0,1.0,False,"Data are summed values from monthly counts. Monthly data available in this dataset also. Samples are taken from screens on condenser water inlets at Hinkley Point power station. Constant sampling effort assured, but NB sample reduced to 11 months in 1982 & 1992 and 5 months in 1986--yearly counts adjusted accordingly.",14,83,98,-4.05,51.25
1095,16,1981,1996,16,0,2,,,0,0,0,,,False,Clupea harengus,Osteichthyes,Tidal/Intertidal,UK - England,Europe,Count,All Individuals,Sample,None,5.0,16.0,1.0,False,"Data are summed values from monthly counts. Monthly data available in this dataset also. Samples are taken from screens on condenser water inlets at Hinkley Point power station. Constant sampling effort assured, but NB sample reduced to 11 months in 1982 & 1992 and 5 months in 1986--yearly counts adjusted accordingly.",14,83,52,-4.05,51.25
1096,16,1981,1996,16,0,1,,,0,0,0,,,False,Conger conger,Osteichthyes,Tidal/Intertidal,UK - England,Europe,Count,All Individuals,Sample,None,5.0,16.0,1.0,False,"Data are summed values from monthly counts. Monthly data available in this dataset also. Samples are taken from screens on condenser water inlets at Hinkley Point power station. Constant sampling effort assured, but NB sample reduced to 11 months in 1982 & 1992 and 5 months in 1986--yearly counts adjusted accordingly.",14,83,99,-4.05,51.25
1097,16,1981,1996,16,0,0,,,0,0,0,,,False,Dicentrarchus labrax,Osteichthyes,Tidal/Intertidal,UK - England,Europe,Count,All Individuals,Sample,None,5.0,16.0,1.0,False,"Data are summed values from monthly counts. Monthly data available in this dataset also. Samples are taken from screens on condenser water inlets at Hinkley Point power station. Constant sampling effort assured, but NB sample reduced to 11 months in 1982 & 1992 and 5 months in 1986--yearly counts adjusted accordingly.",14,83,101,-4.05,51.25
1098,16,1981,1996,16,0,1,,1996.0,0,0,0,,,False,Entelurus aequoreus,Osteichthyes,Tidal/Intertidal,UK - England,Europe,Count,All Individuals,Sample,None,5.0,16.0,1.0,False,"Data are summed values from monthly counts. Monthly data available in this dataset also. Samples are taken from screens on condenser water inlets at Hinkley Point power station. Constant sampling effort assured, but NB sample reduced to 11 months in 1982 & 1992 and 5 months in 1986--yearly counts adjusted accordingly.",14,83,102,-4.05,51.25
1099,16,1981,1996,16,0,4,,,0,0,0,,,False,Eutrigla gurnardus,Osteichthyes,Tidal/Intertidal,UK - England,Europe,Count,All Individuals,Sample,None,5.0,16.0,1.0,False,"Data are summed values from monthly counts. Monthly data available in this dataset also. Samples are taken from screens on condenser water inlets at Hinkley Point power station. Constant sampling effort assured, but NB sample reduced to 11 months in 1982 & 1992 and 5 months in 1986--yearly counts adjusted accordingly.",14,83,103,-4.05,51.25
1100,16,1981,1996,16,0,1,,,0,0,0,,,False,Gadus morhua,Osteichthyes,Tidal/Intertidal,UK - England,Europe,Count,All Individuals,Sample,None,5.0,16.0,1.0,False,"Data are summed values from monthly counts. Monthly data available in this dataset also. Samples are taken from screens on condenser water inlets at Hinkley Point power station. Constant sampling effort assured, but NB sample reduced to 11 months in 1982 & 1992 and 5 months in 1986--yearly counts adjusted accordingly.",14,83,104,-4.05,51.25
1101,16,1981,1996,16,0,0,,1996.0,0,0,0,,,False,Limanda limanda,Osteichthyes,Tidal/Intertidal,UK - England,Europe,Count,All Individuals,Sample,None,5.0,16.0,1.0,False,"Data are summed values from monthly counts. Monthly data available in this dataset also. Samples are taken from screens on condenser water inlets at Hinkley Point power station. Constant sampling effort assured, but NB sample reduced to 11 months in 1982 & 1992 and 5 months in 1986--yearly counts adjusted accordingly.",14,83,105,-4.05,51.25
1102,16,1981,1996,16,0,0,,,0,0,0,,,False,Liparis liparis,Osteichthyes,Tidal/Intertidal,UK - England,Europe,Count,All Individuals,Sample,None,5.0,16.0,1.0,False,"Data are summed values from monthly counts. Monthly data available in this dataset also. Samples are taken from screens on condenser water inlets at Hinkley Point power station. Constant sampling effort assured, but NB sample reduced to 11 months in 1982 & 1992 and 5 months in 1986--yearly counts adjusted accordingly.",14,83,106,-4.05,51.25
1103,16,1981,1996,16,0,0,,,0,0,0,,,False,Liza ramada,Osteichthyes,Tidal/Intertidal,UK - England,Europe,Count,All Individuals,Sample,None,5.0,16.0,1.0,False,"Data are summed values from monthly counts. Monthly data available in this dataset also. Samples are taken from screens on condenser water inlets at Hinkley Point power station. Constant sampling effort assured, but NB sample reduced to 11 months in 1982 & 1992 and 5 months in 1986--yearly counts adjusted accordingly.",14,83,107,-4.05,51.25
1104,16,1981,1996,16,0,0,,,0,0,0,,,False,Merlangius merlangus,Osteichthyes,Tidal/Intertidal,UK - England,Europe,Count,All Individuals,Sample,None,5.0,16.0,1.0,False,"Data are summed values from monthly counts. Monthly data available in this dataset also. Samples are taken from screens on condenser water inlets at Hinkley Point power station. Constant sampling effort assured, but NB sample reduced to 11 months in 1982 & 1992 and 5 months in 1986--yearly counts adjusted accordingly.",14,83,108,-4.05,51.25
1105,16,1981,1996,16,0,2,1986.0,1986.0,0,0,0,,,False,Merluccius merluccius,Osteichthyes,Tidal/Intertidal,UK - England,Europe,Count,All Individuals,Sample,None,5.0,16.0,1.0,False,"Data are summed values from monthly counts. Monthly data available in this dataset also. Samples are taken from screens on condenser water inlets at Hinkley Point power station. Constant sampling effort assured, but NB sample reduced to 11 months in 1982 & 1992 and 5 months in 1986--yearly counts adjusted accordingly.",14,83,109,-4.05,51.25
1106,16,1981,1996,16,0,0,,,0,0,0,,,False,Platichthys flesus,Osteichthyes,Tidal/Intertidal,UK - England,Europe,Count,All Individuals,Sample,None,5.0,16.0,1.0,False,"Data are summed values from monthly counts. Monthly data available in this dataset also. Samples are taken from screens on condenser water inlets at Hinkley Point power station. Constant sampling effort assured, but NB sample reduced to 11 months in 1982 & 1992 and 5 months in 1986--yearly counts adjusted accordingly.",14,83,110,-4.05,51.25
1107,16,1981,1996,16,0,3,,,0,0,0,,,False,Pleuronectes platessa,Osteichthyes,Tidal/Intertidal,UK - England,Europe,Count,All Individuals,Sample,None,5.0,16.0,1.0,False,"Data are summed values from monthly counts. Monthly data available in this dataset also. Samples are taken from screens on condenser water inlets at Hinkley Point power station. Constant sampling effort assured, but NB sample reduced to 11 months in 1982 & 1992 and 5 months in 1986--yearly counts adjusted accordingly.",14,83,111,-4.05,51.25
1108,16,1981,1996,16,0,3,,1996.0,0,0,0,,,False,Pollachius pollachius,Osteichthyes,Tidal/Intertidal,UK - England,Europe,Count,All Individuals,Sample,None,5.0,16.0,1.0,False,"Data are summed values from monthly counts. Monthly data available in this dataset also. Samples are taken from screens on condenser water inlets at Hinkley Point power station. Constant sampling effort assured, but NB sample reduced to 11 months in 1982 & 1992 and 5 months in 1986--yearly counts adjusted accordingly.",14,83,112,-4.05,51.25
1109,16,1981,1996,16,0,0,,,0,0,0,,,False,Pomatoschistus minutus,Osteichthyes,Tidal/Intertidal,UK - England,Europe,Count,All Individuals,Sample,None,5.0,16.0,1.0,False,"Data are summed values from monthly counts. Monthly data available in this dataset also. Samples are taken from screens on condenser water inlets at Hinkley Point power station. Constant sampling effort assured, but NB sample reduced to 11 months in 1982 & 1992 and 5 months in 1986--yearly counts adjusted accordingly.",14,83,113,-4.05,51.25
1110,16,1981,1996,16,0,2,,,0,0,0,,,False,Raja clevata,Chondrichthyes,Tidal/Intertidal,UK - England,Europe,Count,All Individuals,Sample,None,5.0,16.0,1.0,False,"Data are summed values from monthly counts. Monthly data available in this dataset also. Samples are taken from screens on condenser water inlets at Hinkley Point power station. Constant sampling effort assured, but NB sample reduced to 11 months in 1982 & 1992 and 5 months in 1986--yearly counts adjusted accordingly.",14,83,114,-4.05,51.25
1111,16,1981,1996,16,0,0,,,0,0,0,,,False,Solea solea,Osteichthyes,Tidal/Intertidal,UK - England,Europe,Count,All Individuals,Sample,None,5.0,16.0,1.0,False,"Data are summed values from monthly counts. Monthly data available in this dataset also. Samples are taken from screens on condenser water inlets at Hinkley Point power station. Constant sampling effort assured, but NB sample reduced to 11 months in 1982 & 1992 and 5 months in 1986--yearly counts adjusted accordingly.",14,83,11103,-4.05,51.25
1112,16,1981,1996,16,0,0,,,0,0,0,,,False,Sprattus sprattus,Osteichthyes,Tidal/Intertidal,UK - England,Europe,Count,All Individuals,Sample,None,5.0,16.0,1.0,False,"Data are summed values from monthly counts. Monthly data available in this dataset also. Samples are taken from screens on condenser water inlets at Hinkley Point power station. Constant sampling effort assured, but NB sample reduced to 11 months in 1982 & 1992 and 5 months in 1986--yearly counts adjusted accordingly.",14,83,116,-4.05,51.25
1113,16,1981,1996,16,0,2,,,0,0,0,,,False,Trisopterus esmarkii,Osteichthyes,Tidal/Intertidal,UK - England,Europe,Count,All Individuals,Sample,None,5.0,16.0,1.0,False,"Data are summed values from monthly counts. Monthly data available in this dataset also. Samples are taken from screens on condenser water inlets at Hinkley Point power station. Constant sampling effort assured, but NB sample reduced to 11 months in 1982 & 1992 and 5 months in 1986--yearly counts adjusted accordingly.",14,83,117,-4.05,51.25
1114,16,1981,1996,16,0,4,,1996.0,0,0,0,,,False,Cyclopterus lumpus,Osteichthyes,Tidal/Intertidal,UK - England,Europe,Count,All Individuals,Sample,None,5.0,16.0,1.0,False,"Data are summed values from monthly counts. Monthly data available in this dataset also. Samples are taken from screens on condenser water inlets at Hinkley Point power station. Constant sampling effort assured, but NB sample reduced to 11 months in 1982 & 1992 and 5 months in 1986--yearly counts adjusted accordingly.",14,83,100,-4.05,51.25
1115,16,1981,1996,16,0,0,1995.0,1995.0,0,0,0,,,False,Trisopterus luscus,Osteichthyes,Tidal/Intertidal,UK - England,Europe,Count,All Individuals,Sample,None,5.0,16.0,1.0,False,"Data are summed values from monthly counts. Monthly data available in this dataset also. Samples are taken from screens on condenser water inlets at Hinkley Point power station. Constant sampling effort assured, but NB sample reduced to 11 months in 1982 & 1992 and 5 months in 1986--yearly counts adjusted accordingly.",14,83,118,-4.05,51.25
1116,16,1981,1996,16,0,0,1988.0,1988.0,0,0,0,,,False,Trisopterus minutus,Osteichthyes,Tidal/Intertidal,UK - England,Europe,Count,All Individuals,Sample,None,5.0,16.0,1.0,False,"Data are summed values from monthly counts. Monthly data available in this dataset also. Samples are taken from screens on condenser water inlets at Hinkley Point power station. Constant sampling effort assured, but NB sample reduced to 11 months in 1982 & 1992 and 5 months in 1986--yearly counts adjusted accordingly.",14,83,119,-4.05,51.25
1117,12,1981,1992,12,0,0,,,0,0,0,,,False,Crangon vulgaris,Crustacea,Tidal/Intertidal,UK - England,Europe,Count,All Individuals,Sample,None,5.0,12.0,1.0,False,"Data are summed values from monthly counts. Monthly data available in this dataset also. Samples are taken from screens on condenser water inlets at Hinkley Point power station. Constant sampling effort assured, but NB sample reduced to 11 months in 1982 & 1992 and 5 months in 1986--yearly counts adjusted accordingly.",14,83,120,-4.05,51.25
1149,24,1953,1976,24,0,0,,,0,0,0,,,False,Zenaida macroura,Aves,Deciduous forest,USA,North America,Count,Male territories or breeding pairs,Census,None,4.0,24.0,1.0,False,Breeding population,17,94,161,-88.3,40.13333333333333
1150,44,1927,1976,50,6,3,,,10,0,10,1962.0,1971.0,False,Coccyzus americanus,Aves,Deciduous forest,USA,North America,Count,Male territories or breeding pairs,Census,None,4.0,50.0,1.0,False,Breeding population,17,94,162,-88.3,40.13333333333333
1151,28,1949,1976,28,0,2,,,0,0,0,,,False,Bubo virginianus,Aves,Deciduous forest,USA,North America,Count,Male territories or breeding pairs,Census,None,4.0,28.0,1.0,False,Breeding population,17,94,163,-88.3,40.13333333333333
1152,25,1927,1957,31,6,3,1944.0,1944.0,0,0,0,,,False,Archilochus colubris,Aves,Deciduous forest,USA,North America,Count,Male territories or breeding pairs,Census,None,4.0,31.0,1.0,False,Breeding population,17,94,164,-88.3,40.13333333333333
1153,44,1927,1976,50,6,6,1946.0,1946.0,0,0,0,,,False,Colaptes auratus,Aves,Deciduous forest,USA,North America,Count,Male territories or breeding pairs,Census,None,4.0,50.0,1.0,False,Breeding population,17,94,165,-88.3,40.13333333333333
1154,43,1927,1976,50,7,3,,,9,0,9,1963.0,1971.0,False,Melanerpes carolinus,Aves,Deciduous forest,USA,North America,Count,Male territories or breeding pairs,Census,None,4.0,50.0,1.0,False,Breeding population,17,94,166,-88.3,40.13333333333333
1156,44,1927,1976,50,6,8,1963.0,1963.0,1,1,0,1962.0,1962.0,True,Picoides villosus,Aves,Deciduous forest,USA,North America,Count,Male territories or breeding pairs,Census,None,4.0,50.0,1.0,False,Breeding population,17,94,168,-88.3,40.13333333333333
1157,44,1927,1976,50,6,0,,,10,0,10,1962.0,1971.0,False,Picoides pubescens,Aves,Deciduous forest,USA,North America,Count,Male territories or breeding pairs,Census,None,4.0,50.0,1.0,False,Breeding population,17,94,169,-88.3,40.13333333333333
1158,43,1927,1976,50,7,0,,,9,0,9,1963.0,1971.0,False,Myiarchus crinitus,Aves,Deciduous forest,USA,North America,Count,Male territories or breeding pairs,Census,None,4.0,50.0,1.0,False,Breeding population,17,94,170,-88.3,40.13333333333333
1159,44,1927,1976,50,6,0,,,10,0,10,1962.0,1971.0,False,Contopus virens,Aves,Deciduous forest,USA,North America,Count,Male territories or breeding pairs,Census,None,4.0,50.0,1.0,False,Breeding population,17,94,171,-88.3,40.13333333333333
1160,28,1949,1976,28,0,1,,,0,0,0,,,False,Cyanocitta cristata,Aves,Deciduous forest,USA,North America,Count,Male territories or breeding pairs,Census,None,4.0,28.0,1.0,False,Breeding population,17,94,172,-88.3,40.13333333333333
1161,44,1927,1976,50,6,0,1952.0,1952.0,0,0,0,,,False,Corvus brachyrhynchos.,Aves,Deciduous forest,USA,North America,Count,Male territories or breeding pairs,Census,None,4.0,50.0,1.0,False,Breeding population,17,94,173,-88.3,40.13333333333333
1162,33,1927,1965,39,6,1,,,0,0,0,,,False,Parus bicolor,Aves,Deciduous forest,USA,North America,Count,Male territories or breeding pairs,Census,None,4.0,39.0,1.0,False,Breeding population,17,94,174,-88.3,40.13333333333333
1163,44,1927,1976,50,6,2,,1976.0,9,0,9,1962.0,1970.0,False,Troglodytes aedon,Aves,Deciduous forest,USA,North America,Count,Male territories or breeding pairs,Census,None,4.0,50.0,1.0,False,Breeding population,17,94,175,-88.3,40.13333333333333
1164,25,1952,1976,25,0,3,1972.0,1972.0,0,0,0,,,False,Dumetella carolinensis,Aves,Deciduous forest,USA,North America,Count,Male territories or breeding pairs,Census,None,4.0,25.0,1.0,False,Breeding population,17,94,177,-88.3,40.13333333333333
1165,26,1951,1976,26,0,2,,,0,0,0,,,False,Toxostoma rufum,Aves,Deciduous forest,USA,North America,Count,Male territories or breeding pairs,Census,None,4.0,26.0,1.0,False,Breeding population,17,94,178,-88.3,40.13333333333333
1166,41,1934,1976,43,2,0,,,7,0,7,1965.0,1971.0,False,Sturnus vulgaris,Aves,Deciduous forest,USA,North America,Count,Male territories or breeding pairs,Census,None,4.0,43.0,1.0,False,Breeding population,17,94,64,-88.3,40.13333333333333
1167,18,1944,1961,18,0,3,1958.0,1958.0,0,0,0,,,False,Icteria virens,Aves,Deciduous forest,USA,North America,Count,Male territories or breeding pairs,Census,None,4.0,18.0,1.0,False,Breeding population,17,94,180,-88.3,40.13333333333333
1168,28,1949,1976,28,0,5,1965.0,1965.0,0,0,0,,,False,Passer domesticus,Aves,Deciduous forest,USA,North America,Count,Male territories or breeding pairs,Census,None,4.0,28.0,1.0,False,Breeding population,17,94,181,-88.3,40.13333333333333
1169,44,1927,1976,50,6,0,,,10,0,10,1962.0,1971.0,False,Cardinalis cardinalis,Aves,Deciduous forest,USA,North America,Count,Male territories or breeding pairs,Census,None,4.0,50.0,1.0,False,Breeding population,17,94,183,-88.3,40.13333333333333
1170,44,1927,1976,50,6,1,,,10,0,10,1962.0,1971.0,False,Passerina cyanea,Aves,Deciduous forest,USA,North America,Count,Male territories or breeding pairs,Census,None,4.0,50.0,1.0,False,Breeding population,17,94,184,-88.3,40.13333333333333
1171,25,1952,1976,25,0,2,1961.0,1961.0,0,0,0,,,False,Spizella pusilla,Aves,Deciduous forest,USA,North America,Count,Male territories or breeding pairs,Census,None,4.0,25.0,1.0,False,Breeding population,17,94,185,-88.3,40.13333333333333
1172,47,1924,1975,52,5,8,1943.0,1943.0,0,0,0,,,False,Buteo jamaicensis,Aves,Deciduous forest,USA,North America,Count,All Individuals,Census,None,4.0,52.0,1.0,False,Wintering population,17,94,186,-88.3,40.13333333333333
1173,30,1947,1976,30,0,2,1973.0,1973.0,0,0,0,,,False,Phasianus colchicus,Aves,Deciduous forest,USA,North America,Count,All Individuals,Census,None,4.0,30.0,1.0,False,Wintering population,17,94,187,-88.3,40.13333333333333
1174,28,1949,1976,28,0,3,1965.0,1965.0,0,0,0,,,False,Zenaida macroura,Aves,Deciduous forest,USA,North America,Count,All Individuals,Census,None,4.0,28.0,1.0,False,Wintering population,17,94,161,-88.3,40.13333333333333
1175,25,1952,1976,25,0,0,,,0,0,0,,,False,Bubo virginianus,Aves,Deciduous forest,USA,North America,Count,All Individuals,Census,None,4.0,25.0,1.0,False,Wintering population,17,94,163,-88.3,40.13333333333333
1176,48,1924,1976,53,5,3,,,12,0,12,1960.0,1971.0,False,Melanerpes carolinus,Aves,Deciduous forest,USA,North America,Count,All Individuals,Census,None,4.0,53.0,1.0,False,Wintering population,17,94,166,-88.3,40.13333333333333
1177,24,1953,1976,24,0,3,1967.0,1967.0,0,0,0,,,False,Melanerpes erythrocephalus,Aves,Deciduous forest,USA,North America,Count,All Individuals,Census,None,4.0,24.0,1.0,False,Wintering population,17,94,167,-88.3,40.13333333333333
1178,48,1924,1976,53,5,4,1974.0,1974.0,14,5,9,1960.0,1973.0,True,Picoides villosus,Aves,Deciduous forest,USA,North America,Count,All Individuals,Census,None,4.0,53.0,1.0,False,Wintering population,17,94,168,-88.3,40.13333333333333
1179,48,1924,1976,53,5,0,,,12,0,12,1960.0,1971.0,False,Picoides pubescens,Aves,Deciduous forest,USA,North America,Count,All Individuals,Census,None,4.0,53.0,1.0,False,Wintering population,17,94,169,-88.3,40.13333333333333
1180,47,1924,1976,53,6,5,1943.0,1943.0,0,0,0,,,False,Cyanocitta cristata,Aves,Deciduous forest,USA,North America,Count,All Individuals,Census,None,4.0,53.0,1.0,False,Wintering population,17,94,172,-88.3,40.13333333333333
1181,48,1924,1976,53,5,2,1952.0,1952.0,0,0,0,,,False,Corvus brachyrhynchos.,Aves,Deciduous forest,USA,North America,Count,All Individuals,Census,None,4.0,53.0,1.0,False,Wintering population,17,94,173,-88.3,40.13333333333333
1182,41,1924,1969,46,5,3,1961.0,1961.0,1,1,0,1960.0,1960.0,True,Parus bicolor,Aves,Deciduous forest,USA,North America,Count,All Individuals,Census,None,4.0,46.0,1.0,False,Wintering population,17,94,174,-88.3,40.13333333333333
1183,48,1924,1976,53,5,6,1950.0,1950.0,0,0,0,,,False,Sitta carolinensis,Aves,Deciduous forest,USA,North America,Count,All Individuals,Census,None,4.0,53.0,1.0,False,Wintering population,17,94,188,-88.3,40.13333333333333
1184,47,1926,1976,51,4,4,,,12,0,12,1960.0,1971.0,False,Certhia americana,Aves,Deciduous forest,USA,North America,Count,All Individuals,Census,None,4.0,51.0,1.0,False,Wintering population,17,94,189,-88.3,40.13333333333333
1185,29,1948,1976,29,0,1,,,0,0,0,,,False,Sturnus vulgaris,Aves,Deciduous forest,USA,North America,Count,All Individuals,Census,None,4.0,29.0,1.0,False,Wintering population,17,94,64,-88.3,40.13333333333333
1186,26,1951,1976,26,0,3,1964.0,1964.0,0,0,0,,,False,Passer domesticus,Aves,Deciduous forest,USA,North America,Count,All Individuals,Census,None,4.0,26.0,1.0,False,Wintering population,17,94,181,-88.3,40.13333333333333
1187,48,1924,1976,53,5,0,,,12,0,12,1960.0,1971.0,False,Cardinalis cardinalis,Aves,Deciduous forest,USA,North America,Count,All Individuals,Census,None,4.0,53.0,1.0,False,Wintering population,17,94,183,-88.3,40.13333333333333
1188,48,1924,1976,53,5,7,,,12,0,12,1960.0,1971.0,False,Junco hyemalis,Aves,Deciduous forest,USA,North America,Count,All Individuals,Census,None,4.0,53.0,1.0,False,Wintering population,17,94,151,-88.3,40.13333333333333
1189,48,1924,1976,53,5,4,1942.0,1942.0,0,0,0,,,False,Spizella arborea,Aves,Deciduous forest,USA,North America,Count,All Individuals,Census,None,4.0,53.0,1.0,False,Wintering population,17,94,190,-88.3,40.13333333333333
1190,25,1946,1971,26,1,0,,,0,0,0,,,False,Zenaida macroura,Aves,Deciduous forest,USA,North America,Count,Breeding pairs,Census,per 40 hectares,4.0,26.0,1.0,False,Pairs per 40ha.,17,95,161,-88.65,39.983333333333334
1191,19,1946,1971,26,7,0,,,0,0,0,,,False,Coccyzus americanus,Aves,Deciduous forest,USA,North America,Count,Breeding pairs,Census,per 40 hectares,4.0,26.0,1.0,False,Pairs per 40ha.,17,95,162,-88.65,39.983333333333334
1192,14,1949,1964,16,2,0,,,0,0,0,,,False,Archilochus colubris,Aves,Deciduous forest,USA,North America,Count,Breeding pairs,Census,per 40 hectares,4.0,16.0,1.0,False,Pairs per 40ha.,17,95,164,-88.65,39.983333333333334
1193,16,1955,1971,17,1,0,,,0,0,0,,,False,Colaptes auratus,Aves,Deciduous forest,USA,North America,Count,Breeding pairs,Census,per 40 hectares,4.0,17.0,1.0,False,Pairs per 40ha.,17,95,165,-88.65,39.983333333333334
1194,13,1954,1971,18,5,0,,,0,0,0,,,False,Picoides pubescens,Aves,Deciduous forest,USA,North America,Count,Breeding pairs,Census,per 40 hectares,4.0,18.0,1.0,False,Pairs per 40ha.,17,95,169,-88.65,39.983333333333334
1195,24,1946,1971,26,2,0,,,0,0,0,,,False,Cyanocitta cristata,Aves,Deciduous forest,USA,North America,Count,Breeding pairs,Census,per 40 hectares,4.0,26.0,1.0,False,Pairs per 40ha.,17,95,172,-88.65,39.983333333333334
1196,22,1949,1971,23,1,0,,,0,0,0,,,False,Parus atricapillus,Aves,Deciduous forest,USA,North America,Count,Breeding pairs,Census,per 40 hectares,4.0,23.0,1.0,False,Pairs per 40ha.,17,95,192,-88.65,39.983333333333334
1197,20,1950,1971,22,2,0,,,0,0,0,,,False,Parus bicolor,Aves,Deciduous forest,USA,North America,Count,Breeding pairs,Census,per 40 hectares,4.0,22.0,1.0,False,Pairs per 40ha.,17,95,174,-88.65,39.983333333333334
1198,17,1951,1971,21,4,1,,1969.0,0,0,0,,,False,Troglodytes aedon,Aves,Deciduous forest,USA,North America,Count,Breeding pairs,Census,per 40 hectares,4.0,21.0,1.0,False,Pairs per 40ha.,17,95,175,-88.65,39.983333333333334
1199,22,1946,1971,26,4,0,,,0,0,0,,,False,Dumetella carolinensis,Aves,Deciduous forest,USA,North America,Count,Breeding pairs,Census,per 40 hectares,4.0,26.0,1.0,False,Pairs per 40ha.,17,95,177,-88.65,39.983333333333334
1200,22,1946,1971,26,4,0,,,0,0,0,,,False,Toxostoma rufum,Aves,Deciduous forest,USA,North America,Count,Breeding pairs,Census,per 40 hectares,4.0,26.0,1.0,False,Pairs per 40ha.,17,95,178,-88.65,39.983333333333334
1201,21,1946,1971,26,5,1,,,0,0,0,,,False,Vireo griseus,Aves,Deciduous forest,USA,North America,Count,Breeding pairs,Census,per 40 hectares,4.0,26.0,1.0,False,Pairs per 40ha.,17,95,193,-88.65,39.983333333333334
1202,25,1946,1971,26,1,0,1966.0,1966.0,0,0,0,,,False,Icteria virens,Aves,Deciduous forest,USA,North America,Count,Breeding pairs,Census,per 40 hectares,4.0,26.0,1.0,False,Pairs per 40ha.,17,95,180,-88.65,39.983333333333334
1203,25,1946,1971,26,1,0,,,0,0,0,,,False,Cardinalis cardinalis,Aves,Deciduous forest,USA,North America,Count,Breeding pairs,Census,per 40 hectares,4.0,26.0,1.0,False,Pairs per 40ha.,17,95,183,-88.65,39.983333333333334
1204,23,1946,1971,26,3,0,,,0,0,0,,,False,Passerina cyanea,Aves,Deciduous forest,USA,North America,Count,Breeding pairs,Census,per 40 hectares,4.0,26.0,1.0,False,Pairs per 40ha.,17,95,184,-88.65,39.983333333333334
1205,21,1946,1971,26,5,0,,1967.0,0,0,0,,,False,Carduelis tristis,Aves,Deciduous forest,USA,North America,Count,Breeding pairs,Census,per 40 hectares,4.0,26.0,1.0,False,Pairs per 40ha.,17,95,194,-88.65,39.983333333333334
1206,25,1946,1971,26,1,0,,,0,0,0,,,False,Pipilo erythrophthalmus,Aves,Deciduous forest,USA,North America,Count,Breeding pairs,Census,per 40 hectares,4.0,26.0,1.0,False,Pairs per 40ha.,17,95,195,-88.65,39.983333333333334
1207,24,1946,1969,24,0,0,,,0,0,0,,,False,Spizella pusilla,Aves,Deciduous forest,USA,North America,Count,Breeding pairs,Census,per 40 hectares,4.0,24.0,1.0,False,Pairs per 40ha.,17,95,185,-88.65,39.983333333333334
1211,30,1947,1976,30,0,3,,,0,0,0,,,False,Melospiza melodia,Aves,Deciduous forest,USA,North America,Count,All Individuals,Census,None,4.0,30.0,1.0,False,Wintering population,17,94,191,-88.3,40.13333333333333
1213,48,1924,1976,53,5,8,1942.0,1942.0,0,0,0,,,False,Colaptes auratus,Aves,Deciduous forest,USA,North America,Count,All Individuals,Census,None,4.0,53.0,1.0,False,Wintering population,17,94,165,-88.3,40.13333333333333
1214,26,1949,1975,27,1,15,1960.0,1960.0,0,0,0,,,False,Accipiter nisus,Aves,Deciduous forest,UK - England,Europe,Count,Singing Males,Census,None,4.0,27.0,1.0,False,The number of territories of singing males in 16 hectares each spring.,20,97,197,-0.3333333333333333,51.25
1215,26,1949,1975,27,1,12,1955.0,1955.0,0,0,0,,,False,Phasianus colchicus,Aves,Deciduous forest,UK - England,Europe,Count,Singing Males,Census,None,4.0,27.0,1.0,False,The number of territories of singing males in 16 hectares each spring.,20,97,187,-0.3333333333333333,51.25
1216,26,1949,1975,27,1,16,1968.0,1968.0,0,0,0,,,False,Scolopax rusticola,Aves,Deciduous forest,UK - England,Europe,Count,Singing Males,Census,None,4.0,27.0,1.0,False,The number of territories of singing males in 16 hectares each spring.,20,97,199,-0.3333333333333333,51.25
1217,26,1949,1975,27,1,0,,,0,0,0,,,False,Columba palumbus,Aves,Deciduous forest,UK - England,Europe,Count,Singing Males,Census,None,4.0,27.0,1.0,False,The number of territories of singing males in 16 hectares each spring.,20,97,200,-0.3333333333333333,51.25
1218,26,1949,1975,27,1,10,,1975.0,0,0,0,,,False,Streptopelia turtur,Aves,Deciduous forest,UK - England,Europe,Count,Singing Males,Census,None,4.0,27.0,1.0,False,The number of territories of singing males in 16 hectares each spring.,20,97,201,-0.3333333333333333,51.25
1219,26,1949,1975,27,1,4,,,0,0,0,,,False,Cuculus canorus,Aves,Deciduous forest,UK - England,Europe,Count,Singing Males,Census,None,4.0,27.0,1.0,False,The number of territories of singing males in 16 hectares each spring.,20,97,202,-0.3333333333333333,51.25
1220,26,1949,1975,27,1,2,,,0,0,0,,,False,Strix aluco,Aves,Deciduous forest,UK - England,Europe,Count,Singing Males,Census,None,4.0,27.0,1.0,False,The number of territories of singing males in 16 hectares each spring.,20,97,203,-0.3333333333333333,51.25
1221,26,1949,1975,27,1,5,1955.0,1955.0,0,0,0,,,False,Picus viridis,Aves,Deciduous forest,UK - England,Europe,Count,Singing Males,Census,None,4.0,27.0,1.0,False,The number of territories of singing males in 16 hectares each spring.,20,97,361,-0.3333333333333333,51.25
1222,26,1949,1975,27,1,0,,,0,0,0,,,False,Dendrocopos major,Aves,Deciduous forest,UK - England,Europe,Count,Singing Males,Census,None,4.0,27.0,1.0,False,The number of territories of singing males in 16 hectares each spring.,20,97,204,-0.3333333333333333,51.25
1223,26,1949,1975,27,1,13,,,0,0,0,,,False,Dendrocopos minor,Aves,Deciduous forest,UK - England,Europe,Count,Singing Males,Census,None,4.0,27.0,1.0,False,The number of territories of singing males in 16 hectares each spring.,20,97,362,-0.3333333333333333,51.25
1224,26,1949,1975,27,1,0,,,0,0,0,,,False,Corvus corone,Aves,Deciduous forest,UK - England,Europe,Count,Singing Males,Census,None,4.0,27.0,1.0,False,The number of territories of singing males in 16 hectares each spring.,20,97,68,-0.3333333333333333,51.25
1225,26,1949,1975,27,1,1,,,0,0,0,,,False,Pica pica,Aves,Deciduous forest,UK - England,Europe,Count,Singing Males,Census,None,4.0,27.0,1.0,False,The number of territories of singing males in 16 hectares each spring.,20,97,205,-0.3333333333333333,51.25
1226,26,1949,1975,27,1,0,,,0,0,0,,,False,Garrulus glandarius,Aves,Deciduous forest,UK - England,Europe,Count,Singing Males,Census,None,4.0,27.0,1.0,False,The number of territories of singing males in 16 hectares each spring.,20,97,206,-0.3333333333333333,51.25
1227,26,1949,1975,27,1,0,,,0,0,0,,,False,Parus major,Aves,Deciduous forest,UK - England,Europe,Count,Singing Males,Census,None,4.0,27.0,1.0,False,The number of territories of singing males in 16 hectares each spring.,20,97,207,-0.3333333333333333,51.25
1228,25,1950,1975,26,1,0,,,0,0,0,,,False,Parus caeruleus,Aves,Deciduous forest,UK - England,Europe,Count,Singing Males,Census,None,4.0,26.0,1.0,False,The number of territories of singing males in 16 hectares each spring.,20,97,208,-0.3333333333333333,51.25
1229,26,1949,1975,27,1,0,,,0,0,0,,,False,Parus afer,Aves,Deciduous forest,UK - England,Europe,Count,Singing Males,Census,None,4.0,27.0,1.0,False,The number of territories of singing males in 16 hectares each spring.,20,97,209,-0.3333333333333333,51.25
1230,26,1949,1975,27,1,0,,,0,0,0,,,False,Parus palustrus,Aves,Deciduous forest,UK - England,Europe,Count,Singing Males,Census,None,4.0,27.0,1.0,False,The number of territories of singing males in 16 hectares each spring.,20,97,210,-0.3333333333333333,51.25
1231,26,1949,1975,27,1,4,,,0,0,0,,,False,Parus montanus,Aves,Deciduous forest,UK - England,Europe,Count,Singing Males,Census,None,4.0,27.0,1.0,False,The number of territories of singing males in 16 hectares each spring.,20,97,211,-0.3333333333333333,51.25
1232,26,1949,1975,27,1,3,1963.0,1963.0,0,0,0,,,False,Aegithalos caudatus,Aves,Deciduous forest,UK - England,Europe,Count,Singing Males,Census,None,4.0,27.0,1.0,False,The number of territories of singing males in 16 hectares each spring.,20,97,212,-0.3333333333333333,51.25
1233,26,1949,1975,27,1,1,,,0,0,0,,,False,Sitta europaea,Aves,Deciduous forest,UK - England,Europe,Count,Singing Males,Census,None,4.0,27.0,1.0,False,The number of territories of singing males in 16 hectares each spring.,20,97,213,-0.3333333333333333,51.25
1234,26,1949,1975,27,1,1,,,0,0,0,,,False,Certhia familiaris,Aves,Deciduous forest,UK - England,Europe,Count,Singing Males,Census,None,4.0,27.0,1.0,False,The number of territories of singing males in 16 hectares each spring.,20,97,214,-0.3333333333333333,51.25
1235,26,1949,1975,27,1,0,,,0,0,0,,,False,Troglodytes troglodytes,Aves,Deciduous forest,UK - England,Europe,Count,Singing Males,Census,None,4.0,27.0,1.0,False,The number of territories of singing males in 16 hectares each spring.,20,97,132,-0.3333333333333333,51.25
1236,26,1949,1975,27,1,8,,,0,0,0,,,False,Turdus viscivorus,Aves,Deciduous forest,UK - England,Europe,Count,Singing Males,Census,None,4.0,27.0,1.0,False,The number of territories of singing males in 16 hectares each spring.,20,97,215,-0.3333333333333333,51.25
1237,26,1949,1975,27,1,0,,,0,0,0,,,False,Turdus philomelos,Aves,Deciduous forest,UK - England,Europe,Count,Singing Males,Census,None,4.0,27.0,1.0,False,The number of territories of singing males in 16 hectares each spring.,20,97,216,-0.3333333333333333,51.25
1238,26,1949,1975,27,1,0,,,0,0,0,,,False,Turdus merula,Aves,Deciduous forest,UK - England,Europe,Count,Singing Males,Census,None,4.0,27.0,1.0,False,The number of territories of singing males in 16 hectares each spring.,20,97,217,-0.3333333333333333,51.25
1239,29,1946,1975,30,1,0,,,0,0,0,,,False,Erithacus rubecula,Aves,Deciduous forest,UK - England,Europe,Count,Singing Males,Census,None,4.0,30.0,1.0,False,The number of territories of singing males in 16 hectares each spring.,20,97,219,-0.3333333333333333,51.25
1240,26,1949,1975,27,1,0,,,0,0,0,,,False,Sylvia atricapilla,Aves,Deciduous forest,UK - England,Europe,Count,Singing Males,Census,None,4.0,27.0,1.0,False,The number of territories of singing males in 16 hectares each spring.,20,97,220,-0.3333333333333333,51.25
1241,26,1949,1975,27,1,3,1971.0,1971.0,0,0,0,,,False,Sylvia borin,Aves,Deciduous forest,UK - England,Europe,Count,Singing Males,Census,None,4.0,27.0,1.0,False,The number of territories of singing males in 16 hectares each spring.,20,97,221,-0.3333333333333333,51.25
1242,26,1949,1975,27,1,4,1960.0,1960.0,0,0,0,,,False,Phylloscopus trochilus,Aves,Deciduous forest,UK - England,Europe,Count,Singing Males,Census,None,4.0,27.0,1.0,False,The number of territories of singing males in 16 hectares each spring.,20,97,223,-0.3333333333333333,51.25
1243,26,1949,1975,27,1,0,1971.0,1971.0,0,0,0,,,False,Phylloscopus collybita,Aves,Deciduous forest,UK - England,Europe,Count,Singing Males,Census,None,4.0,27.0,1.0,False,The number of territories of singing males in 16 hectares each spring.,20,97,224,-0.3333333333333333,51.25
1244,25,1950,1975,26,1,2,1972.0,1972.0,0,0,0,,,False,Prunella modularis,Aves,Deciduous forest,UK - England,Europe,Count,Singing Males,Census,None,4.0,26.0,1.0,False,The number of territories of singing males in 16 hectares each spring.,20,97,69,-0.3333333333333333,51.25
1245,26,1949,1975,27,1,9,,,0,0,0,,,False,Sturnus vulgaris,Aves,Deciduous forest,UK - England,Europe,Count,Singing Males,Census,None,4.0,27.0,1.0,False,The number of territories of singing males in 16 hectares each spring.,20,97,64,-0.3333333333333333,51.25
1246,26,1949,1975,27,1,0,,,0,0,0,,,False,Pyrrhula pyrrhula,Aves,Deciduous forest,UK - England,Europe,Count,Singing Males,Census,None,4.0,27.0,1.0,False,The number of territories of singing males in 16 hectares each spring.,20,97,231,-0.3333333333333333,51.25
1247,26,1949,1975,27,1,0,,,0,0,0,,,False,Fringilla coelebs,Aves,Deciduous forest,UK - England,Europe,Count,Singing Males,Census,None,4.0,27.0,1.0,False,The number of territories of singing males in 16 hectares each spring.,20,97,232,-0.3333333333333333,51.25
1248,10,1978,1987,10,0,0,,,0,0,0,,,False,Aricia agestis,Insecta,Grassland,UK - England,Europe,Count,All Individuals,Sample,None,4.0,10.0,1.0,False,First (spring) generation. Pop size is calculated as the sum of individuals counted each week of the 26 week recording period. The sum of mean weekly counts is used if there is > 1 count per week.,21,98,233,-0.08333333333333333,50.766666666666666
1250,10,1978,1987,10,0,0,,,0,0,0,,,False,Lysandra bellargus,Insecta,Grassland,UK - England,Europe,Count,All Individuals,Sample,None,4.0,10.0,1.0,False,First (spring) generation. Pop size is calculated as the sum of individuals counted each week of the 26 week recording period. The sum of mean weekly counts is used if there is > 1 count per week.,21,98,234,-0.08333333333333333,50.766666666666666
1252,10,1978,1987,10,0,0,,,0,0,0,,,False,Lysandra coridon,Insecta,Grassland,UK - England,Europe,Count,All Individuals,Sample,None,4.0,10.0,1.0,False,Pop size is calculated as the sum of individuals counted each week of the 26 week recording period. The sum of mean weekly counts is used if there is > 1 count per week.,21,98,235,-0.08333333333333333,50.766666666666666
1253,10,1978,1987,10,0,1,,,0,0,0,,,False,Polygonia c-album,Insecta,Grassland,UK - England,Europe,Count,All Individuals,Sample,None,4.0,10.0,1.0,False,Pop size is calculated as the sum of individuals counted each week of the 26 week recording period. The sum of mean weekly counts is used if there is > 1 count per week.,21,98,236,-0.08333333333333333,50.766666666666666
1254,10,1978,1987,10,0,0,,,0,0,0,,,False,Polyommatus icarus,Insecta,Grassland,UK - England,Europe,Count,All Individuals,Sample,None,4.0,10.0,1.0,False,First (spring) generation. Pop size is calculated as the sum of individuals counted each week of the 26 week recording period. The sum of mean weekly counts is used if there is > 1 count per week.,21,98,237,-0.08333333333333333,50.766666666666666
1256,10,1978,1987,10,0,3,,,0,0,0,,,False,Mesoacidalia aglaja,Insecta,Grassland,UK - England,Europe,Count,All Individuals,Sample,None,4.0,10.0,1.0,False,Pop size is calculated as the sum of individuals counted each week of the 26 week recording period. The sum of mean weekly counts is used if there is > 1 count per week.,21,98,238,-0.08333333333333333,50.766666666666666
1257,10,1978,1987,10,0,0,,,0,0,0,,,False,Erynnis tages,Insecta,Grassland,UK - England,Europe,Count,All Individuals,Sample,None,4.0,10.0,1.0,False,Pop size is calculated as the sum of individuals counted each week of the 26 week recording period. The sum of mean weekly counts is used if there is > 1 count per week.,21,98,239,-0.08333333333333333,50.766666666666666
1258,10,1978,1987,10,0,0,1983.0,1983.0,0,0,0,,,False,Pieris napi,Insecta,Grassland,UK - England,Europe,Count,All Individuals,Sample,None,4.0,10.0,1.0,False,Pop size is calculated as the sum of individuals counted each week of the 26 week recording period. The sum of mean weekly counts is used if there is > 1 count per week.,21,98,240,-0.08333333333333333,50.766666666666666
1259,10,1978,1987,10,0,0,,,0,0,0,,,False,Pyronia tithonus,Insecta,Grassland,UK - England,Europe,Count,All Individuals,Sample,None,4.0,10.0,1.0,False,Pop size is calculated as the sum of individuals counted each week of the 26 week recording period. The sum of mean weekly counts is used if there is > 1 count per week.,21,98,242,-0.08333333333333333,50.766666666666666
1260,10,1978,1987,10,0,0,,,0,0,0,,,False,Ochlodes venata,Insecta,Grassland,UK - England,Europe,Count,All Individuals,Sample,None,4.0,10.0,1.0,False,Pop size is calculated as the sum of individuals counted each week of the 26 week recording period. The sum of mean weekly counts is used if there is > 1 count per week.,21,98,243,-0.08333333333333333,50.766666666666666
1261,10,1978,1987,10,0,0,,,0,0,0,,,False,Pieris brassicae,Insecta,Grassland,UK - England,Europe,Count,All Individuals,Sample,None,4.0,10.0,1.0,False,First (spring) generation. Pop size is calculated as the sum of individuals counted each week of the 26 week recording period. The sum of mean weekly counts is used if there is > 1 count per week.,21,98,244,-0.08333333333333333,50.766666666666666
1263,10,1978,1987,10,0,0,,,0,0,0,,,False,Melanargia galathea,Insecta,Grassland,UK - England,Europe,Count,All Individuals,Sample,None,4.0,10.0,1.0,False,Pop size is calculated as the sum of individuals counted each week of the 26 week recording period. The sum of mean weekly counts is used if there is > 1 count per week.,21,98,246,-0.08333333333333333,50.766666666666666
1264,10,1978,1987,10,0,0,,,0,0,0,,,False,Maniola jurtina,Insecta,Grassland,UK - England,Europe,Count,All Individuals,Sample,None,4.0,10.0,1.0,False,Pop size is calculated as the sum of individuals counted each week of the 26 week recording period. The sum of mean weekly counts is used if there is > 1 count per week.,21,98,247,-0.08333333333333333,50.766666666666666
1265,10,1978,1987,10,0,2,,1987.0,0,0,0,,,False,Vanessa cardui,Insecta,Grassland,UK - England,Europe,Count,All Individuals,Sample,None,4.0,10.0,1.0,False,Pop size is calculated as the sum of individuals counted each week of the 26 week recording period. The sum of mean weekly counts is used if there is > 1 count per week.,21,98,248,-0.08333333333333333,50.766666666666666
1266,10,1978,1987,10,0,1,,,0,0,0,,,False,Vanessa atalanta,Insecta,Grassland,UK - England,Europe,Count,All Individuals,Sample,None,4.0,10.0,1.0,False,Pop size is calculated as the sum of individuals counted each week of the 26 week recording period. The sum of mean weekly counts is used if there is > 1 count per week.,21,98,249,-0.08333333333333333,50.766666666666666
1267,10,1978,1987,10,0,2,,,0,0,0,,,False,Cupido minimus,Insecta,Grassland,UK - England,Europe,Count,All Individuals,Sample,None,4.0,10.0,1.0,False,Pop size is calculated as the sum of individuals counted each week of the 26 week recording period. The sum of mean weekly counts is used if there is > 1 count per week.,21,98,250,-0.08333333333333333,50.766666666666666
1268,10,1978,1987,10,0,0,,,0,0,0,,,False,Lycaena phlaeas,Insecta,Grassland,UK - England,Europe,Count,All Individuals,Sample,None,4.0,10.0,1.0,False,First (spring) generation. Pop size is calculated as the sum of individuals counted each week of the 26 week recording period. The sum of mean weekly counts is used if there is > 1 count per week.,21,98,251,-0.08333333333333333,50.766666666666666
1270,10,1978,1987,10,0,0,,,0,0,0,,,False,Coenonympha pamphilus,Insecta,Grassland,UK - England,Europe,Count,All Individuals,Sample,None,4.0,10.0,1.0,False,Pop size is calculated as the sum of individuals counted each week of the 26 week recording period. The sum of mean weekly counts is used if there is > 1 count per week.,21,98,252,-0.08333333333333333,50.766666666666666
1271,10,1978,1987,10,0,0,,,0,0,0,,,False,Aglais urticae,Insecta,Grassland,UK - England,Europe,Count,All Individuals,Sample,None,4.0,10.0,1.0,False,Pop size is calculated as the sum of individuals counted each week of the 26 week recording period. The sum of mean weekly counts is used if there is > 1 count per week.,21,98,253,-0.08333333333333333,50.766666666666666
1272,10,1978,1987,10,0,0,,,0,0,0,,,False,Pieris rapae,Insecta,Grassland,UK - England,Europe,Count,All Individuals,Sample,None,4.0,10.0,1.0,False,First (spring) generation. Pop size is calculated as the sum of individuals counted each week of the 26 week recording period. The sum of mean weekly counts is used if there is > 1 count per week.,21,98,254,-0.08333333333333333,50.766666666666666
1274,10,1978,1987,10,0,4,1985.0,1985.0,0,0,0,,,False,Pararge aegeria,Insecta,Grassland,UK - England,Europe,Count,All Individuals,Sample,None,4.0,10.0,1.0,False,Pop size is calculated as the sum of individuals counted each week of the 26 week recording period. The sum of mean weekly counts is used if there is > 1 count per week.,21,98,255,-0.08333333333333333,50.766666666666666
1275,10,1978,1987,10,0,0,,1987.0,0,0,0,,,False,Lasiommata megera,Insecta,Grassland,UK - England,Europe,Count,All Individuals,Sample,None,4.0,10.0,1.0,False,First (spring) generation. Pop size is calculated as the sum of individuals counted each week of the 26 week recording period. The sum of mean weekly counts is used if there is > 1 count per week.,21,98,256,-0.08333333333333333,50.766666666666666
1276,10,1978,1987,10,0,0,,,0,0,0,,,False,Inachis io,Insecta,Grassland,UK - England,Europe,Count,All Individuals,Sample,None,4.0,10.0,1.0,False,First (spring) generation. Pop size is calculated as the sum of individuals counted each week of the 26 week recording period. The sum of mean weekly counts is used if there is > 1 count per week.,21,98,258,-0.08333333333333333,50.766666666666666
1310,15,1952,1966,15,0,0,,1966.0,0,0,0,,,False,Erranis leucophaeria,Insecta,Deciduous forest,UK - England,Europe,Count,All Individuals,Sample,per m^2,-1.0,15.0,1.0,False,Population numbers are log10(no. per square meter),23,8,394,-1.3333333333333333,51.7
1311,15,1952,1966,15,0,0,,,0,0,0,,,False,Erranis progemmaria,Insecta,Deciduous forest,UK - England,Europe,Count,All Individuals,Sample,per m^2,-1.0,15.0,1.0,False,Population numbers are log10(no. per square meter),23,8,395,-1.3333333333333333,51.7
1312,15,1952,1966,15,0,0,1959.0,1959.0,0,0,0,,,False,Erranis defolaria,Insecta,Deciduous forest,UK - England,Europe,Count,All Individuals,Sample,per m^2,-1.0,15.0,1.0,False,Population numbers are log10(no. per square meter),23,8,396,-1.3333333333333333,51.7
1313,15,1952,1966,15,0,0,,,0,0,0,,,False,Erranis aurantiaria,Insecta,Deciduous forest,UK - England,Europe,Count,All Individuals,Sample,per m^2,-1.0,15.0,1.0,False,Population numbers are log10(no. per square meter),23,8,397,-1.3333333333333333,51.7
1314,52,1879,1930,52,0,0,,,18,0,18,1908.0,1925.0,False,Vulpes vulpes,Mammalia,Montane,Norway,Europe,Count,All Individuals,Sample,None,1.0,52.0,1.0,False,Number of foxes (including Arctic fox) brought in for bounty. The figures are put back one year.,24,106,403,13.5,66.0
1315,52,1879,1930,52,0,0,,,18,0,18,1908.0,1925.0,False,Vulpes vulpes,Mammalia,Montane,Norway,Europe,Count,All Individuals,Sample,None,1.0,52.0,1.0,False,Number of foxes (including Arctic fox) brought in for bounty. The figures are put back one year.,24,107,403,9.0,61.0
1316,52,1879,1930,52,0,0,,,18,0,18,1908.0,1925.0,False,Vulpes vulpes,Mammalia,Montane,Norway,Europe,Count,All Individuals,Sample,None,1.0,52.0,1.0,False,Number of foxes (including Arctic fox) brought in for bounty. The figures are put back one year.,24,108,403,13.5,66.0
1317,52,1879,1930,52,0,0,1909.0,1909.0,1,1,0,1908.0,1908.0,True,Vulpes vulpes,Mammalia,Grassland,Norway,Europe,Count,All Individuals,Sample,None,1.0,52.0,1.0,False,Number of foxes (including Arctic fox) brought in for bounty. The figures are put back one year.,24,109,403,22.5,70.0
1318,26,1900,1925,26,0,2,,,0,0,0,,,False,Vulpes ,Mammalia,Grassland,Canada,North America,Count,All Individuals,Sample,None,1.0,26.0,1.0,False,"Dates are years of production, I.e. a year earlier than return of furs to market.",24,110,405,-59.166666666666664,55.0
1319,92,1834,1925,92,0,1,1848.0,1848.0,0,0,0,,,False,Vulpes ,Mammalia,Grassland,Canada,North America,Count,All Individuals,Sample,None,1.0,92.0,1.0,False,"Dates are years of production, i.e. a year earlier than return of furs to market.",24,111,405,-60.166666666666664,55.5
1320,22,1866,1887,22,0,0,,,0,0,0,,,False,Vulpes ,Mammalia,Grassland,Canada,North America,Count,All Individuals,Sample,None,1.0,22.0,1.0,False,"Dates are years of production, i.e. a year earlier than return of furs to market.",24,112,405,-65.0,54.0
1321,92,1834,1925,92,0,1,1845.0,1845.0,0,0,0,,,False,Vulpes ,Mammalia,Grassland,Canada,North America,Count,All Individuals,Sample,None,1.0,92.0,1.0,False,"Dates are years of production, i.e. a year earlier than return of furs to market. The combined total for 1852 and 1853 is 44.",24,113,405,-61.75,56.5
1322,92,1834,1925,92,0,4,1845.0,1845.0,0,0,0,,,False,Vulpes ,Mammalia,Grassland,Canada,North America,Count,All Individuals,Sample,None,1.0,92.0,1.0,False,"Dates are years of production, i.e. a year earlier than return of furs to market. The combined total for 1852 and 1853 is 26.",24,114,405,-62.0,57.5
1323,49,1871,1923,53,4,9,1885.0,1885.0,0,0,0,,,False,Vulpes ,Mammalia,Grassland,Canada,North America,Count,All Individuals,Sample,None,1.0,53.0,1.0,False,"Dates are years of production, i.e. a year earlier than return of furs to market.",24,115,405,-65.0,54.0
1324,92,1834,1925,92,0,5,1868.0,1868.0,5,5,0,1863.0,1867.0,True,Vulpes ,Mammalia,Grassland,Canada,North America,Count,All Individuals,Sample,None,1.0,92.0,1.0,False,"Dates are years of production, i.e. a year earlier than return of furs to market. The combined total for 1852 and 1853 is 102.",24,116,405,-62.5,58.083333333333336
1325,92,1834,1925,92,0,12,1844.0,1844.0,0,0,0,,,False,Martes americana,Mammalia,Grassland,Canada,North America,Count,All Individuals,Sample,None,1.0,92.0,1.0,False,Dates are years of production.,24,111,77,-60.166666666666664,55.5
1326,26,1900,1925,26,0,7,1911.0,1911.0,0,0,0,,,False,Martes americana,Mammalia,Grassland,Canada,North America,Count,All Individuals,Sample,None,1.0,26.0,1.0,False,Dates are years of production.,24,110,77,-59.166666666666664,55.0
1327,22,1866,1887,22,0,1,1871.0,1871.0,0,0,0,,,False,Martes americana,Mammalia,Grassland,Canada,North America,Count,All Individuals,Sample,None,1.0,22.0,1.0,False,Dates are years of production.,24,112,77,-65.0,54.0
1328,92,1834,1925,92,0,25,1845.0,1845.0,0,0,0,,,False,Martes americana,Mammalia,Grassland,Canada,North America,Count,All Individuals,Sample,None,1.0,92.0,1.0,False,Dates are years of production.,24,113,77,-61.75,56.5
1329,92,1834,1925,92,0,32,1848.0,1848.0,0,0,0,,,False,Martes americana,Mammalia,Grassland,Canada,North America,Count,All Individuals,Sample,None,1.0,92.0,1.0,False,Dates are years of production.,24,114,77,-62.0,57.5
1330,92,1834,1925,92,0,71,1848.0,1848.0,0,0,0,,,False,Martes americana,Mammalia,Grassland,Canada,North America,Count,All Individuals,Sample,None,1.0,92.0,1.0,False,Dates are years of production.,24,116,77,-62.5,58.083333333333336
1331,53,1872,1925,54,1,0,1903.0,1903.0,1,1,0,1902.0,1902.0,True,Vulpes ,Mammalia,Grassland,Canada,North America,Count,All Individuals,Sample,None,1.0,54.0,1.0,False,Fur returns.,24,117,405,-60.75,55.833333333333336
1333,57,1868,1924,57,0,0,1907.0,1907.0,10,5,5,1897.0,1906.0,True,Alopex lagopus,Mammalia,Grassland,Canada,North America,Count,All Individuals,Sample,None,1.0,57.0,1.0,False,Fur returns include white and blue foxes.,24,118,74,-67.0,58.0
1334,57,1868,1924,57,0,1,1898.0,1898.0,1,1,0,1897.0,1897.0,True,Vulpes ,Mammalia,Grassland,Canada,North America,Count,All Individuals,Sample,None,1.0,57.0,1.0,False,"Coloured fox (red, cross and silver) fur returns (Hudson's Bay Company records).",24,118,405,-67.0,58.0
1335,26,1900,1925,26,0,6,1907.0,1907.0,0,0,0,,,False,Alopex lagopus,Mammalia,Grassland,Canada,North America,Count,All Individuals,Sample,None,1.0,26.0,1.0,False,"Arctic foxes (white and blue). Years are ship-years, i.e. 1834 means 1834-5.",24,110,74,-59.166666666666664,55.0
1336,92,1834,1925,92,0,18,1847.0,1847.0,0,0,0,,,False,Alopex lagopus,Mammalia,Grassland,Canada,North America,Count,All Individuals,Sample,None,1.0,92.0,1.0,False,"Arctic foxes (white and blue). Years are ship-years, i.e. 1834 means 1834-5.",24,111,74,-60.166666666666664,55.5
1337,92,1834,1925,92,0,9,1848.0,1848.0,0,0,0,,,False,Alopex lagopus,Mammalia,Grassland,Canada,North America,Count,All Individuals,Sample,None,1.0,92.0,1.0,False,"Arctic foxes (white and blue). Years are ship-years, i.e. 1834 means 1834-5.",24,113,74,-61.75,56.5
1338,26,1866,1893,28,2,7,1878.0,1878.0,0,0,0,,,False,Alopex lagopus,Mammalia,Grassland,Canada,North America,Count,All Individuals,Sample,None,1.0,28.0,1.0,False,"Arctic foxes (white and blue). Years are ship-years, i.e. 1834 means 1834-5.",24,112,74,-65.0,54.0
1339,92,1834,1925,92,0,13,1840.0,1840.0,0,0,0,,,False,Alopex lagopus,Mammalia,Grassland,Canada,North America,Count,All Individuals,Sample,None,1.0,92.0,1.0,False,"Arctic foxes (white and blue). Years are ship-years, i.e. 1834 means 1834-5.",24,114,74,-62.0,57.5
1340,92,1834,1925,92,0,6,1865.0,1865.0,2,2,0,1863.0,1864.0,True,Alopex lagopus,Mammalia,Grassland,Canada,North America,Count,All Individuals,Sample,None,1.0,92.0,1.0,False,"Arctic foxes (white and blue). Years are ship-years, i.e. 1834 means 1834-5.",24,116,74,-62.5,58.083333333333336
1341,53,1871,1923,53,0,13,1878.0,1878.0,0,0,0,,,False,Alopex lagopus,Mammalia,Grassland,Canada,North America,Count,All Individuals,Sample,None,1.0,53.0,1.0,False,"Arctic foxes (white and blue). Years are ship-years, i.e. 1834 means 1834-5.",24,115,74,-65.0,54.0
1342,24,1916,1939,24,0,0,1936.0,1936.0,0,0,0,,,False,Lepus timidus,Mammalia,Heath or Moor,UK - Scotland,Europe,Count,Individuals killed,Sample,per 400 hectares,3.0,24.0,1.0,False,Numbers are three year moving averages.,31,125,408,-3.1333333333333333,57.416666666666664
1343,17,1946,1962,17,0,0,1961.0,1961.0,0,0,0,,,False,Lepus timidus,Mammalia,Heath or Moor,UK - Scotland,Europe,Count,Individuals killed,Sample,per 400 hectares,3.0,17.0,1.0,False,Numbers are three year moving averages.,31,122,408,-3.1333333333333333,57.416666666666664
1345,17,1947,1963,17,0,0,,,0,0,0,,,False,Parus major,Aves,Deciduous forest,UK - England,Europe,Count,Breeding pairs,Sample,None,4.0,17.0,1.0,False,None,32,123,207,-2.5833333333333335,51.75
1346,17,1947,1963,17,0,0,,,0,0,0,,,False,Parus major,Aves,Deciduous forest,Netherlands,Europe,Count,Breeding pairs,Sample,None,4.0,17.0,1.0,False,None,32,343,207,5.833333333333333,52.166666666666664
1347,48,1939,1986,48,0,0,,,14,0,14,1968.0,1981.0,False,Grus americana,Aves,Unspecified habitat or no information,USA,North America,Count,Adults,Sample,None,4.0,48.0,1.0,False,Aransas is the winter refuge for the endangered whooping cranes that spend the breeding season in NW Canada.,34,140,412,-97.0,27.833333333333332
1348,62,1867,1928,62,0,0,1886.0,1886.0,0,0,0,,,False,Oryctolagus cuniculus,Mammalia,Mixed habitat,UK - England,Europe,Count,Individuals killed,Sample,None,1.0,62.0,1.0,False,None,33,126,406,-1.5,54.0
1349,65,1869,1933,65,0,0,,,31,0,31,1898.0,1928.0,False,Oryctolagus cuniculus,Mammalia,Mixed habitat,UK - England,Europe,Count,Individuals killed,Sample,None,1.0,65.0,1.0,False,None,33,127,406,1.3333333333333333,52.75
1350,71,1862,1932,71,0,0,1878.0,1878.0,0,0,0,,,False,Oryctolagus cuniculus,Mammalia,Mixed habitat,UK - England,Europe,Count,Individuals killed,Sample,None,1.0,71.0,1.0,False,None,33,128,406,1.3333333333333333,52.75
1351,31,1902,1932,31,0,0,,1932.0,0,0,0,,,False,Oryctolagus cuniculus,Mammalia,Mixed habitat,UK - England,Europe,Count,Individuals killed,Sample,None,1.0,31.0,1.0,False,None,33,129,406,-0.16666666666666666,51.833333333333336
1352,90,1843,1932,90,0,0,1885.0,1885.0,13,5,8,1872.0,1884.0,True,Lepus europaeus,Mammalia,Mixed habitat,UK - England,Europe,Count,Individuals killed,Sample,None,1.0,90.0,1.0,False,None,33,130,407,-1.5,54.0
1353,71,1862,1932,71,0,0,,,37,0,37,1891.0,1927.0,False,Lepus europaeus,Mammalia,Mixed habitat,UK - England,Europe,Count,Individuals killed,Sample,None,1.0,71.0,1.0,False,None,33,128,407,1.3333333333333333,52.75
1354,47,1884,1930,47,0,0,1917.0,1917.0,4,4,0,1913.0,1916.0,True,Lepus timidus,Mammalia,Mixed habitat,UK - Scotland,Europe,Count,Individuals killed,Sample,None,1.0,47.0,1.0,False,None,33,131,408,-3.5,56.333333333333336
1355,31,1902,1932,31,0,0,1931.0,1931.0,0,0,0,,,False,Lepus europaeus,Mammalia,Mixed habitat,UK - England,Europe,Count,Individuals killed,Sample,None,1.0,31.0,1.0,False,None,33,129,407,-0.16666666666666666,51.833333333333336
1356,140,1793,1933,141,1,0,1909.0,1909.0,58,5,53,1822.0,1908.0,True,Perdix perdix,Aves,Mixed habitat,UK - England,Europe,Count,Individuals killed,Sample,None,1.0,141.0,1.0,False,None,33,127,409,1.3333333333333333,52.75
1357,91,1843,1933,91,0,0,1878.0,1878.0,6,5,1,1872.0,1877.0,True,Perdix perdix,Aves,Mixed habitat,UK - England,Europe,Count,Individuals killed,Sample,None,1.0,91.0,1.0,False,None,33,130,409,-1.5,54.0
1358,71,1862,1932,71,0,0,1925.0,1925.0,34,5,29,1891.0,1924.0,True,Perdix perdix,Aves,Mixed habitat,UK - England,Europe,Count,Individuals killed,Sample,None,1.0,71.0,1.0,False,None,33,128,409,1.3333333333333333,52.75
1359,54,1879,1932,54,0,0,1931.0,1931.0,23,5,18,1908.0,1930.0,True,Perdix perdix,Aves,Mixed habitat,UK - England,Europe,Count,Individuals killed,Sample,None,1.0,54.0,1.0,False,None,33,129,409,-0.16666666666666666,51.833333333333336
1360,45,1889,1933,45,0,0,1925.0,1925.0,7,5,2,1918.0,1924.0,True,Perdix perdix,Aves,Mixed habitat,UK - England,Europe,Count,Individuals killed,Sample,None,1.0,45.0,1.0,False,None,33,132,409,1.3333333333333333,52.166666666666664
1361,28,1897,1924,28,0,0,,,0,0,0,,,False,Perdix perdix,Aves,Mixed habitat,UK - Scotland,Europe,Count,Individuals killed,Sample,None,1.0,28.0,1.0,False,None,33,133,409,-5.083333333333333,55.75
1362,57,1848,1904,57,0,0,1867.0,1867.0,0,0,0,,,False,Lagopus lagopus scoticus,Aves,Mixed habitat,UK - England,Europe,Count,Individuals killed,Sample,None,1.0,57.0,1.0,False,None,33,134,410,-3.0,54.666666666666664
1363,56,1849,1904,56,0,3,1867.0,1867.0,0,0,0,,,False,Lagopus lagopus scoticus,Aves,Mixed habitat,UK - Scotland,Europe,Count,Individuals killed,Sample,None,1.0,56.0,1.0,False,None,33,135,410,-2.0833333333333335,57.166666666666664
1364,52,1858,1909,52,0,0,1867.0,1867.0,0,0,0,,,False,Lagopus lagopus scoticus,Aves,Mixed habitat,UK - Scotland,Europe,Count,Individuals killed,Sample,None,1.0,52.0,1.0,False,None,33,136,410,-4.416666666666667,55.666666666666664
1365,28,1897,1924,28,0,0,,,0,0,0,,,False,Lagopus lagopus scoticus,Aves,Mixed habitat,UK - Scotland,Europe,Count,Individuals killed,Sample,None,1.0,28.0,1.0,False,None,33,133,410,-5.083333333333333,55.75
1366,28,1897,1924,28,0,0,,1924.0,0,0,0,,,False,Tetrao tetrix,Aves,Mixed habitat,UK - Scotland,Europe,Count,Individuals killed,Sample,None,1.0,28.0,1.0,False,None,33,133,411,-5.083333333333333,55.75
1367,96,1836,1932,97,1,0,1890.0,1890.0,21,5,16,1869.0,1889.0,True,Scolopax rusticola,Aves,Mixed habitat,UK - England,Europe,Count,Individuals killed,Sample,None,1.0,97.0,1.0,False,None,33,137,199,-0.16666666666666666,51.0
1368,52,1879,1930,52,0,0,,,18,0,18,1908.0,1925.0,False,Mustela ,Mammalia,Mixed habitat,UK - Scotland,Europe,Count,Individuals killed,Sample,None,1.0,52.0,1.0,False,None,33,138,88,-3.5,56.333333333333336
1369,48,1882,1929,48,0,0,1926.0,1926.0,15,5,10,1911.0,1925.0,True,Mustela ,Mammalia,Mixed habitat,UK - England,Europe,Count,Individuals killed,Sample,None,1.0,48.0,1.0,False,None,33,139,88,-1.5833333333333335,50.833333333333336
1370,12,1924,1935,12,0,0,,,0,0,0,,,False,Perdix perdix,Aves,Mixed habitat,UK - England,Europe,Count,Individuals killed,Sample,per 1000 acres,2.0,12.0,1.0,False,None,38,10737,409,1.3333333333333333,52.75
1371,18,1885,1902,18,0,0,,,0,0,0,,,False,Sciurus vulgaris,Mammalia,Grassland,Russian Federation,Asia,Count,Skins,Sample,None,2.0,18.0,1.0,False,"The data for ID numbers 1338, 1342 & 1343 are the numbers of skins and nutcracker invasions at fairs. The skins were obtained chiefly within the limits of the Siberian cedar's area.",25,154,413,140.0,65.0
1375,10,1905,1914,10,0,0,,,0,0,0,,,False,Sciurus vulgaris,Mammalia,Grassland,Russian Federation,Asia,Count,Skins,Sample,None,2.0,10.0,1.0,False,"The data for ID numbers 1338, 1342 & 1343 are the numbers of skins and nutcracker invasions at fairs. The skins were obtained chiefly within the limits of the Siberian cedar's area.",25,10736,413,60.0,62.5
1376,10,1905,1914,10,0,0,,,0,0,0,,,False,Sciurus vulgaris,Mammalia,Grassland,Russian Federation,Asia,Count,Skins,Sample,None,2.0,10.0,1.0,False,"The data for ID numbers 1338, 1342 & 1343 are the numbers of skins and nutcracker invasions at fairs. The skins were obtained chiefly within the limits of the Siberian cedar's area.",25,145,413,-85.08333333333333,56.5
1377,26,1958,1983,26,0,0,,,0,0,0,,,False,Parus atricapillus,Aves,Mixed or unspecified forest,USA,North America,Count,All Individuals,Sample,None,3.0,26.0,1.0,False,None,36,142,192,-73.2,41.7
1378,12,1959,1970,12,0,0,,,0,0,0,,,False,Ursus arctos,Mammalia,Deciduous forest,USA,North America,Count,Adults,Sample,None,4.0,12.0,1.0,False,"Taxon in source is Ursus arctos horribilis (grizzly bear),  synonym for Ursus arctos (brown bear)",35,141,57,-110.28333333333333,44.5
1379,10,1973,1982,10,0,0,,,0,0,0,,,False,Ursus arctos,Mammalia,Coniferous forest,USA,North America,Count,All Individuals,per survey,None,4.0,10.0,1.0,False,"Taxon in source is Ursus arctos horribilis (grizzly bear),  synonym for Ursus arctos (brown bear)",35,141,57,-110.28333333333333,44.5
1380,11,1977,1987,11,0,0,,,0,0,0,,,False,Dipodomys spectabilis,Mammalia,Largely unvegetated,USA,North America,Count,All Individuals,Sample,None,4.0,11.0,1.0,False,"Numbers are average values for the six months, October-March",37,146,418,-109.16666666666667,31.833333333333332
1381,11,1977,1987,11,0,0,,,0,0,0,,,False,Dipodomys ordii,Mammalia,Largely unvegetated,USA,North America,Count,All Individuals,Sample,None,4.0,11.0,1.0,False,"Numbers are average values for the six months, October-March",37,146,420,-109.16666666666667,31.833333333333332
1382,11,1977,1987,11,0,0,,,0,0,0,,,False,Dipodomys merriami,Mammalia,Largely unvegetated,USA,North America,Count,All Individuals,Sample,None,4.0,11.0,1.0,False,"Numbers are average values for the six months, October-March",37,146,421,-109.16666666666667,31.833333333333332
1383,11,1977,1987,11,0,2,,,0,0,0,,,False,Chaetodipus penicillatus,Mammalia,Largely unvegetated,USA,North America,Count,All Individuals,Sample,None,4.0,11.0,1.0,False,"Numbers are average values for the six months, October-March",37,146,422,-109.16666666666667,31.833333333333332
1384,11,1977,1987,11,0,2,1983.0,1983.0,0,0,0,,,False,Perognathus flavus,Mammalia,Largely unvegetated,USA,North America,Count,All Individuals,Sample,None,4.0,11.0,1.0,False,"Numbers are average values for the six months, October-March",37,146,419,-109.16666666666667,31.833333333333332
1385,11,1977,1987,11,0,0,,,0,0,0,,,False,Peromyscus eremicus,Mammalia,Largely unvegetated,USA,North America,Count,All Individuals,Sample,None,4.0,11.0,1.0,False,"Numbers are average values for the six months, October-March",37,146,426,-109.16666666666667,31.833333333333332
1386,11,1977,1987,11,0,4,,,0,0,0,,,False,Peromyscus maniculatus,Mammalia,Largely unvegetated,USA,North America,Count,All Individuals,Sample,None,4.0,11.0,1.0,False,"Numbers are average values for the six months, October-March",37,146,427,-109.16666666666667,31.833333333333332
1387,11,1977,1987,11,0,0,,,0,0,0,,,False,Reithrodontomys megalotis,Mammalia,Largely unvegetated,USA,North America,Count,All Individuals,Sample,None,4.0,11.0,1.0,False,"Numbers are average values for the six months, October-March",37,146,428,-109.16666666666667,31.833333333333332
1388,11,1977,1987,11,0,0,,,0,0,0,,,False,Neotoma albigula,Mammalia,Largely unvegetated,USA,North America,Count,All Individuals,Sample,None,4.0,11.0,1.0,False,"Numbers are average values for the six months, October-March",37,146,425,-109.16666666666667,31.833333333333332
1389,11,1977,1987,11,0,0,,,0,0,0,,,False,Onychomys leucogaster,Mammalia,Largely unvegetated,USA,North America,Count,All Individuals,Sample,None,4.0,11.0,1.0,False,"Numbers are average values for the six months, October-March",37,146,424,-109.16666666666667,31.833333333333332
1390,11,1977,1987,11,0,0,,,0,0,0,,,False,Onychomys torridus,Mammalia,Largely unvegetated,USA,North America,Count,All Individuals,Sample,None,4.0,11.0,1.0,False,"Numbers are average values for the six months, October-March",37,146,423,-109.16666666666667,31.833333333333332
1391,10,1978,1987,10,0,0,,,0,0,0,,,False,Dipodomys spectabilis,Mammalia,Largely unvegetated,USA,North America,Count,All Individuals,Sample,None,4.0,10.0,1.0,False,"Numbers are average values for the six months, April-September",37,146,418,-109.16666666666667,31.833333333333332
1392,10,1978,1987,10,0,0,,,0,0,0,,,False,Dipodomys ordii,Mammalia,Largely unvegetated,USA,North America,Count,All Individuals,Sample,None,4.0,10.0,1.0,False,"Numbers are average values for the six months, April-September",37,146,420,-109.16666666666667,31.833333333333332
1393,10,1978,1987,10,0,0,,,0,0,0,,,False,Dipodomys merriami,Mammalia,Largely unvegetated,USA,North America,Count,All Individuals,Sample,None,4.0,10.0,1.0,False,"Numbers are average values for the six months, April-September",37,146,421,-109.16666666666667,31.833333333333332
1394,10,1978,1987,10,0,0,,,0,0,0,,,False,Chaetodipus penicillatus,Mammalia,Largely unvegetated,USA,North America,Count,All Individuals,Sample,None,4.0,10.0,1.0,False,"Numbers are average values for the six months, April-September",37,146,422,-109.16666666666667,31.833333333333332
1395,10,1978,1987,10,0,2,1984.0,1984.0,0,0,0,,,False,Perognathus flavus,Mammalia,Largely unvegetated,USA,North America,Count,All Individuals,Sample,None,4.0,10.0,1.0,False,"Numbers are average values for the six months, April-September",37,146,419,-109.16666666666667,31.833333333333332
1396,10,1978,1987,10,0,0,,,0,0,0,,,False,Peromyscus eremicus,Mammalia,Largely unvegetated,USA,North America,Count,All Individuals,Sample,None,4.0,10.0,1.0,False,"Numbers are average values for the six months, April-September",37,146,426,-109.16666666666667,31.833333333333332
1397,10,1978,1987,10,0,3,,,0,0,0,,,False,Peromyscus maniculatus,Mammalia,Largely unvegetated,USA,North America,Count,All Individuals,Sample,None,4.0,10.0,1.0,False,"Numbers are average values for the six months, April-September",37,146,427,-109.16666666666667,31.833333333333332
1398,10,1978,1987,10,0,1,,,0,0,0,,,False,Reithrodontomys megalotis,Mammalia,Largely unvegetated,USA,North America,Count,All Individuals,Sample,None,4.0,10.0,1.0,False,"Numbers are average values for the six months, April-September",37,146,428,-109.16666666666667,31.833333333333332
1399,10,1978,1987,10,0,0,,,0,0,0,,,False,Neotoma albigula,Mammalia,Largely unvegetated,USA,North America,Count,All Individuals,Sample,None,4.0,10.0,1.0,False,"Numbers are average values for the six months, April-September",37,146,425,-109.16666666666667,31.833333333333332
1400,10,1978,1987,10,0,0,,,0,0,0,,,False,Onychomys leucogaster,Mammalia,Largely unvegetated,USA,North America,Count,All Individuals,Sample,None,4.0,10.0,1.0,False,"Numbers are average values for the six months, April-September",37,146,424,-109.16666666666667,31.833333333333332
1401,10,1978,1987,10,0,0,,,0,0,0,,,False,Onychomys torridus,Mammalia,Largely unvegetated,USA,North America,Count,All Individuals,Sample,None,4.0,10.0,1.0,False,"Numbers are average values for the six months, April-September",37,146,423,-109.16666666666667,31.833333333333332
1402,18,1970,1987,18,0,0,1981.0,1981.0,0,0,0,,,False,Microtus montanus,Mammalia,Montane,USA,North America,Count,All Individuals,per 100 trap nights,None,-1.0,18.0,1.0,False,Voles were live trapped each year between mid-July and mid-August.,30,121,429,-110.83333333333333,43.833333333333336
1403,19,1934,1952,19,0,0,,,0,0,0,,,False,Ardea cinerea,Aves,Mixed habitat,UK - England,Europe,Count,Occupied nests,Sample,None,-1.0,19.0,1.0,False,None,39,148,24,-2.5,51.5
1404,16,1937,1952,16,0,0,,,0,0,0,,,False,Ardea cinerea,Aves,Mixed habitat,UK - England,Europe,Count,Occupied nests,Sample,None,-1.0,16.0,1.0,False,None,39,149,24,-2.5,53.5
1405,23,1928,1952,25,2,0,,,0,0,0,,,False,Ciconia ciconia,Aves,Urban/Suburban,Germany,Europe,Count,Breeding pairs,Sample,None,-1.0,25.0,1.0,False,None,39,151,415,8.216666666666667,53.13333333333333
1406,12,1931,1943,13,1,0,,,0,0,0,,,False,Ciconia ciconia,Aves,Urban/Suburban,Russian Federation,Europe,Count,Breeding pairs,Sample,None,-1.0,13.0,1.0,False,None,39,150,415,21.8,54.6
1504,17,1819,1899,81,64,0,,,0,0,0,,,False,Sula bassana,Aves,Island,UK - England,Europe,Count,Pairs,Sample,None,-1.0,81.0,1.0,False,None,43,156,432,-4.666666666666667,51.166666666666664
1505,25,1819,1939,121,96,0,,,0,0,0,,,False,Sula bassana,Aves,Island,Ireland,Europe,Count,Pairs,Sample,None,-1.0,121.0,1.0,False,None,43,158,432,-10.5,51.75
1506,16,1864,1938,75,59,0,,,0,0,0,,,False,Sula bassana,Aves,Island,UK - Wales,Europe,Count,Pairs,Sample,None,-1.0,75.0,1.0,False,None,43,157,432,-5.333333333333333,51.666666666666664
1507,17,1859,1939,81,64,0,,,0,0,0,,,False,Sula bassana,Aves,Island,Ireland,Europe,Count,Pairs,Sample,None,-1.0,81.0,1.0,False,None,43,159,432,-10.333333333333334,51.5
1508,25,1819,1939,121,96,0,,,0,0,0,,,False,Sula bassana,Aves,Island,UK - Scotland,Europe,Count,Pairs,Sample,None,-1.0,121.0,1.0,False,None,43,160,432,-2.6333333333333333,56.083333333333336
1509,25,1819,1939,121,96,0,,,0,0,0,,,False,Sula bassana,Aves,Island,UK - Scotland,Europe,Count,Pairs,Sample,None,-1.0,121.0,1.0,False,None,43,161,432,-5.133333333333334,55.25
1510,25,1819,1939,121,96,0,,,0,0,0,,,False,Sula bassana,Aves,Island,UK - Scotland,Europe,Count,Pairs,Sample,None,-1.0,121.0,1.0,False,None,43,162,432,-8.5,57.833333333333336
1511,25,1819,1939,121,96,0,,,0,0,0,,,False,Sula bassana,Aves,Island,UK - Scotland,Europe,Count,Pairs,Sample,None,-1.0,121.0,1.0,False,None,43,163,432,-6.25,59.166666666666664
1512,25,1819,1939,121,96,0,,,0,0,0,,,False,Sula bassana,Aves,Island,UK - Scotland,Europe,Count,Pairs,Sample,None,-1.0,121.0,1.0,False,None,43,164,432,-4.5,59.0
1513,25,1819,1939,121,96,0,,,0,0,0,,,False,Sula bassana,Aves,Island,Denmark,Europe,Count,Pairs,Sample,None,-1.0,121.0,1.0,False,None,43,165,432,-7.583333333333333,62.083333333333336
1514,25,1819,1939,121,96,0,,,0,0,0,,,False,Sula bassana,Aves,Island,Iceland,Europe,Count,Pairs,Sample,None,-1.0,121.0,1.0,False,None,43,166,432,-20.166666666666668,63.416666666666664
1515,25,1819,1939,121,96,0,,,0,0,0,,,False,Sula bassana,Aves,Island,Iceland,Europe,Count,Pairs,Sample,None,-1.0,121.0,1.0,False,None,43,167,432,-22.966666666666665,63.733333333333334
1516,25,1819,1939,121,96,0,,,0,0,0,,,False,Sula bassana,Aves,Island,Iceland,Europe,Count,Pairs,Sample,None,-1.0,121.0,1.0,False,None,43,168,432,-18.0,66.55
1517,25,1819,1939,121,96,0,,,0,0,0,,,False,Sula bassana,Aves,Island,Canada,North America,Count,Pairs,Sample,None,-1.0,121.0,1.0,False,None,43,169,432,-61.083333333333336,47.833333333333336
1518,12,1884,1939,56,44,0,,,0,0,0,,,False,Sula bassana,Aves,Island,Canada,North America,Count,Pairs,Sample,None,-1.0,56.0,1.0,False,None,43,170,432,-64.16666666666667,48.5
1519,13,1879,1939,61,48,0,,,0,0,0,,,False,Sula bassana,Aves,Island,Canada,North America,Count,Pairs,Sample,None,-1.0,61.0,1.0,False,None,43,171,432,-54.25,46.833333333333336
1520,11,1889,1939,51,40,0,,,0,0,0,,,False,Fulmarus glacialis,Aves,Coastal,UK - Scotland,Europe,Count,Pairs,Sample,None,-1.0,51.0,1.0,False,"Sampling area covers 24 stations, including St. Kilda and Rockall, but, confusingly, St. Kilda is excluded in data table",45,174,433,-7.0,58.0
1521,13,1879,1939,61,48,0,,,0,0,0,,,False,Fulmarus glacialis,Aves,Coastal,UK - Scotland,Europe,Count,Pairs,Sample,None,-1.0,61.0,1.0,False,68 Stations covering Shetland with altitude ranging from 0 - 550m (average between 30-70m),45,173,433,-1.25,60.25
1522,42,1945,1986,42,0,0,1969.0,1969.0,0,0,0,,,False,Ciconia ciconia,Aves,Unspecified habitat or no information,France,Europe,Count,Nesting pairs,Sample,None,-1.0,42.0,1.0,False,None,48,177,415,7.5,48.5
1523,20,1927,1946,20,0,0,1933.0,1933.0,0,0,0,,,False,Contarinia tritici,Insecta,Agricultural,UK - England,Europe,Count,Larvae,per 500 ears of wheat,None,-1.0,20.0,1.0,False,The field used for the study was the permanent wheat (Broadbalk) field at Rothamstead. 1936 was exceptional both for the abnormal precipitation and subsequent hot weeks which may have been responsible for the unexpected decrease in numbers of larvae.,41,84,726,-0.4166666666666667,51.733333333333334
1524,20,1927,1946,20,0,0,1933.0,1933.0,0,0,0,,,False,Sitodiplosis mosellana,Insecta,Agricultural,UK - England,Europe,Count,Larvae,per 500 ears of wheat,None,-1.0,20.0,1.0,False,The field used for the study was the permanent wheat (Broadbalk) field at Rothamstead. 1936 was exceptional both for the abnormal precipitation and subsequent hot weeks which may have been responsible for the unexpected decrease in numbers of larvae.,41,84,725,-0.4166666666666667,51.733333333333334
1525,38,1949,1986,38,0,0,1957.0,1957.0,0,0,0,,,False,Zeiraphera diniana,Insecta,Coniferous forest,Switzerland,Europe,Count,Larvae,per branches,None,-1.0,38.0,1.0,False,None,214,176,727,9.833333333333334,46.583333333333336
1526,18,1970,1987,18,0,0,,,0,0,0,,,False,Anser caerulescens caerulescens,Aves,Unspecified habitat or no information,Canada,North America,Count,All Individuals,Sample,None,-1.0,18.0,1.0,False,Mid winter population.,46,175,729,-94.0,58.0
1527,12,1926,1937,12,0,0,,,0,0,0,,,False,Tellina tenuis,Gastropoda,Tidal/Intertidal,UK - Scotland,Europe,Count,All Individuals,Sample,per 0.25m^2,-1.0,12.0,1.0,False,"Four years were for 0.5 m^2, so were halved to be for the same area as the other years. Figures are for the autumn for each year.",44,172,728,-4.916666666666667,55.75
1528,12,1926,1937,12,0,0,,,0,0,0,,,False,Tellina tenuis,Gastropoda,Tidal/Intertidal,UK - Scotland,Europe,Count,Individuals of age = 0,Sample,per 0.25m^2,-1.0,12.0,1.0,False,Brood 0.25 m^-2 in the autumn of each year at low-water mark.,44,172,728,-4.916666666666667,55.75
1533,10,1941,1950,10,0,0,,,0,0,0,,,False,Ficedula hypoleuca,Aves,Coniferous forest,Finland,Europe,Count,Breeding pairs,Sample,None,-1.0,10.0,1.0,False,None,39,337,730,21.0,63.0
1534,27,1931,1957,27,0,0,1937.0,1937.0,0,0,0,,,False,Lepus americanus,Mammalia,Unspecified habitat or no information,USA,North America,Count,Individuals killed,Sample (estimated),None,2.0,27.0,1.0,False,None,565,78,416,-90.0,44.0
1535,22,1931,1957,27,5,0,,,0,0,0,,,False,Bonasa umbellus,Aves,Unspecified habitat or no information,USA,North America,Count,Individuals killed,Sample (estimated),None,2.0,27.0,1.0,False,None,565,78,417,-90.0,44.0
1536,20,1927,1952,26,6,0,,1935.0,0,0,0,,,False,Bonasa umbellus,Aves,Deciduous forest,USA,North America,Count,All Individuals,Sample,per 1000 acres,-1.0,26.0,1.0,False,None,39,152,417,-92.5,46.75
1600,8,1977,1984,8,0,0,,,0,0,0,,,False,Alosa pseudoharengus,Osteichthyes,Marine,USA,North America,Count,Eggs,Sample,None,-1.0,8.0,1.0,False,"Walton, C. J. 1987. Parent-progeny relationship for established population of anadromous alewives in a Maine lake. Am. Fish. Soc. Symp. 1: 451-454.",301,10000,10000,-69.45,44.166666666666664
1601,8,1978,1985,8,0,0,,,0,0,0,,,False,Alosa pseudoharengus,Osteichthyes,Marine,Multiple or International jurisdiction,North America,Count,All Individuals,Sample,None,-1.0,8.0,1.0,False,"O'Gorman, R., R. A. Bergstedt, and T. H. Eckert. 1987. Prey fish dynamics and salmonine predator growth in Lake Ontario, 1978-84. Can. J. Fish. Aquat. Sci. 44(suppl. 2): 390-403.",301,10001,10000,-78.0,43.5
1602,21,1968,1988,21,0,0,,,0,0,0,,,False,Alosa pseudoharengus,Osteichthyes,Marine,Canada,North America,Count,All Individuals,Sample,None,-1.0,21.0,1.0,False,"Jessop, B. M. 1990. Stock-recruitment relationships of alewives and blueback herring returning to the Mactaquac Dam, Saint John River, New Brunswick. North American Journal of Fisheries Management 10: 19-32.",301,10002,10000,-66.86666666666666,45.916666666666664
1603,22,1965,1986,22,0,0,,,0,0,0,,,False,Hippoglossoides platessoides,Osteichthyes,Marine,Multiple or International jurisdiction,Not applicable,Harvest,Tonnes,Harvest,None,-1.0,22.0,1.0,False,"Brodie, W.B., W. R. Bowering, and J. W. Baird. 1990. An assessment of the American plaice stocks in division 3LNO. NAFO SCR Doc. 90/80: 32 p.",301,10003,10003,-50.5,44.5
1606,11,1980,1990,11,0,0,,,0,0,0,,,False,Hippoglossoides platessoides,Osteichthyes,Marine,Multiple or International jurisdiction,Not applicable,Harvest,Tonnes x 10^3,Harvest,None,-1.0,11.0,1.0,False,Anon. 1992. Report of the Fourteenth Northeast Regional Stock Assessment Workshop . Northeast Fisheries Science Center Reference Document 92-07.,301,10006,10003,-68.66666666666667,41.166666666666664
1607,4,1987,1990,4,0,0,,,0,0,0,,,False,Engraulis encrasicolus,Osteichthyes,Marine,Spain,Europe,Harvest,Tonnes,Harvest,None,-1.0,4.0,1.0,False,"Santiago, J., and A. Sanz. 1989. Egg production of the Bay of Biscay anchovy in 1987 and 1988, and spawning stock size estimates. ICES Doc. C.M. 1989/H: 25, Ref. L.; Uriarte, A., and A. Adtudillo. 1987. The anchovy in the Bay of Biscay : new data and analysis of the fishery 1974-1987. ICES Doc. C.M. 1987/H: 20.; Anon. 1991. Working Group on the Assessment of the Stocks of Sardine, Horse Mackerel, Anchovy. ICES Doc. C.M. 1991/Assess: 22.",301,10007,10007,-3.0,45.5
1608,38,1951,1988,38,0,0,,,4,0,4,1980.0,1983.0,False,Engraulis mordax,Osteichthyes,Marine,USA,North America,Harvest,Tonnes x 10^3,Harvest,None,-1.0,38.0,1.0,False,"Lo, N. C. H., and R. D. Methot. 1989. CALCOFI Rep. 30.; Lo, N. C. H., and R. D. Methot. 1990. CalCOFI Rep. 31.; MacCall, A. D. 1980. Rap. P. -v. Reun. Cons. int. Explor. Mer. 177:292-306.",301,35,10008,-119.0,37.0
1610,9,1984,1992,9,0,0,,,0,0,0,,,False,Salmo salar,Osteichthyes,Marine,Canada,North America,Count,Eggs,Sample,None,1.0,9.0,1.0,False,"Caron, F. 1992. Relation entre le nombre d'oeufs deposes et la production de saumonneaux dans les Rivieres de la Trinite et Bec-Scie. CAFSAC Res. Doc. 92/125: 23 p.",301,10010,48,-64.75,49.666666666666664
1612,17,1973,1989,17,0,0,,,0,0,0,,,False,Salmo salar,Osteichthyes,Marine,UK - Northern Ireland,Europe,Count,Eggs,Sample,None,1.0,17.0,1.0,False,"Crozier, W.W. and G.J.A. Kennedy. 1995. The relationship between a summer fry (0+) abundance index, derived from semi-quantitative electrofishing, and egg deposition of Atlantic salmon, in the River Bush, Northern Ireland. Journal of Fish Biology 47:1055-1062.   Data tables provided by W.W. Crozier, Agriculture and Food Science Centre, Belfast.",301,10011,48,-6.5,55.13333333333333
1613,39,1935,1973,39,0,0,,,5,0,5,1964.0,1968.0,False,Salmo salar,Osteichthyes,Marine,Iceland,Europe,Count,All Individuals,Sample,None,-1.0,39.0,1.0,False,"Mundy, P.R., M. Alexandersdottir, and G. Eiriksdottir. 1978. Spawner-recruit relationship in Ellidaar. Journal of Agricultural Research in Iceland. vol. 10:47-56. ",301,10013,48,-22.0,64.0
1614,9,1968,1976,9,0,0,,,0,0,0,,,False,Salmo salar,Osteichthyes,Marine,UK - Scotland,Europe,Count,Eggs,Sample,None,-1.0,9.0,1.0,False,"Buck, R. J. G., and D. W. Hay. 1984. The relation between stock size and progeny of Atlantic  salmon,  in a Scottish stream. J. Fish Biol. (1984) 23: 1-11 p.",301,10014,48,-2.6666666666666665,57.083333333333336
1617,7,1954,1960,7,0,0,,,0,0,0,,,False,Salmo salar,Osteichthyes,Marine,Canada,North America,Count,Eggs,Sample,None,-1.0,7.0,1.0,False,"Chadwick, E. M. P. 1982. Stock-recruitment relationship for Atlantic salmon ( Salmo salar) in Newfoundland rivers. Can. J. Fish. Aquat. Sci. 39: 1496-1501.",301,10017,48,-59.0,47.916666666666664
1618,37,1947,1989,43,6,0,1975.0,1975.0,0,0,0,,,False,Salmo salar,Osteichthyes,Marine,Canada,North America,Count,All Individuals,Sample,None,-1.0,43.0,1.0,False,"Chaput, G., and R. Jones. 1992. Stock-recruit relationship for multi-sea-winter salmon from the Margaree River, N.S. CAFSAC Res. Doc. 92/124: 17 p. , updated by Ross Claytor",301,10018,48,-61.0,46.5
1619,13,1969,1981,13,0,0,,,0,0,0,,,False,Salmo salar,Osteichthyes,Marine,Canada,North America,Count,Angled large kelt,Sample,None,-1.0,13.0,1.0,False,"Chadwick, E. M. P., and R. G. Randall. 1986. A stock-recruitment relationship for Miramichi River. North American Journal of Fisheries Management 6: 200-203.",301,10019,48,-65.5,46.96666666666667
1620,8,1954,1961,8,0,0,,,0,0,0,,,False,Salmo salar,Osteichthyes,Marine,Canada,North America,Count,Eggs,Sample,None,-1.0,8.0,1.0,False,"Elson, P. F. 1975. Atlantic salmon rivers smolt production and optimal spawning, an overview of natural production.  International Atlantic Salmon Foundation Special Publication Series 6: 96-119.",301,10020,48,-65.08333333333333,46.0
1621,11,1971,1981,11,0,0,,,0,0,0,,,False,Salmo salar,Osteichthyes,Marine,Canada,North America,Count,Angled large salmon,Sample,None,-1.0,11.0,1.0,False,"Chadwick, E. M. P., and R. G. Randall. 1983. Assessment of the Restigouche River salmon stock in 1882. CAFSAC Res. Doc. 83/30: 20 p.",301,10021,48,-67.5,47.583333333333336
1624,9,1968,1976,9,0,0,,,0,0,0,,,False,Salmo salar,Osteichthyes,Marine,Canada,North America,Count,Eggs,Sample,None,-1.0,9.0,1.0,False,"Watt, W. D., and G. H. Penney. 1980. Juvenile salmon survival in the Saint John River System. Can. Tech. Rep. Fish. Aquat. Sci. 936: 13 p.",301,10024,48,-67.33333333333333,47.166666666666664
1625,13,1980,1992,13,0,0,,,0,0,0,,,False,Salmo salar,Osteichthyes,Marine,Canada,North America,Count,Eggs,Sample,None,-1.0,13.0,1.0,False,"Caron, F. 1992. Relation entre le nombre d'oeufs d'eposes et la production de saumonneaux dans les Rivieres de la Trinite et Bec-Scie. CAFSAC Res. Doc. 92/125: 23 p.",301,10025,48,-67.25,49.416666666666664
1626,16,1971,1986,16,0,0,,,0,0,0,,,False,Salmo salar,Osteichthyes,Marine,Canada,North America,Count,All Individuals,Sample,None,-1.0,16.0,1.0,False,"Chaput, G., C. Mullins, and E. M. P. Chadwick. 1992. Stock-recruit relationship for Atlantic salmon from Western Arm Brook, Newfoundland. CAFSAC Res. Doc. 92/123: 13 p.",301,10026,48,-57.0,52.0
1628,21,1967,1987,21,0,0,,,0,0,0,,,False,Alosa sapidissima,Osteichthyes,Marine,USA,North America,Count,All Individuals,Sample,None,1.0,21.0,1.0,False,"Savoy, T. J., and V. A. Crecco. 1988. The timing and significance of density-dependent and density-independent mortality of American shad,  Alosa sapidissima. Fish. Bull. 86: 467-482.",301,10028,10028,-72.25,43.916666666666664
1629,6,1967,1972,6,0,0,,,0,0,0,,,False,Salmo salar,Osteichthyes,Marine,UK - Scotland,Europe,Count,Fry,Sample,per m^2,-1.0,6.0,1.0,False,"Gardiner, R., and P. Shackley. 1991. Stock and recruitment and inversely density-dependent growth of salmon,  Salmo salar L., in a Scottish stream. J. Fish. Bio. (1991) 38: 691-696. ",301,10022,48,-3.6666666666666665,56.416666666666664
1632,13,1953,1965,13,0,0,1963.0,1963.0,0,0,0,,,False,Argyrosomus nibe,Osteichthyes,Marine,Multiple or International jurisdiction,Asia,Unknown,Unknown,Unknown,Unknown,-1.0,13.0,1.0,False,"Saishu, K. 1968. Reproductive curve of the stock of  Argyrosomus nibe, Kuroguchi, in the East China Sea. Jap. J. Ecol. 18: 32-39.",301,10032,10032,123.0,29.0
1633,21,1968,1988,21,0,0,,,0,0,0,,,False,Alosa aestivalis,Osteichthyes,Marine,Canada,North America,Count,All Individuals,Sample,None,-1.0,21.0,1.0,False,"Jessop, B. M. 1990. Stock-recruitment relationships of alewives and blueback herring returning to the Mactaquac Dam, Saint John River, New Brunswick. North American Journal of Fisheries Management 10: 19-32.",301,10002,10033,-66.86666666666666,45.916666666666664
1634,11,1974,1984,11,0,0,,,0,0,0,,,False,Coregonus hoyi,Osteichthyes,Marine,Multiple or International jurisdiction,North America,Count,Eggs,Sample,None,-1.0,11.0,1.0,False,"Brown, E. H. Jr., R. L. Argyle, N. R. Payne, and M. E. Holey. 1987. Yield and dynamics of destablized chub ( Coregonus spp.) populations in Lake Michigan and Huron, 1950-84. Can. J. Fish. Aquat. Sci. 44(Suppl. 2): 371-383.",301,10034,10034,-87.0,44.0
1637,11,1976,1986,11,0,0,,,0,0,0,,,False,Abramis brama,Osteichthyes,Marine,Netherlands,Europe,Count,All Individuals,per tow,None,-1.0,11.0,1.0,False,"Mooij, W.M., W.L.T. Van Denses, and E.H.R.R. Lammens. 1996. Formation of year-class strength in the bream population in the shallow eutrophic Lake Tjeukemeer. J. Fish Biol. 48:30-39.",301,10037,10037,5.783333333333333,52.833333333333336
1638,7,1984,1990,7,0,0,,,0,0,0,,,False,Salvelinus fontinalis,Osteichthyes,Limnetic,USA,North America,Count,All Individuals,Sample,None,-1.0,7.0,1.0,False,"De Gisi, J. S. 1994. Year class strength and catchability of mountain lake brook trout. Master's Thesis. The University of British Columbia Dec. 1994.",301,10038,10038,-118.66666666666667,37.166666666666664
1641,7,1984,1990,7,0,0,,,0,0,0,,,False,Salvelinus fontinalis,Osteichthyes,Limnetic,USA,North America,Count,All Individuals,Sample,None,-1.0,7.0,1.0,False,"De Gisi, J. S. 1994. Year class strength and catchability of mountain lake brook trout. Master's Thesis. The University of British Columbia Dec. 1994.",301,10040,10038,-118.68333333333334,37.21666666666667
1643,7,1984,1990,7,0,0,,,0,0,0,,,False,Salvelinus fontinalis,Osteichthyes,Limnetic,USA,North America,Count,All Individuals,Sample,None,-1.0,7.0,1.0,False,"De Gisi, J. S. 1994. Year class strength and catchability of mountain lake brook trout. Master's Thesis. The University of British Columbia Dec. 1994.",301,10042,10038,-118.38333333333334,36.75
1646,6,1984,1989,6,0,0,,,0,0,0,,,False,Salvelinus fontinalis,Osteichthyes,Limnetic,USA,North America,Count,All Individuals,Sample,None,-1.0,6.0,1.0,False,"De Gisi, J. S. 1994. Year class strength and catchability of mountain lake brook trout. Master's Thesis. The University of British Columbia Dec. 1994.",301,10044,10038,-118.75,37.13333333333333
1647,7,1984,1990,7,0,0,,,0,0,0,,,False,Salvelinus fontinalis,Osteichthyes,Limnetic,USA,North America,Count,All Individuals,Sample,None,-1.0,7.0,1.0,False,"De Gisi, J. S. 1994. Year class strength and catchability of mountain lake brook trout. Master's Thesis. The University of British Columbia Dec. 1994.",301,10045,10038,-118.71666666666667,37.15
1648,9,1949,1957,9,0,0,,,0,0,0,,,False,Salvelinus fontinalis,Osteichthyes,Limnetic,USA,North America,Count,Eggs,Sample,None,-1.0,9.0,1.0,False,"Shetter, D. S. 1961. Survival of brook trout from egg to fingerling stage in two Michigan trout streams. Trans. Amer. Fish. Soc. 90: 252-258.",301,10048,10038,-83.88333333333334,44.55
1649,7,1984,1990,7,0,0,,,0,0,0,,,False,Salvelinus fontinalis,Osteichthyes,Limnetic,USA,North America,Count,All Individuals,Sample,None,-1.0,7.0,1.0,False,"De Gisi, J. S. 1994. Year class strength and catchability of mountain lake brook trout. Master's Thesis. The University of British Columbia Dec. 1994.",301,10049,10038,-119.35,38.166666666666664
1651,7,1984,1990,7,0,0,,,0,0,0,,,False,Salvelinus fontinalis,Osteichthyes,Limnetic,USA,North America,Count,All Individuals,Sample,None,-1.0,7.0,1.0,False,"De Gisi, J. S. 1994. Year class strength and catchability of mountain lake brook trout. Master's Thesis. The University of British Columbia Dec. 1994.",301,10051,10038,-118.7,37.25
1655,21,1970,1990,21,0,0,,,0,0,0,,,False,Micromesistius poutassou,Osteichthyes,Marine,Multiple or International jurisdiction,Not applicable,Harvest,Tonnes,Harvest,None,-1.0,21.0,1.0,False,Anon. 1988. Report of the Blue Whiting Assesment Working Group. ICES Doc. C.M. 1988/Assess: 6.; Anon. 1991. Report of the Blue Whiting Assesment Working Group. ICES Doc. C.M. 1991/Assess: 2.; Anon. 1992. Report of the Blue Whiting Assesment Working Group. ICES Doc. C.M. 1992/Assess: 3.,301,10055,10055,3.0,60.0
1656,10,1981,1990,10,0,0,,,0,0,0,,,False,Micromesistius poutassou,Osteichthyes,Marine,Multiple or International jurisdiction,Not applicable,Harvest,Tonnes,Harvest,None,-1.0,10.0,1.0,False,Anon. 1991. Report of the Blue Whiting Assesment Working Group. ICES Doc. C.M. 1991/Assess: 2.; Anon. 1992. Report of the Blue Whiting Assesment Working Group. ICES Doc. C.M. 1992/Assess: 3.,301,10056,10055,-9.0,44.0
1657,14,1978,1991,14,0,0,,,0,0,0,,,False,Mallotus villosus,Osteichthyes,Marine,Iceland,Europe,Harvest,Tonnes,Harvest,None,-1.0,14.0,1.0,False,"Pers. Comm. with H. Vilhjalmsson, Institute of Marine Research, Iceland.",301,10057,53,-18.0,65.0
1659,22,1973,1994,22,0,0,1985.0,1985.0,0,0,0,,,False,Mallotus villosus,Osteichthyes,Marine,Multiple or International jurisdiction,Europe,Harvest,Tonnes,Harvest,None,-1.0,22.0,1.0,False,Report of the Atlanto-Scandian Herring and Capelin Working Group. ICES Doc. C.M. 1995/Assess: 9.  Anon. 1994. Report of the Atlanto-Scandian Herring and Capelin Working Group. ICES Doc. C.M. 1994/Assess: 8. ,301,16,53,35.0,71.0
1660,26,1951,1976,26,0,0,,,0,0,0,,,False,Oncorhynchus tshawytscha,Osteichthyes,Marine,Canada,North America,Count,All Individuals,Sample,None,-1.0,26.0,1.0,False,"Healey, M. C. 1982. Catch, escapement and stock-recruitment for British Columbia chinook salmon since 1951. Can. Tech. Rep. Fish. Aquat. Sci. 1107. ",301,10060,10060,-130.0,52.5
1663,38,1920,1957,38,0,0,,,4,0,4,1949.0,1952.0,False,Oncorhynchus keta,Osteichthyes,Marine,USA,North America,Count,All Individuals,Sample,None,-1.0,38.0,1.0,False,"Hiramatsu, K. 1992. A Statistical study of fish population dynamics using maximum likelihood method - Parameter estimation and model selection. Bull. Nat. Res. Inst. Far Seas Fish. No.29: 57 p.(original from Bulletin of the Japanese Society of Scientific Fisheries 31:957-963.)",301,10063,10063,-153.0,59.0
1664,30,1948,1977,30,0,0,,,0,0,0,,,False,Oncorhynchus keta,Osteichthyes,Marine,Canada,North America,Count,All Individuals,Sample,None,-1.0,30.0,1.0,False,"Beacham, T. D. 1984. Catch, escapement, and exploitation of chum salmon in British Columbia, 1951-1981.  Can. Tech. Rep. Fish. Aquat. Sci. 1270: 201 p.",301,10152,10063,-128.5,52.5
1665,14,1961,1974,14,0,0,,,0,0,0,,,False,Oncorhynchus keta,Osteichthyes,Marine,Canada,North America,Count,All Individuals,Sample,None,-1.0,14.0,1.0,False,"Hilborn, and Walters. 1992. Quantitative Fisheries Stock Assessment:  Choice, Dynamics & Uncertainty. Pers. Comm. with P. Starr, DFO.",301,10065,10063,-123.2,49.15
1666,14,1947,1960,14,0,0,,,0,0,0,,,False,Oncorhynchus keta,Osteichthyes,Marine,Canada,North America,Count,Eggs,Sample,None,-1.0,14.0,1.0,False,"Parker, R. R. 1962. A Concept of the Dynamics of Pink Salmon Populations.  In N. J. Wilimovsky [ed.] Symposium on Pink Salmon.",301,10066,10063,-127.83333333333333,52.11666666666667
1667,33,1955,1987,33,0,0,,,0,0,0,,,False,Oncorhynchus keta,Osteichthyes,Marine,Canada,North America,Count,All Individuals,Sample,None,-1.0,33.0,1.0,False,"Gould, A. P., W. H. Luedke, M. K. Farwell, and L. Hop Wo. 1991.  Review and analysis of the 1987 chum salmon season in the Johnstone Strait to Fraser River Study Area.  Can. Man. Rep. Fish. Aquat. Sci. 2107: 87 p.",301,10067,10063,-126.0,50.833333333333336
1668,14,1939,1954,16,2,0,,,0,0,0,,,False,Oncorhynchus keta,Osteichthyes,Marine,USA,North America,Count,Females,Sample,None,-1.0,16.0,1.0,False,INPFC Bull. 10: 78 p.,301,10068,10063,-122.68333333333334,47.36666666666667
1669,30,1948,1977,30,0,0,,,0,0,0,,,False,Oncorhynchus keta,Osteichthyes,Marine,Canada,North America,Count,All Individuals,Sample,None,-1.0,30.0,1.0,False,"Beacham, T. D. 1984. Catch, escapement, and exploitation of chum salmon in British Columbia, 1951-1981.  Can. Tech. Rep. Fish. Aquat. Sci. 1270: 201 p.",301,10069,10063,-131.0,53.0
1670,25,1953,1977,25,0,0,,,0,0,0,,,False,Oncorhynchus keta,Osteichthyes,Marine,Canada,North America,Count,All Individuals,Sample,None,-1.0,25.0,1.0,False,"Beacham, T. D. 1984. Catch, escapement, and exploitation of chum salmon in British Columbia, 1951-1981.  Can. Tech. Rep. Fish. Aquat. Sci. 1270: 201 p.",301,10070,10063,-132.5,52.5
1671,25,1953,1977,25,0,0,,,0,0,0,,,False,Oncorhynchus keta,Osteichthyes,Marine,Canada,North America,Count,All Individuals,Sample,None,-1.0,25.0,1.0,False,"Beacham, T. D. 1984. Catch, escapement, and exploitation of chum salmon in British Columbia, 1951-1981.  Can. Tech. Rep. Fish. Aquat. Sci. 1270: 201 p.",301,10071,10063,-126.0,50.0
1672,47,1929,1981,53,6,0,1945.0,1945.0,0,0,0,,,False,Scomber japonicus,Osteichthyes,Marine,USA,North America,Harvest,Pounds,Harvest,None,-1.0,54.0,1.0,False,"Prager, M. H., and A. D. MacCall. 1988. CalCOFI Rep. Vol XXIX  &  Prager, M. H., and A.D. MacCall. 1993. FisheryBulletin, U.S. 91:310-327.",301,10072,10072,-119.0,35.5
1673,18,1971,1988,18,0,0,1982.0,1982.0,0,0,0,,,False,Scomber japonicus,Osteichthyes,Marine,Japan,Asia,Harvest,Tonnes,Harvest,None,-1.0,18.0,1.0,False,"Matsuda, H., T. Kishida, and T. Kidachi. 1992. Optimal harvesting policy for chub mackerel (Scomber japonicus) in Japan under a fluctuating environment. Can. J. Fish. Aquat. Sci. 49: 1796-1800.",301,10073,10072,141.0,36.0
1674,20,1951,1970,20,0,0,,,0,0,0,,,False,Scomber japonicus,Osteichthyes,Marine,Japan,Asia,Count,Eggs,Sample,None,-1.0,20.0,1.0,False,"Watanabe, T.  1972.  The Recent Trend in the Stock Size of the Pacific Population of the Common Mackerel off Honshu, Japan, as Viewed from Egg Abundance.",301,10073,10072,141.0,36.0
1677,34,1956,1989,34,0,0,1970.0,1970.0,0,0,0,,,False,Gadus morhua,Osteichthyes,Marine,Multiple or International jurisdiction,Not applicable,Harvest,Tonnes,Harvest,None,-1.0,34.0,1.0,False,"Horsted Sv. Aa., J. Messtorff, and A. Schumacher. 1960. Status of subarea 1 cod and estimates of stock and yield for 1983-85. NAFO SCR Doc. 83/VI/60(Revised): 43 p.; Hanson, H., and E. Buch. 1986. Prediction of year-class strength of Atlantic cod off west Greenland. NAFO Sci. Coun. Studies 10: 7-11.; Anon. 1990. Report of the Working Group on Cod Stocks off East Greenland. ICES Doc. C.M. 1990/Assess: 12.; LAND 1954-1965: Garrod, D. J. 1969. Empirical assessments of catch/effort relationships in North Atlantic cod stocks. ICNAF Res. Bull. Num. 6.; LAND 1966-1967: Messtorff. 1968. Summary of research and status of fisheries in subarea 1, 1967. ICNAF Res. Doc. 68/101.",301,10077,104,-52.0,63.0
1678,31,1962,1992,31,0,0,1976.0,1976.0,0,0,0,,,False,Gadus morhua,Osteichthyes,Marine,Multiple or International jurisdiction,Not applicable,Harvest,Tonnes,Harvest,None,-1.0,31.0,1.0,False,"Baird, J. W., C. A. Bishop, W. B. Brodie,  and E. F. Murphy. 1992.  An assessment of the cod stock in NAFO divisions 2J3KL. NAFO SCR Doc. 92/18: 69 p.; Bishop C. A., E. F. Murphy, M. B. Davis, J. W. Baird, and G. A. Rose. 1993.  An assessment of the cod stock in NAFO divisions 2J+3KL. NAFO SCR Doc. 93/86: 51 p.; Bishop, C. A., J. Anderson, E. Dalley, M. B. Davis, E. F. Murphy, G. A. Rose, D. E. Stansbury, C. Taggart, and G. Winters. 1994. An assessment of the cod stock in NAFO divisions 2J+3KL. NAFO SCR Doc. 94/40: 50 p.",301,10078,104,-52.0,50.0
1679,13,1978,1990,13,0,0,1987.0,1987.0,0,0,0,,,False,Gadus morhua,Osteichthyes,Marine,Multiple or International jurisdiction,Not applicable,Unknown,Unknown,Sample,Unknown,-1.0,13.0,1.0,False,"Cardenas, E. de and A. Avila de Melo. 1991. Trends in the population of 3M cod and biological reference points: an approach using survey data. NAFO SCR Doc. 91/67: 13 p.",301,10079,104,-45.0,47.0
1681,35,1959,1993,35,0,0,1976.0,1976.0,0,0,0,,,False,Gadus morhua,Osteichthyes,Marine,Multiple or International jurisdiction,Not applicable,Harvest,Tonnes,Harvest,None,-1.0,35.0,1.0,False,"Anon. 1988. Provisional report of scientific council, June 1988 meeting. NAFO SCS Doc. 88/20: 117 p.; Anon. 1990. Report of the ICES Study Group on cod stock fluctuations. ICES Doc. C.M. 1990/G: 50.; Baird, J. W., C. A. Bishop, and E. F. Murphy. 1991. An assessment of the cod stock in NAFO div. 3NO. NAFO SCR Doc 91/83: 33 p.; Paz, J., and M. G. Larraneta. 1990. Year-class variations of American plaice and yellowtail flounder in div. 3LNO and the abundance of other commercial fish. NAFO SCR Doc. 90/114: 10 p.; Baird, J. W., C. A. Bishop, and E. F. Murphy. 1992. An assessment of the cod stock in NAFO div. 3NO. NAFO SCR Doc. 92/75: 28 p.; Davis, M. B., C. A. Bishop, D. E. Stansbury, and E. F. Murphy. 1994. Update of the assessment of the cod stock in div. 3NO. NAFO SC Working Paper 94/10: 13.",301,10081,104,-51.5,44.5
1682,20,1974,1993,20,0,0,1991.0,1991.0,0,0,0,,,False,Gadus morhua,Osteichthyes,Marine,Multiple or International jurisdiction,Not applicable,Unknown,Unknown,Sample,Unknown,-1.0,20.0,1.0,False,"Frechet, A. 1988. Evaluation du stock de morue de la subdivision 3Pn et des divisions 4R et 4S de l'OPANO. CAFSAC Res. Doc. 88/24: 66 p.; update by Frechet, A. and P. Schwab. 1990.; Anon. 1989. Advice on the management of groundfish stocks in 1990. CAFSAC Advisory Document 89/12: 82 p.; Pers. Comm. with A. Frechet.  Maguire, J.J. & P.M. Mace. 1993 in Risk Evaluation... Can. Spec. Pupl. Fish. Aquat. Sci. 120 page 325 (for FMAX).",301,10082,104,49.0,14.116666666666667
1683,35,1959,1993,35,0,0,,,1,0,1,1988.0,1988.0,False,Gadus morhua,Osteichthyes,Marine,Multiple or International jurisdiction,Not applicable,Unknown,Unknown,Sample,Unknown,-1.0,35.0,1.0,False,"Anon. 1988. Provisional report of Scientific Council, June 1988 Meeting. NAFO SCS Doc. 88/20: 117 p.; Anon. Cod in subdivision 3Ps. CAFSAC Adv. Doc. 90/8: 8 p.; Bishop, C. A., J. W. Baird, and E. F. Murphy. 1991. An assessment of the cod stock in NAFO subdivision 3Ps. CAFSAC Res. Doc. 91/36: 56 p.; Davis, M. B., and P. Lundrigan. 1994. A description of the stock structure in Placentia Bay, NAFO subdivision 3Ps. DFO Atlantic Fisheries Res. Doc. 94/(# not given): 16 p.    Maguire, J.J. & P.M. Mace. 1993 in Risk Evaluation... Can. Spec. Pupl. Fish. Aquat. Sci. 120 page 325 (for FMED & FMAX).",301,10004,104,-55.5,46.0
1684,44,1950,1993,44,0,0,1992.0,1992.0,13,5,8,1979.0,1991.0,True,Gadus morhua,Osteichthyes,Marine,Multiple or International jurisdiction,Not applicable,Harvest,Tonnes,Harvest,None,-1.0,44.0,1.0,False,"Chouinard, G. A. and A. Frechet. 1994. Fluctuations in the cod stocks of the Gulf of St. Lawrence. ICES mar. Sci. Symp. 198:121-139;Sinclair, A. F., G. Chouinard, D. Swain, R. Hebert, G. Nielsen, M. Hanson, L. Currie and T. Hurlbutl  1994.  Assessment of the Fishery for Southern Gulf of St. Lawrence cod: May, 1994.  DFO Atlantic Fisheries Research Document 94/77,116 p.; Maguire, J. J. 1983. Assessment of cod in NAFO Division 4T and subdivision 4Vn (Jan.-Apr.) for 1983. CAFSAC Res. Doc. 83/51. 38 p.; Sinclair, A. et al. 1994. Assessment of the fishery for Southern Gulf of St.Lawrence Cod: May, 1994.",301,10084,104,-63.5,47.5
1685,36,1958,1993,36,0,0,,1993.0,1,0,1,1987.0,1987.0,False,Gadus morhua,Osteichthyes,Marine,Multiple or International jurisdiction,Not applicable,Harvest,Tonnes,Harvest,None,-1.0,36.0,1.0,False,"Fanning, L. P., and W. J. MacEachern. 1991. Assessment of 4VsW cod in 1990. CAFSAC Res. Doc. 91/44: 42 p.; pers. comm. B. Mohn, Bedford Institute of Oceanography, Department of  Fisheries and Oceans, Dartmouth , NS.; Mohn, R., and W. J. MacEachern. 1994. Assessment of 4VsW cod in 1993. DFO Atlantic Fisheries Res. Doc. 94/(# not given): 39 p.",301,10085,104,-59.0,44.0
1686,47,1948,1994,47,0,0,,,13,0,13,1977.0,1989.0,False,Gadus morhua,Osteichthyes,Marine,Multiple or International jurisdiction,Not applicable,Harvest,Tonnes,Harvest,None,-1.0,47.0,1.0,False,"Campana, S. and J. Hamel. 1991. Status of the 1991 4X cod fishery. CAFSAC Res. Doc. 92/46: 42 p.; Gavaris, S., D. Clark, and P. Perley. 1994. Assessment of Cod in Division 4X. DFO Atlantic Fisheries Res. Doc. 94/(# not given): 27 p.",301,10086,104,-65.5,43.0
1687,10,1982,1991,10,0,0,,,0,0,0,,,False,Gadus morhua,Osteichthyes,Marine,Multiple or International jurisdiction,Not applicable,Harvest,Tonnes,Harvest,None,-1.0,10.0,1.0,False,Anon. 1991. Report of the Twelfth Northeast Assessment Workshop (12th SAW). Northeast Fisheries Science Center Ref. Doc. 91-03.,301,10087,104,-68.5,43.5
1688,15,1978,1992,15,0,0,,,0,0,0,,,False,Gadus morhua,Osteichthyes,Marine,Multiple or International jurisdiction,Not applicable,Harvest,Tonnes,Harvest,None,-1.0,15.0,1.0,False,"Anon. 1991. Stock assessment review committee consensus summary of assessments. Thirteenth Northeast Regional Stock Assessment Workshop. Dec. 1991.; Anon. 1993. Report of the 15th Northeast regional stock assessment workshop (15th SAW). Northeast Fisheries Science Center Ref. Doc. 93-07. Maguire, J.J. & P.M. Mace. 1993 in Risk Evaluation... Can. Spec. Pupl. Fish. Aquat. Sci. 120 page 325 (for FMED).",301,10088,104,-67.0,41.0
1689,23,1970,1992,23,0,0,,1992.0,0,0,0,,,False,Gadus morhua,Osteichthyes,Marine,Multiple or International jurisdiction,Not applicable,Harvest,Tonnes,Harvest,None,-1.0,23.0,1.0,False,Anon. 1990. Report of the Working Group on Assessment of Demersal Stocks in the Baltic. ICES Doc. C.M. 1990/Assess: 17.; Anon. 1991. Report of the Working Group on Assessment of Demersal Stocks in the Baltic. ICES Doc. C.M. 1991/Assess: 16.; Anon. 1992. Report of the Working Group on Assessment of Demersal Stocks in the Baltic. ICES Doc. C.M. 1992/Assess: 12.,301,10089,104,13.5,55.0
1690,23,1970,1992,23,0,0,1991.0,1991.0,0,0,0,,,False,Gadus morhua,Osteichthyes,Marine,Multiple or International jurisdiction,Not applicable,Harvest,Tonnes,Harvest,None,-1.0,23.0,1.0,False,Anon. 1990. Report of the Working Group on Assessment of Demersal Stocks  in the Baltic. ICES Doc. C.M. 1990/Assess: 17.; Anon. 1991. Report of the Working Group on Assessment of Demersal Stocks in the Baltic. ICES doc. C.M. 1991/Assess: 16.; Anon. 1992. Report of the Working Group on Assessment of Demersal Stocks in the Baltic. ICES doc. C.M. 1992/Assess: 12.; Anon. 1993. Report of the Working Group on the Assessment of Demersal Stocks in the Baltic. ICES Doc. C.M. 1993/Assess: 16.,301,10090,104,19.0,56.0
1691,21,1971,1991,21,0,0,,,0,0,0,,,False,Gadus morhua,Osteichthyes,Marine,Multiple or International jurisdiction,Europe,Harvest,Tonnes,Harvest,None,-1.0,21.0,1.0,False,Anon. 1992. Report of the Working Group on the Assessment of Southern Shelf Demersal Stocks. ICES Doc. C.M. 1993/Assess: 3.,301,10435,104,-5.0,51.0
1692,32,1961,1992,32,0,0,,,0,0,0,,,False,Gadus morhua,Osteichthyes,Marine,Denmark,Europe,Harvest,Tonnes,Harvest,None,-1.0,32.0,1.0,False,"Anon. 1990. Report of the North-Western Working Group. ICES Doc. C.M. 1990/Assess: 20.; Anon. 1991. Report of the North-Western Working Group. ICES Doc. C.M. 1991/Assess: 21.; Anon. 1992. Report of the North-Western Working Group. ICES Doc. C.M. 1992/Assess: 14.; Anon. 1993. Report of the North-Western Working Group. ICES Doc. C.M. 1993/Assess: 18.; LAND 1924-1960: Jones, B. W. The cod and the cod fishery at Faroe. Fishery Investigations. Series II Vol XXIV Number 5; LAND 1961-1973: Anon. 1977. Report of the working group on fish stocks at the faroes. ICES C.M. 1977/F:2.",301,10092,104,-8.0,62.0
1693,41,1955,1995,41,0,0,1983.0,1983.0,0,0,0,,,False,Gadus morhua,Osteichthyes,Marine,Iceland,Europe,Harvest,Tonnes,Harvest,None,-1.0,41.0,1.0,False,"Anon. 1993. State of Marine Stocks in Icelandic Waters 1992/93, Prospects for the Quota Year 1993/94, 2nd edition, 1993. Hafrannsoknastofnun Fjolrit NR. 34. Report of the North-western working group, ICES C.M. 1993/Assess:18. (found F01 & FMAX).",301,10057,104,-18.0,65.0
1696,25,1968,1992,25,0,0,,,0,0,0,,,False,Gadus morhua,Osteichthyes,Marine,Multiple or International jurisdiction,Europe,Harvest,Tonnes,Harvest,None,-1.0,25.0,1.0,False,Anon. 1993. Report of the Working Group on the Assessment of Northern Shelf Demersal stocks. ICES Doc. C.M. 1993/Assess: 20.,301,10096,104,-5.0,54.0
1697,22,1971,1992,22,0,0,1987.0,1987.0,0,0,0,,,False,Gadus morhua,Osteichthyes,Marine,Multiple or International jurisdiction,Europe,Harvest,Tonnes,Harvest,None,-1.0,22.0,1.0,False,Anon. 1993. Report of the Working Group on the Assessment of Demersal Stocks in the Baltic. ICES Doc. C.M. 1993/Assess: 16.,301,10097,104,12.0,57.0
1698,46,1946,1991,46,0,0,1962.0,1962.0,0,0,0,,,False,Gadus morhua,Osteichthyes,Marine,Multiple or International jurisdiction,Not applicable,Harvest,Tonnes,Harvest,None,-1.0,46.0,1.0,False,"Anon. 1976. Report of the North East Arctic Fisheries Working Group. ICES Doc. C.M. 1976/F: 10.; Anon. 1988. Report of the Arctic Fisheries Working Group. ICES Doc. C.M. 1988/Assess: 5.; Anon. 1990. Report of the Arctic Fisheries Working Group. ICES Doc. C.M. 1990/Assess: 4; Anon. 1991. Report of the Arctic Fisheries Working Group. ICES Doc. C.M. 1991/Assess: 3; Anon. 1993. Report of the Arctic Fisheries Working Group. ICES Doc. C.M. 1993/Assess: 1, Ref.: G; Anon. 1979. Report of the Arctic Fisheries Working Group. ICES Doc. C.M. 1979/G: 20; Anon. 1965. Arctic Fisheries Working Group. ICES C.M. 1965. Gadoid Fish Committee. No. 3.",301,10098,104,15.0,68.0
1699,48,1946,1993,48,0,0,1963.0,1963.0,0,0,0,,,False,Gadus morhua,Osteichthyes,Marine,Multiple or International jurisdiction,Not applicable,Harvest,Tonnes,Harvest,None,-1.0,48.0,1.0,False,"Anon. 1995. Report of the Arctic Fisheries Working Group. ICES Doc. C.M. 1995/Assess:3.   Anon. 1976. Report of the North East Arctic Fisheries Working Group. ICES Doc. C.M. 1976/F: 10.; Anon. 1988. Report of the Arctic Fisheries Working Group. ICES Doc. C.M. 1988/Assess: 5.; Anon. 1990. Report of the Arctic Fisheries Working Group. ICES Doc. C.M. 1990/Assess: 4.; Anon. 1991. Report of the Arctic Fisheries Working Group. ICES Doc. C.M. 1991/Assess: 3.; Anon. 1993. Report of the Arctic Fisheries Working Group. ICES Doc. C.M. 1993/Assess: 1, Ref.: G.; LAND & FRPL from: Anon. 1965. Arctic Fisheries Working Group. ICES C.M. 1965. Gadoid Fish Committee. No. 3.",301,10098,104,15.0,68.0
1700,29,1963,1991,29,0,0,,,0,0,0,,,False,Gadus morhua,Osteichthyes,Marine,Multiple or International jurisdiction,Europe,Harvest,Tonnes,Harvest,None,-1.0,29.0,1.0,False,"Holden, M. J. Long Term Changes in Landings of Fish from the North Sea with particular reference to the periods 1930-38 and 1960-69. Symposium on the changes in the north Sea Fish Stocks and their causes NO.15.; Rijnsdorp, A. D., N. Daan, F. A. Beek, and H. J. L. Heesen. 1991. Reproductive variability in North Sea plaice, sole, and cod. J. Cons. int. Explor. Mer. 47: 352-375.; Anon. 1981. Report of the North Sea Roundfish Working Group. ICES Doc. C.M. 1981/G: 8.; Anon. 1990. Report of the Roundfish Working Group. ICES Doc. C.M. 1990/Assess: 7.; Anon. 1991. Report of the Roundfish Working Group. ICES Doc. C.M. 1991/Assess: 4.; Anon. 1993. Working Group on the Assessment of Demersal Stocks in the North Sea and Skagerrak. ICES Doc. C.M. 1993/Assess: 5. LAND 1970: ICNAF Res. Doc 72/131.",301,10100,104,4.0,55.0
1701,14,1978,1991,14,0,0,,,0,0,0,,,False,Gadus morhua,Osteichthyes,Marine,Norway,Europe,Harvest,Tonnes,Harvest,None,-1.0,14.0,1.0,False,Anon. 1990. Report of the Division IIIa Demersal Stocks Working Groups. ICES Doc. C.M. 1990/Assess: 10.; Anon. 1991. Report of the Division IIIa Demersal Stocks Working Groups. ICES Doc. C.M. 1991/Assess: 9.; Anon. 1993. Working Group on the Assessment of Demersal Stocks in the North Sea and Skagerrak. ICES Doc. C.M. 1993/Assess: 5.,301,6,104,10.0,58.0
1702,27,1966,1992,27,0,0,,,0,0,0,,,False,Gadus morhua,Osteichthyes,Marine,Multiple or International jurisdiction,Not applicable,Harvest,Tonnes,Harvest,None,-1.0,27.0,1.0,False,Anon. 1993. Report of the Working Group on the Assessment of Northern Shelf Demersal stocks. ICES Doc. C.M. 1993/Assess: 20.,301,10102,104,-6.0,58.5
1703,13,1976,1988,13,0,0,,,0,0,0,,,False,Gadus morhua,Osteichthyes,Marine,Multiple or International jurisdiction,Not applicable,Harvest,Tonnes,Harvest,None,-1.0,13.0,1.0,False,Anon. 1988. Report of the North Sea Roundfish Working Group. ICES Doc. C.M. 1988/Assess: 21.; Anon. 1990. Report of the Roundfish Working Group. ICES Doc. C.M. 1990/Assess: 7.,301,10103,104,-0.0,50.5
1704,10,1938,1952,15,5,0,,,0,0,0,,,False,Oncorhynchus kisutch,Osteichthyes,Marine,USA,North America,Count,Females,Sample,None,-1.0,15.0,1.0,False,INPFC Bull. 10: 78 p.,301,10068,10104,-122.68333333333334,47.36666666666667
1708,16,1973,1988,16,0,0,,,0,0,0,,,False,Perca fluviatilis,Osteichthyes,Marine,Netherlands,Europe,Harvest,Kg,Harvest,per hectare,-1.0,16.0,1.0,False,"Buijse, A. D., W. L. T. van Densen, and L. A. Schaap. 1992. Year-class strength of eurasian perch ( Perca fluviatilis) and pikeperch ( Stizostedion lucioperca) in relation to stock size, water temperature and wind in Lake Ijssel, the Netherlands",301,10108,10108,5.25,52.5
1713,24,1970,1993,24,0,0,,,0,0,0,,,False,Reinhardtius hippoglossoides,Osteichthyes,Marine,Multiple or International jurisdiction,Not applicable,Harvest,Tonnes,Harvest,None,-1.0,24.0,1.0,False,Anon. 1995. Report of the Arctic Fisheries Working Group. ICES Doc. C.M. 1995/Assess:3. Anon. 1994. Report of the Arctic Fisheries Working Group. ICES Doc. C.M. 1994/Assess: 2.,301,10098,10113,15.0,68.0
1714,20,1969,1988,20,0,0,,,0,0,0,,,False,Reinhardtius hippoglossoides,Osteichthyes,Marine,Multiple or International jurisdiction,Not applicable,Harvest,Tonnes,Harvest,None,-1.0,20.0,1.0,False,"Serebryakov, V. P., and A. K. Chumakov. 1992. Spawning stock, population fecundity and year-class strength of Greenland halibut ( Reinhardtius hippoglossoides) in the Northwest Atlantic, 1969-88. J. Northw. Atl. Fish. Sci. 14: 107-113.",301,10114,10113,-55.0,65.0
1715,19,1975,1993,19,0,0,,,0,0,0,,,False,Reinhardtius hippoglossoides,Osteichthyes,Marine,Multiple or International jurisdiction,Not applicable,Harvest,Tonnes,Harvest,None,-1.0,19.0,1.0,False,Anon. 1987. Report of the North-Western Working Group. ICES Doc. C.M. 1987/Assess: 2.; Anon. 1990. Report of the North-Western Working Group. ICES Doc. C.M. 1990/Assess: 20.; Anon. 1991. Report of the North-Western Working Group. ICES Doc. C.M. 1991/Assess: 21.; Anon. 1992. Report of the North-Western Working Group. ICES Doc. C.M. 1992/Assess: 14.;Anon. 1994. Report of the Notth-Western Working group. ICES Doc. C.M. 1994/Assess:19.,301,10115,10113,-27.0,65.0
1716,10,1977,1986,10,0,0,,,0,0,0,,,False,Mugil cephalus,Osteichthyes,Marine,Taiwan,Asia,Count,All Individuals,Sample,None,-1.0,10.0,1.0,False,Szu-Yu Hwang et al. 1990. Stock Assessment of Grey Mullet  Mugil cephalus in Taiwan by Cohort Analysis. Nippon Suisan Gakkaishi 56(12).,301,10116,10116,121.0,22.75
1717,8,1980,1987,8,0,0,,,0,0,0,,,False,Notemigonus crysoleucas,Osteichthyes,Marine,Canada,North America,Count,All Individuals,Sample,None,-1.0,8.0,1.0,False,"Johannes, M. R. S., D. J. McQueen, T. J. Stewart, and J. R. Post. 1989. Golden shiner ( Notemigonus crysoleucas) population abundance: correlations with food and predators. Can. J. Fish. Aquat. Sci. 46: 810-817.",301,10117,10117,-79.5,43.666666666666664
1723,40,1948,1987,40,0,0,1971.0,1971.0,0,0,0,,,False,Melanogrammus aeglefinus,Osteichthyes,Marine,Multiple or International jurisdiction,Not applicable,Harvest,Tonnes,Harvest,None,-1.0,40.0,1.0,False,"Zwanenburg, K., and P. Fanning. 1988. Assessment of haddock in 4TVW -- population status and catch projections for 1989. CAFSAC Res. Doc. 88/76: 34 p.; Zwaneburg, K., and P. Comeau. 1991. Haddock on the Eastern Scotian Shelf 1991. CAFSAC Res. Doc. 91/47: 43 p.  Maguire, J.J. & P.M. Mace. 1993 in Risk Evaluation... Can. Spec. Pupl. Fish. Aquat. Sci. 120 page 325 (for FMED & FMAX).",301,10123,10119,-59.0,44.166666666666664
1724,27,1962,1988,27,0,0,,,0,0,0,,,False,Melanogrammus aeglefinus,Osteichthyes,Marine,Multiple or International jurisdiction,Not applicable,Harvest,Tonnes,Harvest,None,-1.0,27.0,1.0,False,"O'Boyle, R. N., J. Simon, and K. Frank. 1988. An evaluation of the population dynamics of 4X haddock during 1962-88 with yield projected to 1989.  CAFSAC Res. Doc. 88/72: 59 p.; O'Boyle, R. N., K. Frank, and J. Simon. 1989. An evaluation of the population dynamics of 4X haddock during 1962-88 with yield projected to 1990. CAFSAC Res. Doc. 89/58: 59 p.; Hurley, P. C. F., K. T. Frank, and J. Simon. 1991. Assessment of 4X haddock in 1990. CAFSAC Res. Doc. 91/67: 48 p.  Maguire, J.J. & P.M. Mace. 1993 in Risk Evaluation... Can. Spec. Pupl. Fish. Aquat. Sci. 120 page 325 (for FMED).",301,10086,10119,-65.5,43.0
1726,60,1931,1990,60,0,0,1971.0,1971.0,11,5,6,1960.0,1970.0,True,Melanogrammus aeglefinus,Osteichthyes,Marine,Multiple or International jurisdiction,Not applicable,Harvest,Tonnes,Harvest,None,1.0,60.0,1.0,False,"Groslein, M., and P. Hememuth. 1970. Spawning Stock and other factors related to recruitment of Haddock on Georges Bank. ICES Doc. C.M. 1970.; Symposium of Stock and Recruitment NO 32.; Data from 63-85: Gavaris. 1987. CAFSAC Res. Doc. 87/101.; Data from 59-81: Woods Hole Ref. Doc. 83-23.; Gavaris. 1988. CAFSAC Res. Doc. 88/64.; Stock Assessment Review Committee Consensus Summary of Assessments. Thirteenth Northeast Regional Stock Assessment Workshop. December 1991.; Pers. Comm. with Mike Fogarty. Maguire, J.J. & P.M. Mace. 1993 in Risk Evaluation... Can. Spec. Pupl. Fish. Aquat. Sci. 120 page 325 (for FMED).",301,10088,10119,-67.0,41.0
1727,32,1961,1992,32,0,0,,1992.0,0,0,0,,,False,Melanogrammus aeglefinus,Osteichthyes,Marine,Denmark,Europe,Harvest,Tonnes,Harvest,None,-1.0,32.0,1.0,False,Anon. 1987. Report of the North-Western Working Group. ICES Doc. C.M. 1987/Assess: 2.; Anon. 1990. Report of the Working Group on Cod off East Greenland. ICES Doc. C.M. 1990/Assess: 20.; Anon. 1991. Report of the North-Western Working Group. ICES Doc. C.M. 1991/Assess: 21.,301,10092,10119,-8.0,62.0
1728,29,1962,1990,29,0,0,,,0,0,0,,,False,Melanogrammus aeglefinus,Osteichthyes,Marine,Iceland,Europe,Harvest,Tonnes,Harvest,None,-1.0,29.0,1.0,False,"Marine Research Institute, Iceland. Mon Jun 20/1988 from Einar Jonsson.; State of marine stocks and environmental conditions in Icelandic waters 1989 Fishing prospects 1990,August 1990. Hafrannsoknastofnun Fjolrit NR. 19.; updated with 1992 assessment.",301,10057,10119,-18.0,65.0
1729,44,1950,1993,44,0,0,1984.0,1984.0,5,5,0,1979.0,1983.0,True,Melanogrammus aeglefinus,Osteichthyes,Marine,Multiple or International jurisdiction,Not applicable,Harvest,Tonnes,Harvest,None,1.0,44.0,1.0,False,"Anon. 1995. Report of the Arctic Fisheries Working Group. ICES Doc. C.M. 1995/Assess:3. Anon. 1976. Report of thse North East Arctic Fisheries Working Group. ICES Doc. C.M. 1976/F: 10.; Anon. 1988. Report of the Arctic Fisheries Working Group. ICES Doc. C.M. 1988/Assess: 5.; Anon. 1990. Report of the Arctic Fisheries Working Group. ICES Doc. C.M. 1990/Assess: 4.; Anon. 1991. Report of the Arctic Fisheries Working Group. ICES Doc. C.M. 1991/Assess: 3.; Anon. 1993. Report of the Arctic Fisheries Working Group. ICES Doc. C.M. 1993/Assess: 1, Ref.: G.",301,10098,10119,15.0,68.0
1730,32,1960,1991,32,0,0,1978.0,1978.0,0,0,0,,,False,Melanogrammus aeglefinus,Osteichthyes,Marine,Multiple or International jurisdiction,Europe,Harvest,Tonnes,Harvest,None,1.0,32.0,1.0,False,Anon. 1988. Report of the North Sea Roundfish Working Group. ICES Doc. C.M. 1988/Assess: 21.; Anon. 1981. Report of the North Sea Roundfish Working Group. ICES Doc. C.M. 1981/G: 8.; Anon. 1991. Report of the Roundfish Working Group. ICES Doc. C.M. 1991/Assess: 4.; Anon. 1992. Report of the Roundfish Working Group. ICES Doc. C.M. 1992/Assess: 4.; Anon. 1993. Working Group on the Assessment of Demersal Stocks in the North Sea and Skagerrak. ICES Doc. C.M. 1993/Assess: 5.,301,10100,10119,4.0,55.0
1731,7,1985,1991,7,0,0,,,0,0,0,,,False,Melanogrammus aeglefinus,Osteichthyes,Marine,United Kingdom,Europe,Harvest,Tonnes,Harvest,None,1.0,7.0,1.0,False,Anon. 1993. Report of the  working group on the assessment of northern shelf demersal stocks. ICES Doc. C.M. 1993/Assess: 2.,301,10131,10119,-15.0,57.25
1732,28,1965,1992,28,0,0,1990.0,1990.0,0,0,0,,,False,Melanogrammus aeglefinus,Osteichthyes,Marine,Multiple or International jurisdiction,Not applicable,Harvest,Tonnes,Harvest,None,1.0,28.0,1.0,False,Anon. 1993. Report of the Working Group on the Assessment of Northern Shelf Demersal stocks. ICES Doc. C.M. 1993/Assess: 20.,301,10102,10119,-6.0,58.5
1733,14,1977,1990,14,0,0,,,0,0,0,,,False,Merluccius gayi,Osteichthyes,Marine,Chile,South America,Harvest,Tonnes,Harvest,None,1.0,14.0,1.0,False,"Ignacio, Paya C. 1992. Captura Total Permisible del Recurso Merluza Commun-1992, Instituto de Fomento Pequero-Chile(IFOP).",301,10133,10133,-70.5,-21.0
1736,10,1971,1980,10,0,0,,,0,0,0,,,False,Merluccius gayi,Osteichthyes,Marine,Peru,South America,Harvest,Tonnes,Harvest,None,1.0,10.0,1.0,False,Int. Symp. Long Term Changes Mar. Fish Pop. Vigo 1986: 235 p.,301,10136,10133,-78.0,-12.0
1737,16,1975,1990,16,0,0,,,0,0,0,,,False,Merluccius gayi,Osteichthyes,Marine,Chile,South America,Harvest,Tonnes,Harvest,None,1.0,16.0,1.0,False,"Evaluacion del Stock de Merluza Comun( Merluccius gayi)de la zona Centro-Sur de Chile, Estimacion de la Captura Total Permisible Ano 1992 y Sugerencias de Menejo,Instituto de Investigacion Pesquera, Abril de 1991.",301,10137,10133,-74.0,-38.0
1739,21,1970,1990,21,0,0,,,0,0,0,,,False,Clupea harengus,Osteichthyes,Marine,Multiple or International jurisdiction,Not applicable,Harvest,Tonnes,Harvest,None,1.0,21.0,1.0,False,Anon. 1988. Report of the Working Group on Assessment of Pelagic Stocks in the Baltic. ICES Doc. C.M. 1988/Assess: 18.; Anon. 1990. Report of the Working Group on Assessment of Pelagic Stocks in the Baltic. ICES Doc. C.M. 1990/Assess: 18.; Anon. 1991. Report of the Working Group on Assessment of Pelagic Stocks in the Baltic. ICES Doc. C.M. 1991/Assess: 18.,301,10089,52,13.5,55.0
1740,17,1974,1990,17,0,0,,,0,0,0,,,False,Clupea harengus,Osteichthyes,Marine,Multiple or International jurisdiction,Not applicable,Harvest,Tonnes,Harvest,None,1.0,17.0,1.0,False,Anon. 1990. Report of the Working Group on Assessment of Pelagic Stocks in the  Baltic. ICES Doc. C.M. 1990/Assess: 18.; Anon. 1991. Report of the Working Group on Assessment of Pelagic Stocks in the  Baltic. ICES Doc. C.M. 1991/Assess: 18.,301,10140,52,21.0,57.0
1741,16,1972,1987,16,0,0,,,0,0,0,,,False,Clupea harengus,Osteichthyes,Marine,Multiple or International jurisdiction,Not applicable,Harvest,Tonnes,Harvest,None,1.0,16.0,1.0,False,Anon. 1988. Report of the Working Group on Assessment of Pelagic Stocks in the Baltic. ICES Doc. C.M. 1988/Assess: 18. ,301,10141,52,21.0,58.0
1742,17,1974,1990,17,0,0,,,0,0,0,,,False,Clupea harengus,Osteichthyes,Marine,Multiple or International jurisdiction,Not applicable,Harvest,Tonnes,Harvest,None,1.0,17.0,1.0,False,Anon. 1991. Report of the Working Group on Assessment of Pelagic Stocks in the Baltic. ICES Doc. C.M. 1991/Assess: 18.,301,10142,52,20.0,62.0
1743,24,1967,1990,24,0,0,1976.0,1976.0,0,0,0,,,False,Clupea harengus,Osteichthyes,Marine,Multiple or International jurisdiction,Not applicable,Harvest,Tonnes,Harvest,None,1.0,24.0,1.0,False,Anon. 1991. Stock Assessment Review Committee Consensus Summary of Assessments. Thirteenth Northeast Regional Stock Assessment Workshop. Dec. 1991.,301,10143,52,-60.5,44.166666666666664
1744,15,1973,1987,15,0,0,,,0,0,0,,,False,Clupea harengus,Osteichthyes,Marine,Multiple or International jurisdiction,Not applicable,Harvest,Tonnes,Harvest,None,1.0,15.0,1.0,False,"McQuinn, I. H. 1988. An assessment of the west coast of Newfoundland (NAFO division 4R) herring resource in 1987. CAFSAC Res. Doc. 88/52: 40 p.",301,10144,52,-59.0,49.416666666666664
1745,15,1973,1987,15,0,0,,,0,0,0,,,False,Clupea harengus,Osteichthyes,Marine,Multiple or International jurisdiction,Not applicable,Harvest,Tonnes,Harvest,None,1.0,15.0,1.0,False,"McQuinn, I. H. 1988. An assessment of the west coast of Newfoundland (NAFO division 4R) herring resource in 1987. CAFSAC Res. Doc. 88/52: 40 p.",301,10144,52,-59.0,49.416666666666664
1746,13,1978,1990,13,0,0,,,0,0,0,,,False,Clupea harengus,Osteichthyes,Marine,Multiple or International jurisdiction,Not applicable,Harvest,Tonnes,Harvest,None,1.0,13.0,1.0,False,"Cleary, L. 1983. An assessment of the southern Gulf of St. Lawrence herring stock complex. CAFSAC Res Doc 83/69: 40 p.; Chadwick E. M. P., and D. K. Cairns. 1988. Assessment of Atlantic herring in NAFO division 4T, 1987. CAFSAC Res. Doc. 88/38: 54 p.; Randall, R. G., D. M. Moore, and P. R. Pickard. 1990. Status of Atlantic herring in NAFO Div. 4T. CAFSAC Res Doc 90/4.; Claytor, R. R., G. Nielsen, H. M. C. Dupuis, and D. K. Cairns. 1991. Assessment of Atlantic herring in NAFO division 4T, 1990. CAFSAC Res. Doc. 91/66: 74 p.",301,10465,52,-63.0,47.0
1748,14,1973,1986,14,0,0,,,0,0,0,,,False,Clupea harengus,Osteichthyes,Marine,Multiple or International jurisdiction,Not applicable,Harvest,Tonnes,Harvest,None,1.0,14.0,1.0,False,"Stephensen, R. L., M. J. Power, and T. D. Iles. 1975. Assessment of the 1986 4WX herring fishery. CAFSAC 87/75: 39 p.; update by Stephensen.; Anon. 1990. Advice on the management of herring stocks on the Atlantic coast of Canada for 1991. CAFSAC Adv. doc. 90/4: 27 p.",301,10148,52,-63.333333333333336,42.0
1750,14,1974,1987,14,0,0,,,0,0,0,,,False,Clupea harengus,Osteichthyes,Marine,Multiple or International jurisdiction,Not applicable,Harvest,Tonnes,Harvest,None,1.0,14.0,1.0,False,Anon. 1988. Report of the Working Group on Assessment of Pelagic Stocks in the Baltic. ICES Doc. C.M. 1988/Assess: 18.; Anon. 1990. Report of the Working Group on Assessment of Pelagic Stocks in the Baltic. ICES Doc. C.M. 1990/Assess: 18.,301,10150,52,20.0,61.0
1751,16,1974,1989,16,0,0,,,0,0,0,,,False,Clupea harengus,Osteichthyes,Marine,Multiple or International jurisdiction,Not applicable,Harvest,Tonnes,Harvest,None,1.0,16.0,1.0,False,Anon. 1988. Report of the Working Group on Assessment of Pelagic Stocks in the Baltic. ICES Doc. C.M. 1988/Assess: 18.; Anon. 1990. Report of the Working Group on Assessment of Pelagic Stocks in the Baltic. ICES Doc. C.M. 1990/Assess: 18.,301,10151,52,23.0,65.0
1752,41,1951,1991,41,0,0,,,7,0,7,1980.0,1986.0,False,Clupea harengus,Osteichthyes,Marine,Canada,North America,Harvest,Tonnes,Harvest,None,1.0,41.0,1.0,False,"AGEMAT, NATMORT and KGPRECF0: Haist, V., and J. F. Schweigert. 1991. Stock assessment for British Columbia herring in 1991 and forecasts of the potential catch in 1992. PSARC Working Paper H91-1: 70 p.; Stocker, M. and D.J. Noakes. Evaluating Forecasting Procedures for Predicting Pacific Herring ( Clupea harengus pallasi) Recruitment in B.C.",301,10152,52,-128.5,52.5
1755,67,1923,1989,67,0,0,1958.0,1958.0,6,5,1,1952.0,1957.0,True,Clupea harengus,Osteichthyes,Marine,Multiple or International jurisdiction,Europe,Harvest,Tonnes,Harvest,None,1.0,67.0,1.0,False,"Cushing, D.H. 1992. A short history of the Downs stock of herring. ICES J. mar. Sci. 49: 437-443 p.",301,10155,52,2.5,52.0
1756,30,1959,1988,30,0,0,1970.0,1970.0,0,0,0,,,False,Clupea harengus,Osteichthyes,Marine,Multiple or International jurisdiction,Not applicable,Harvest,Tonnes,Harvest,None,1.0,30.0,1.0,False,"Pers. Comm. with Westerheim.; Wespestad, V. G. 1982. Cohort analysis of catch data on Pacific Herring in the Easter Bering Sea, 1959-1981. NOAA 1982.",301,10156,52,-162.5,58.5
1759,16,1961,1976,16,0,0,1975.0,1975.0,0,0,0,,,False,Clupea harengus,Osteichthyes,Marine,Canada,North America,Harvest,Tonnes,Harvest,None,1.0,16.0,1.0,False,"Anthony, V. C., and G. T. Waring. 1980. Estimates of herring spawning stock biomass and egg production for the Georges Bank-Gulf of Maine region. NAFO SCR Doc. 80/IX/135(Corrigendum): 1 p.",301,10158,52,-67.5,41.5
1760,20,1970,1989,20,0,0,,,0,0,0,,,False,Clupea harengus,Osteichthyes,Marine,Finland,Europe,Harvest,Tonnes,Harvest,None,1.0,20.0,1.0,False,Anon. 1988. Report of the Working Group on Assessment of Pelagic Stocks in the Baltic. ICES Doc. C.M. 1988/Assess: 18.; Anon. 1990. Report of the Working Group on Assessment of Pelagic Stocks in the Baltic. ICES Doc. C.M. 1990/Assess: 18.,301,10160,52,25.0,59.75
1762,23,1967,1989,23,0,0,,,0,0,0,,,False,Clupea harengus,Osteichthyes,Marine,USA,North America,Harvest,Tonnes,Harvest,None,1.0,23.0,1.0,False,"Pers. Comm. with M. Fogarty.; Anon. 1990. Report of the Eleventh NEFC Stock Assessment Workshop Fall1990. NEFC Ref. Doc 90-09.,Anon. 1989. Report of the Fall 1989 NEFC Stock Assessment Workshop (Ninth SAW). NEFC Ref. Doc. 89-09.",301,10162,52,-69.0,43.0
1763,21,1970,1990,21,0,0,,,0,0,0,,,False,Clupea harengus,Osteichthyes,Marine,Multiple or International jurisdiction,Not applicable,Harvest,Tonnes,Harvest,None,-1.0,21.0,1.0,False,Anon. 1988. Report of the Working Group on Assessment of Pelagic Stocks in the Baltic. ICES Doc. C.M. 1988/Assess: 18.; Anon. 1990. Report of the Working Group on Assessment of Pelagic Stocks in the Baltic. ICES Doc. C.M. 1990/Assess: 18.; Anon. 1991. Report of the Working Group on Assessment of Pelagic Stocks in the Baltic. ICES Doc. C.M. 1991/Assess: 18.,301,10163,52,23.583333333333332,57.5
1765,24,1947,1970,24,0,0,1964.0,1964.0,0,0,0,,,False,Clupea harengus,Osteichthyes,Marine,Iceland,Europe,Harvest,Tonnes,Harvest,None,1.0,24.0,1.0,False,Jakobssen. ICES Rapports et Troces-Vervaux des Reunious 177: 23-42 p.. Spring spawners.,301,10057,52,-18.0,65.0
1766,47,1947,1993,47,0,0,1968.0,1968.0,0,0,0,,,False,Clupea harengus,Osteichthyes,Marine,Iceland,Europe,Harvest,Tonnes,Harvest,None,-1.0,47.0,1.0,False,"Report of the Atlanto-Scandian Herring and Capelin Working Group. ICES Doc. C.M. 1995/Assess: 9.  Anon. 1986. Report of the herring assessment working group for the area south of 62 degrees N. ICES Doc. C.M. 1986/Assess: 19.; Anon. 1991. Report of the Atlanto-Scandian Herring and Capelin Working Group. ICES Doc. C.M. 1991/Assess: 17.; State of marine stocks and environmental conditions in Icelandic waters 1989 Fishing prospects 1990, August 1990. Hafrannsoknastofnun Fjolrit NR. 19.; Marine Research Institute, Iceland. Mon Jun 20/1988.",301,10057,52,-18.0,65.0
1767,19,1972,1990,19,0,0,,,0,0,0,,,False,Clupea harengus,Osteichthyes,Marine,Multiple or International jurisdiction,Europe,Harvest,Tonnes,Harvest,None,-1.0,19.0,1.0,False,Anon. 1988. Report of the Herring Assessment Working Group for the Area South of 62N. ICES Doc. C.M. 1988/17.; Anon. 1991. Report of the Herring Assessment Working Group for the Area South of 62N. ICES Doc. C.M. 1990/Assess: 14.; Anon. 1991. Report of the Herring Assessment Working Group for the Area South of 62N. ICES C.M. 1991/Assess: 5.; Anon. 1992. Report of the Herring Assessment Working Group for the Area South of 62N. ICES C.M. 1992/Assess: 11.,301,10167,52,-4.483333333333333,54.083333333333336
1768,44,1950,1993,44,0,0,1967.0,1967.0,0,0,0,,,False,Clupea harengus,Osteichthyes,Marine,Norway,Europe,Harvest,Tonnes,Harvest,None,-1.0,44.0,1.0,False,"Report of the Atlanto-Scandian Herring and Capelin Working Group. ICES Doc. C.M. 1995/Assess: 9. Dragesund, O., and O. Ulltung. 1975. Stock Size Fluctuations and Rate of Exploitation of the Norwegian Spring Spawning Herring 1950-1975. ICES Doc. C.M. 1975/H: 47.; Anon. 1990. Report of the Atlanto-Scandian Herring and Capelin Working Group. ICES Doc. C.M. 1990/Assess: 5.; Anon. 1988. Report of the Atlanto-Scandian Herring and Capelin Working Group. ICES Doc. C.M. 1988/Assess: 10.; Anon. 1991. Report of the Atlanto-Scandian Herring and Capelin Working Group. ICES Doc. C.M. 1991/Assess: 17.",301,10168,52,8.0,65.0
1769,43,1947,1989,43,0,0,1968.0,1968.0,0,0,0,,,False,Clupea harengus,Osteichthyes,Marine,Multiple or International jurisdiction,Europe,Harvest,Tonnes,Harvest,None,-1.0,43.0,1.0,False,"Burd, A. C. Long term Changes in the North Sea Herring Stocks. ICES Symposium on the Changes in North Sea Fish Stocks and their causes. No.16.; Anon. 1988. Report of the Herring Assessment Working Group for the Area south of 62N. ICES Doc. C.M. 1988.; Anon. 1990. ICES Doc. C.M. 1990/Assess: 14.; Anon. 1991. ICES Doc. C.M. 1991/Assess: 5.",301,10100,52,4.0,55.0
1770,41,1951,1991,41,0,0,,,7,0,7,1980.0,1986.0,False,Clupea harengus,Osteichthyes,Marine,Canada,North America,Harvest,Tonnes,Harvest,None,-1.0,41.0,1.0,False,"AGEMAT, NATMORT and KGPRECF0: Haist, V., and J. F. Schweigert. 1991. Stock assessment for British Columbia herring in 1991 and forcasts of the potential catch in 1992. PSARC Working Paper H91-1: 70 p.; Haist, V. Can. Man. Rep. Fish. Aquat. Sci. 2119.; Pers. Comm. with V. Haist.",301,10170,52,-124.0,49.5
1771,41,1951,1991,41,0,0,1960.0,1960.0,0,0,0,,,False,Clupea harengus,Osteichthyes,Marine,Canada,North America,Harvest,Tonnes,Harvest,None,-1.0,41.0,1.0,False,"AGEMAT, NATMORT and KGPRECF0: Haist, V., and J. F. Schweigert. 1991. Stock assessment for British Columbia herring in 1991 and forcasts of the potential catch in 1992. PSARC Working Paper H91-1: 70 p.; Haist, V. Can. Man. Rep. Fish. Aquat. Sci. 2119.; Pers. Comm. with V. Haist.",301,10171,52,-126.75,49.5
1772,41,1951,1991,41,0,0,,,7,0,7,1980.0,1986.0,False,Clupea harengus,Osteichthyes,Marine,Canada,North America,Harvest,Tonnes,Harvest,None,1.0,41.0,1.0,False,"AGEMAT, NATMORT and KGPRECF0: Haist, V., and J. F. Schweigert. 1991. Stock assessment for British Columbia herring in 1991 and forcasts of the potential catch in 1992. PSARC Working Paper H91-1: 70 p.; Haist, V. Can. Man. Rep. Fish. Aquat. Sci. 2119.; Pers. Comm. with V. Haist.",301,10172,52,-130.25,54.5
1773,41,1951,1991,41,0,0,,,7,0,7,1980.0,1986.0,False,Clupea harengus,Osteichthyes,Marine,Canada,North America,Harvest,Tonnes,Harvest,None,-1.0,41.0,1.0,False,"AGEMAT, NATMORT and KGPRECF0: Haist, V., and J. F. Schweigert. 1991. Stock assessment for British Columbia herring in 1991 and forcasts of the potential catch in 1992. PSARC Working Paper H91-1: 70 p.; Haist, V. Can. Man. Rep. Fish. Aquat. Sci. 2119.; Pers. Comm. with V. Haist.",301,10070,52,-132.5,52.5
1775,11,1977,1987,11,0,0,,,0,0,0,,,False,Clupea harengus,Osteichthyes,Marine,Multiple or International jurisdiction,Not applicable,Harvest,Tonnes,Harvest,None,-1.0,11.0,1.0,False,Anon. 1988. Report of the Working Group on Assessment of Pelagic Stocks in the Baltic. ICES Doc. C.M. 1988/Assess: 18.,301,10175,52,15.0,54.5
1776,35,1929,1966,38,3,0,,1966.0,0,0,0,,,False,Clupea harengus,Osteichthyes,Marine,USA,North America,Harvest,Tonnes,Harvest,None,1.0,38.0,1.0,False,Pers. Comm. with Westerheim. ,301,10176,52,-136.0,56.0
1779,41,1951,1991,41,0,0,1966.0,1966.0,0,0,0,,,False,Clupea harengus,Osteichthyes,Marine,Canada,North America,Harvest,Tonnes,Harvest,None,1.0,41.0,1.0,False,"AGEMAT, NATMORT and KGPRECF0: Haist, V., and J. F. Schweigert. 1991. Stock assessment for British Columbia herring in 1991 and forcasts of the potential catch in 1992. PSARC Working Paper H91-1: 70 p.; Haist, V. Can. Man. Rep. Fish. Aquat. Sci. 2119.; Pers. Comm. with V. Haist.",301,10179,52,-122.83333333333333,48.5
1780,41,1951,1991,41,0,0,,,7,0,7,1980.0,1986.0,False,Clupea harengus,Osteichthyes,Marine,Canada,North America,Harvest,Tonnes,Harvest,None,1.0,41.0,1.0,False,"AGEMAT, NATMORT and KGPRECF0: Haist, V., and J. F. Schweigert. 1991. Stock assessment for British Columbia herring in 1991 and forcasts of the potential catch in 1992. PSARC Working Paper H91-1: 70 p.; Haist, V. Can. Man. Rep. Fish. Aquat. Sci. 2119.; Pers. Comm. with V. Haist.",301,10180,52,-126.0,49.0
1781,21,1970,1990,21,0,0,1977.0,1977.0,0,0,0,,,False,Clupea harengus,Osteichthyes,Marine,Multiple or International jurisdiction,Not applicable,Harvest,Tonnes,Harvest,None,1.0,21.0,1.0,False,Anon. 1988. Report of the Herring Assessment Working Group for the Area South of 62N. ICES Doc. C.M. 1988/Assess: 17.; Anon. 1990. Report of the Herring Assessment Working Group for the Area South of 62N. ICES Doc. C.M. 1990/Assess: 14.; Anon. 1991. Report of the Herring Assessment Working Group for the Area South of 62N. ICES Doc. C.M. 1991/Assess: 15.,301,10181,52,-8.0,57.0
1782,21,1970,1990,21,0,0,,,0,0,0,,,False,Clupea harengus,Osteichthyes,Marine,Multiple or International jurisdiction,Not applicable,Harvest,Tonnes,Harvest,None,1.0,21.0,1.0,False,Anon. 1988. Report of the Herring Assessment Working Group for the Area South of 62N. ICES Doc. C.M. 1988/Assess: 17.; Anon. 1990. Report of the Herring Assessment Working Group for the Area South of 62N. ICES Doc. C.M. 1990/Assess: 14.; Anon. 1991. Report of the Herring Assessment Working Group for the Area South of 62N. ICES Doc. C.M. 1991/Assess: 15.,301,10182,52,-12.0,54.5
1783,17,1968,1984,17,0,0,1979.0,1979.0,0,0,0,,,False,Clupea harengus,Osteichthyes,Marine,China,Asia,Count,All Individuals,Sample,None,1.0,17.0,1.0,False,"Qisheng, T. 1987. Acta Oceanologica Sininca 6(1).",301,10183,52,124.0,35.0
1791,10,1955,1964,10,0,0,,,0,0,0,,,False,Saurida tumbil,Osteichthyes,Marine,Multiple or International jurisdiction,Asia,Unknown,Unknown,Unknown,Unknown,3.0,10.0,1.0,False,"Hilborn, and Walters. Quantitative Fisheries Stock Assessment:  Choice, Dynamics & Uncertainty, 1992 from Saishu and Ikemoto (1970), Reproductive curve of lizard-fish,   Saurida tumbil, of the east China sea group Bull. Seikai Regional Fisheries Res. Laboratory 38:41-60.",301,10032,10191,123.0,29.0
1792,28,1950,1977,28,0,0,1955.0,1955.0,0,0,0,,,False,Coregonus clupeaformis,Osteichthyes,Marine,Multiple or International jurisdiction,North America,Count,Eggs,Sample,None,2.0,28.0,1.0,False,"Henderson, B. A., J. J. Collins, and J. A. Reckahn. 1983. Dynamics of an exploited population of lake whitefish ( Coregonus clupeaformis) in Lake Huron. Can. J. Fish. Aquat. Sci. 40: 1556-1567.",301,10192,10192,-82.0,45.0
1795,29,1962,1990,29,0,0,,,0,0,0,,,False,Scomber scombrus,Osteichthyes,Marine,Multiple or International jurisdiction,Not applicable,Harvest,Tonnes,Harvest,None,1.0,29.0,1.0,False,Anon. 1991. Report of teh Twelfth Northeast Regional Stock Assessment Workshop (12th SAW). Northeast Fisheries Science Center Ref. Doc. 91-03.,301,10195,10195,-59.0,48.0
1796,9,1982,1990,9,0,0,,,0,0,0,,,False,Trachurus trachurus,Osteichthyes,Marine,Multiple or International jurisdiction,Not applicable,Harvest,Tonnes,Harvest,None,1.0,9.0,1.0,False,"Anon. 1989. Working Group on the Assessment of the Stocks of Sardine, Horse Mackerel and Anchovy. ICES Doc. C.M. 1989/Assess: 19.; Anon. 1991.  ICES Doc. C.M. 1991/Assess: 22.",301,10196,10196,-7.0,49.0
1799,8,1985,1992,8,0,0,,,0,0,0,,,False,Trachurus trachurus,Osteichthyes,Marine,Multiple or International jurisdiction,Not applicable,Harvest,Tonnes,Harvest,None,1.0,8.0,1.0,False,"Anon. 1993. Report of the Working Group on the Assessment of Mackerel, Horse Mackerel, Sardine, and Anchovy. ICES Doc. C.M. 1993/Assess: 19.",301,10138,10196,-10.0,43.0
1800,19,1972,1990,19,0,0,,,0,0,0,,,False,Scomber scombrus,Osteichthyes,Marine,Multiple or International jurisdiction,Not applicable,Harvest,Tonnes,Harvest,None,1.0,19.0,1.0,False,Anon. 1975. Report of the Mackerel Working Group. ICES Doc. C.M. 1975/H: 3.; Anon. 1990. Report of the Mackerel Working Group. ICES Doc. C.M. 1990/Assess: 19.; Anon. 1991. Mackerel Working Group. ICES Doc. C.M. 1991/Assess: 19.,301,10196,10195,-7.0,49.0
1801,8,1984,1991,8,0,0,,,0,0,0,,,False,Lepidorhombus whiffiagonis,Osteichthyes,Marine,Multiple or International jurisdiction,Not applicable,Harvest,Tonnes,Harvest,None,1.0,8.0,1.0,False,Anon. 1993. Report of the Working Group on the Assessment of Southern Shelf Demersal Stocks. ICES Doc. C.M. 1993/Assess: 3.,301,10201,10201,-10.0,49.0
1802,6,1986,1991,6,0,0,,,0,0,0,,,False,Lepidorhombus whiffiagonis,Osteichthyes,Marine,Multiple or International jurisdiction,Not applicable,Harvest,Tonnes,Harvest,None,1.0,6.0,1.0,False,Anon. 1993. Report of the Working Group on the Assessment of Southern Shelf Demersal Stocks. ICES Doc. C.M. 1993/Assess: 3.,301,10138,10201,-10.0,43.0
1803,36,1955,1990,36,0,0,1964.0,1964.0,0,0,0,,,False,Brevoortia tyrannus,Osteichthyes,Marine,USA,North America,Harvest,Tonnes (females),Harvest,None,1.0,36.0,1.0,False,"Vaughan, D. S. et al. NOAA Technical Report NMFS-SPEC 178.; Pers. Comm. with Vaughan, D. S.",301,10203,10203,-75.0,35.0
1805,6,1986,1991,6,0,0,,,0,0,0,,,False,Lophius piscatorius,Osteichthyes,Marine,Multiple or International jurisdiction,Not applicable,Harvest,Tonnes,Harvest,None,1.0,6.0,1.0,False,Anon. 1993. Report of the Working Group on the Assessment of Southern Shelf Demersal Stocks. ICES Doc. C.M.1993/Assess: 3.,301,10205,10205,-10.0,49.0
1806,13,1978,1990,13,0,0,,,0,0,0,,,False,Trisopterus esmarkii,Osteichthyes,Marine,Multiple or International jurisdiction,Europe,Harvest,Tonnes,Harvest,None,1.0,13.0,1.0,False,Anon. 1990. Report of Industrial Fisheries Working Group. ICES Doc. C.M. 1990/Assess: 13.; Anon. 1991. Report of Industrial Fisheries Working Group. ICES Doc. C.M. 1991/Assess: 14.,301,10100,117,4.0,55.0
1807,11,1980,1990,11,0,0,,,0,0,0,,,False,Pseudopentaceros wheeleri,Osteichthyes,Marine,USA,North America,Harvest,Tonnes,Harvest,None,1.0,11.0,1.0,False,"D.A. Somerton, & B.S. Kikkawa. 1992. Population dynamics of pelagic armourhead Pseudopentaceros wheeleri on Southeast Hancock Seamount. Fishery Bulletin. 90:756-769.",301,10207,10207,179.05,29.8
1809,29,1953,1981,29,0,0,1977.0,1977.0,0,0,0,,,False,Engraulis ringens,Osteichthyes,Marine,Peru,South America,Harvest,Tonnes,Harvest,None,1.0,29.0,1.0,False,"Pauly, D., and I. Tsukayama. 1980. On the Seasonal Growth, Monthly Recruitment and Monthly Biomass of Peruvian Anchoveta ( Engraulis ringens) From 1961 to 1979. FAO Fisheries Report 291(30):988-1004.; Tsukayama, I., and M. L. D. Palomares. 1987.; Pauly, D., and M. Soriano. 1987.; Pauly, D., and I. Tsukayama. On the Seasonal Growth, Monthly Recruitment and Monthly Biomass of Peruvian Anchoveta from 1961 to 1979. FAO Fisheries Report NO 291. Vol. 3.",301,10209,10208,-79.0,-9.0
1810,13,1979,1991,13,0,0,,,0,0,0,,,False,Gadus macrocephalus,Osteichthyes,Marine,Multiple or International jurisdiction,Not applicable,Harvest,Tonnes,Harvest,None,1.0,13.0,1.0,False,"Thompson, G. G., and R. G. Bakkala. The Plan Team for the Groundfish Fisheries of the Bering Sea and Aleutian Islands, Stock Assessment And Fishery Evaluation Report For the Groundfish Resources of the Bering Sea/Aleutian Islands Region as Projected for 1992, November 1991.",301,10156,10210,-162.5,58.5
1811,14,1972,1985,14,0,0,,,0,0,0,,,False,Gadus macrocephalus,Osteichthyes,Marine,Canada,North America,Harvest,Tonnes,Harvest,None,1.0,14.0,1.0,False,"Foucher, R. D., and A. V. Tyler. 1990.  In Canadian Technical Report of Fisheries and Aquatic Sciences. No. 1732.; Foucher, R. D., and A. V. Tyler. 1991.  In Canadian Technical Report of Fisheries and Aquatic Sciences. No. 1778.",301,10111,10210,-131.0,53.0
1817,35,1960,1994,35,0,0,,,1,0,1,1989.0,1989.0,False,Merluccius merluccius,Osteichthyes,Marine,Multiple or International jurisdiction,North America,Harvest,Tonnes,Harvest,None,1.0,35.0,1.0,False,"Dorn, M.W. et al. 1990.  In Status of the Pacific Coast Groundfish Fishery  Through 1990 and Recommended Acceptable Biological Catches for 1991. Updated info from Martin Dorn,NMFS, Seattle, Washington.",301,10217,109,-119.0,29.5
1818,47,1935,1981,47,0,0,,,13,0,13,1964.0,1976.0,False,Hippoglossus stenolepis,Osteichthyes,Marine,Multiple or International jurisdiction,Not applicable,Harvest,Tonnes,Harvest,None,1.0,47.0,1.0,False,"Anon. 1989. International Pacific Halibut Commission. Annual Report 1989.; Myhre, Gordon, Peltonen, Stpierre, Skud, and Walden. International Pacific halibut Commission. Technical Report No. 14.; Pers. Comm. with Pat Sullivan.",301,10218,10218,-135.0,50.0
1822,38,1944,1981,38,0,0,,,4,0,4,1973.0,1976.0,False,Esox lucius,Osteichthyes,Limnetic,UK - England,Europe,Harvest,Kg (females),Harvest,None,2.0,38.0,1.0,False,"Kipling, C. 1983. Changes in the Population of Pike ( Esox Lucius) in Windermere from 1944 to 1981. Journal of Animal Ecology 52: 989-999 p.",301,10222,10219,-3.0,54.3
1823,38,1944,1981,38,0,0,,,4,0,4,1973.0,1976.0,False,Esox lucius,Osteichthyes,Limnetic,UK - England,Europe,Harvest,Kg (females),Harvest,None,2.0,38.0,1.0,False,"Kipling, C. 1983.  Changes in the Population of Pike ( Esox Lucius) in Windermere from 1944 to 1981. Journal of Animal Ecology 52: 989-999 p.",301,416,10219,-2.9166666666666665,54.333333333333336
1825,33,1934,1966,33,0,2,1944.0,1944.0,0,0,0,,,False,Oncorhynchus gorbuscha,Osteichthyes,Marine,USA,North America,Harvest,Kg (females),Harvest,None,3.0,33.0,1.0,False,"Skud, B. E. Fish Stocks and Recruitment. Rapports et Proces-Verbaux des Reunions (ICES) 164: 108 p.",301,10225,10225,-134.65,56.38333333333333
1826,27,1945,1971,27,0,0,,,0,0,0,,,False,Oncorhynchus gorbuscha,Osteichthyes,Marine,USA,North America,Count,Individuals (millions),Sample,None,2.0,27.0,1.0,False,International North Pacific Fisheries Commission. 1974. Information on recent changes in the salmon fisheries of Alaska and the condition of the stocks. INPFC Bull. 29: 37 p.,301,10226,10225,-147.0,60.75
1827,14,1977,1990,14,0,0,,,0,0,0,,,False,Oncorhynchus gorbuscha,Osteichthyes,Marine,USA,North America,Count,Fry,Sample,None,2.0,14.0,1.0,False,"Jaenicke, H.W., M.J. Jaenicke and G.T. Oliver. 1994. Predicting Northern Southeast Alaska Pink Salmon Returns by Early Marine Scale Growth. In: Proceedings of the 16th Northeast Pacific Pink and Chum Salmon Workshop. Alaska Sea Grant College Program Report No. 94-02:97-109 p. Table 1",301,10227,10225,-134.63333333333333,58.36666666666667
1828,16,1979,1994,16,0,0,,,0,0,0,,,False,Oncorhynchus gorbuscha,Osteichthyes,Marine,USA,North America,Count,All Individuals,Sample,None,3.0,16.0,1.0,False,"Taylor SG and J Lum Carney 1996. Annual Report Auke Creek Weir 1995, Operations and Fish Counts. Unpubl. Rept., 20p. NMFS, Auke Bay Laboratory, 11305 Glacier Highway, Juneau, AK 99801-8626. ",301,10227,10225,-134.63333333333333,58.36666666666667
1829,26,1960,1985,26,0,0,,,0,0,0,,,False,Oncorhynchus gorbuscha,Osteichthyes,Marine,Russian Federation,Asia,Count,All Individuals,Sample,None,2.0,26.0,1.0,False,"Gritsenko, O.F., A.F. Grishin, A.V. Zakharov, and G.N. Shelepakha 1989. Reproduction of Pink Salmon, Oncorhynchus gorbuscha, on Sakhalin Island. J. Ichthyology 29:96-105, Table 3",301,10229,10225,143.01666666666668,47.21666666666667
1830,24,1960,1983,24,0,0,,,0,0,0,,,False,Oncorhynchus gorbuscha,Osteichthyes,Marine,Russian Federation,Asia,Count,Fry,Sample,None,2.0,24.0,1.0,False,"Gritsenko, O.F., A.F. Grishin, A.V. Zakharov, and G.N. Shelepakha 1989. Reproduction of Pink Salmon, Oncorhynchus gorbuscha, on Sakhalin Island. J. Ichthyology 29:96-105, Table 3",301,10229,10225,143.01666666666668,47.21666666666667
1831,24,1960,1983,24,0,0,,,0,0,0,,,False,Oncorhynchus gorbuscha,Osteichthyes,Marine,Russian Federation,Asia,Count,All Individuals,Sample,None,2.0,24.0,1.0,False,"Gritsenko, O.F., A.F. Grishin, A.V. Zakharov, and G.N. Shelepakha 1989. Reproduction of Pink Salmon, Oncorhynchus gorbuscha, on Sakhalin Island. J. Ichthyology 29:96-105, Table 3",301,10229,10225,143.01666666666668,47.21666666666667
1832,13,1970,1982,13,0,0,,,0,0,0,,,False,Oncorhynchus gorbuscha,Osteichthyes,Marine,Canada,North America,Count,All Individuals,Sample,None,2.0,13.0,1.0,False,"Henderson, M.A. and A.T. Charles. 1984. Reconstruction of British Columbia pink salmon stocks ( Oncorhynchus gorbuscha): 1970-1982. Part I: Queen Charlotte Islands, North Coast and Central Coast. Can. MS Rep. Fish. Aquat. Sci. 1785",301,10232,10225,-132.2,53.65
1833,13,1970,1982,13,0,0,,,0,0,0,,,False,Oncorhynchus gorbuscha,Osteichthyes,Marine,Canada,North America,Count,All Individuals,Sample,None,2.0,13.0,1.0,False,"Henderson, M.A. and A.T. Charles. 1984. Reconstruction of British Columbia pink salmon stocks ( Oncorhynchus gorbuscha\/): 1970-1982. Part I: Queen Charlotte Islands, North Coast and Central Coast. Can. MS Rep. Fish. Aquat. Sci. 1785: page 56 ",301,10233,10225,-0.0,0.0
1834,13,1970,1982,13,0,0,,,0,0,0,,,False,Oncorhynchus gorbuscha,Osteichthyes,Marine,Canada,North America,Count,All Individuals,Sample,None,2.0,13.0,1.0,False,"Henderson, M.A. and A.T. Charles. 1984. Reconstruction of British Columbia pink salmon stocks ( Oncorhynchus gorbuscha\/): 1970-1982. Part I: Queen Charlotte Islands, North Coast and Central Coast. Can. MS Rep. Fish. Aquat. Sci. 1785: page 66 ",301,10234,10225,-128.0,53.0
1835,13,1970,1982,13,0,0,,,0,0,0,,,False,Oncorhynchus gorbuscha,Osteichthyes,Marine,Canada,North America,Count,All Individuals,Sample,None,2.0,13.0,1.0,False,"Henderson, M.A. and A.T. Charles. 1984. Reconstruction of British Columbia pink salmon stocks ( Oncorhynchus gorbuscha\/): 1970-1982. Part I: Queen Charlotte Islands, North Coast and Central Coast. Can. MS Rep. Fish. Aquat. Sci. 1785: page 68 ",301,10235,10225,-128.66666666666666,54.0
1836,13,1970,1982,13,0,0,,,0,0,0,,,False,Oncorhynchus gorbuscha,Osteichthyes,Marine,Canada,North America,Count,All Individuals,Sample,None,2.0,13.0,1.0,False,"Henderson, M.A. and A.T. Charles. 1984. Reconstruction of British Columbia pink salmon stocks ( Oncorhynchus gorbuscha\/): 1970-1982. Part I: Queen Charlotte Islands, North Coast and Central Coast. Can. MS Rep. Fish. Aquat. Sci. 1785: page 70 ",301,10236,10225,-129.0,53.5
1837,13,1970,1982,13,0,0,1981.0,1981.0,0,0,0,,,False,Oncorhynchus gorbuscha,Osteichthyes,Marine,Canada,North America,Count,All Individuals,Sample,None,2.0,13.0,1.0,False,"Henderson, M.A. and A.T. Charles. 1984. Reconstruction of British Columbia pink salmon stocks ( Oncorhynchus gorbuscha\/): 1970-1982. Part I: Queen Charlotte Islands, North Coast and Central Coast. Can. MS Rep. Fish. Aquat. Sci. 1785: page 72 ",301,10237,10225,-0.0,0.0
1838,13,1970,1982,13,0,0,1977.0,1977.0,0,0,0,,,False,Oncorhynchus gorbuscha,Osteichthyes,Marine,Canada,North America,Count,All Individuals,Sample,None,2.0,13.0,1.0,False,"Henderson, M.A. and A.T. Charles. 1984. Reconstruction of British Columbia pink salmon stocks ( Oncorhynchus gorbuscha\/): 1970-1982. Part I: Queen Charlotte Islands, North Coast and Central Coast. Can. MS Rep. Fish. Aquat. Sci. 1785: page 74 ",301,10238,10225,-0.0,0.0
1839,13,1970,1982,13,0,0,,1982.0,0,0,0,,,False,Oncorhynchus gorbuscha,Osteichthyes,Marine,Canada,North America,Count,All Individuals,Sample,None,2.0,13.0,1.0,False,"Henderson, M.A. and A.T. Charles. 1984. Reconstruction of British Columbia pink salmon stocks ( Oncorhynchus gorbuscha\/): 1970-1982. Part I: Queen Charlotte Islands, North Coast and Central Coast. Can. MS Rep. Fish. Aquat. Sci. 1785: page 76 ",301,10239,10225,-0.0,0.0
1840,13,1970,1982,13,0,0,,,0,0,0,,,False,Oncorhynchus gorbuscha,Osteichthyes,Marine,Canada,North America,Count,All Individuals,Sample,None,2.0,13.0,1.0,False,"Henderson, M.A. and A.T. Charles. 1984. Reconstruction of British Columbia pink salmon stocks ( Oncorhynchus gorbuscha\/): 1970-1982. Part I: Queen Charlotte Islands, North Coast and Central Coast. Can. MS Rep. Fish. Aquat. Sci. 1785: page 78 ",301,10240,10225,-0.0,0.0
1841,13,1970,1982,13,0,0,,,0,0,0,,,False,Oncorhynchus gorbuscha,Osteichthyes,Marine,Canada,North America,Count,All Individuals,Sample,None,2.0,13.0,1.0,False,"Henderson, M.A. and A.T. Charles. 1984. Reconstruction of British Columbia pink salmon stocks ( Oncorhynchus gorbuscha\/): 1970-1982. Part I: Queen Charlotte Islands, North Coast and Central Coast. Can. MS Rep. Fish. Aquat. Sci. 1785: page 80 ",301,10241,10225,-128.25,52.75
1842,13,1970,1982,13,0,0,1977.0,1977.0,0,0,0,,,False,Oncorhynchus gorbuscha,Osteichthyes,Marine,Canada,North America,Count,All Individuals,Sample,None,2.0,13.0,1.0,False,"Henderson, M.A. and A.T. Charles. 1984. Reconstruction of British Columbia pink salmon stocks ( Oncorhynchus gorbuscha\/): 1970-1982. Part I: Queen Charlotte Islands, North Coast and Central Coast. Can. MS Rep. Fish. Aquat. Sci. 1785: page 82 ",301,10242,10225,-0.0,0.0
1844,13,1970,1982,13,0,0,,,0,0,0,,,False,Oncorhynchus gorbuscha,Osteichthyes,Marine,Canada,North America,Count,All Individuals,Sample,None,2.0,13.0,1.0,False,"Henderson, M.A. and A.T. Charles. 1984. Reconstruction of British Columbia pink salmon stocks ( Oncorhynchus gorbuscha\/): 1970-1982. Part I: Queen Charlotte Islands, North Coast and Central Coast. Can. MS Rep. Fish. Aquat. Sci. 1785: page 84 ",301,10242,10225,-0.0,0.0
1845,13,1970,1982,13,0,0,,,0,0,0,,,False,Oncorhynchus gorbuscha,Osteichthyes,Marine,Canada,North America,Count,All Individuals,Sample,None,2.0,13.0,1.0,False,"Henderson, M.A. and A.T. Charles. 1984. Reconstruction of British Columbia pink salmon stocks ( Oncorhynchus gorbuscha\/): 1970-1982. Part I: Queen Charlotte Islands, North Coast and Central Coast. Can. MS Rep. Fish. Aquat. Sci. 1785: page 86 ",301,10245,10225,-0.0,0.0
1846,13,1970,1982,13,0,0,,1982.0,0,0,0,,,False,Oncorhynchus gorbuscha,Osteichthyes,Marine,Canada,North America,Count,All Individuals,Sample,None,2.0,13.0,1.0,False,"Henderson, M.A. and A.T. Charles. 1984. Reconstruction of British Columbia pink salmon stocks ( Oncorhynchus gorbuscha\/): 1970-1982. Part I: Queen Charlotte Islands, North Coast and Central Coast. Can. MS Rep. Fish. Aquat. Sci. 1785: page 88 ",301,10246,10225,-127.0,52.25
1847,13,1970,1982,13,0,0,,1982.0,0,0,0,,,False,Oncorhynchus gorbuscha,Osteichthyes,Marine,Canada,North America,Count,All Individuals,Sample,None,2.0,13.0,1.0,False,"Henderson, M.A. and A.T. Charles. 1984. Reconstruction of British Columbia pink salmon stocks ( Oncorhynchus gorbuscha\/): 1970-1982. Part I: Queen Charlotte Islands, North Coast and Central Coast. Can. MS Rep. Fish. Aquat. Sci. 1785: page 90 ",301,10247,10225,-0.0,0.0
1848,13,1970,1982,13,0,0,,,0,0,0,,,False,Oncorhynchus gorbuscha,Osteichthyes,Marine,Canada,North America,Count,All Individuals,Sample,None,2.0,13.0,1.0,False,"Henderson, M.A. and A.T. Charles. 1984. Reconstruction of British Columbia pink salmon stocks ( Oncorhynchus gorbuscha\/): 1970-1982. Part I: Queen Charlotte Islands, North Coast and Central Coast. Can. MS Rep. Fish. Aquat. Sci. 1785: page 92 ",301,10248,10225,-127.41666666666667,51.46666666666667
1849,13,1970,1982,13,0,0,,,0,0,0,,,False,Oncorhynchus gorbuscha,Osteichthyes,Marine,Canada,North America,Count,All Individuals,Sample,None,2.0,13.0,1.0,False,"Henderson, M.A. and A.T. Charles. 1984. Reconstruction of British Columbia pink salmon stocks ( Oncorhynchus gorbuscha\/): 1970-1982. Part I: Queen Charlotte Islands, North Coast and Central Coast. Can. MS Rep. Fish. Aquat. Sci. 1785: page 94 ",301,10249,10225,-0.0,0.0
1850,13,1970,1982,13,0,0,,,0,0,0,,,False,Oncorhynchus gorbuscha,Osteichthyes,Marine,Canada,North America,Count,All Individuals,Sample,None,2.0,13.0,1.0,False,"Henderson, M.A. and A.T. Charles. 1984. Reconstruction of British Columbia pink salmon stocks ( Oncorhynchus gorbuscha\/): 1970-1982. Part I: Queen Charlotte Islands, North Coast and Central Coast. Can. MS Rep. Fish. Aquat. Sci. 1785: page 28 ",301,10250,10225,-131.8,53.166666666666664
1851,13,1970,1982,13,0,0,,,0,0,0,,,False,Oncorhynchus gorbuscha,Osteichthyes,Marine,Canada,North America,Count,All Individuals,Sample,None,2.0,13.0,1.0,False,"Henderson, M.A. and A.T. Charles. 1984. Reconstruction of British Columbia pink salmon stocks ( Oncorhynchus gorbuscha\/): 1970-1982. Part I: Queen Charlotte Islands, North Coast and Central Coast. Can. MS Rep. Fish. Aquat. Sci. 1785: page 44 ",301,10251,10225,-0.0,0.0
1852,13,1970,1982,13,0,0,,,0,0,0,,,False,Oncorhynchus gorbuscha,Osteichthyes,Marine,Canada,North America,Count,All Individuals,Sample,None,2.0,13.0,1.0,False,"Henderson, M.A. and A.T. Charles. 1984. Reconstruction of British Columbia pink salmon stocks ( Oncorhynchus gorbuscha\/): 1970-1982. Part I: Queen Charlotte Islands, North Coast and Central Coast. Can. MS Rep. Fish. Aquat. Sci. 1785: page 46 ",301,10252,10225,-0.0,0.0
1853,13,1970,1982,13,0,0,,,0,0,0,,,False,Oncorhynchus gorbuscha,Osteichthyes,Marine,Canada,North America,Count,All Individuals,Sample,None,2.0,13.0,1.0,False,"Henderson, M.A. and A.T. Charles. 1984. Reconstruction of British Columbia pink salmon stocks ( Oncorhynchus gorbuscha\/): 1970-1982. Part I: Queen Charlotte Islands, North Coast and Central Coast. Can. MS Rep. Fish. Aquat. Sci. 1785: page 48 ",301,10253,10225,-0.0,0.0
1854,13,1970,1982,13,0,0,,,0,0,0,,,False,Oncorhynchus gorbuscha,Osteichthyes,Marine,Canada,North America,Count,All Individuals,Sample,None,2.0,13.0,1.0,False,"Henderson, M.A. and A.T. Charles. 1984. Reconstruction of British Columbia pink salmon stocks ( Oncorhynchus gorbuscha\/): 1970-1982. Part I: Queen Charlotte Islands, North Coast and Central Coast. Can. MS Rep. Fish. Aquat. Sci. 1785: page 50 ",301,10254,10225,-127.75,55.5
1855,13,1970,1982,13,0,0,,,0,0,0,,,False,Oncorhynchus gorbuscha,Osteichthyes,Marine,Canada,North America,Count,All Individuals,Sample,None,2.0,13.0,1.0,False,"Henderson, M.A. and A.T. Charles. 1984. Reconstruction of British Columbia pink salmon stocks ( Oncorhynchus gorbuscha\/): 1970-1982. Part I: Queen Charlotte Islands, North Coast and Central Coast. Can. MS Rep. Fish. Aquat. Sci. 1785: page 52 ",301,10255,10225,-129.41666666666666,54.333333333333336
1856,13,1970,1982,13,0,0,,,0,0,0,,,False,Oncorhynchus gorbuscha,Osteichthyes,Marine,Canada,North America,Count,All Individuals,Sample,None,2.0,13.0,1.0,False,"Henderson, M.A. and A.T. Charles. 1984. Reconstruction of British Columbia pink salmon stocks ( Oncorhynchus gorbuscha\/): 1970-1982. Part I: Queen Charlotte Islands, North Coast and Central Coast. Can. MS Rep. Fish. Aquat. Sci. 1785: page 54 ",301,10256,10225,-130.33333333333334,54.25
1857,22,1962,1986,25,3,0,,1969.0,0,0,0,,,False,Oncorhynchus gorbuscha,Osteichthyes,Marine,USA,North America,Count,All Individuals,Sample,None,2.0,25.0,1.0,False,"Yuen, H. J. 1992. History of Lower Cook Inlet pink, sockeye, and chum salmon escapement goals. Technical Fishery Report 92-01: 128 p.",301,10257,10225,-152.66666666666666,59.5
1858,17,1969,1985,17,0,0,,1985.0,0,0,0,,,False,Oncorhynchus gorbuscha,Osteichthyes,Marine,USA,North America,Count,All Individuals,Sample,None,-1.0,17.0,1.0,False,"Yuen, H. J. 1992. History of Lower Cook Inlet pink, sockeye, and chum salmon escapement goals. Technical Fishery Report 92-01: 128 p.",301,10258,10225,-154.0,59.416666666666664
1860,16,1934,1949,16,0,0,,,0,0,0,,,False,Oncorhynchus gorbuscha,Osteichthyes,Marine,Canada,North America,Count,All Individuals,Sample,None,2.0,16.0,1.0,False,"Neave, F. 1953. Principles Affecting the Size of Pink and Chum Salmon Populations in British Columbia. J. Fish. Res. Bd. Can. 9(9).",301,10260,10225,-128.0,52.0
1861,13,1974,1986,13,0,0,,1986.0,0,0,0,,,False,Oncorhynchus gorbuscha,Osteichthyes,Marine,Russian Federation,Asia,Count,All Individuals,Sample,None,1.0,13.0,1.0,False,"Gritsenko, O.F., A.F. Grishin, A.V. Zakharov, and G.N. Shelepakha 1989. Reproduction of Pink Salmon, Oncorhynchus gorbuscha, on Sakhalin Island. J. Ichthyology 29:96-105, Table 4 ",301,10261,10225,144.0,53.0
1862,8,1980,1987,8,0,0,,,0,0,0,,,False,Oncorhynchus gorbuscha,Osteichthyes,Marine,USA,North America,Count,All Individuals,Sample,None,2.0,8.0,1.0,False,"Yuen, H. J. 1992. History of Lower Cook Inlet pink, sockeye, and chum salmon escapement goals. Technical Fishery Report 92-01: 128 p.",301,10262,10225,-152.0,60.0
1864,14,1947,1960,14,0,0,,,0,0,0,,,False,Oncorhynchus gorbuscha,Osteichthyes,Marine,Canada,North America,Count,Eggs,Sample,None,1.0,14.0,1.0,False,"Parker, R. R. 1962. A Concept of the Dynamics of Pink Salmon Populations.  In N. J. Wilimovsky [ed.] Symposium on Pink Salmon. ",301,10066,10225,-127.83333333333333,52.11666666666667
1865,27,1960,1986,27,0,0,,,0,0,0,,,False,Oncorhynchus gorbuscha,Osteichthyes,Marine,USA,North America,Count,All Individuals,Sample,None,-1.0,27.0,1.0,False,"Yuen, H. J. 1992. History of Lower Cook Inlet pink, sockeye, and chum salmon escapement goals. Technical Fishery Report 92-01: 128 p.",301,10265,10225,-151.25,59.583333333333336
1866,26,1960,1986,27,1,0,1971.0,1971.0,0,0,0,,,False,Oncorhynchus gorbuscha,Osteichthyes,Marine,USA,North America,Count,All Individuals,Sample,None,2.0,27.0,1.0,False,"Yuen, H. J. 1992. History of Lower Cook Inlet pink, sockeye, and chum salmon escapement goals. Technical Fishery Report 92-01: 128 p.",301,10266,10225,-151.08333333333334,59.25
1867,8,1980,1987,8,0,0,,1987.0,0,0,0,,,False,Oncorhynchus gorbuscha,Osteichthyes,Marine,USA,North America,Count,All Individuals,Sample,None,-1.0,8.0,1.0,False,"Yuen, H. J. 1992. History of Lower Cook Inlet pink, sockeye, and chum salmon escapement goals. Technical Fishery Report 92-01: 128 p.",301,10267,10225,-152.0,60.0
1868,20,1952,1971,20,0,0,,,0,0,0,,,False,Oncorhynchus gorbuscha,Osteichthyes,Marine,USA,North America,Count,All Individuals,Sample,None,2.0,20.0,1.0,False,"International North Pacific Fisheries Commission. 1974. Information on recent changes in the salmon fisheries of Alaska and the condition of the stocks. INPFC Bull. 29: 37 p.; International North Pacific Fisheries Commission. 1974. Comments on INPFC Document 1350 (Japan, 1970). INPFC Bull. 29: 170 p.",301,10268,10225,-153.33333333333334,57.333333333333336
1869,44,1952,1995,44,0,0,1972.0,1972.0,0,0,0,,,False,Oncorhynchus gorbuscha,Osteichthyes,Marine,USA,North America,Count,All Individuals,Sample,None,2.0,44.0,1.0,False,"Donnelly, R.F. 1983. Factors Affecting the Abundance of Kodiak Archipelago Pink Salmon ( Oncorhynchus gorbuscha, Walbaum). Ph.D. thesis. University of Washington, Seattle, WA. 157 p. Table 2.1,  updated with info from D.E. Rogers, Fisheries Research inst, Univ of Washington , compiled from Alaska Fish and Game Reports",301,10269,10225,-153.33333333333334,57.333333333333336
1870,31,1952,1982,31,0,0,1972.0,1972.0,0,0,0,,,False,Oncorhynchus gorbuscha,Osteichthyes,Marine,USA,North America,Count,All Individuals,Sample,None,2.0,31.0,1.0,False,"Donnelly, R.F. 1983. Factors Affecting the Abundance of Kodiak Archipelago Pink Salmon ( Oncorhynchus gorbuscha, Walbaum). Ph.D. thesis. University of Washington, Seattle, WA. 157 p. Table 2.1",301,10269,10225,-153.33333333333334,57.333333333333336
1871,10,1959,1968,10,0,0,,,0,0,0,,,False,Oncorhynchus gorbuscha,Osteichthyes,Marine,Russian Federation,Asia,Count,All Individuals,Sample,None,2.0,10.0,1.0,False,"Kanid'yev, A.N., G.M. Kostyunin, S.A. Salmin 1970. Hatchery Propagation of the Pink and Chum Salmons as a Means of Increasing the Salmon Stocks of Sakhalin. J. Ichthyology 10:249-259, Table 2",301,10271,10225,142.76666666666668,48.56666666666667
1872,9,1959,1967,9,0,0,,,0,0,0,,,False,Oncorhynchus gorbuscha,Osteichthyes,Marine,Canada,North America,Count,All Individuals,Sample,None,2.0,9.0,1.0,False,"Walker, C.E. 1970. Report of the 1970 Northeast Pacific Pink Salmon Workshop. Can. Dept. of Fish. and For. 1970 Pink Salmon Workshop.  ",301,10272,10225,-128.78333333333333,54.43333333333333
1873,8,1959,1967,9,1,0,,,0,0,0,,,False,Oncorhynchus gorbuscha,Osteichthyes,Marine,Canada,North America,Count,Fry,Sample,None,2.0,9.0,1.0,False,"Walker, C.E. 1970. Report of the 1970 Northeast Pacific Pink Salmon Workshop. Can. Dept. of Fish. and For. 1970 Pink Salmon Workshop.  ",301,10272,10225,-128.78333333333333,54.43333333333333
1874,9,1959,1967,9,0,0,,,0,0,0,,,False,Oncorhynchus gorbuscha,Osteichthyes,Marine,Canada,North America,Count,All Individuals,Sample,None,2.0,9.0,1.0,False,"Walker, C.E. 1970. Report of the 1970 Northeast Pacific Pink Salmon Workshop. Can. Dept. of Fish. and For. 1970 Pink Salmon Workshop.  ",301,10272,10225,-128.78333333333333,54.43333333333333
1875,21,1962,1982,21,0,0,1978.0,1978.0,0,0,0,,,False,Oncorhynchus gorbuscha,Osteichthyes,Marine,Russian Federation,Asia,Count,All Individuals,Sample,None,2.0,21.0,1.0,False,"Gritsenko, O.F., A.F. Grishin, A.V. Zakharov, and G.N. Shelepakha 1989. Reproduction of Pink Salmon, Oncorhynchus gorbuscha, on Sakhalin Island. J. Ichthyology 29:96-105, Table 1 ",301,10275,10225,143.5,46.5
1876,19,1961,1980,20,1,0,,,0,0,0,,,False,Oncorhynchus gorbuscha,Osteichthyes,Marine,Russian Federation,Asia,Count,Fry,Sample,None,2.0,20.0,1.0,False,"Gritsenko, O.F., A.F. Grishin, A.V. Zakharov, and G.N. Shelepakha 1989. Reproduction of Pink Salmon, Oncorhynchus gorbuscha, on Sakhalin Island. J. Ichthyology 29:96-105, Table 1 ",301,10275,10225,143.5,46.5
1877,19,1962,1980,19,0,0,1978.0,1978.0,0,0,0,,,False,Oncorhynchus gorbuscha,Osteichthyes,Marine,Russian Federation,Asia,Count,All Individuals,Sample,None,1.0,19.0,1.0,False,"Gritsenko, O.F., A.F. Grishin, A.V. Zakharov, and G.N. Shelepakha 1989. Reproduction of Pink Salmon, Oncorhynchus gorbuscha, on Sakhalin Island. J. Ichthyology 29:96-105, Table 1 ",301,10275,10225,143.5,46.5
1878,36,1960,1995,36,0,0,,,2,0,2,1989.0,1990.0,False,Oncorhynchus gorbuscha,Osteichthyes,Marine,USA,North America,Count,All Individuals,Sample,None,1.0,36.0,1.0,False,"D.E. Rogers, fisheries Research inst., Univ of Washington, compiled from Alaska Fish and Game Reports",301,10278,10225,-135.0,58.25
1879,16,1970,1986,17,1,0,,,0,0,0,,,False,Oncorhynchus gorbuscha,Osteichthyes,Marine,USA,North America,Count,All Individuals,Sample,None,2.0,17.0,1.0,False,"Yuen, H. J. 1992. History of Lower Cook Inlet pink, sockeye, and chum salmon escapement goals. Technical Fishery Report 92-01: 128 p.",301,10279,10225,-151.66666666666666,58.333333333333336
1880,27,1960,1986,27,0,0,,,0,0,0,,,False,Oncorhynchus gorbuscha,Osteichthyes,Marine,USA,North America,Count,All Individuals,Sample,None,2.0,27.0,1.0,False,"Yuen, H. J. 1992. History of Lower Cook Inlet pink, sockeye, and chum salmon escapement goals. Technical Fishery Report 92-01: 128 p.",301,10280,10225,-151.03333333333333,59.25
1881,27,1960,1986,27,0,0,,,0,0,0,,,False,Oncorhynchus gorbuscha,Osteichthyes,Marine,USA,North America,Count,All Individuals,Sample,None,2.0,27.0,1.0,False,"Yuen, H. J. 1992. History of Lower Cook Inlet pink, sockeye, and chum salmon escapement goals. Technical Fishery Report 92-01: 128 p.",301,10281,10225,-152.83333333333334,59.25
1882,25,1961,1985,25,0,0,1970.0,1970.0,0,0,0,,,False,Oncorhynchus gorbuscha,Osteichthyes,Marine,Russian Federation,Asia,Count,All Individuals,Sample,None,1.0,25.0,1.0,False,"Gritsenko, O.F., A.F. Grishin, A.V. Zakharov, and G.N. Shelepakha 1989. Reproduction of Pink Salmon, Oncorhynchus gorbuscha, on Sakhalin Island. J. Ichthyology 29:96-105, Table 2 ",301,10282,10225,142.0,46.333333333333336
1883,24,1959,1983,25,1,0,1972.0,1972.0,0,0,0,,,False,Oncorhynchus gorbuscha,Osteichthyes,Marine,Russian Federation,Asia,Count,Fry,Sample,None,-1.0,25.0,1.0,False,"Gritsenko, O.F., A.F. Grishin, A.V. Zakharov, and G.N. Shelepakha 1989. Reproduction of Pink Salmon, Oncorhynchus gorbuscha, on Sakhalin Island. J. Ichthyology 29:96-105, Table 2 ",301,10282,10225,142.0,46.333333333333336
1884,23,1961,1983,23,0,0,1970.0,1970.0,0,0,0,,,False,Oncorhynchus gorbuscha,Osteichthyes,Marine,Russian Federation,Asia,Count,All Individuals,Sample,None,1.0,23.0,1.0,False,"Gritsenko, O.F., A.F. Grishin, A.V. Zakharov, and G.N. Shelepakha 1989. Reproduction of Pink Salmon, Oncorhynchus gorbuscha, on Sakhalin Island. J. Ichthyology 29:96-105, Table 2 ",301,10282,10225,142.0,46.333333333333336
1885,21,1963,1983,21,0,0,,,0,0,0,,,False,Oncorhynchus gorbuscha,Osteichthyes,Marine,Russian Federation,Asia,Count,All Individuals,Sample,None,-1.0,21.0,1.0,False,"Gritsenko, O.F., A.F. Grishin, A.V. Zakharov, and G.N. Shelepakha 1989. Reproduction of Pink Salmon, Oncorhynchus gorbuscha, on Sakhalin Island. J. Ichthyology 29:96-105, Table 5",301,10285,10225,143.13333333333333,49.21666666666667
1886,20,1967,1986,20,0,0,,,0,0,0,,,False,Oncorhynchus gorbuscha,Osteichthyes,Marine,USA,North America,Count,All Individuals,Sample,None,-1.0,20.0,1.0,False,"Yuen, H. J. 1992. History of Lower Cook Inlet pink, sockeye, and chum salmon escapement goals. Technical Fishery Report 92-01: 128 p.",301,10286,10225,-151.45,59.21666666666667
1887,27,1960,1986,27,0,0,,,0,0,0,,,False,Oncorhynchus gorbuscha,Osteichthyes,Marine,USA,North America,Count,All Individuals,Sample,None,-1.0,27.0,1.0,False,"Yuen, H. J. 1992. History of Lower Cook Inlet pink, sockeye, and chum salmon escapement goals. Technical Fishery Report 92-01: 128 p.",301,10287,10225,-152.75,59.483333333333334
1888,36,1960,1995,36,0,0,,,2,0,2,1989.0,1990.0,False,Oncorhynchus gorbuscha,Osteichthyes,Marine,USA,North America,Count,All Individuals,Sample,None,-1.0,36.0,1.0,False,"D.E. Rogers, Fisheries Research inst. , Univ. of Washington, compiled from Alaska Fish and Game Reports",301,10288,10225,-133.0,56.0
1889,18,1969,1986,18,0,0,,,0,0,0,,,False,Oncorhynchus gorbuscha,Osteichthyes,Marine,USA,North America,Count,All Individuals,Sample,None,-1.0,18.0,1.0,False,"Yuen, H. J. 1992. History of Lower Cook Inlet pink, sockeye, and chum salmon escapement goals. Technical Fishery Report 92-01: 128 p.",301,10289,10225,-153.91666666666666,59.46666666666667
1890,12,1974,1985,12,0,0,,1985.0,0,0,0,,,False,Oncorhynchus gorbuscha,Osteichthyes,Marine,Russian Federation,Asia,Count,All Individuals,Sample,None,-1.0,12.0,1.0,False,"Gorshkov, S.A., G.V. Gorshkova, and M.V. Dobrynina 1989. Comparative Assessment of the Main Ractors Limiting the Population Strength of Pink Salmon. J. Ichthyology 29:80-90, Table 3",301,10290,10225,156.06666666666666,53.166666666666664
1891,10,1974,1983,10,0,0,,1983.0,0,0,0,,,False,Oncorhynchus gorbuscha,Osteichthyes,Marine,Russian Federation,Asia,Count,Fry,Sample,None,-1.0,10.0,1.0,False,"Gorshkov, S.A., G.V. Gorshkova, and M.V. Dobrynina 1989. Comparative Assessment of the Main Ractors Limiting the Population Strength of Pink Salmon. J. Ichthyology 29:80-90, Table 3 ",301,10290,10225,156.06666666666666,53.166666666666664
1892,10,1974,1983,10,0,0,,,0,0,0,,,False,Oncorhynchus gorbuscha,Osteichthyes,Marine,Russian Federation,Asia,Count,All Individuals,Sample,None,-1.0,10.0,1.0,False,"Gorshkov, S.A., G.V. Gorshkova, and M.V. Dobrynina 1989. Comparative Assessment of the Main Ractors Limiting the Population Strength of Pink Salmon. J. Ichthyology 29:80-90, Table 3 ",301,10290,10225,156.06666666666666,53.166666666666664
1893,27,1960,1986,27,0,0,,1986.0,0,0,0,,,False,Oncorhynchus gorbuscha,Osteichthyes,Marine,USA,North America,Count,All Individuals,Sample,None,-1.0,27.0,1.0,False,"Yuen, H. J. 1992. History of Lower Cook Inlet pink, sockeye, and chum salmon escapement goals. Technical Fishery Report 92-01: 128 p.",301,10293,10225,-151.38333333333333,58.96666666666667
1894,27,1960,1986,27,0,0,,,0,0,0,,,False,Oncorhynchus gorbuscha,Osteichthyes,Marine,USA,North America,Count,All Individuals,Sample,None,-1.0,27.0,1.0,False,"Yuen, H. J. 1992. History of Lower Cook Inlet pink, sockeye, and chum salmon escapement goals. Technical Fishery Report 92-01: 128 p.",301,10294,10225,-151.33333333333334,59.0
1895,12,1980,1991,12,0,0,,,0,0,0,,,False,Pleuronectes platessa,Osteichthyes,Marine,Multiple or International jurisdiction,Not applicable,Harvest,Tonnes,Harvest,None,-1.0,12.0,1.0,False,Anon. 1993. Working Group on the Assessment of Demersal Stocks in the North Sea and Skagerrak. ICES Doc. C.M. 1993/Assess: 5.,301,10103,111,-0.0,50.5
1896,16,1976,1991,16,0,0,,,0,0,0,,,False,Pleuronectes platessa,Osteichthyes,Marine,Multiple or International jurisdiction,Not applicable,Harvest,Tonnes,Harvest,None,-1.0,16.0,1.0,False,Anon. 1993. Report of the Working Group on the Assessment of Southern Shelf Demersal Stocks. ICES Doc. C.M. 1993/Assess: 3.,301,10296,111,-3.0,49.5
1897,15,1977,1991,15,0,0,,,0,0,0,,,False,Pleuronectes platessa,Osteichthyes,Marine,Multiple or International jurisdiction,Europe,Harvest,Tonnes,Harvest,None,-1.0,15.0,1.0,False,Anon. 1993. Report of the Working Group on the Assessment of Southern Shelf Demersal Stocks. ICES Doc. C.M. 1993/Assess: 3.,301,10435,111,-5.0,51.0
1898,14,1978,1991,14,0,0,,,0,0,0,,,False,Pleuronectes platessa,Osteichthyes,Marine,Multiple or International jurisdiction,Not applicable,Harvest,Tonnes,Harvest,None,-1.0,14.0,1.0,False,Anon. 1993. Working Group on the Assessment of Demersial Stocks in the North Sea and Skagerrak. ICES Doc. C.M.1993/Assess: 5.,301,10298,111,10.0,58.0
1899,29,1964,1992,29,0,0,,,0,0,0,,,False,Pleuronectes platessa,Osteichthyes,Marine,Multiple or International jurisdiction,Europe,Harvest,Tonnes,Harvest,None,-1.0,29.0,1.0,False,Anon. 1993. Report of the Working Group on the Assessment of Northern Shelf Demersal stocks. ICES Doc. C.M. 1993/Assess: 20.,301,10096,111,-5.0,54.0
1900,23,1968,1990,23,0,0,1988.0,1988.0,0,0,0,,,False,Pleuronectes platessa,Osteichthyes,Marine,Multiple or International jurisdiction,Europe,Harvest,Tonnes,Harvest,None,-1.0,23.0,1.0,False,Anon. 1987. Report of the Division IIIa Demersal Stocks Working Groups. ICES Doc. C.M. 1987/Assess: 16.; Anon. 1990. Report of the Division IIIa Demersal Stocks Working Groups. ICES Doc. C.M. 1990/Assess: 20.; Anon. 1991. Report of the Division IIIa Demersal Stocks Working Groups. ICES C.M. Doc. 1991/Assess :9.; Anon. 1992. Report of the Division IIIa Demersal Stocks Working Groups. ICES C.M. Doc. 1992/Assess :9.,301,10097,111,12.0,57.0
1901,35,1957,1991,35,0,0,,,1,0,1,1986.0,1986.0,False,Pleuronectes platessa,Osteichthyes,Marine,Multiple or International jurisdiction,Europe,Harvest,Tonnes,Harvest,None,-1.0,35.0,1.0,False,Anon. 1988. Report of the North Sea Flatfish Working Group. ICES Doc. C.M. 1988/Assess: 9.; Anon. 1991. Report of the North Sea Flatfish Working Group. ICES C.M. 1991/Assess: 5.; Anon. 1992. Report of the North Sea Flatfish Working Group. ICES C.M. 1992/Assess: 6.; Anon. 1993. Working Group on the Assessment of Demersal Stocks in the North Sea and Skagerrak. ICES Doc. C.M. 1993/Assess: 5.,301,10100,111,4.0,55.0
1902,13,1978,1990,13,0,0,,,0,0,0,,,False,Pleuronectes platessa,Osteichthyes,Marine,Norway,Europe,Harvest,Tonnes,Harvest,None,-1.0,13.0,1.0,False,Anon. 1990. Report of the Division IIIa Demersal Stocks Working Group. ICES Doc. C.M. 1990/Assess: 10.; Anon. 1991. Report of the Division IIIa Demersal Stocks Working Group. ICES Doc. C.M. 1991/Assess: 9.,301,6,111,10.0,58.0
1903,14,1974,1987,14,0,0,,,0,0,0,,,False,Pollachius virens,Osteichthyes,Marine,Multiple or International jurisdiction,Not applicable,Harvest,Tonnes,Harvest,None,-1.0,14.0,1.0,False,"Annand, M. C., D. Beanlands, and J. McMillian. 1988. Assessment of divisions 4VWX and Subarea 5 pollock ( Pollachius virens). CAFSAC Res. Doc. 88/71: 65 p.  Maguire, J.J. & P.M. Mace. 1993 in Risk Evaluation... Can. Spec. Pupl. Fish. Aquat. Sci. 120 page 325 (for F01, FMED, & FMAX).",301,10303,10303,-62.0,43.0
1904,33,1960,1992,33,0,0,,,0,0,0,,,False,Pollachius virens,Osteichthyes,Marine,Denmark,Europe,Harvest,Tonnes,Harvest,None,-1.0,33.0,1.0,False,Anon. 1978. Report of Working Group on Fish Stocks at Faroes. ICES Doc. C.M. 1978/G: 2.; Anon. 1987. Report of the North-Western Working Group. ICES Doc. C.M. 1987/Assess: 2.; Anon. 1990. ICES Doc. C.M. 1990/Assess: 20.; Anon. 1991. ICES Doc. C.M. 1991/Assess: 21.; Anon. 1993. Report of the North-Western Working Group. ICES Doc. C.M. 1993/Assess: 18.,301,10304,10303,-8.0,62.0
1905,30,1961,1990,30,0,0,,,0,0,0,,,False,Pollachius virens,Osteichthyes,Marine,Iceland,Europe,Harvest,Tonnes,Harvest,None,-1.0,30.0,1.0,False,"Marine Research Institute, Iceland. Mon Jun 20/1988.; Anon. 1990. Report of the  North-Western Working Group. ICES C.M. 1990/Assess: 20.; Anon. 1991. ICES C.M. 1991/Assess: 21.; State of marine stocks and environmental conditions in Icelandic waters 1989 Fishing prospects 1990, August 1990. Hafrannsoknastofnun Fjolrit NR. 19.",301,10057,10303,-18.0,65.0
1906,34,1960,1993,34,0,0,1981.0,1981.0,0,0,0,,,False,Pollachius virens,Osteichthyes,Marine,Multiple or International jurisdiction,Not applicable,Harvest,Tonnes,Harvest,None,-1.0,34.0,1.0,False,"Anon. 1995. Report of the Arctic Fisheries Working Group. ICES Doc. C.M. 1995/Assess:3. Anon. 1993. Report of the Arctic Fisheries Working Group. ICES Doc. C.M. 1993/Assess: 1, Ref.: G.",301,10098,10303,15.0,68.0
1907,32,1960,1991,32,0,0,1990.0,1990.0,1,1,0,1989.0,1989.0,True,Pollachius virens,Osteichthyes,Marine,Multiple or International jurisdiction,Europe,Harvest,Tonnes,Harvest,None,-1.0,32.0,1.0,False,Anon. 1988. Report of the North Sea Roundfish Working Group. ICES Doc. C.M. 1988/Assess: 21.; Anon. 1990. Report of the Roundfish Working Group. ICES Doc. C.M. 1990/Assess: 7.; Anon. 1991. Report of the Roundfish Working Group. ICES Doc. C.M. 1991/Assess: 4.; Anon. 1992. Report of the Roundfish Working Group. ICES Doc. C.M. 1992/Assess: 4.; Anon. 1993. Working Group on the Assessment of Demersal Stocks in the North Sea and Skagerrak. ICES Doc. C.M. 1993/Assess: 5.,301,10100,10303,4.0,55.0
1908,20,1970,1989,20,0,0,,,0,0,0,,,False,Pollachius virens,Osteichthyes,Marine,Multiple or International jurisdiction,Not applicable,Harvest,Tonnes,Harvest,None,-1.0,20.0,1.0,False,Anon. 1991. Report of the North Sea Roundfish Working Group. ICES Doc. C.M. 1988/Assess: 21.; Anon. 1991. Report or the Roundfish Working Group. ICES Doc. C.M. 1991/Assess: 4.,301,10308,10303,-12.0,54.0
1909,17,1972,1988,17,0,0,1982.0,1982.0,0,0,0,,,False,Stizostedion lucioperca,Osteichthyes,Marine,Netherlands,Europe,Harvest,Kg,Harvest,per hectare,-1.0,17.0,1.0,False,"Buijse, A. D., W. L. T. van Densen, and L. A. Schaap. 1992. Year-class strength of eurasian perch ( Perca fluviatilis) and pikeperch ( Stizostedion lucioperca) in relation to stock size, water temperature and wind in Lake Ijssel, the Netherlands, 1966-1989.  In A. D. Buijse. 1992. Dynamics and exploitation of unstable percid populations. Wageningen : Landbouwununiversiteit.",301,10108,10309,5.25,52.5
1911,20,1939,1958,20,0,0,1955.0,1955.0,0,0,0,,,False,Eopsetta jordani,Osteichthyes,Marine,Canada,North America,Harvest,Pounds,per hour,None,-1.0,20.0,1.0,False,"Ketchen, K. S., and C. R. Forrester. 1966. Populationdynamics of the petrale sole,  Eopsetta jordani, in watersoff western Canada. Fish. Res. Board of Can. Bulletin 153.",301,10311,10311,-127.0,50.0
1917,10,1980,1989,10,0,0,,,0,0,0,,,False,Sebastes marinus,Osteichthyes,Marine,Multiple or International jurisdiction,Not applicable,Harvest,Tonnes,Harvest,None,-1.0,10.0,1.0,False,Anon. 1990. Report of the North-Western Working Group. ICES Doc. C.M. 1990/Assess: 20. ,301,10115,10317,-27.0,65.0
1918,22,1969,1990,22,0,0,,,0,0,0,,,False,Sebastes marinus,Osteichthyes,Marine,Iceland,Europe,Harvest,Tonnes,Harvest,None,-1.0,22.0,1.0,False,"Marine Research Institute, Iceland, Mon Jun 20/1988 and August 1990. Hafrannsoknastofnun Fjolrit NR. 19.; Hafrannsoknastofnun Fjolrit NR. 21.",301,10057,10317,-18.0,65.0
1920,13,1965,1977,13,0,0,,,0,0,0,,,False,Urophycis chuss,Osteichthyes,Marine,Multiple or International jurisdiction,Not applicable,Harvest,Tonnes,Harvest,None,-1.0,13.0,1.0,False,"Almeida, F. P., and E. D. Anderson. 1981. NEFC Woods Hole Ref. Doc. No. 81-37.",301,10320,10320,-67.83333333333333,41.416666666666664
1921,15,1963,1977,15,0,0,,,0,0,0,,,False,Urophycis chuss,Osteichthyes,Marine,USA,North America,Harvest,Tonnes,Harvest,None,-1.0,15.0,1.0,False,"Almeida, F. P. and E. D. Anderson. 1981. NEFC Woods Hole Ref. Doc. No. 81-37.",301,10321,10320,-72.0,40.0
1922,28,1968,1995,28,0,0,1982.0,1982.0,0,0,0,,,False,Paralithodes camtschatica,Crustacea,Marine,USA,North America,Harvest,Tonnes,Harvest,None,-1.0,28.0,1.0,False,"Zheng J, M.C. Murphy and G.H. Kruse. 1995.  A length-based population-model and stock-recruitment  relationships for red king crab,  Paralithodes camtschaticus, in Bristol Bay, Alaska Can. J. Fish. Aquat. Sci. 52: 1229-1246 .",301,10322,10322,-159.0,58.0
1923,12,1964,1978,15,3,0,,,0,0,0,,,False,Rutilus rutilus,Osteichthyes,Marine,Czech Republic,Europe,Count,Eggs,Sample,None,-1.0,15.0,1.0,False,"Pivniucka, K. 1984. Fecundity and year class strength of roach from the Kliucava Reservoir (Pisces). Vuest.ucs. Spoleuc. zool. 48: 39-44.",301,10323,10323,-0.0,0.0
1926,14,1972,1985,14,0,0,,,0,0,0,,,False,Pagrus pagrus,Osteichthyes,Marine,USA,North America,Harvest,Tonnes,Harvest,None,-1.0,14.0,1.0,False,"Vaughan, D.S., G.R. Huntsman, C.S. Manooch, III, F.C. Rohde, and G.F. Ulrich. 1992.  Bulletin of Marine Science, Vol. 50:1-20.",301,10326,10326,-75.0,35.0
1927,24,1946,1969,24,0,0,,,0,0,0,,,False,Lepidopsetta bilineata,Osteichthyes,Marine,Canada,North America,Unknown,Unknown,Unknown,Unknown,-1.0,24.0,1.0,False,Can. Spec. Publ. Fish. Aquat. Sci. 108.,301,10111,10327,-131.0,53.0
1928,18,1964,1981,18,0,0,,,0,0,0,,,False,Engraulis capensis,Osteichthyes,Marine,South Africa,Africa,Harvest,Tonnes,Harvest,None,-1.0,18.0,1.0,False,Davies et al. 1981. Int. Commn. SE. Atl. Fish. Coll. Scient. Pap. 8: 51-79 p.,301,10328,10328,20.0,-35.0
1929,11,1984,1994,11,0,0,,,0,0,0,,,False,Engraulis capensis,Osteichthyes,Marine,South Africa,Africa,Harvest,Tonnes,Harvest,None,-1.0,11.0,1.0,False,"Hampton, I. 1996. ICES Journal of Marine Science 53: 494-500.",301,10328,10328,20.0,-35.0
1931,20,1964,1983,20,0,0,,,0,0,0,,,False,Merluccius capensis,Osteichthyes,Marine,South Africa,Africa,Harvest,Tonnes,Harvest,None,-1.0,20.0,1.0,False,"Leslie, R. W. 1985. Int. Commn. SE. Atl. Fish. Coll. Scient. Pap. 12: 107-118 p.",301,10075,10331,17.25,-32.75
1932,12,1978,1989,12,0,0,,,0,0,0,,,False,Merluccius capensis,Osteichthyes,Marine,South Africa,Africa,Harvest,Tonnes,Harvest,None,-1.0,12.0,1.0,False,Pers. Comm. with Pamela Mace,301,10332,10331,23.0,-35.0
1934,18,1966,1983,18,0,0,,,0,0,0,,,False,Trachurus capensis,Osteichthyes,Marine,South Africa,Africa,Harvest,Tonnes,Harvest,None,-1.0,18.0,1.0,False,"Bergh, M. O., D. S. Butterworth, and P. A. Andrew. 1986. Int. Commn. SE. Atl. Fish. Coll. Scient. Pap. 13: 77-90 p.",301,10334,10334,17.5,-34.5
1936,31,1950,1980,31,0,0,1967.0,1967.0,0,0,0,,,False,Sardinops sagax,Osteichthyes,Marine,South Africa,Africa,Harvest,Tonnes,Harvest,None,-1.0,31.0,1.0,False,"Davies et al., 1981,  Int. Commn. SE. Atl. Fish., Coll. Scient. Pap. 8:51-74, & Shelton, 1982, Int. Commn. SE. Atl. Fish., Coll. Scient. Pap. 9:327-336",301,10328,10336,20.0,-35.0
1937,8,1983,1990,8,0,0,,,0,0,0,,,False,Sardinops sagax,Osteichthyes,Marine,South Africa,Africa,Harvest,Tonnes,Harvest,None,-1.0,8.0,1.0,False,Pamela Mace,301,10328,10336,20.0,-35.0
1938,16,1977,1992,16,0,0,,,0,0,0,,,False,Sardinella brasiliensis,Osteichthyes,Marine,Brazil,South America,Harvest,Tonnes,Harvest,None,-1.0,16.0,1.0,False,"Cergole, M.C. 1995.  Stock assessment of the Brazilian sardine,  Sardinalla brasiliensis, of the southeastern Coast of Brazil.  Sci. Mar. 59(3-4):597-610  ",301,10338,10338,-47.0,-25.0
1941,15,1976,1990,15,0,0,,,0,0,0,,,False,Sardinops sagax,Osteichthyes,Marine,Japan,Asia,Count,All Individuals,Sample,None,-1.0,15.0,1.0,False,"Tokio Wada, 1988. Population Dynamics on Japanese Sardine, SARDINOPS MELANOSTICTUS Caught by the Domestic Purse  Seine Fishery in the Waters off the Coast of Southeastern  Hokkaido.  Bulletin of the Hokkaido Reg. Fish. Res. Lab. 52.",301,10341,10336,140.0,35.0
1942,16,1974,1989,16,0,0,,,0,0,0,,,False,Sardinops sagax,Osteichthyes,Marine,Chile,South America,Harvest,Tonnes,Harvest,None,-1.0,16.0,1.0,False," Zuleta, A. & Serra, J. 1982. The Management of Chilean Pelagic Fisheries with Emphasis on the Spanish Sardine (Sardinops sagax musica)., & Barria, P.M. & Serra, R.B. (1990) ",301,10133,10336,-70.5,-21.0
1944,15,1976,1990,15,0,0,,,0,0,0,,,False,Sardina pilchardus,Osteichthyes,Marine,Multiple or International jurisdiction,Not applicable,Harvest,Tonnes,Harvest,None,-1.0,15.0,1.0,False,Anon. 1989. Report of the Working Group on the Assessment of Pelagic Stocks in Divisions VIIIc & IXa and Horse Mackerel. ICES Doc. C.M. 1989/Assess: 19. ,301,10344,10344,-10.0,43.0
1949,17,1954,1970,17,0,0,1961.0,1961.0,0,0,0,,,False,Chrysophrys major,Osteichthyes,Marine,China,Asia,Count,All Individuals,Sample,None,-1.0,17.0,1.0,False,"Saishu, K. 1974. The Reproduction Curve of the sea Bream,  Chrysophrys major, in the Yellow Sea.  Bulletin of the Seikai Regional Fisheries Research Laboratory 44:27-33",301,10183,10349,124.0,35.0
1950,32,1960,1991,32,0,0,1988.0,1988.0,0,0,0,,,False,Thunnus maccoyii,Osteichthyes,Marine,Multiple or International jurisdiction,Not applicable,Harvest,Tonnes,Harvest,None,-1.0,32.0,1.0,False,"Polacheck, T., and K. Sainsbury. 1993.  Age Structure Assessments with Multiple and Conflicting Information: A case study based on Southern Bluefin Tuna, Working Paper Prepared for the Australian Society for Fish Biology Workshop on ""Population Dynamics for Fisheries Management"".",301,10350,10350,100.0,-15.0
1952,10,1977,1986,10,0,0,,,0,0,0,,,False,Placopecten magellanicus,Gastropoda,Marine,Canada,North America,Count,Eggs,Sample,None,-1.0,10.0,1.0,False,"McGarvey, R., F. M. Serchuk, and I.A. McLaren. 1993. Spatial and parent-age analysis of stock-recruitment in the Georges Bank sea scallop( Placopecten magellanicus) population. Can. J. Fish. Aquat. Sci. 50: 564-574.",301,10158,10351,-67.5,41.5
1954,22,1968,1989,22,0,0,,,0,0,0,,,False,Squalus acanthias,Chondrichthyes,Marine,Multiple or International jurisdiction,Not applicable,Harvest,Kg,per tow,None,-1.0,22.0,1.0,False,"Silva, H. M. 1993. The causes of variability in the stock-recruitment relationship of spiny dogfish,  Squalus acanthias, in the NW Atlantic. ICES Doc. C.M. 1993/G: 52.",301,10114,10354,-55.0,65.0
1955,15,1976,1990,15,0,0,,,0,0,0,,,False,Ammodytes marinus,Osteichthyes,Marine,Multiple or International jurisdiction,Not applicable,Harvest,Tonnes,Harvest,None,-1.0,15.0,1.0,False,Anon. 1990. Report of Industrial Fisheries Working Group. ICES Doc. C.M. 1990/Assess: 13.; Anon. 1991. Report of Industrial Fisheries Working Group. ICES Doc. C.M. 1991/Assess: 14.,301,10355,10355,4.0,58.0
1956,17,1974,1990,17,0,0,,,0,0,0,,,False,Ammodytes marinus,Osteichthyes,Marine,UK - Scotland,Europe,Harvest,Tonnes,Harvest,None,-1.0,17.0,1.0,False,Anon. 1990. Report of Industrial Fisheries Working Group. ICES Doc. C.M. 1990/Assess: 13.; Anon. 1991. Report of Industrial Fisheries Working Group. ICES Doc. C.M. 1991/Assess: 14.,301,173,10355,-1.25,60.25
1957,15,1976,1990,15,0,0,,,0,0,0,,,False,Ammodytes marinus,Osteichthyes,Marine,Multiple or International jurisdiction,Not applicable,Harvest,Tonnes,Harvest,None,-1.0,15.0,1.0,False,Anon. 1990. Report of Industrial Fisheries Working Group. ICES Doc. C.M. 1990/Assess: 13.; Anon. 1991. Report of Industrial Fisheries Working Group. ICES Doc. C.M. 1991/Assess: 14.,301,10357,10355,3.5,52.5
1958,11,1980,1990,11,0,0,,,0,0,0,,,False,Ammodytes marinus,Osteichthyes,Marine,Multiple or International jurisdiction,Not applicable,Harvest,Tonnes,Harvest,None,-1.0,11.0,1.0,False,Anon. 1990. Report of Industrial Fisheries Working Group. ICES Doc. C.M. 1990/Assess: 13.; Anon. 1991. Report of Industrial Fisheries Working Group. ICES Doc. C.M. 1991/Assess: 14.,301,10102,10355,-6.0,58.5
1959,9,1982,1990,9,0,0,,,0,0,0,,,False,Paralichthys dentatus,Osteichthyes,Marine,Multiple or International jurisdiction,Not applicable,Harvest,Tonnes,Harvest,None,-1.0,9.0,1.0,False,"Anon. 1990. Report of the Eleventh NEFC Stock Assessment Workshop, Fall 1990. NEFC Reference Document 90-09.; Anon. 1992. NEFC Reference Document 92-02.",301,10362,10359,-73.0,38.0
1960,15,1976,1990,15,0,0,,,0,0,0,,,False,Merluccius bilinearis,Osteichthyes,Marine,Multiple or International jurisdiction,Not applicable,Harvest,Tonnes,Harvest,None,-1.0,15.0,1.0,False,"Fanning, L. P., D. E. Waldron, and C. Bourbonnais. 1987. Scotian shelf silver hake population size in 1986. NAFO SCR Doc. 87/56: 24 p.; Waldron, D. E., M. A. Showell, and Glen Harrison. 1991. Status of the Scotian shelf silver hake (whiting) population in 1990. NAFO SCR Doc. 91/42: 34 p.; NAFO SCR Doc. 92/50.",301,10315,10360,-59.0,44.166666666666664
1961,33,1955,1987,33,0,0,1971.0,1971.0,0,0,0,,,False,Merluccius bilinearis,Osteichthyes,Marine,Multiple or International jurisdiction,Not applicable,Harvest,Tonnes,Harvest,None,-1.0,33.0,1.0,False,"Almeida. 1987. Woods Hole Ref. Doc. 87-03.; Anon. 1990. Report of the Eleventh NEFC Stock Assessment Workshop, Fall 1990. NEFC Ref. Doc. 90-09.",301,10351,10360,-67.83333333333333,40.666666666666664
1962,33,1955,1987,33,0,0,1978.0,1978.0,0,0,0,,,False,Merluccius bilinearis,Osteichthyes,Marine,Multiple or International jurisdiction,Not applicable,Harvest,Tonnes,Harvest,None,-1.0,33.0,1.0,False,"Almeida. 1987. Woods Hole Ref. Doc. 87-03.; Anon. 1990. Report of the Eleventh NEFC Stock Assessment Workshop, Fall 1990. NEFC Ref. Doc. 90-09.",301,10362,10360,-73.0,38.0
1963,17,1962,1978,17,0,0,,,0,0,0,,,False,Lutjanus synagris,Osteichthyes,Marine,Cuba,North America,Harvest,Tonnes,Harvest,None,-1.0,17.0,1.0,False,"Carillo de Albornoz, C. 1979. Rev. Cuba. Inv. Pesq 4(4).",301,10363,10363,-74.0,19.75
1964,46,1948,1993,46,0,0,1956.0,1956.0,0,0,0,,,False,Oncorhynchus nerka,Osteichthyes,Marine,Canada,North America,Count,All Individuals,Sample,None,-1.0,46.0,1.0,False,"Pers. Comm. with A. J. Cass, DFO, Pacific Biological Station, Nanaimo, B.C.",301,10364,739,-119.55,50.9
1965,25,1959,1983,25,0,0,,,0,0,0,,,False,Oncorhynchus nerka,Osteichthyes,Marine,Canada,North America,Count,Smolt,Sample,None,-1.0,25.0,1.0,False,"MacDonald, P.D.M., H.D. Smith, and L. Jantz. 1987. The utility of Babine smolt enumerations in management of Babine and other Skeena River sockeye salmon (Oncorhynchus nerka) stocks, p. 280-295. In: H.D. Smith, L. Margolis, and C.C. Wood (eds.). Sockeye salmon (Oncorhynchus nerka) population biology and future management. Can. Spec. Publ. Fish. Aquat. Sci. 96",301,10365,739,-126.0,54.666666666666664
1966,23,1961,1983,23,0,0,,,0,0,0,,,False,Oncorhynchus nerka,Osteichthyes,Marine,Canada,North America,Count,Fry,Sample,None,-1.0,23.0,1.0,False,"McDonald, J., and J.M. Hume. 1984. Babine Lake sockeye salmon (Oncorhynchus nerka) enhancement program: testing some major assumptions. Can. J. Fish. Aquat. Sci. 41:70-92. Table 1, updated with Table 3 in MacDonald, P.D.M., H.D. Smith, and L. Jantz. 1987. The utility of Babine smolt enumerations in management of Babine and other Skeena River sockeye salmon (Oncorhynchus nerka) stocks, p. 280-295. In: H.D. Smith, L. Margolis, and C.C. Wood (eds.). Sockeye salmon (Oncorhynchus nerka) population biology and future management. Can. Spec. Publ. Fish. Aquat. Sci. 96",301,10365,739,-126.0,54.666666666666664
1967,11,1949,1959,11,0,0,,,0,0,0,,,False,Oncorhynchus nerka,Osteichthyes,Marine,Canada,North America,Count,Eggs,Sample,None,-1.0,11.0,1.0,False,"Foerster, R.E. 1968. The Sockeye Salmon, Oncorhynchus nerka. Fish. Res. Board of Can. Bulletin 162. Table 85 ",301,10365,739,-126.0,54.666666666666664
1968,46,1948,1993,46,0,0,1957.0,1957.0,0,0,0,,,False,Oncorhynchus nerka,Osteichthyes,Marine,Canada,North America,Count,All Individuals,Sample,None,-1.0,46.0,1.0,False,"Pers. Comm. with A. J. Cass, DFO, Pacific Biological Station, Nanaimo, B.C.",301,10368,739,-122.0,50.0
1970,33,1956,1988,33,0,0,1961.0,1961.0,0,0,0,,,False,Oncorhynchus nerka,Osteichthyes,Marine,USA,North America,Count,All Individuals,Sample,None,-1.0,33.0,1.0,False,"International North Pacific Fisheries Commission. 1974. Information on recent changes in the salmon fisheries of Alaska and the condition of the stocks. INPFC Bull. 29: 37 p. , Updated with information from the Alaskan department of fisheries and game.",301,10370,739,-157.0,58.666666666666664
1971,50,1921,1970,50,0,0,,,16,0,16,1950.0,1965.0,False,Oncorhynchus nerka,Osteichthyes,Marine,USA,North America,Count,All Individuals,Sample,None,-1.0,50.0,1.0,False,"International North Pacific Fisheries Commission. 1974. Comments on INPFC Document 1350 (Japan, 1970). INPFC Bull. 29: 170 p.",301,10322,739,-159.0,58.0
1973,46,1948,1993,46,0,0,,,12,0,12,1977.0,1988.0,False,Oncorhynchus nerka,Osteichthyes,Marine,Canada,North America,Count,All Individuals,Sample,None,-1.0,46.0,1.0,False,"Pers. Comm. with A. J. Cass, DFO, Pacific Biological Station, Nanaimo, B.C.",301,10373,739,-123.45,52.1
1974,46,1948,1993,46,0,0,1961.0,1961.0,0,0,0,,,False,Oncorhynchus nerka,Osteichthyes,Marine,Canada,North America,Count,All Individuals,Sample,None,-1.0,46.0,1.0,False,"Pers. Comm. with A. J. Cass, DFO, Pacific Biological Station, Nanaimo, B.C.",301,10373,739,-123.45,52.1
1976,43,1949,1992,44,1,0,1969.0,1969.0,0,0,0,,,False,Oncorhynchus nerka,Osteichthyes,Marine,Canada,North America,Count,Smolt,Sample,None,-1.0,44.0,1.0,False,"Roos, J.F. 1985. Restoring the Fraser River. A History of the International Pacific Salmon Fisheries Commission (Appendix K). Updated from Pers. Comm. with A. J. Cass, DFO, Pacific Biological Station, Nanaimo, B.C.",301,10373,739,-123.45,52.1
1978,19,1934,1952,19,0,0,,,0,0,0,,,False,Oncorhynchus nerka,Osteichthyes,Marine,USA,North America,Count,All Individuals,Sample,None,-1.0,19.0,1.0,False,IPSFC Bulletin 10.,301,10378,739,-124.08333333333333,46.25
1979,13,1935,1947,13,0,0,,,0,0,0,,,False,Oncorhynchus nerka,Osteichthyes,Marine,Russian Federation,Asia,Count,Eggs,Sample,None,-1.0,13.0,1.0,False,"Foerster, R.E. 1968. The Sockeye Salmon, Oncorhynchus nerka. Fish. Res. Board of Can. Bulletin 162. Table 89 page 321. ",301,10379,739,157.9,52.5
1980,30,1949,1982,34,4,16,,,0,0,0,,,False,Oncorhynchus nerka,Osteichthyes,Marine,Canada,North America,Count,Smolt,Sample,None,-1.0,34.0,1.0,False,"Pers. Comm. with A. J. Cass, DFO, Pacific Biological Station, Nanaimo, B.C.",301,10380,739,-124.06666666666666,51.266666666666666
1981,38,1921,1958,38,0,0,,1958.0,3,0,3,1950.0,1952.0,False,Oncorhynchus nerka,Osteichthyes,Marine,USA,North America,Count,All Individuals,Sample,None,-1.0,38.0,1.0,False,International North Pacific Fisheries Commission. Bull. 10.,301,10381,739,-157.4,58.18333333333333
1982,20,1952,1971,20,0,0,,,0,0,0,,,False,Oncorhynchus nerka,Osteichthyes,Marine,USA,North America,Count,All Individuals,Sample,None,-1.0,20.0,1.0,False,International North Pacific Fisheries Commission. 1974. Information on recent changes in the salmon fisheries of Alaska and the condition of the stocks. INPFC Bull. 29: 37 p.,301,10381,739,-157.4,58.18333333333333
1983,45,1951,1995,45,0,0,,,11,0,11,1980.0,1990.0,False,Oncorhynchus nerka,Osteichthyes,Marine,USA,North America,Count,All Individuals,Sample,None,-1.0,45.0,1.0,False,"Alaskan department of Fisheries and Games; Updated with info from D.E. Rogers, Fisheries Research inst., Univ. of Washington , compiled from Alaska Fish and Game Reports.",301,10381,739,-157.4,58.18333333333333
1984,15,1978,1992,15,0,0,,,0,0,0,,,False,Oncorhynchus nerka,Osteichthyes,Marine,USA,North America,Count,All Individuals,Sample,None,-1.0,15.0,1.0,False,Alaskan department of Fisheries and Games.,301,10381,739,-157.4,58.18333333333333
1986,33,1962,1994,33,0,0,,,0,0,0,,,False,Oncorhynchus nerka,Osteichthyes,Marine,USA,North America,Count,All Individuals,Sample,None,-1.0,33.0,1.0,False,"D.E. Rogers, Fisheries Research inst. , Univ. of Wahsington, compiled from Alaska Fish and Game Reports.",301,10386,739,-154.13333333333333,57.25
1987,21,1965,1985,21,0,0,,,0,0,0,,,False,Oncorhynchus nerka,Osteichthyes,Marine,Canada,North America,Count,Eggs,Sample,None,-1.0,21.0,1.0,False,"West, C. J., and J. C. Mason. 1987. Evaluation of sockeye salmon ( Oncorhynchus nerka) production from the Babine Lake Development Project, p.176-190.   In H. D. Smith, L. Margolis, and C. C. Wood [ed.] Sockeye salmon ( Oncorhynchus nerka) population biology and future management.  Can. Spec. Publ. Fish. Aquat. Sci. 96.",301,10387,739,-126.15,54.8
1988,17,1969,1985,17,0,0,,,0,0,0,,,False,Oncorhynchus nerka,Osteichthyes,Marine,Canada,North America,Count,Eggs,Sample,None,-1.0,17.0,1.0,False,"West, C. J., and J. C. Mason. 1987. Evaluation of sockeye salmon ( Oncorhynchus nerka) production from the Babine Lake Development Project, p.176-190.   In H. D. Smith, L. Margolis, and C. C. Wood [ed.] Sockeye salmon ( Oncorhynchus nerka) population biology and future management.  Can. Spec. Publ. Fish. Aquat. Sci. 96.",301,10388,739,-126.15,54.8
1990,16,1968,1983,16,0,0,,,0,0,0,,,False,Oncorhynchus nerka,Osteichthyes,Marine,Canada,North America,Count,Fry,Sample,None,-1.0,16.0,1.0,False,"Pers. Comm. with A. J. Cass, DFO, Pacific Biological Station, Nanaimo, B.C.",301,10390,739,-118.0,50.0
1991,46,1948,1993,46,0,0,1955.0,1955.0,0,0,0,,,False,Oncorhynchus nerka,Osteichthyes,Marine,Canada,North America,Count,All Individuals,Sample,None,-1.0,46.0,1.0,False,"Pers. Comm. with A. J. Cass, DFO, Pacific Biological Station, Nanaimo, B.C.",301,10391,739,-121.38333333333334,52.46666666666667
1992,26,1946,1971,26,0,0,,,0,0,0,,,False,Oncorhynchus nerka,Osteichthyes,Marine,USA,North America,Count,All Individuals,Sample,None,-1.0,26.0,1.0,False,International North Pacific Fisheries Commission. 1974. Information on recent changes in the salmon fisheries of Alaska and the condition of the stocks. INPFC Bull. 29: 37 p.,301,10392,739,-158.83333333333334,58.666666666666664
1993,44,1952,1995,44,0,0,1972.0,1972.0,0,0,0,,,False,Oncorhynchus nerka,Osteichthyes,Marine,USA,North America,Count,All Individuals,Sample,None,-1.0,44.0,1.0,False,"Alaskan Department of Fisheries and Games;D.E. Rogers, Fisheries Research inst., Univ of Washington , compiled from Alaska Fish and game Reports",301,10392,739,-158.83333333333334,58.666666666666664
1994,67,1887,1953,67,0,0,,,33,0,33,1916.0,1948.0,False,Oncorhynchus nerka,Osteichthyes,Marine,USA,North America,Count,All Individuals,Sample,None,-1.0,67.0,1.0,False,"Rounsefell, G. A. Factors causing decline in Sockeye Salmon of Karluk River, Alaska.  Fishery Bulletin 130. from Fishery Bulletin of the Fish and Wildlife Service. Vol. 58.",301,10394,739,-154.53333333333333,57.56666666666667
1995,8,1943,1950,8,0,0,,1950.0,0,0,0,,,False,Oncorhynchus nerka,Osteichthyes,Marine,Russian Federation,Asia,Count,Eggs,Sample,None,-1.0,8.0,1.0,False,"Semko, R.S. 1954. The stocks of west Kamchatka salmon and their commerical utilization. Izv. Tikhookean. Nauchno-issled. Inst. Rybn. Khoz. Okeanogr. 41:3-109. (Transl. from Russian; Fish. Res. Board Can. Transl. Ser. 288). Table 42 ",301,10395,739,157.0,52.5
1998,23,1969,1991,23,0,0,,,0,0,0,,,False,Oncorhynchus nerka,Osteichthyes,Marine,USA,North America,Count,All Individuals,Sample,None,-1.0,23.0,1.0,False,"Eggers, D. M., and D. E. Rogers. 1987. The cycle of runs of sockeye salmon ( Oncorhynchus nerka) to the Kvichak River, Bristol Bay, Alaska: cyclic dominance or depensatory fishing?, p.343-366.   In H. D. Smith, L. Margolis, and C. C. Wood [ed.] Sockeye salmon (Oncorhynchus nerka) population biology and future management. Can. Spec. Publ. Fish. Aquat. Sci. 96.,  Updated with information from Alaskan department of Fisheries and Game",301,10398,739,-157.05,58.86666666666667
1999,45,1951,1995,45,0,0,,,11,0,11,1980.0,1990.0,False,Oncorhynchus nerka,Osteichthyes,Marine,USA,North America,Count,All Individuals,Sample,None,-1.0,45.0,1.0,False,"Eggers, D. M., and D. E. Rogers. 1987. The cycle of runs of sockeye salmon ( Oncorhynchus nerka) to the Kvichak River, Bristol Bay, Alaska: cyclic dominance or depensatory fishing?, p.343-366.   In H. D. Smith, L. Margolis, and C. C. Wood [ed.] Sockeye salmon (Oncorhynchus nerka) population biology and future management. Can. Spec. Publ. Fish. Aquat. Sci. 96, Updated with information from Alaskan department of fisheries and games.; Updated with info from D.E. Rogers, Fisheries Research inst. , Univ of Washington, compiled from Alaska Fish and Game Reports",301,10398,739,-157.05,58.86666666666667
2000,7,1954,1960,7,0,0,,,0,0,0,,,False,Oncorhynchus nerka,Osteichthyes,Marine,USA,North America,Count,Eggs,Sample,None,-1.0,7.0,1.0,False,"Foerster, R.E. 1968. The Sockeye Salmon, Oncorhynchus nerka. Fish. Res. Board of Can. Bulletin 162. Table 87 page 319.",301,10400,739,-152.45,58.18333333333333
2001,9,1944,1955,12,3,0,,,0,0,0,,,False,Oncorhynchus nerka,Osteichthyes,Marine,Canada,North America,Count,Eggs,Sample,None,-1.0,12.0,1.0,False,"Foerster, R.E. 1968. The Sockeye Salmon, Oncorhynchus nerka. Fish. Res. Board of Can. Bulletin 162. Table 84 ",301,10272,739,-128.78333333333333,54.43333333333333
2002,11,1973,1983,11,0,0,,,0,0,0,,,False,Oncorhynchus nerka,Osteichthyes,Marine,Canada,North America,Count,Fry,Sample,None,-1.0,11.0,1.0,False,"Pers. Comm. with A. J. Cass, DFO, Pacific Biological Station, Nanaimo, B.C.",301,10402,739,-126.51666666666667,53.983333333333334
2003,28,1966,1993,28,0,0,,,0,0,0,,,False,Oncorhynchus nerka,Osteichthyes,Marine,Canada,North America,Count,Spawners,Sample,None,-1.0,28.0,1.0,False," Wood C., D. Rutherford, K. Pitre, K. Chapman. 1995. Assessment of freshwater production of sockeye salmon in Babine Lake. PSARC Working Paper S95-06. ",301,10403,739,-125.45,54.45
2004,46,1949,1994,46,0,0,1963.0,1963.0,0,0,0,,,False,Oncorhynchus nerka,Osteichthyes,Marine,Canada,North America,Count,All Individuals,Sample,None,-1.0,46.0,1.0,False,"Pers. Comm. with A. J. Cass, DFO, Pacific Biological Station, Nanaimo, B.C.",301,10404,739,-123.53333333333333,53.983333333333334
2005,38,1921,1958,38,0,0,,,4,0,4,1950.0,1953.0,False,Oncorhynchus nerka,Osteichthyes,Marine,USA,North America,Count,All Individuals,Sample,None,-1.0,38.0,1.0,False,International North Pacific Fisheries Commission. Bull. 10.,301,10405,739,-157.01666666666668,58.766666666666666
2006,22,1950,1971,22,0,0,,,0,0,0,,,False,Oncorhynchus nerka,Osteichthyes,Marine,USA,North America,Count,All Individuals,Sample,None,-1.0,22.0,1.0,False,International North Pacific Fisheries Commission. 1974. Information on recent changes in the salmon fisheries of Alaska and the condition of the stocks. INPFC Bull. 29: 37 p.,301,10406,739,-157.0,58.666666666666664
2007,45,1951,1995,45,0,0,,,11,0,11,1980.0,1990.0,False,Oncorhynchus nerka,Osteichthyes,Marine,USA,North America,Count,All Individuals,Sample,None,-1.0,45.0,1.0,False,"Alaskan Department of Fisheries and Games; updated with info from D.E. Rogers, Fisheries Research inst. , University of Washington, compiled from Alaska Fish and Game Reports",301,10406,739,-157.0,58.666666666666664
2008,38,1921,1958,38,0,0,1949.0,1949.0,0,0,0,,,False,Oncorhynchus nerka,Osteichthyes,Marine,USA,North America,Count,All Individuals,Sample,None,-1.0,38.0,1.0,False,International North Pacific Fisheries Commission. Bull. 10.,301,10408,739,-158.38333333333333,59.05
2009,26,1946,1971,26,0,0,1951.0,1951.0,0,0,0,,,False,Oncorhynchus nerka,Osteichthyes,Marine,USA,North America,Count,All Individuals,Sample,None,-1.0,26.0,1.0,False,International North Pacific Fisheries Commission. 1974. Information on recent changes in the salmon fisheries of Alaska and the condition of the stocks. INPFC Bull. 29: 37 p.,301,10409,739,-158.25,59.916666666666664
2010,9,1948,1956,9,0,0,,,0,0,0,,,False,Oncorhynchus nerka,Osteichthyes,Marine,Canada,North America,Count,Eggs,Sample,None,-1.0,9.0,1.0,False,"Foerster, R.E. 1968. The Sockeye Salmon, Oncorhynchus nerka. Fish. Res. Board of Can. Bulletin 162. Table 83 ",301,10410,739,-127.83333333333333,52.11666666666667
2011,17,1968,1985,18,1,0,,,0,0,0,,,False,Oncorhynchus nerka,Osteichthyes,Marine,Canada,North America,Count,Eggs,Sample,None,-1.0,18.0,1.0,False,"West, C. J., and J. C. Mason. 1987. Evaluation of sockeye salmon ( Oncorhynchus nerka) production from the Babine Lake Development Project, p.176-190.   In H. D. Smith, L. Margolis, and C. C. Wood [ed.] Sockeye salmon ( Oncorhynchus nerka) population biology and future management.  Can. Spec. Publ. Fish. Aquat. Sci. 96.",301,10411,739,-125.45,54.45
2012,46,1948,1993,46,0,0,1955.0,1955.0,0,0,0,,,False,Oncorhynchus nerka,Osteichthyes,Marine,Canada,North America,Count,Effective females,Sample,None,-1.0,46.0,1.0,False,Fraser Sockeye Fall Lake-rearing Fry Data fron Hume et al. CJFAS in press.,301,10412,739,-121.0,52.5
2013,44,1951,1994,44,0,0,,,10,0,10,1980.0,1989.0,False,Oncorhynchus nerka,Osteichthyes,Marine,USA,North America,Count,All Individuals,Sample,None,-1.0,44.0,1.0,False,"D.E. Rogers, Fisheries Research Institute, Univ. of Washington, compiled from Alaska Fish and Games Reports",301,10413,739,-154.61666666666667,57.266666666666666
2015,23,1972,1994,23,0,0,1980.0,1980.0,0,0,0,,,False,Oncorhynchus nerka,Osteichthyes,Marine,Canada,North America,Count,Effective females,Sample,None,-1.0,23.0,1.0,False,Fraser Sockeye Fall Lake-rearing Fry Data fron Hume et al. CJFAS in press.,301,10415,739,-119.25,50.95
2016,43,1943,1985,43,0,0,,,9,0,9,1972.0,1980.0,False,Oncorhynchus nerka,Osteichthyes,Marine,Canada,North America,Count,All Individuals,Sample,None,-1.0,43.0,1.0,False,"Macdonald, P. D. M., H. D. Smith, and L. Jantz. 1987. The utility of Babine smolt enumerations in management of Babine and other Skeena River sockeye salmon ( Onchorhynchus nerka) stocks, p.280-295.   In H. D. Smith, L. Margolis, and C. C. Wood [ed.] Sockeye salmon ( Oncorhynchus nerka) population biology and future management. Can. Spec. Publ. Fish. Aquat. Sci. 96.",301,10416,739,-130.03333333333333,54.15
2017,45,1908,1952,45,0,0,1951.0,1951.0,14,5,9,1937.0,1950.0,True,Oncorhynchus nerka,Osteichthyes,Marine,Canada,North America,Count,All Individuals,Sample,None,-1.0,45.0,1.0,False,"Shepard, and Withler. 1958. Jour. Fish. Res. Board. Can. 15: 1007-1025 p. ",301,10416,739,-130.03333333333333,54.15
2018,45,1951,1995,45,0,0,,,11,0,11,1980.0,1990.0,False,Oncorhynchus nerka,Osteichthyes,Marine,Canada,North America,Count,All Individuals,Sample,None,-1.0,45.0,1.0,False,"Stock Status and 1996 forecast of Smith Inlet Sockeye SAlmon, D.T. Rutherford and C.C. Wood, PSARC Working Paper S95-8, Draft Version.",301,10418,739,-127.41666666666667,51.31666666666667
2019,47,1948,1994,47,0,0,,,13,0,13,1977.0,1989.0,False,Oncorhynchus nerka,Osteichthyes,Marine,Canada,North America,Count,All Individuals,Sample,None,-1.0,47.0,1.0,False,"A. J. Cass, DFO, Pacific Biological Station, Nanaimo, B.C. pers. comm.",301,10419,739,-124.88333333333334,54.05
2020,47,1948,1994,47,0,0,1963.0,1963.0,0,0,0,,,False,Oncorhynchus nerka,Osteichthyes,Marine,Canada,North America,Count,All Individuals,Sample,None,-1.0,47.0,1.0,False,"Pers. Comm. with A. J. Cass, DFO, Pacific Biological Station, Nanaimo, B.C.",301,10420,739,-123.53333333333333,53.983333333333334
2021,10,1981,1990,10,0,0,1988.0,1988.0,0,0,0,,,False,Oncorhynchus nerka,Osteichthyes,Marine,Canada,North America,Count,All Individuals,Sample,None,-1.0,10.0,1.0,False,"Review of the Spawning Escapement Target for Tahltan Lake Sockeye Salmon, C.C. Wood et al., PSARC Working paper S93-1, Table 3.",301,10421,739,-132.5,58.0
2022,10,1981,1990,10,0,0,1988.0,1988.0,0,0,0,,,False,Oncorhynchus nerka,Osteichthyes,Marine,Canada,North America,Count,All Individuals,Sample,None,-1.0,10.0,1.0,False,"Review of the Spawning Escapement Target for Tahltan Lake Sockeye Salmon, C.C. Wood et al., PSARC Working paper S93-1, Table 3.",301,10421,739,-132.5,58.0
2023,11,1948,1958,11,0,0,,,0,0,0,,,False,Oncorhynchus nerka,Osteichthyes,Marine,Canada,North America,Count,Spawners,Sample,None,-1.0,11.0,1.0,False,"Foerster, R.E. 1968. The Sockeye Salmon, Oncorhynchus nerka. Fisheries Research Board of Canada Bulletin 162, p. 136",301,10423,739,-116.0,49.0
2024,23,1949,1971,23,0,0,,,0,0,0,,,False,Oncorhynchus nerka,Osteichthyes,Marine,USA,North America,Count,All Individuals,Sample,None,-1.0,23.0,1.0,False,International North Pacific Fisheries Commission. 1974. Information on recent changes in the salmon fisheries of Alaska and the condition of the stocks. INPFC Bull. 29: 37 p.,301,10424,739,-160.5,59.083333333333336
2025,33,1956,1988,33,0,0,,,0,0,0,,,False,Oncorhynchus nerka,Osteichthyes,Marine,USA,North America,Count,All Individuals,Sample,None,-1.0,33.0,1.0,False,Alaskan department of Fisheries and Games,301,10424,739,-160.5,59.083333333333336
2026,38,1921,1958,38,0,0,,,4,0,4,1950.0,1953.0,False,Oncorhynchus nerka,Osteichthyes,Marine,USA,North America,Count,All Individuals,Sample,None,-1.0,38.0,1.0,False,"International North Pacific Fisheries Commission, Bulletin Number 10.",301,10426,739,-157.61666666666667,57.5
2027,23,1949,1971,23,0,0,,,0,0,0,,,False,Oncorhynchus nerka,Osteichthyes,Marine,USA,North America,Count,All Individuals,Sample,None,-1.0,23.0,1.0,False,International North Pacific Fisheries Commission. 1974. Information on recent changes in the salmon fisheries of Alaska and the condition of the stocks. INPFC Bull. 29: 37 p.,301,10426,739,-157.61666666666667,57.5
2028,45,1951,1995,45,0,0,1972.0,1972.0,0,0,0,,,False,Oncorhynchus nerka,Osteichthyes,Marine,USA,North America,Count,All Individuals,Sample,None,-1.0,45.0,1.0,False,"Alaskan Deparment of Fisheries and Games. Update with info from D.E. Rogers , Fisheries Research inst., University of Washington, compiled from Alaska Fish and Game Reports",301,10426,739,-157.61666666666667,57.5
2029,13,1979,1991,13,0,0,,,0,0,0,,,False,Oncorhynchus nerka,Osteichthyes,Marine,USA,North America,Count,All Individuals,Sample,None,-1.0,13.0,1.0,False,Alaskan Deparment of Fisheries and Games.,301,10426,739,-157.61666666666667,57.5
2030,9,1973,1985,13,4,0,,,0,0,0,,,False,Oncorhynchus nerka,Osteichthyes,Marine,Canada,North America,Count,Eggs,Sample,None,-1.0,13.0,1.0,False,"West, C. J., and J. C. Mason. 1987. Evaluation of sockeye salmon ( Oncorhynchus nerka) production from the Babine Lake Development Project, p.176-190.   In H. D. Smith, L. Margolis, and C. C. Wood [ed.] Sockeye salmon ( Oncorhynchus nerka) population biology and future management.  Can. Spec. Publ. Fish. Aquat. Sci. 96.",301,10430,739,-125.0,54.21666666666667
2031,29,1966,1994,29,0,0,,,0,0,0,,,False,Oncorhynchus nerka,Osteichthyes,Marine,USA,North America,Count,All Individuals,Sample,None,-1.0,29.0,1.0,False,"D.E. Rogers, Fisheries Research inst. , Univ. of Wahsington, compiled from Alaska Fish and Game Reports.",301,10431,739,-154.58333333333334,57.166666666666664
2032,45,1948,1992,45,0,0,,,11,0,11,1977.0,1987.0,False,Oncorhynchus nerka,Osteichthyes,Marine,Canada,North America,Count,All Individuals,Sample,None,-1.0,45.0,1.0,False,"Pers. Comm. with A. J. Cass, DFO, Pacific Biological Station, Nanaimo, B.C.",301,10432,739,-121.88333333333334,49.31666666666667
2033,29,1965,1993,29,0,0,,,0,0,0,,,False,Oncorhynchus nerka,Osteichthyes,Marine,Canada,North America,Count,Fry,Sample,None,-1.0,29.0,1.0,False,"Pers. Comm. with A. J. Cass, DFO, Pacific Biological Station, Nanaimo, B.C.",301,10432,739,-121.88333333333334,49.31666666666667
2034,26,1946,1971,26,0,0,,,0,0,0,,,False,Oncorhynchus nerka,Osteichthyes,Marine,USA,North America,Count,All Individuals,Sample,None,-1.0,26.0,1.0,False,International North Pacific Fisheries Commission. 1974. Information on recent changes in the salmon fisheries of Alaska and the condition of the stocks. INPFC Bull. 29: 37 p.,301,10434,739,-158.5,59.05
2035,20,1972,1991,20,0,0,,,0,0,0,,,False,Solea vulgaris,Osteichthyes,Marine,Multiple or International jurisdiction,Europe,Harvest,Tonnes,Harvest,None,-1.0,20.0,1.0,False,Anon. 1993. Report of the Working Group on the Assessment of Southern Shelf Demersal Stocks. ICES Doc. C.M. 1993/Assess: 3.,301,10435,115,-5.0,51.0
2036,7,1984,1990,7,0,0,,,0,0,0,,,False,Solea vulgaris,Osteichthyes,Marine,Multiple or International jurisdiction,Not applicable,Harvest,Tonnes,Harvest,None,-1.0,7.0,1.0,False,Anon. 1987. Report of the Division IIIa Demersal Stocks Working Groups. ICES Doc. C.M. 1987/Assess: 16.; Anon. 1990. Report of the Division IIIa Demersal Stocks Working Groups. ICES Doc. C.M. 1990/Assess: 10.; Anon. 1991. Report of the Division IIIa Demersal Stocks Working Groups. ICES C.M. 1991/Assess: 9.; Anon. 1992. Report of the Study Group on Division IIIa Demersal Stocks. ICES Doc. C.M. 1992/G: 2.,301,10298,115,10.0,58.0
2037,23,1970,1992,23,0,0,,,0,0,0,,,False,Solea vulgaris,Osteichthyes,Marine,Multiple or International jurisdiction,Europe,Harvest,Tonnes,Harvest,None,-1.0,23.0,1.0,False,Anon. 1993. Report of the Working Group on the Assessment of Northern Shelf Demersal stocks. ICES Doc. C.M. 1993/Assess: 20.,301,10096,115,-5.0,54.0
2038,36,1957,1992,36,0,0,,,2,0,2,1986.0,1987.0,False,Solea vulgaris,Osteichthyes,Marine,Multiple or International jurisdiction,Europe,Harvest,Tonnes,Harvest,None,-1.0,36.0,1.0,False,ICES Symposium on the Changes in the North Sea Stocks and their causes. No. 30.; Anon. 1982. Report of the North Sea Flatfish Working Group ICES Doc. C.M. 1982/Assess: 3.; Anon. 1988. ICES Doc. C.M. 1988.; Anon. 1991. ICES Doc. C.M. 1991/Assess: 5.; Anon. 1992. Report of the North Sea Flatfish Working Group. ICES Doc. C.M. 1992/Assess: 6.; Anon. 1993. Working Group on the Assessment of Demersal Stocks in the North Sea and Skagerrak. ICES Doc. C.M. 1993/Assess: 5.,301,10100,115,4.0,55.0
2039,21,1971,1991,21,0,0,,,0,0,0,,,False,Solea vulgaris,Osteichthyes,Marine,Multiple or International jurisdiction,Not applicable,Harvest,Tonnes,Harvest,None,-1.0,21.0,1.0,False,Anon. 1991. Report of the North Sea Flatfish Working Group. ICES Doc. C.M. 1991/Assess: 5.; Anon. 1992. Report of the North Sea Flatfish Working Group. ICES Doc. C.M. 1992/Assess: 6.; Anon. 1993. Working Group on the Assessment of Demersal Stocks in the North Sea and Skagerrak. ICES Doc. C.M. 1993/Assess: 5.,301,10103,115,-0.0,50.5
2040,23,1969,1991,23,0,0,,,0,0,0,,,False,Solea vulgaris,Osteichthyes,Marine,Multiple or International jurisdiction,Not applicable,Harvest,Tonnes,Harvest,None,-1.0,23.0,1.0,False,Anon. 1993. Report of the Working Group on the Assessment of Southern Shelf Demersal Stocks. ICES Doc. C.M. 1993/Assess: 3.,301,10296,115,-3.0,49.5
2041,13,1979,1991,13,0,0,,,0,0,0,,,False,Solea vulgaris,Osteichthyes,Marine,France,Europe,Harvest,Tonnes,Harvest,None,-1.0,13.0,1.0,False,Anon. 1993. Report of the Working Group on the Assessment of Southern Shelf Demersal Stocks. ICES Doc. C.M. 1993/Assess: 3.,301,10441,115,-9.0,45.5
2042,17,1974,1990,17,0,0,,,0,0,0,,,False,Sprattus sprattus,Osteichthyes,Marine,Multiple or International jurisdiction,Not applicable,Harvest,Tonnes,Harvest,None,-1.0,17.0,1.0,False,Anon. 1991. Report of the Working Group on Assessment of Pelagic Stocks in the Baltic. ICES Doc. C.M. 1991/Assess: 18.,301,10442,116,20.0,58.0
2043,21,1970,1990,21,0,0,1979.0,1979.0,0,0,0,,,False,Sprattus sprattus,Osteichthyes,Marine,Multiple or International jurisdiction,Not applicable,Harvest,Tonnes,Harvest,None,-1.0,21.0,1.0,False,Anon. 1991. Report of the Working Group on Assessment of Pelagic Stocks in the Baltic. ICES Doc. C.M. 1991/Assess: 18.,301,10443,116,20.0,56.25
2044,7,1977,1983,7,0,0,,,0,0,0,,,False,Oncorhynchus mykiss,Osteichthyes,Marine,Canada,North America,Count,Smolt,Sample,None,-1.0,7.0,1.0,False,"Ward, B. R., and P. A. Slaney. 1988. Life history and smolt-to-adult survival of Keogh River steelhead trout ( Salmo gairdneri) and the relationship to smolt size. Can. J. Fish. Aquat. Sci. 45: 1110-1122.",301,10444,10444,127.4,-50.6
2045,7,1976,1982,7,0,0,,,0,0,0,,,False,Oncorhynchus mykiss,Osteichthyes,Marine,Canada,North America,Count,Eggs,Sample,None,-1.0,7.0,1.0,False,"Ward, B.R., and P.A. Slaney. 1993. Egg-to-smolt survival and fry-to-smolt density dependence of Keogh River steelhead trout, p. 209-217.  In R.J. Gibson and R.E. Cutting [ed.] Production of juvenile Atlantic salmon,  Salmo salar, in natural waters. Can. Spec. Publ. Fish. Aquat. Sci. 118.",301,10444,10444,127.4,-50.6
2046,7,1976,1982,7,0,0,,,0,0,0,,,False,Oncorhynchus mykiss,Osteichthyes,Marine,Canada,North America,Count,Eggs,Sample,None,-1.0,7.0,1.0,False,"Ward, B.R., and P.A. Slaney. 1993. Egg-to-smolt survival and fry-to-smolt density dependence of Keogh River steelhead trout, p. 209-217.  In R.J. Gibson and R.E. Cutting [ed.] Production of juvenile Atlantic salmon,  Salmo salar, in natural waters. Can. Spec. Publ. Fish. Aquat. Sci. 118.",301,10444,10444,127.4,-50.6
2047,14,1970,1983,14,0,0,,,0,0,0,,,False,Penaeus esculentus,Crustacea,Marine,Australia,Australia,Unknown,Spawnings,Sample,Unknown,-1.0,14.0,1.0,False,"Caputi, N. 1993. Aspects of spawner-recruit relationships, with particular reference to crustacean stocks: a review. Aust. J. Mar. Freshwater Res. 44: 589-607.",301,10447,10447,114.25,-22.0
2048,8,1963,1972,10,2,0,1971.0,1971.0,0,0,0,,,False,Lactarius lactarius,Osteichthyes,Marine,Thailand,Asia,Harvest,Tonnes,Harvest,None,-1.0,10.0,1.0,False,"Pauly, D., and G. I. Murphy. 1980. Theory and management of tropical fisheries. ICLARM. Manila.",301,10448,10448,101.0,11.0
2055,13,1983,1995,13,0,0,,,0,0,0,,,False,Stizostedion vitreum,Osteichthyes,Marine,USA,North America,Harvest,Tonnes,Harvest,None,-1.0,13.0,1.0,False,R.A. Myers from Minn. DNR Data,301,10455,10449,-93.66666666666667,46.25
2065,17,1970,1986,17,0,0,,,0,0,0,,,False,Urophycis tenuis,Osteichthyes,Marine,Multiple or International jurisdiction,Not applicable,Harvest,Tonnes,Harvest,None,-1.0,17.0,1.0,False,"Clay, D. 1987. Assessment of Gulf white hake from NAFO division 4T in 1987. CAFSAC Res. Doc. 87/81.; Clay, D., and T. Hurlbut. 1990. White hake ( Urophycis tenuis) from the southern Gulf of St. Lawrence: a review of the fishery in 1989. CAFSAC Res. Doc. 90/74.; Anon. 1090. Advice on the management of groundfish stocks. CAFSAC Adv. Doc. 90/5.",301,10465,10465,-63.0,47.0
2066,23,1962,1984,23,0,0,,,0,0,0,,,False,Coregonus lavaretus,Osteichthyes,Marine,Multiple or International jurisdiction,Europe,Count,Larvae,Sample,None,-1.0,23.0,1.0,False,"Eckmann, R., U. Gaedke, and H. J. Wetzlar. 1988. Effects of climatic and density-dependent factors on year-class strength of  Coregonus lavaretus in Lake Constance. Can. J. Fish. Aquat. Sci. 45: 1088-1093.",301,10109,10466,9.5,47.583333333333336
2067,10,1982,1991,10,0,0,,,0,0,0,,,False,Merlangius merlangus,Osteichthyes,Marine,Multiple or International jurisdiction,Europe,Harvest,Tonnes,Harvest,None,-1.0,10.0,1.0,False,Anon. 1993. Report of the Working Group on the Assessment of Southern Shelf Demersal Stocks. ICES Doc. C.M. 1993/Assess: 3.,301,10435,108,-5.0,51.0
2068,21,1972,1992,21,0,0,,,0,0,0,,,False,Merlangius merlangus,Osteichthyes,Marine,Multiple or International jurisdiction,Europe,Harvest,Tonnes,Harvest,None,-1.0,21.0,1.0,False,Anon. 1991. Report of the Irish Sea and Bristol Channel Working Group. ICES Doc. C.M. 1991/Assess: 1.; Anon. 1981. Report of the Irish Sea and Bristol Channel Working Group. ICES Doc. C.M. 1981/G: 10.; Anon. 1993. Report of the Working Group on the Assessment of Northern Shelf Demersal stocks. ICES Doc. C.M. 1993/Assess: 20.,301,10096,108,-5.0,54.0
2069,27,1965,1991,27,0,0,,,0,0,0,,,False,Merlangius merlangus,Osteichthyes,Marine,Multiple or International jurisdiction,Europe,Harvest,Tonnes,Harvest,None,-1.0,27.0,1.0,False,"Holden, M. J. Long Term Changes in Landings of Fish from the North Sea with particular reference to the periods 1930-38 and 1960-69. Symposium on the Changes in North Sea Fish Stocks and their causes. No. 15.; Anon. 1981. Report of the North Sea Roundfish Working Group. ICES Doc. C.M. 1981/G: 8.; ICES Doc. C.M. 1988; Anon. 1991. Report of the Roundfish Working Group. ICES Doc. C.M. 1991/Assess: 4.; Anon. 1992. Report of the North Sea Roundfish Working Group. ICES Doc. C.M. 1992/Assess: 4.; Anon. 1993. Working Group on the Assessment of Demersal Stocks in the North Sea and Skagerrak. ICES Doc. C.M. 1993/Assess: 5.",301,10100,108,4.0,55.0
2070,28,1965,1992,28,0,0,,,0,0,0,,,False,Merlangius merlangus,Osteichthyes,Marine,Multiple or International jurisdiction,Not applicable,Harvest,Tonnes,Harvest,None,-1.0,28.0,1.0,False,Anon. 1993. Report of the Working Group on the Assessment of Northern Shelf Demersal stocks. ICES Doc. C.M. 1993/Assess: 20.,301,10102,108,-6.0,58.5
2071,15,1976,1990,15,0,0,,,0,0,0,,,False,Merlangius merlangus,Osteichthyes,Marine,Multiple or International jurisdiction,Not applicable,Harvest,Tonnes,Harvest,None,-1.0,15.0,1.0,False,Anon. 1991. Report of the Roundfish Working Group. ICES Doc. C.M. 1991/Assess: 4.; Anon. 1992. Report of the Roundfish Working Group. ICES Doc. C.M. 1992/Assess: 4.,301,10103,108,-0.0,50.5
2072,25,1964,1988,25,0,0,,,0,0,0,,,False,Theragra chalcogramma,Osteichthyes,Marine,Multiple or International jurisdiction,Not applicable,Harvest,Tonnes,Harvest,None,-1.0,25.0,1.0,False,"Mito, K., T. Sasali, and T. Yoshimura. 1990. The Plan Team for the Groundfish Fisheries of the Bering Sea and Aleutian Islands, Stock Assessment and Fishery Evaluation Report for the Groundfish Resources of the Bering Sea/Aleutian Islands Region as projected for 1992, November 1991.",301,10156,10472,-162.5,58.5
2073,27,1969,1995,27,0,0,,,0,0,0,,,False,Theragra chalcogramma,Osteichthyes,Marine,USA,North America,Harvest,Tonnes,Harvest,None,-1.0,27.0,1.0,False,"Megrey, B. A., A. B. Hollowed, and R. D. Methot. 1990. Stock Assessment And Fishery Evaluation Report For The 1992 Gulf of Alaska Groundfish Fishery, Gulf of Alaska Groundfish Plan Team, Nov 1991.  Updated with info from Anne Hollowed et al, NMFS, Seattle,WA.",301,10215,10472,-145.0,58.0
2074,19,1971,1989,19,0,0,,,0,0,0,,,False,Theragra chalcogramma,Osteichthyes,Marine,Japan,Asia,Harvest,Tonnes,Harvest,None,-1.0,19.0,1.0,False,"Wakabayashi, K., K. Watanabe, and Y. Watanabe. 1990. Int. North Pac. Fish. Com. Bull. No. 50.",301,10474,10472,147.0,43.0
2075,12,1970,1981,12,0,0,,,0,0,0,,,False,Theragra chalcogramma,Osteichthyes,Marine,Russian Federation,Asia,Count,All Individuals,Sample,None,-1.0,12.0,1.0,False,"Zolotov, O. G., P. A. Balykin, and N. P. Antonov. 1988. Relationship between the parent stock and progeney in the Kamchatka pollack population. Bybn. Knoz. 8: 43-45 p.",301,10475,10472,163.0,53.5
2076,8,1974,1981,8,0,0,,,0,0,0,,,False,Theragra chalcogramma,Osteichthyes,Marine,Multiple or International jurisdiction,Not applicable,Count,All Individuals,Sample,None,-1.0,8.0,1.0,False,"Zolotov, O. G., P. A. Balykin, and N. P. Antonov. 1988. Relationship between the parent stock and progeney in the Kamchatka pollack population. Bybn. Knoz. 8: 43-45 p.",301,10476,10472,177.0,61.0
2077,12,1979,1990,12,0,0,,,0,0,0,,,False,Sebastes entomelas,Osteichthyes,Marine,Multiple or International jurisdiction,North America,Count,Eggs,Sample,None,-1.0,12.0,1.0,False,"Hightower, J. E. and W. H. Lenarz. 1990.",301,10217,10477,-119.0,29.5
2078,10,1955,1964,10,0,0,,1964.0,0,0,0,,,False,Pseudociaena polyactis,Osteichthyes,Marine,Multiple or International jurisdiction,Asia,Unknown,Unknown,Sample,Unknown,-1.0,10.0,1.0,False,"Saishu, K. 1970. Reproductive curve of the Kiangsu province goup of yellow croaker,   Pseudociaena polyactis, in the East China Sea. Jap. J. Ecol. 20: 31-39. ",301,10032,10478,123.0,29.0
2079,19,1968,1986,19,0,0,,,0,0,0,,,False,Limanda ferruginae,Osteichthyes,Marine,Multiple or International jurisdiction,Not applicable,Harvest,Tonnes,Harvest,None,-1.0,19.0,1.0,False,"Brodie, W. B. 1986. An assessment of yellowtail flounder in NAFO div. 3LNO. NAFO SRC Doc. 86/40: 20 p.; Brodie, W. B., S. J. Walsh, and W. R. Bowering. 1990. Yellowtail flounder in NAFO div. 3LNO - an assessment of stock status. NAFO SCR Doc. 90/86: 24 p.; Paz, J., and M. G. Larraneta, Year-class variations of American plaice and yellowtail flounder in div. 3LNO and the abundance of other commercial fish. NAFO SCR Doc. 90/114: 10 p.",301,10003,10479,-50.5,44.5
2080,20,1973,1992,20,0,0,1987.0,1987.0,0,0,0,,,False,Limanda ferruginae,Osteichthyes,Marine,Multiple or International jurisdiction,Not applicable,Harvest,Tonnes,Harvest,None,-1.0,20.0,1.0,False,Woods Hole Ref. Doc. 91-03.,301,10088,10479,-67.0,41.0
2081,20,1973,1992,20,0,0,,1992.0,0,0,0,,,False,Limanda ferruginae,Osteichthyes,Marine,USA,North America,Harvest,Tonnes,Harvest,None,-1.0,20.0,1.0,False,Woods Hole Ref. Doc. 91-03.,301,10481,10479,-72.0,40.0
2082,26,1967,1992,26,0,0,,,0,0,0,,,False,Thunnus albacares,Osteichthyes,Marine,Multiple or International jurisdiction,Not applicable,Harvest,Tonnes,Harvest,None,-1.0,26.0,1.0,False,Anon. 1993. Annual Report of the Inter-American Tropical Tuna Commission. 1992.,301,10482,10482,-130.0,50.0
2095,10,1949,1958,10,0,0,,,0,0,0,,,False,Taius tumifrons,Osteichthyes,Marine,Multiple or International jurisdiction,Asia,Unknown,Eggs,Sample,Unknown,-1.0,10.0,1.0,False,"Shindo, S. 1960. Studies on the stock of yellow sea bream in the East China Sea. Seikai Regional Fisheries Res. Laboratory 20.",301,10032,10495,123.0,29.0
2096,20,1947,1969,23,3,0,,,0,0,0,,,False,Taius tumifrons,Osteichthyes,Marine,Multiple or International jurisdiction,Asia,Count,All Individuals,Sample,None,-1.0,22.0,1.0,False,"Saishu, K. 1973. Reproduction Curve of the Yellow Sea Bream in the East China Sea. Bulletin of the Seikai Regional Fisheries Research Laboratory 43:1-22.",301,10496,10495,126.0,30.0
2097,20,1947,1969,23,3,0,,,0,0,0,,,False,Taius tumifrons,Osteichthyes,Marine,Japan,Asia,Count,All Individuals,Sample,None,-1.0,23.0,1.0,False,"Saishu, K. 1973. Reproduction Curve of the Yellow Sea Bream in the East China Sea. Bulletin of the Seikai Regional Fisheries Research Laboratory 43:1-22.",301,10497,10495,129.0,32.0
2098,20,1947,1969,23,3,0,,,0,0,0,,,False,Taius tumifrons,Osteichthyes,Marine,Multiple or International jurisdiction,Asia,Count,All Individuals,Sample,None,-1.0,23.0,1.0,False,"Saishu, K. 1973. Reproduction Curve of the Yellow Sea Bream in the East China Sea. Bulletin of the Seikai Regional Fisheries Research Laboratory 43:1-22.",301,10498,10495,124.0,27.0
2099,16,1964,1979,16,0,0,,,0,0,0,,,False,Limanda aspera,Osteichthyes,Marine,Multiple or International jurisdiction,Not applicable,Harvest,Tonnes,Harvest,None,-1.0,16.0,1.0,False,"Wakabayashi, K. 1984. Int. N. Pac. Com. Bull. 42.; Estimations of Biomass and Yield for Yellowfin Sole in the Eastern Bering Sea, and Stock Assessment and Fishery Evaluation Report for the Groundfish Resources of the Bering Sea/Aleutian Islands Region as Projected for 1992, November 1991.",301,10156,10499,-162.5,58.5
2719,11,1969,1979,11,0,0,,,0,0,0,,,False,Sceloporus graciosus,Reptilia,Largely unvegetated,USA,North America,Count,All Individuals,Sample,None,4.0,11.0,1.0,False,None,88,339,731,-112.95,37.333333333333336
2720,9,1969,1979,11,2,0,,,0,0,0,,,False,Sceloporus graciosus,Reptilia,Largely unvegetated,USA,North America,Count,All Individuals,Sample,None,4.0,11.0,1.0,False,None,88,338,731,-112.95,37.333333333333336
2721,57,1847,1903,57,0,0,1868.0,1868.0,0,0,0,,,False,Lepus americanus,Mammalia,Grassland,USA,North America,Count,All Individuals,Sample,None,2.0,57.0,1.0,False,None,59,81,416,-95.0,40.0
2722,57,1847,1903,57,0,0,1860.0,1860.0,0,0,0,,,False,Lynx canadensis,Mammalia,Grassland,USA,North America,Count,All Individuals,Sample,None,2.0,57.0,1.0,False,None,59,81,75,-95.0,40.0
2723,9,1949,1957,9,0,0,,,0,0,0,,,False,Parus major,Aves,Coniferous forest,UK - England,Europe,Count,Pairs,Sample,None,4.0,9.0,1.0,False,There were 150 nest boxes at this site. They were placed there in 1948.,50,340,207,-0.8333333333333334,52.333333333333336
2724,9,1949,1957,9,0,1,,,0,0,0,,,False,Parus caeruleus,Aves,Coniferous forest,UK - England,Europe,Count,Pairs,Sample,None,4.0,9.0,1.0,False,There were 150 nest boxes at this site. They were placed there in 1948.,50,340,208,-0.8333333333333334,52.333333333333336
2725,9,1949,1957,9,0,0,,,0,0,0,,,False,Parus afer,Aves,Coniferous forest,UK - England,Europe,Count,Pairs,Sample,None,4.0,9.0,1.0,False,There were 150 nest boxes at this site. They were placed there in 1948.,50,340,209,-0.8333333333333334,52.333333333333336
2726,46,1945,1990,46,0,0,,,12,0,12,1974.0,1985.0,False,Colinus virginianus,Aves,Mixed habitat,USA,North America,Count,All Individuals,Sample,per 100 mile transect,3.0,46.0,1.0,False,"Rural mail carriers have recorded the number of upland species they observe and the number of miles they drive during several four-day periods each year. Summer survey, carried out at the same time each year.",55,56,733,-110.0,42.0
2727,15,1950,1964,15,0,0,,,0,0,0,,,False,Bupalus piniaria,Insecta,Coniferous forest,Netherlands,Europe,Count,Eggs,Sample,per m^2,4.0,15.0,1.0,False,Mean number of eggs m^-2 calculated using: mean number of eggs m^-2 = mean number of eggs shoot^-1 * mean number of shoots m^- Sampled in 6.8ha sub plot of whole 20ha area. ,53,343,47,5.833333333333333,52.166666666666664
2728,14,1950,1964,15,1,0,1957.0,1957.0,0,0,0,,,False,Bupalus piniaria,Insecta,Coniferous forest,Netherlands,Europe,Count,Larvae,Sample,per m^2,4.0,15.0,1.0,False,Mean number of larvae m^-2 calculated using: mean number of larvae m^-2 = mean number of larvae shoot^-1 * mean number of shoots m^-2. Sampled in 6.8ha sub plot of whole 20ha area.,53,343,47,5.833333333333333,52.166666666666664
2729,14,1951,1964,14,0,0,,,0,0,0,,,False,Bupalus piniaria,Insecta,Coniferous forest,Netherlands,Europe,Count,Pupae,Sample,per m^2,4.0,14.0,1.0,False,Pupal density was assessed in April. 24m^2 were searched for pupae. Sampled in 6.8ha sub plot of whole 20ha area.,53,343,47,5.833333333333333,52.166666666666664
2730,14,1951,1964,14,0,0,,,0,0,0,,,False,Bupalus piniaria,Insecta,Coniferous forest,Netherlands,Europe,Count,Adults,Sample,per m^2,4.0,14.0,1.0,False,"Moth density in May-June. In 1951 and 1953, wooden traps were used to catch moths. In all other years the emerging moths were counted in 40-60 wholly open squares scattered randomly throughout thr study area. Sampled in 6.8ha sub plot of whole 20ha area.",53,343,47,5.833333333333333,52.166666666666664
2731,11,1949,1959,11,0,0,,,0,0,0,,,False,Perdix perdix,Aves,Mixed habitat,UK - England,Europe,Count,Pairs,Sample,None,3.0,11.0,1.0,False,None,57,356,409,-1.8833333333333333,50.916666666666664
2732,21,1943,1963,21,0,0,1957.0,1957.0,0,0,0,,,False,Lagopus mutus,Aves,Heath or Moor,UK - Scotland,Europe,Count,All Individuals,Sample,per 10 km transect,3.0,21.0,1.0,False,"Numbers of adult partimigan counted during walks, May-August. The area is arctic-alpine ground almost untouched by man.",58,10749,734,-3.5833333333333335,57.166666666666664
2733,18,1946,1963,18,0,0,1957.0,1957.0,0,0,0,,,False,Lagopus mutus,Aves,Heath or Moor,UK - Scotland,Europe,Count,All Individuals,Sample,per 10 km transect,2.0,18.0,1.0,False,"Numbers of adult partimigan counted during walks, Sep-March. The area is arctic-alpine ground almost untouched by man.",58,10749,734,-3.5833333333333335,57.166666666666664
2734,12,1951,1963,13,1,0,,,0,0,0,,,False,Lagopus mutus,Aves,Heath or Moor,UK - Scotland,Europe,Count,Adults,Sample,per 500 hectares,2.0,13.0,1.0,False,August estimate. The area is arctic-alpine ground almost untouched by man.,58,357,734,-3.6666666666666665,57.083333333333336
2735,20,1944,1963,20,0,0,1958.0,1958.0,0,0,0,,,False,Lagopus mutus,Aves,Heath or Moor,UK - Scotland,Europe,Count,All Individuals,Sample,per 10 km transect,2.0,20.0,1.0,False,"Numbers of adult partimigan counted during walks, May-August. The area is arctic-alpine ground almost untouched by man.",58,358,734,-3.25,56.916666666666664
2736,20,1944,1963,20,0,0,1958.0,1958.0,0,0,0,,,False,Lagopus mutus,Aves,Heath or Moor,UK - Scotland,Europe,Count,All Individuals,Sample,per 10 km transect,2.0,20.0,1.0,False,"Numbers of adult partimigan counted during walks, Sep-March. The area is arctic-alpine ground almost untouched by man.",58,358,734,-3.25,56.916666666666664
2737,17,1945,1963,19,2,0,,,0,0,0,,,False,Lagopus mutus,Aves,Heath or Moor,UK - Scotland,Europe,Count,All Individuals,Sample,per 10 km transect,2.0,19.0,1.0,False,"Numbers of adult partimigan counted during walks, May-August. The area is arctic-alpine ground almost untouched by man.",58,359,734,-3.4166666666666665,56.833333333333336
2738,16,1947,1963,17,1,0,1956.0,1956.0,0,0,0,,,False,Lagopus mutus,Aves,Heath or Moor,UK - Scotland,Europe,Count,All Individuals,Sample,per 10 km transect,2.0,17.0,1.0,False,"Numbers of adult partimigan counted during walks, Sep-March. The area is arctic-alpine ground almost untouched by man.",58,359,734,-3.4166666666666665,56.833333333333336
2739,16,1964,1979,16,0,0,,,0,0,0,,,False,Anser caerulescens caerulescens,Aves,Unspecified habitat or no information,Canada,North America,Count,All Individuals,Sample,None,3.0,16.0,1.0,False,None,61,362,729,-77.0,57.833333333333336
2740,11,1952,1962,11,0,0,,,0,0,0,,,False,Halichoerus grypus,Mammalia,Island,UK - England,Europe,Count,Calves,Sample,None,3.0,11.0,1.0,False,"Corrected totals of calves born. 1952, 53 & 54 corrected because of few visits. 1956 & 1959 corrected because of a long gap between visits. 1958 corrected because of no visit in December.",60,360,735,-1.5833333333333335,55.583333333333336
2741,10,1952,1962,11,1,0,,,0,0,0,,,False,Halichoerus grypus,Mammalia,Island,UK - England,Europe,Count,Calves,Sample,None,3.0,11.0,1.0,False,Corrected totals of calves born. 1952 & 1953 corrected because of few visits. 1958 corrected because of no visit in December.,60,361,735,-1.5833333333333335,55.583333333333336
2742,41,1950,1992,43,2,0,1961.0,1961.0,0,0,0,,,False,Cancer magister,Crustacea,Coastal,USA,North America,Harvest,Catch,Harvest,None,3.0,43.0,1.0,False,None,54,344,736,-122.0,36.75
2743,43,1950,1992,43,0,0,1964.0,1964.0,0,0,0,,,False,Cancer magister,Crustacea,Coastal,USA,North America,Harvest,Catch,Harvest,None,3.0,43.0,1.0,False,None,54,345,736,-123.03333333333333,38.333333333333336
2744,43,1950,1992,43,0,0,1972.0,1972.0,0,0,0,,,False,Cancer magister,Crustacea,Coastal,USA,North America,Harvest,Catch,Harvest,None,3.0,43.0,1.0,False,None,54,346,736,-123.83333333333333,39.5
2745,43,1950,1992,43,0,0,1962.0,1962.0,0,0,0,,,False,Cancer magister,Crustacea,Coastal,USA,North America,Harvest,Catch,Harvest,None,3.0,43.0,1.0,False,None,54,347,736,-124.0,40.833333333333336
2746,43,1950,1992,43,0,1,1971.0,1971.0,0,0,0,,,False,Cancer magister,Crustacea,Coastal,USA,North America,Harvest,Catch,Harvest,None,3.0,43.0,1.0,False,None,54,348,736,-124.33333333333333,42.5
2747,43,1950,1992,43,0,1,,,9,0,9,1979.0,1987.0,False,Cancer magister,Crustacea,Coastal,USA,North America,Harvest,Catch,Harvest,None,3.0,43.0,1.0,False,None,54,349,736,-124.16666666666667,43.666666666666664
2748,43,1950,1992,43,0,1,,,9,0,9,1979.0,1987.0,False,Cancer magister,Crustacea,Coastal,USA,North America,Harvest,Catch,Harvest,None,3.0,43.0,1.0,False,None,54,350,736,-123.91666666666667,44.666666666666664
2749,43,1950,1992,43,0,1,,,9,0,9,1979.0,1987.0,False,Cancer magister,Crustacea,Coastal,USA,North America,Harvest,Catch,Harvest,None,3.0,43.0,1.0,False,None,54,351,736,-123.66666666666667,45.5
2750,43,1950,1992,43,0,1,,,9,0,9,1979.0,1987.0,False,Cancer magister,Crustacea,Coastal,USA,North America,Harvest,Catch,Harvest,None,3.0,43.0,1.0,False,None,54,352,736,-123.91666666666667,46.25
2751,43,1950,1992,43,0,0,,,9,0,9,1979.0,1987.0,False,Cancer magister,Crustacea,Coastal,USA,North America,Harvest,Catch,Harvest,None,3.0,43.0,1.0,False,None,54,353,736,-124.0,46.916666666666664
2752,43,1950,1992,43,0,0,,,9,0,9,1979.0,1987.0,False,Cancer magister,Crustacea,Coastal,USA,North America,Harvest,Catch,Harvest,None,3.0,43.0,1.0,False,This is the total of the data at location IDs 344-353 inclusive.,54,354,736,-124.0,42.5
2753,13,1947,1960,14,1,0,,,0,0,0,,,False,Lampetra planeri,Cephalaspidomorphi,Fluvial,UK - England,Europe,Harvest,Catch,per visit,None,3.0,14.0,1.0,False,Record of adult lampreys taken in the river Yeo during the spawning season (March/April).,52,342,737,-2.6666666666666665,51.333333333333336
2755,13,1949,1961,13,0,0,,,0,0,0,,,False,Callipepla californica,Aves,Deciduous forest,New Zealand,Australia,Count,All Individuals,Sample,None,2.0,13.0,1.0,False,Shooting diary data for adults.,51,341,738,169.36666666666667,-45.18333333333333
2756,10,1949,1961,13,3,0,,,0,0,0,,,False,Callipepla californica,Aves,Grassland,New Zealand,Australia,Count,All Individuals,Sample,None,2.0,13.0,1.0,False,There is a large covey here that has been protected from shooting for about 25 years. The birds spend most of their time in an area of 100 acres.,51,10738,738,169.23333333333332,-45.05
2757,24,1940,1963,24,0,0,,,0,0,0,,,False,Phoenicurus ochruros,Aves,Unspecified habitat or no information,UK - England,Europe,Count,Males,Sample,None,2.0,24.0,1.0,False,None,66,366,740,-0.16666666666666666,51.5
2758,24,1940,1963,24,0,0,,,0,0,0,,,False,Phoenicurus ochruros,Aves,Unspecified habitat or no information,United Kingdom,Europe,Count,Males,Sample,None,2.0,24.0,1.0,False,None,66,367,740,-1.5,54.0
2759,57,1908,1964,57,0,0,,,23,0,23,1937.0,1959.0,False,Oncorhynchus nerka,Osteichthyes,Fluvial,Canada,North America,Count,All Individuals,Sample (estimated),None,2.0,57.0,1.0,False,None,64,364,739,-129.33333333333334,54.5
2770,33,1928,1960,33,0,0,,,0,0,0,,,False,Phylloscopus collybita,Aves,Deciduous forest,UK - England,Europe,Count,All Individuals,Sample,None,4.0,34.0,1.0,False,None,63,363,224,-2.3333333333333335,51.833333333333336
2771,33,1928,1960,33,0,0,1957.0,1957.0,0,0,0,,,False,Phylloscopus trochilus,Aves,Deciduous forest,UK - England,Europe,Count,All Individuals,Sample,None,4.0,34.0,1.0,False,None,63,363,223,-2.3333333333333335,51.833333333333336
2772,34,1927,1960,34,0,0,,,0,0,0,,,False,Luscinia megahrynchos,Aves,Deciduous forest,UK - England,Europe,Count,All Individuals,Sample,None,4.0,34.0,1.0,False,None,63,363,218,-2.3333333333333335,51.833333333333336
2773,32,1928,1967,40,8,0,,,0,0,0,,,False,Haematopus ostralegus,Aves,Island,UK - Wales,Europe,Count,Pairs,Sample,None,4.0,40.0,1.0,False,None,62,18,9,-5.15,51.7
2774,33,1928,1967,40,7,0,,,0,0,0,,,False,Vanellus vanellus,Aves,Island,UK - Wales,Europe,Count,Pairs,Sample,None,4.0,40.0,1.0,False,0.5 was used when the figure was estimated as between two figures. Eg. 17.5 means 17-18 pairs.,62,18,65,-5.15,51.7
2775,33,1928,1967,40,7,1,,,0,0,0,,,False,Alauda arvensis,Aves,Island,UK - Wales,Europe,Count,Pairs,Sample,None,4.0,40.0,1.0,False,0.5 was used when the figure was estimated as between two figures. Eg. 17.5 means 17-18 pairs.,62,18,63,-5.15,51.7
2776,34,1928,1967,40,6,0,,,0,0,0,,,False,Corvus corax,Aves,Island,UK - Wales,Europe,Count,Pairs,Sample,None,4.0,40.0,1.0,False,None,62,18,70,-5.15,51.7
2777,32,1928,1967,40,8,0,,,0,0,0,,,False,Corvus corone,Aves,Island,UK - Wales,Europe,Count,Pairs,Sample,None,4.0,40.0,1.0,False,None,62,18,68,-5.15,51.7
2778,30,1928,1967,40,10,0,,,0,0,0,,,False,Oenanthe oenanthe,Aves,Island,UK - Wales,Europe,Count,Pairs,Sample,None,4.0,40.0,1.0,False,0.5 was used when the figure was estimated as between two figures. Eg. 17.5 means 17-18 pairs.,62,18,62,-5.15,51.7
2779,16,1928,1967,40,24,0,,1939.0,0,0,0,,,False,Prunella modularis,Aves,Island,UK - Wales,Europe,Count,Pairs,Sample,None,4.0,40.0,1.0,False,None,62,18,69,-5.15,51.7
2780,22,1928,1967,40,18,0,,,0,0,0,,,False,Anthus pratensis,Aves,Island,UK - Wales,Europe,Count,Pairs,Sample,None,4.0,40.0,1.0,False,None,62,18,61,-5.15,51.7
2781,22,1946,1967,22,0,0,,,0,0,0,,,False,Sturnus vulgaris,Aves,Island,UK - Wales,Europe,Count,Pairs,Sample,None,4.0,22.0,1.0,False,0.5 was used when the figure was estimated as between two figures. Eg. 17.5 means 17-18 pairs.,62,18,64,-5.15,51.7
2782,9,1976,1985,10,1,1,,,0,0,0,,,False,Ochlodes venata,Insecta,Grassland,UK - England,Europe,Count,All Individuals,Sample,Unknown,4.0,10.0,1.0,False,None,79,377,243,-0.9166666666666666,51.666666666666664
2783,10,1976,1985,10,0,0,,,0,0,0,,,False,Hesperia comma,Insecta,Grassland,UK - England,Europe,Count,All Individuals,Sample,Unknown,4.0,10.0,1.0,False,None,79,377,768,-0.9166666666666666,51.666666666666664
2784,7,1976,1983,8,1,0,,,0,0,0,,,False,Erynnis tages,Insecta,Grassland,UK - England,Europe,Count,All Individuals,Sample,Unknown,4.0,10.0,1.0,False,None,79,377,239,-0.9166666666666666,51.666666666666664
2785,7,1976,1983,8,1,0,,,0,0,0,,,False,Pyrgus malvae,Insecta,Grassland,UK - England,Europe,Count,All Individuals,Sample,Unknown,4.0,10.0,1.0,False,None,79,377,770,-0.9166666666666666,51.666666666666664
2786,10,1976,1985,10,0,9,,,0,0,0,,,False,Colias crocea,Insecta,Grassland,UK - England,Europe,Count,All Individuals,Sample,Unknown,4.0,10.0,1.0,False,None,79,377,773,-0.9166666666666666,51.666666666666664
2787,9,1976,1985,10,1,0,,,0,0,0,,,False,Gonepteryx rhamni,Insecta,Grassland,UK - England,Europe,Count,All Individuals,Sample,Unknown,4.0,10.0,1.0,False,None,79,377,774,-0.9166666666666666,51.666666666666664
2789,9,1976,1985,10,1,0,1983.0,1983.0,0,0,0,,,False,Pieris brassicae,Insecta,Grassland,UK - England,Europe,Count,All Individuals,Sample,Unknown,4.0,10.0,1.0,False,None,79,377,244,-0.9166666666666666,51.666666666666664
2791,9,1976,1985,10,1,0,,,0,0,0,,,False,Pieris rapae,Insecta,Grassland,UK - England,Europe,Count,All Individuals,Sample,Unknown,4.0,10.0,1.0,False,None,79,377,254,-0.9166666666666666,51.666666666666664
2793,8,1976,1985,10,2,2,,,0,0,0,,,False,Pieris napi,Insecta,Grassland,UK - England,Europe,Count,All Individuals,Sample,Unknown,4.0,10.0,1.0,False,None,79,377,240,-0.9166666666666666,51.666666666666664
2794,9,1976,1985,10,1,1,,,0,0,0,,,False,Pieris napi,Insecta,Grassland,UK - England,Europe,Count,All Individuals,Sample,Unknown,4.0,10.0,1.0,False,None,79,377,240,-0.9166666666666666,51.666666666666664
2795,8,1976,1983,8,0,1,,,0,0,0,,,False,Anthocaris cardamines,Insecta,Grassland,UK - England,Europe,Count,All Individuals,Sample,Unknown,4.0,10.0,1.0,False,None,79,377,776,-0.9166666666666666,51.666666666666664
2796,8,1976,1984,9,1,0,,,0,0,0,,,False,Callophrys rubi,Insecta,Grassland,UK - England,Europe,Count,All Individuals,Sample,Unknown,4.0,10.0,1.0,False,None,79,377,777,-0.9166666666666666,51.666666666666664
2797,10,1976,1985,10,0,9,,,0,0,0,,,False,Quercusia quercus,Insecta,Grassland,UK - England,Europe,Count,All Individuals,Sample,Unknown,4.0,10.0,1.0,False,None,79,377,778,-0.9166666666666666,51.666666666666664
2798,10,1976,1985,10,0,1,,,0,0,0,,,False,Lycaena phlaeas,Insecta,Grassland,UK - England,Europe,Count,All Individuals,Sample,Unknown,4.0,10.0,1.0,False,None,79,377,251,-0.9166666666666666,51.666666666666664
2800,9,1976,1985,10,1,0,,,0,0,0,,,False,Aricia agestis,Insecta,Grassland,UK - England,Europe,Count,All Individuals,Sample,Unknown,4.0,10.0,1.0,False,None,79,377,233,-0.9166666666666666,51.666666666666664
2802,9,1976,1985,10,1,0,,,0,0,0,,,False,Polyommatus icarus,Insecta,Grassland,UK - England,Europe,Count,All Individuals,Sample,Unknown,4.0,10.0,1.0,False,None,79,377,237,-0.9166666666666666,51.666666666666664
2804,9,1976,1985,10,1,0,,,0,0,0,,,False,Lysandra coridon,Insecta,Grassland,UK - England,Europe,Count,All Individuals,Sample,Unknown,4.0,10.0,1.0,False,None,79,377,235,-0.9166666666666666,51.666666666666664
2805,10,1976,1985,10,0,2,,,0,0,0,,,False,Celastrina argiolus,Insecta,Grassland,UK - England,Europe,Count,All Individuals,Sample,Unknown,4.0,10.0,1.0,False,None,79,377,781,-0.9166666666666666,51.666666666666664
2807,9,1976,1985,10,1,3,1983.0,1983.0,0,0,0,,,False,Vanessa atalanta,Insecta,Grassland,UK - England,Europe,Count,All Individuals,Sample,Unknown,4.0,10.0,1.0,False,None,79,377,249,-0.9166666666666666,51.666666666666664
2808,9,1976,1985,10,1,5,,,0,0,0,,,False,Vanessa cardui,Insecta,Grassland,UK - England,Europe,Count,All Individuals,Sample,Unknown,4.0,10.0,1.0,False,None,79,377,248,-0.9166666666666666,51.666666666666664
2809,9,1976,1985,10,1,0,,,0,0,0,,,False,Aglais urticae,Insecta,Grassland,UK - England,Europe,Count,All Individuals,Sample,Unknown,4.0,10.0,1.0,False,None,79,377,253,-0.9166666666666666,51.666666666666664
2810,9,1976,1985,10,1,0,,,0,0,0,,,False,Inachis io,Insecta,Grassland,UK - England,Europe,Count,All Individuals,Sample,Unknown,4.0,10.0,1.0,False,None,79,377,258,-0.9166666666666666,51.666666666666664
2812,9,1976,1985,10,1,3,1984.0,1984.0,0,0,0,,,False,Polygonia c-album,Insecta,Grassland,UK - England,Europe,Count,All Individuals,Sample,Unknown,4.0,10.0,1.0,False,None,79,377,236,-0.9166666666666666,51.666666666666664
2813,8,1976,1985,10,2,4,,,0,0,0,,,False,Mesoacidalia aglaja,Insecta,Grassland,UK - England,Europe,Count,All Individuals,Sample,Unknown,4.0,10.0,1.0,False,None,79,377,238,-0.9166666666666666,51.666666666666664
2814,9,1976,1985,10,1,0,,,0,0,0,,,False,Pararge aegeria,Insecta,Grassland,UK - England,Europe,Count,All Individuals,Sample,Unknown,4.0,10.0,1.0,False,None,79,377,255,-0.9166666666666666,51.666666666666664
2815,9,1976,1985,10,1,1,,,0,0,0,,,False,Lasiommata megera,Insecta,Grassland,UK - England,Europe,Count,All Individuals,Sample,Unknown,4.0,10.0,1.0,False,None,79,377,256,-0.9166666666666666,51.666666666666664
2817,10,1976,1985,10,0,1,,,0,0,0,,,False,Melanargia galathea,Insecta,Grassland,UK - England,Europe,Count,All Individuals,Sample,Unknown,4.0,10.0,1.0,False,None,79,377,246,-0.9166666666666666,51.666666666666664
2818,10,1976,1985,10,0,0,,,0,0,0,,,False,Pyronia tithonus,Insecta,Grassland,UK - England,Europe,Count,All Individuals,Sample,Unknown,4.0,10.0,1.0,False,None,79,377,242,-0.9166666666666666,51.666666666666664
2819,9,1976,1985,10,1,0,,,0,0,0,,,False,Maniola jurtina,Insecta,Grassland,UK - England,Europe,Count,All Individuals,Sample,Unknown,4.0,10.0,1.0,False,None,79,377,247,-0.9166666666666666,51.666666666666664
2820,9,1976,1985,10,1,0,,,0,0,0,,,False,Coenonympha pamphilus,Insecta,Grassland,UK - England,Europe,Count,All Individuals,Sample,Unknown,4.0,10.0,1.0,False,None,79,377,252,-0.9166666666666666,51.666666666666664
2821,9,1976,1985,10,1,0,,,0,0,0,,,False,Aphantopus hyperantus,Insecta,Grassland,UK - England,Europe,Count,All Individuals,Sample,Unknown,4.0,10.0,1.0,False,None,79,377,789,-0.9166666666666666,51.666666666666664
2822,9,1976,1985,10,1,0,,,0,0,0,,,False,Thymelicus sylvestris,Insecta,Grassland,UK - England,Europe,Count,All Individuals,Sample,Unknown,4.0,10.0,1.0,False,None,79,377,766,-0.9166666666666666,51.666666666666664
2823,10,1976,1985,10,0,1,,,0,0,0,,,False,Ochlodes venata,Insecta,Grassland,UK - England,Europe,Count,All Individuals,Sample,Unknown,4.0,10.0,1.0,False,None,79,378,243,-0.9166666666666666,51.666666666666664
2824,10,1976,1985,10,0,0,,,0,0,0,,,False,Hesperia comma,Insecta,Grassland,UK - England,Europe,Count,All Individuals,Sample,Unknown,4.0,10.0,1.0,False,None,79,378,768,-0.9166666666666666,51.666666666666664
2825,8,1976,1984,9,1,0,,,0,0,0,,,False,Erynnis tages,Insecta,Grassland,UK - England,Europe,Count,All Individuals,Sample,Unknown,4.0,10.0,1.0,False,None,79,378,239,-0.9166666666666666,51.666666666666664
2826,7,1976,1983,8,1,0,,,0,0,0,,,False,Pyrgus malvae,Insecta,Grassland,UK - England,Europe,Count,All Individuals,Sample,Unknown,4.0,10.0,1.0,False,None,79,378,770,-0.9166666666666666,51.666666666666664
2829,10,1976,1985,10,0,0,,,0,0,0,,,False,Gonepteryx rhamni,Insecta,Grassland,UK - England,Europe,Count,All Individuals,Sample,Unknown,4.0,10.0,1.0,False,None,79,378,774,-0.9166666666666666,51.666666666666664
2831,7,1979,1985,7,0,0,,,0,0,0,,,False,Pieris brassicae,Insecta,Grassland,UK - England,Europe,Count,All Individuals,Sample,Unknown,4.0,10.0,1.0,False,None,79,378,244,-0.9166666666666666,51.666666666666664
2833,10,1976,1985,10,0,0,,,0,0,0,,,False,Pieris rapae,Insecta,Grassland,UK - England,Europe,Count,All Individuals,Sample,Unknown,4.0,10.0,1.0,False,None,79,378,254,-0.9166666666666666,51.666666666666664
2835,7,1977,1984,8,1,0,,,0,0,0,,,False,Pieris napi,Insecta,Grassland,UK - England,Europe,Count,All Individuals,Sample,Unknown,4.0,10.0,1.0,False,None,79,378,240,-0.9166666666666666,51.666666666666664
2836,9,1977,1985,9,0,0,,,0,0,0,,,False,Pieris napi,Insecta,Grassland,UK - England,Europe,Count,All Individuals,Sample,Unknown,4.0,10.0,1.0,False,None,79,378,240,-0.9166666666666666,51.666666666666664
2837,7,1977,1985,9,2,2,,,0,0,0,,,False,Anthocaris cardamines,Insecta,Grassland,UK - England,Europe,Count,All Individuals,Sample,Unknown,4.0,10.0,1.0,False,None,79,378,776,-0.9166666666666666,51.666666666666664
2838,8,1976,1984,9,1,1,,,0,0,0,,,False,Callophrys rubi,Insecta,Grassland,UK - England,Europe,Count,All Individuals,Sample,Unknown,4.0,10.0,1.0,False,None,79,378,777,-0.9166666666666666,51.666666666666664
2840,9,1976,1985,10,1,0,1982.0,1982.0,0,0,0,,,False,Lycaena phlaeas,Insecta,Grassland,UK - England,Europe,Count,All Individuals,Sample,Unknown,4.0,10.0,1.0,False,None,79,378,251,-0.9166666666666666,51.666666666666664
2842,9,1976,1984,9,0,0,,,0,0,0,,,False,Aricia agestis,Insecta,Grassland,UK - England,Europe,Count,All Individuals,Sample,Unknown,4.0,10.0,1.0,False,None,79,378,233,-0.9166666666666666,51.666666666666664
2844,10,1976,1985,10,0,0,,1985.0,0,0,0,,,False,Polyommatus icarus,Insecta,Grassland,UK - England,Europe,Count,All Individuals,Sample,Unknown,4.0,10.0,1.0,False,None,79,378,237,-0.9166666666666666,51.666666666666664
2846,10,1976,1985,10,0,1,,,0,0,0,,,False,Lysandra coridon,Insecta,Grassland,UK - England,Europe,Count,All Individuals,Sample,Unknown,4.0,10.0,1.0,False,None,79,378,235,-0.9166666666666666,51.666666666666664
2849,10,1976,1985,10,0,4,,,0,0,0,,,False,Vanessa atalanta,Insecta,Grassland,UK - England,Europe,Count,All Individuals,Sample,Unknown,4.0,10.0,1.0,False,None,79,378,249,-0.9166666666666666,51.666666666666664
2851,10,1976,1985,10,0,0,,,0,0,0,,,False,Aglais urticae,Insecta,Grassland,UK - England,Europe,Count,All Individuals,Sample,Unknown,4.0,10.0,1.0,False,None,79,378,253,-0.9166666666666666,51.666666666666664
2852,10,1976,1985,10,0,0,,,0,0,0,,,False,Inachis io,Insecta,Grassland,UK - England,Europe,Count,All Individuals,Sample,Unknown,4.0,10.0,1.0,False,None,79,378,258,-0.9166666666666666,51.666666666666664
2854,10,1976,1985,10,0,3,,,0,0,0,,,False,Polygonia c-album,Insecta,Grassland,UK - England,Europe,Count,All Individuals,Sample,Unknown,4.0,10.0,1.0,False,None,79,378,236,-0.9166666666666666,51.666666666666664
2855,10,1976,1985,10,0,0,,,0,0,0,,,False,Mesoacidalia aglaja,Insecta,Grassland,UK - England,Europe,Count,All Individuals,Sample,Unknown,4.0,10.0,1.0,False,None,79,378,238,-0.9166666666666666,51.666666666666664
2856,10,1976,1985,10,0,0,,,0,0,0,,,False,Pararge aegeria,Insecta,Grassland,UK - England,Europe,Count,All Individuals,Sample,Unknown,4.0,10.0,1.0,False,None,79,378,255,-0.9166666666666666,51.666666666666664
2857,10,1976,1985,10,0,0,,1985.0,0,0,0,,,False,Lasiommata megera,Insecta,Grassland,UK - England,Europe,Count,All Individuals,Sample,Unknown,4.0,10.0,1.0,False,None,79,378,256,-0.9166666666666666,51.666666666666664
2859,10,1976,1985,10,0,0,,,0,0,0,,,False,Melanargia galathea,Insecta,Grassland,UK - England,Europe,Count,All Individuals,Sample,Unknown,4.0,10.0,1.0,False,None,79,378,246,-0.9166666666666666,51.666666666666664
2860,10,1976,1985,10,0,0,,,0,0,0,,,False,Pyronia tithonus,Insecta,Grassland,UK - England,Europe,Count,All Individuals,Sample,Unknown,4.0,10.0,1.0,False,None,79,378,242,-0.9166666666666666,51.666666666666664
2861,10,1976,1985,10,0,0,,,0,0,0,,,False,Maniola jurtina,Insecta,Grassland,UK - England,Europe,Count,All Individuals,Sample,Unknown,4.0,10.0,1.0,False,None,79,378,247,-0.9166666666666666,51.666666666666664
2862,10,1976,1985,10,0,0,,,0,0,0,,,False,Coenonympha pamphilus,Insecta,Grassland,UK - England,Europe,Count,All Individuals,Sample,Unknown,4.0,10.0,1.0,False,None,79,378,252,-0.9166666666666666,51.666666666666664
2863,9,1976,1985,10,1,0,,,0,0,0,,,False,Aphantopus hyperantus,Insecta,Grassland,UK - England,Europe,Count,All Individuals,Sample,Unknown,4.0,10.0,1.0,False,None,79,378,789,-0.9166666666666666,51.666666666666664
2864,10,1976,1985,10,0,0,,,0,0,0,,,False,Thymelicus sylvestris,Insecta,Grassland,UK - England,Europe,Count,All Individuals,Sample,Unknown,4.0,10.0,1.0,False,None,79,378,766,-0.9166666666666666,51.666666666666664
2865,10,1976,1985,10,0,0,,,0,0,0,,,False,Ochlodes venata,Insecta,Coniferous forest,UK - England,Europe,Count,All Individuals,Sample,Unknown,4.0,10.0,1.0,False,None,79,379,243,-0.23333333333333334,52.4
2867,10,1976,1985,10,0,0,,,0,0,0,,,False,Gonepteryx rhamni,Insecta,Coniferous forest,UK - England,Europe,Count,All Individuals,Sample,Unknown,4.0,10.0,1.0,False,None,79,379,774,-0.23333333333333334,52.4
2869,10,1976,1985,10,0,0,,,0,0,0,,,False,Pieris brassicae,Insecta,Coniferous forest,UK - England,Europe,Count,All Individuals,Sample,Unknown,4.0,10.0,1.0,False,None,79,379,244,-0.23333333333333334,52.4
2872,10,1976,1985,10,0,1,,,0,0,0,,,False,Pieris rapae,Insecta,Coniferous forest,UK - England,Europe,Count,All Individuals,Sample,Unknown,4.0,10.0,1.0,False,None,79,379,254,-0.23333333333333334,52.4
2873,10,1976,1985,10,0,0,,,0,0,0,,,False,Pieris napi,Insecta,Coniferous forest,UK - England,Europe,Count,All Individuals,Sample,Unknown,4.0,10.0,1.0,False,None,79,379,240,-0.23333333333333334,52.4
2874,10,1976,1985,10,0,0,,,0,0,0,,,False,Pieris napi,Insecta,Coniferous forest,UK - England,Europe,Count,All Individuals,Sample,Unknown,4.0,10.0,1.0,False,None,79,379,240,-0.23333333333333334,52.4
2875,10,1976,1985,10,0,1,,,0,0,0,,,False,Anthocaris cardamines,Insecta,Coniferous forest,UK - England,Europe,Count,All Individuals,Sample,Unknown,4.0,10.0,1.0,False,None,79,379,776,-0.23333333333333334,52.4
2878,10,1976,1985,10,0,2,,1985.0,0,0,0,,,False,Lycaena phlaeas,Insecta,Coniferous forest,UK - England,Europe,Count,All Individuals,Sample,Unknown,4.0,10.0,1.0,False,None,79,379,251,-0.23333333333333334,52.4
2879,10,1976,1985,10,0,2,,,0,0,0,,,False,Polyommatus icarus,Insecta,Coniferous forest,UK - England,Europe,Count,All Individuals,Sample,Unknown,4.0,10.0,1.0,False,None,79,379,237,-0.23333333333333334,52.4
2883,10,1976,1985,10,0,6,,,0,0,0,,,False,Ladoga camilla,Insecta,Coniferous forest,UK - England,Europe,Count,All Individuals,Sample,Unknown,4.0,10.0,1.0,False,None,79,379,782,-0.23333333333333334,52.4
2884,10,1976,1985,10,0,2,,,0,0,0,,,False,Vanessa atalanta,Insecta,Coniferous forest,UK - England,Europe,Count,All Individuals,Sample,Unknown,4.0,10.0,1.0,False,None,79,379,249,-0.23333333333333334,52.4
2885,10,1976,1985,10,0,3,,,0,0,0,,,False,Vanessa cardui,Insecta,Coniferous forest,UK - England,Europe,Count,All Individuals,Sample,Unknown,4.0,10.0,1.0,False,None,79,379,248,-0.23333333333333334,52.4
2886,10,1976,1985,10,0,0,,,0,0,0,,,False,Aglais urticae,Insecta,Coniferous forest,UK - England,Europe,Count,All Individuals,Sample,Unknown,4.0,10.0,1.0,False,None,79,379,253,-0.23333333333333334,52.4
2887,10,1976,1985,10,0,0,,,0,0,0,,,False,Inachis io,Insecta,Coniferous forest,UK - England,Europe,Count,All Individuals,Sample,Unknown,4.0,10.0,1.0,False,None,79,379,258,-0.23333333333333334,52.4
2889,10,1976,1985,10,0,3,,,0,0,0,,,False,Polygonia c-album,Insecta,Coniferous forest,UK - England,Europe,Count,All Individuals,Sample,Unknown,4.0,10.0,1.0,False,None,79,379,236,-0.23333333333333334,52.4
2890,10,1976,1985,10,0,0,,,0,0,0,,,False,Pararge aegeria,Insecta,Coniferous forest,UK - England,Europe,Count,All Individuals,Sample,Unknown,4.0,10.0,1.0,False,None,79,379,255,-0.23333333333333334,52.4
2891,10,1976,1985,10,0,1,,1985.0,0,0,0,,,False,Lasiommata megera,Insecta,Coniferous forest,UK - England,Europe,Count,All Individuals,Sample,Unknown,4.0,10.0,1.0,False,None,79,379,256,-0.23333333333333334,52.4
2893,9,1976,1985,10,1,0,,,0,0,0,,,False,Pyronia tithonus,Insecta,Coniferous forest,UK - England,Europe,Count,All Individuals,Sample,Unknown,4.0,10.0,1.0,False,None,79,379,242,-0.23333333333333334,52.4
2894,10,1976,1985,10,0,0,,,0,0,0,,,False,Maniola jurtina,Insecta,Coniferous forest,UK - England,Europe,Count,All Individuals,Sample,Unknown,4.0,10.0,1.0,False,None,79,379,247,-0.23333333333333334,52.4
2895,10,1976,1985,10,0,2,,1985.0,0,0,0,,,False,Coenonympha pamphilus,Insecta,Coniferous forest,UK - England,Europe,Count,All Individuals,Sample,Unknown,4.0,10.0,1.0,False,None,79,379,252,-0.23333333333333334,52.4
2896,10,1976,1985,10,0,0,,,0,0,0,,,False,Aphantopus hyperantus,Insecta,Coniferous forest,UK - England,Europe,Count,All Individuals,Sample,Unknown,4.0,10.0,1.0,False,None,79,379,789,-0.23333333333333334,52.4
2897,9,1976,1985,10,1,0,,,0,0,0,,,False,Thymelicus sylvestris,Insecta,Coniferous forest,UK - England,Europe,Count,All Individuals,Sample,Unknown,4.0,10.0,1.0,False,None,79,379,766,-0.23333333333333334,52.4
2898,10,1976,1985,10,0,4,,,0,0,0,,,False,Ochlodes venata,Insecta,Agricultural,UK - Wales,Europe,Count,All Individuals,Sample,Unknown,4.0,10.0,1.0,False,None,79,380,243,-2.75,51.6
2901,10,1976,1985,10,0,7,,,0,0,0,,,False,Gonepteryx rhamni,Insecta,Agricultural,UK - Wales,Europe,Count,All Individuals,Sample,Unknown,4.0,10.0,1.0,False,None,79,380,774,-2.75,51.6
2903,10,1976,1985,10,0,0,,,0,0,0,,,False,Pieris brassicae,Insecta,Agricultural,UK - Wales,Europe,Count,All Individuals,Sample,Unknown,4.0,10.0,1.0,False,None,79,380,244,-2.75,51.6
2905,10,1976,1985,10,0,0,,1985.0,0,0,0,,,False,Pieris rapae,Insecta,Agricultural,UK - Wales,Europe,Count,All Individuals,Sample,Unknown,4.0,10.0,1.0,False,None,79,380,254,-2.75,51.6
2907,10,1976,1985,10,0,0,,,0,0,0,,,False,Pieris napi,Insecta,Agricultural,UK - Wales,Europe,Count,All Individuals,Sample,Unknown,4.0,10.0,1.0,False,None,79,380,240,-2.75,51.6
2908,10,1976,1985,10,0,1,1984.0,1984.0,0,0,0,,,False,Pieris napi,Insecta,Agricultural,UK - Wales,Europe,Count,All Individuals,Sample,Unknown,4.0,10.0,1.0,False,None,79,380,240,-2.75,51.6
2909,10,1976,1985,10,0,0,,,0,0,0,,,False,Anthocaris cardamines,Insecta,Agricultural,UK - Wales,Europe,Count,All Individuals,Sample,Unknown,4.0,10.0,1.0,False,None,79,380,776,-2.75,51.6
2912,10,1976,1985,10,0,3,,,0,0,0,,,False,Lycaena phlaeas,Insecta,Agricultural,UK - Wales,Europe,Count,All Individuals,Sample,Unknown,4.0,10.0,1.0,False,None,79,380,251,-2.75,51.6
2915,10,1976,1985,10,0,0,,,0,0,0,,,False,Polyommatus icarus,Insecta,Agricultural,UK - Wales,Europe,Count,All Individuals,Sample,Unknown,4.0,10.0,1.0,False,None,79,380,237,-2.75,51.6
2917,10,1976,1985,10,0,1,,,0,0,0,,,False,Celastrina argiolus,Insecta,Agricultural,UK - Wales,Europe,Count,All Individuals,Sample,Unknown,4.0,10.0,1.0,False,None,79,380,781,-2.75,51.6
2919,10,1976,1985,10,0,5,,1985.0,0,0,0,,,False,Vanessa atalanta,Insecta,Agricultural,UK - Wales,Europe,Count,All Individuals,Sample,Unknown,4.0,10.0,1.0,False,None,79,380,249,-2.75,51.6
2920,10,1976,1985,10,0,5,,,0,0,0,,,False,Vanessa cardui,Insecta,Agricultural,UK - Wales,Europe,Count,All Individuals,Sample,Unknown,4.0,10.0,1.0,False,None,79,380,248,-2.75,51.6
2921,10,1976,1985,10,0,0,,,0,0,0,,,False,Aglais urticae,Insecta,Agricultural,UK - Wales,Europe,Count,All Individuals,Sample,Unknown,4.0,10.0,1.0,False,None,79,380,253,-2.75,51.6
2922,10,1976,1985,10,0,1,,,0,0,0,,,False,Inachis io,Insecta,Agricultural,UK - Wales,Europe,Count,All Individuals,Sample,Unknown,4.0,10.0,1.0,False,None,79,380,258,-2.75,51.6
2924,10,1976,1985,10,0,2,1984.0,1984.0,0,0,0,,,False,Polygonia c-album,Insecta,Agricultural,UK - Wales,Europe,Count,All Individuals,Sample,Unknown,4.0,10.0,1.0,False,None,79,380,236,-2.75,51.6
2925,10,1976,1985,10,0,0,,,0,0,0,,,False,Pararge aegeria,Insecta,Agricultural,UK - Wales,Europe,Count,All Individuals,Sample,Unknown,4.0,10.0,1.0,False,None,79,380,255,-2.75,51.6
2926,10,1976,1985,10,0,4,,1985.0,0,0,0,,,False,Lasiommata megera,Insecta,Agricultural,UK - Wales,Europe,Count,All Individuals,Sample,Unknown,4.0,10.0,1.0,False,None,79,380,256,-2.75,51.6
2928,10,1976,1985,10,0,5,,,0,0,0,,,False,Melanargia galathea,Insecta,Agricultural,UK - Wales,Europe,Count,All Individuals,Sample,Unknown,4.0,10.0,1.0,False,None,79,380,246,-2.75,51.6
2929,10,1976,1985,10,0,0,,,0,0,0,,,False,Pyronia tithonus,Insecta,Agricultural,UK - Wales,Europe,Count,All Individuals,Sample,Unknown,4.0,10.0,1.0,False,None,79,380,242,-2.75,51.6
2930,10,1976,1985,10,0,0,,,0,0,0,,,False,Maniola jurtina,Insecta,Agricultural,UK - Wales,Europe,Count,All Individuals,Sample,Unknown,4.0,10.0,1.0,False,None,79,380,247,-2.75,51.6
2931,10,1976,1985,10,0,0,,,0,0,0,,,False,Coenonympha pamphilus,Insecta,Agricultural,UK - Wales,Europe,Count,All Individuals,Sample,Unknown,4.0,10.0,1.0,False,None,79,380,252,-2.75,51.6
2933,10,1976,1985,10,0,4,,1985.0,0,0,0,,,False,Thymelicus sylvestris,Insecta,Agricultural,UK - Wales,Europe,Count,All Individuals,Sample,Unknown,4.0,10.0,1.0,False,None,79,380,766,-2.75,51.6
2934,9,1976,1985,10,1,0,,,0,0,0,,,False,Papilio machaon,Insecta,Wetland,UK - England,Europe,Count,All Individuals,Sample,Unknown,4.0,10.0,1.0,False,None,79,381,769,1.3333333333333333,52.666666666666664
2935,8,1977,1985,9,1,0,,,0,0,0,,,False,Gonepteryx rhamni,Insecta,Wetland,UK - England,Europe,Count,All Individuals,Sample,Unknown,4.0,10.0,1.0,False,None,79,381,774,1.3333333333333333,52.666666666666664
2937,8,1977,1985,9,1,0,,,0,0,0,,,False,Pieris brassicae,Insecta,Wetland,UK - England,Europe,Count,All Individuals,Sample,Unknown,4.0,10.0,1.0,False,None,79,381,244,1.3333333333333333,52.666666666666664
2939,8,1977,1985,9,1,0,,,0,0,0,,,False,Pieris rapae,Insecta,Wetland,UK - England,Europe,Count,All Individuals,Sample,Unknown,4.0,10.0,1.0,False,None,79,381,254,1.3333333333333333,52.666666666666664
2941,7,1977,1984,8,1,0,,,0,0,0,,,False,Pieris napi,Insecta,Wetland,UK - England,Europe,Count,All Individuals,Sample,Unknown,4.0,10.0,1.0,False,None,79,381,240,1.3333333333333333,52.666666666666664
2942,9,1976,1985,10,1,1,,,0,0,0,,,False,Pieris napi,Insecta,Wetland,UK - England,Europe,Count,All Individuals,Sample,Unknown,4.0,10.0,1.0,False,None,79,381,240,1.3333333333333333,52.666666666666664
2943,7,1977,1984,8,1,0,,,0,0,0,,,False,Anthocaris cardamines,Insecta,Wetland,UK - England,Europe,Count,All Individuals,Sample,Unknown,4.0,10.0,1.0,False,None,79,381,776,1.3333333333333333,52.666666666666664
2952,8,1977,1985,9,1,0,,1985.0,0,0,0,,,False,Vanessa atalanta,Insecta,Wetland,UK - England,Europe,Count,All Individuals,Sample,Unknown,4.0,10.0,1.0,False,None,79,381,249,1.3333333333333333,52.666666666666664
2954,9,1976,1985,10,1,2,,,0,0,0,,,False,Thymelicus sylvestris,Insecta,Wetland,UK - England,Europe,Count,All Individuals,Sample,Unknown,4.0,10.0,1.0,False,None,79,381,766,1.3333333333333333,52.666666666666664
2955,9,1976,1985,10,1,0,,,0,0,0,,,False,Ochlodes venata,Insecta,Grassland,UK - England,Europe,Count,All Individuals,Sample,Unknown,4.0,10.0,1.0,False,None,79,382,243,-0.8333333333333334,51.6
2956,7,1976,1983,8,1,0,,,0,0,0,,,False,Erynnis tages,Insecta,Grassland,UK - England,Europe,Count,All Individuals,Sample,Unknown,4.0,10.0,1.0,False,None,79,382,239,-0.8333333333333334,51.6
2957,7,1976,1983,8,1,0,,,0,0,0,,,False,Pyrgus malvae,Insecta,Grassland,UK - England,Europe,Count,All Individuals,Sample,Unknown,4.0,10.0,1.0,False,None,79,382,770,-0.8333333333333334,51.6
2958,10,1976,1985,10,0,0,,,0,0,0,,,False,Gonepteryx rhamni,Insecta,Grassland,UK - England,Europe,Count,All Individuals,Sample,Unknown,4.0,10.0,1.0,False,None,79,382,774,-0.8333333333333334,51.6
2960,9,1976,1985,10,1,0,,,0,0,0,,,False,Pieris brassicae,Insecta,Grassland,UK - England,Europe,Count,All Individuals,Sample,Unknown,4.0,10.0,1.0,False,None,79,382,244,-0.8333333333333334,51.6
2962,9,1976,1985,10,1,0,,,0,0,0,,,False,Pieris rapae,Insecta,Grassland,UK - England,Europe,Count,All Individuals,Sample,Unknown,4.0,10.0,1.0,False,None,79,382,254,-0.8333333333333334,51.6
2964,7,1976,1983,8,1,2,,,0,0,0,,,False,Pieris napi,Insecta,Grassland,UK - England,Europe,Count,All Individuals,Sample,Unknown,4.0,10.0,1.0,False,None,79,382,240,-0.8333333333333334,51.6
2965,9,1976,1985,10,1,1,,,0,0,0,,,False,Pieris napi,Insecta,Grassland,UK - England,Europe,Count,All Individuals,Sample,Unknown,4.0,10.0,1.0,False,None,79,382,240,-0.8333333333333334,51.6
2966,7,1976,1983,8,1,0,,,0,0,0,,,False,Anthocaris cardamines,Insecta,Grassland,UK - England,Europe,Count,All Individuals,Sample,Unknown,4.0,10.0,1.0,False,None,79,382,776,-0.8333333333333334,51.6
2973,9,1976,1985,10,1,3,,,0,0,0,,,False,Lycaena phlaeas,Insecta,Grassland,UK - England,Europe,Count,All Individuals,Sample,Unknown,4.0,10.0,1.0,False,None,79,382,251,-0.8333333333333334,51.6
2974,10,1976,1985,10,0,0,,,0,0,0,,,False,Aricia agestis,Insecta,Grassland,UK - England,Europe,Count,All Individuals,Sample,Unknown,4.0,10.0,1.0,False,None,79,382,233,-0.8333333333333334,51.6
2976,10,1976,1985,10,0,0,,1985.0,0,0,0,,,False,Polyommatus icarus,Insecta,Grassland,UK - England,Europe,Count,All Individuals,Sample,Unknown,4.0,10.0,1.0,False,None,79,382,237,-0.8333333333333334,51.6
2978,10,1976,1985,10,0,0,,,0,0,0,,,False,Lysandra coridon,Insecta,Grassland,UK - England,Europe,Count,All Individuals,Sample,Unknown,4.0,10.0,1.0,False,None,79,382,235,-0.8333333333333334,51.6
2985,7,1977,1985,9,2,0,,,0,0,0,,,False,Aglais urticae,Insecta,Grassland,UK - England,Europe,Count,All Individuals,Sample,Unknown,4.0,10.0,1.0,False,None,79,382,253,-0.8333333333333334,51.6
2986,10,1976,1985,10,0,0,,,0,0,0,,,False,Inachis io,Insecta,Grassland,UK - England,Europe,Count,All Individuals,Sample,Unknown,4.0,10.0,1.0,False,None,79,382,258,-0.8333333333333334,51.6
2988,10,1976,1985,10,0,8,,,0,0,0,,,False,Polygonia c-album,Insecta,Grassland,UK - England,Europe,Count,All Individuals,Sample,Unknown,4.0,10.0,1.0,False,None,79,382,236,-0.8333333333333334,51.6
2989,9,1976,1985,10,1,2,,,0,0,0,,,False,Mesoacidalia aglaja,Insecta,Grassland,UK - England,Europe,Count,All Individuals,Sample,Unknown,4.0,10.0,1.0,False,None,79,382,238,-0.8333333333333334,51.6
2990,9,1976,1985,10,1,1,,,0,0,0,,,False,Pararge aegeria,Insecta,Grassland,UK - England,Europe,Count,All Individuals,Sample,Unknown,4.0,10.0,1.0,False,None,79,382,255,-0.8333333333333334,51.6
2991,10,1976,1985,10,0,0,,1985.0,0,0,0,,,False,Lasiommata megera,Insecta,Grassland,UK - England,Europe,Count,All Individuals,Sample,Unknown,4.0,10.0,1.0,False,None,79,382,256,-0.8333333333333334,51.6
2993,9,1976,1985,10,1,0,,,0,0,0,,,False,Melanargia galathea,Insecta,Grassland,UK - England,Europe,Count,All Individuals,Sample,Unknown,4.0,10.0,1.0,False,None,79,382,246,-0.8333333333333334,51.6
2994,9,1976,1985,10,1,0,,,0,0,0,,,False,Pyronia tithonus,Insecta,Grassland,UK - England,Europe,Count,All Individuals,Sample,Unknown,4.0,10.0,1.0,False,None,79,382,242,-0.8333333333333334,51.6
2995,9,1976,1985,10,1,0,,,0,0,0,,,False,Maniola jurtina,Insecta,Grassland,UK - England,Europe,Count,All Individuals,Sample,Unknown,4.0,10.0,1.0,False,None,79,382,247,-0.8333333333333334,51.6
2996,9,1976,1985,10,1,0,,,0,0,0,,,False,Coenonympha pamphilus,Insecta,Grassland,UK - England,Europe,Count,All Individuals,Sample,Unknown,4.0,10.0,1.0,False,None,79,382,252,-0.8333333333333334,51.6
2997,9,1976,1985,10,1,0,,,0,0,0,,,False,Aphantopus hyperantus,Insecta,Grassland,UK - England,Europe,Count,All Individuals,Sample,Unknown,4.0,10.0,1.0,False,None,79,382,789,-0.8333333333333334,51.6
2998,9,1976,1985,10,1,0,,,0,0,0,,,False,Thymelicus sylvestris,Insecta,Grassland,UK - England,Europe,Count,All Individuals,Sample,Unknown,4.0,10.0,1.0,False,None,79,382,766,-0.8333333333333334,51.6
2999,10,1976,1985,10,0,0,,,0,0,0,,,False,Ochlodes venata,Insecta,Mixed or unspecified forest,UK - England,Europe,Count,All Individuals,Sample,Unknown,4.0,10.0,1.0,False,None,79,383,243,-0.3333333333333333,52.583333333333336
3001,10,1976,1985,10,0,0,,,0,0,0,,,False,Gonepteryx rhamni,Insecta,Mixed or unspecified forest,UK - England,Europe,Count,All Individuals,Sample,Unknown,4.0,10.0,1.0,False,None,79,383,774,-0.3333333333333333,52.583333333333336
3003,10,1976,1985,10,0,0,,,0,0,0,,,False,Pieris brassicae,Insecta,Mixed or unspecified forest,UK - England,Europe,Count,All Individuals,Sample,Unknown,4.0,10.0,1.0,False,None,79,383,244,-0.3333333333333333,52.583333333333336
3005,10,1976,1985,10,0,0,,,0,0,0,,,False,Anthocaris cardamines,Insecta,Mixed or unspecified forest,UK - England,Europe,Count,All Individuals,Sample,Unknown,4.0,10.0,1.0,False,None,79,383,776,-0.3333333333333333,52.583333333333336
3011,10,1976,1985,10,0,4,,1985.0,0,0,0,,,False,Polyommatus icarus,Insecta,Mixed or unspecified forest,UK - England,Europe,Count,All Individuals,Sample,Unknown,4.0,10.0,1.0,False,None,79,383,237,-0.3333333333333333,52.583333333333336
3016,10,1976,1985,10,0,0,,,0,0,0,,,False,Aglais urticae,Insecta,Mixed or unspecified forest,UK - England,Europe,Count,All Individuals,Sample,Unknown,4.0,10.0,1.0,False,None,79,383,253,-0.3333333333333333,52.583333333333336
3017,10,1976,1985,10,0,0,,,0,0,0,,,False,Inachis io,Insecta,Mixed or unspecified forest,UK - England,Europe,Count,All Individuals,Sample,Unknown,4.0,10.0,1.0,False,None,79,383,258,-0.3333333333333333,52.583333333333336
3019,10,1976,1985,10,0,3,,,0,0,0,,,False,Polygonia c-album,Insecta,Mixed or unspecified forest,UK - England,Europe,Count,All Individuals,Sample,Unknown,4.0,10.0,1.0,False,None,79,383,236,-0.3333333333333333,52.583333333333336
3020,10,1976,1985,10,0,0,,,0,0,0,,,False,Pararge aegeria,Insecta,Mixed or unspecified forest,UK - England,Europe,Count,All Individuals,Sample,Unknown,4.0,10.0,1.0,False,None,79,383,255,-0.3333333333333333,52.583333333333336
3021,10,1976,1985,10,0,1,,1985.0,0,0,0,,,False,Lasiommata megera,Insecta,Mixed or unspecified forest,UK - England,Europe,Count,All Individuals,Sample,Unknown,4.0,10.0,1.0,False,None,79,383,256,-0.3333333333333333,52.583333333333336
3023,10,1976,1985,10,0,0,,,0,0,0,,,False,Pyronia tithonus,Insecta,Mixed or unspecified forest,UK - England,Europe,Count,All Individuals,Sample,Unknown,4.0,10.0,1.0,False,None,79,383,242,-0.3333333333333333,52.583333333333336
3024,10,1976,1985,10,0,0,,,0,0,0,,,False,Maniola jurtina,Insecta,Mixed or unspecified forest,UK - England,Europe,Count,All Individuals,Sample,Unknown,4.0,10.0,1.0,False,None,79,383,247,-0.3333333333333333,52.583333333333336
3025,10,1976,1985,10,0,0,,,0,0,0,,,False,Coenonympha pamphilus,Insecta,Mixed or unspecified forest,UK - England,Europe,Count,All Individuals,Sample,Unknown,4.0,10.0,1.0,False,None,79,383,252,-0.3333333333333333,52.583333333333336
3026,10,1976,1985,10,0,0,,,0,0,0,,,False,Aphantopus hyperantus,Insecta,Mixed or unspecified forest,UK - England,Europe,Count,All Individuals,Sample,Unknown,4.0,10.0,1.0,False,None,79,383,789,-0.3333333333333333,52.583333333333336
3027,10,1976,1985,10,0,0,,,0,0,0,,,False,Thymelicus sylvestris,Insecta,Mixed or unspecified forest,UK - England,Europe,Count,All Individuals,Sample,Unknown,4.0,10.0,1.0,False,None,79,383,766,-0.3333333333333333,52.583333333333336
3028,9,1976,1984,9,0,0,,,0,0,0,,,False,Gonepteryx rhamni,Insecta,Wetland,UK - England,Europe,Count,All Individuals,Sample,Unknown,4.0,10.0,1.0,False,None,79,384,774,0.4166666666666667,52.25
3030,9,1976,1984,9,0,1,1983.0,1983.0,0,0,0,,,False,Pieris brassicae,Insecta,Wetland,UK - England,Europe,Count,All Individuals,Sample,Unknown,4.0,10.0,1.0,False,None,79,384,244,0.4166666666666667,52.25
3032,8,1976,1984,9,1,1,,,0,0,0,,,False,Pieris rapae,Insecta,Wetland,UK - England,Europe,Count,All Individuals,Sample,Unknown,4.0,10.0,1.0,False,None,79,384,254,0.4166666666666667,52.25
3033,7,1976,1983,8,1,0,,,0,0,0,,,False,Pieris napi,Insecta,Wetland,UK - England,Europe,Count,All Individuals,Sample,Unknown,4.0,10.0,1.0,False,None,79,384,240,0.4166666666666667,52.25
3034,8,1976,1984,9,1,0,,,0,0,0,,,False,Pieris napi,Insecta,Wetland,UK - England,Europe,Count,All Individuals,Sample,Unknown,4.0,10.0,1.0,False,None,79,384,240,0.4166666666666667,52.25
3035,8,1976,1983,8,0,1,,,0,0,0,,,False,Anthocaris cardamines,Insecta,Wetland,UK - England,Europe,Count,All Individuals,Sample,Unknown,4.0,10.0,1.0,False,None,79,384,776,0.4166666666666667,52.25
3037,9,1976,1984,9,0,2,,,0,0,0,,,False,Polyommatus icarus,Insecta,Wetland,UK - England,Europe,Count,All Individuals,Sample,Unknown,4.0,10.0,1.0,False,None,79,384,237,0.4166666666666667,52.25
3040,9,1976,1984,9,0,6,,,0,0,0,,,False,Vanessa cardui,Insecta,Wetland,UK - England,Europe,Count,All Individuals,Sample,Unknown,4.0,10.0,1.0,False,None,79,384,248,0.4166666666666667,52.25
3041,9,1976,1984,9,0,0,,,0,0,0,,,False,Inachis io,Insecta,Wetland,UK - England,Europe,Count,All Individuals,Sample,Unknown,4.0,10.0,1.0,False,None,79,384,258,0.4166666666666667,52.25
3043,9,1976,1984,9,0,1,,,0,0,0,,,False,Pieris brassicae,Insecta,Largely unvegetated,UK - Wales,Europe,Count,All Individuals,Sample,Unknown,4.0,10.0,1.0,False,None,79,385,244,-4.05,52.5
3045,9,1976,1984,9,0,0,,,0,0,0,,,False,Pieris rapae,Insecta,Largely unvegetated,UK - Wales,Europe,Count,All Individuals,Sample,Unknown,4.0,10.0,1.0,False,None,79,385,254,-4.05,52.5
3051,10,1976,1985,10,0,0,,,0,0,0,,,False,Polyommatus icarus,Insecta,Largely unvegetated,UK - Wales,Europe,Count,All Individuals,Sample,Unknown,4.0,10.0,1.0,False,None,79,385,237,-4.05,52.5
3053,9,1976,1984,9,0,0,,,0,0,0,,,False,Vanessa atalanta,Insecta,Largely unvegetated,UK - Wales,Europe,Count,All Individuals,Sample,Unknown,4.0,10.0,1.0,False,None,79,385,249,-4.05,52.5
3054,10,1976,1985,10,0,4,,,0,0,0,,,False,Vanessa cardui,Insecta,Largely unvegetated,UK - Wales,Europe,Count,All Individuals,Sample,Unknown,4.0,10.0,1.0,False,None,79,385,248,-4.05,52.5
3055,10,1976,1985,10,0,0,,1985.0,0,0,0,,,False,Aglais urticae,Insecta,Largely unvegetated,UK - Wales,Europe,Count,All Individuals,Sample,Unknown,4.0,10.0,1.0,False,None,79,385,253,-4.05,52.5
3056,10,1976,1985,10,0,0,,1985.0,0,0,0,,,False,Inachis io,Insecta,Largely unvegetated,UK - Wales,Europe,Count,All Individuals,Sample,Unknown,4.0,10.0,1.0,False,None,79,385,258,-4.05,52.5
3058,10,1976,1985,10,0,0,,,0,0,0,,,False,Mesoacidalia aglaja,Insecta,Largely unvegetated,UK - Wales,Europe,Count,All Individuals,Sample,Unknown,4.0,10.0,1.0,False,None,79,385,238,-4.05,52.5
3059,10,1976,1985,10,0,0,,,0,0,0,,,False,Lasiommata megera,Insecta,Largely unvegetated,UK - Wales,Europe,Count,All Individuals,Sample,Unknown,4.0,10.0,1.0,False,None,79,385,256,-4.05,52.5
3061,10,1976,1985,10,0,1,,1985.0,0,0,0,,,False,Hipparchia semele,Insecta,Largely unvegetated,UK - Wales,Europe,Count,All Individuals,Sample,Unknown,4.0,10.0,1.0,False,None,79,385,788,-4.05,52.5
3062,10,1976,1985,10,0,0,,,0,0,0,,,False,Pyronia tithonus,Insecta,Largely unvegetated,UK - Wales,Europe,Count,All Individuals,Sample,Unknown,4.0,10.0,1.0,False,None,79,385,242,-4.05,52.5
3063,9,1976,1985,10,1,0,,,0,0,0,,,False,Maniola jurtina,Insecta,Largely unvegetated,UK - Wales,Europe,Count,All Individuals,Sample,Unknown,4.0,10.0,1.0,False,None,79,385,247,-4.05,52.5
3064,9,1976,1985,10,1,0,,,0,0,0,,,False,Coenonympha pamphilus,Insecta,Largely unvegetated,UK - Wales,Europe,Count,All Individuals,Sample,Unknown,4.0,10.0,1.0,False,None,79,385,252,-4.05,52.5
3066,10,1976,1985,10,0,0,,,0,0,0,,,False,Ochlodes venata,Insecta,Deciduous forest,UK - England,Europe,Count,All Individuals,Sample,Unknown,4.0,10.0,1.0,False,None,79,386,243,-2.716666666666667,51.05
3068,10,1976,1985,10,0,0,,,0,0,0,,,False,Gonepteryx rhamni,Insecta,Deciduous forest,UK - England,Europe,Count,All Individuals,Sample,Unknown,4.0,10.0,1.0,False,None,79,386,774,-2.716666666666667,51.05
3070,9,1976,1985,10,1,0,,,0,0,0,,,False,Pieris brassicae,Insecta,Deciduous forest,UK - England,Europe,Count,All Individuals,Sample,Unknown,4.0,10.0,1.0,False,None,79,386,244,-2.716666666666667,51.05
3072,9,1976,1985,10,1,0,1983.0,1983.0,0,0,0,,,False,Pieris rapae,Insecta,Deciduous forest,UK - England,Europe,Count,All Individuals,Sample,Unknown,4.0,10.0,1.0,False,None,79,386,254,-2.716666666666667,51.05
3074,10,1976,1985,10,0,0,,,0,0,0,,,False,Pieris napi,Insecta,Deciduous forest,UK - England,Europe,Count,All Individuals,Sample,Unknown,4.0,10.0,1.0,False,None,79,386,240,-2.716666666666667,51.05
3075,10,1976,1985,10,0,0,,,0,0,0,,,False,Pieris napi,Insecta,Deciduous forest,UK - England,Europe,Count,All Individuals,Sample,Unknown,4.0,10.0,1.0,False,None,79,386,240,-2.716666666666667,51.05
3076,10,1976,1985,10,0,0,,,0,0,0,,,False,Anthocaris cardamines,Insecta,Deciduous forest,UK - England,Europe,Count,All Individuals,Sample,Unknown,4.0,10.0,1.0,False,None,79,386,776,-2.716666666666667,51.05
3084,10,1976,1985,10,0,0,,,0,0,0,,,False,Polyommatus icarus,Insecta,Deciduous forest,UK - England,Europe,Count,All Individuals,Sample,Unknown,4.0,10.0,1.0,False,None,79,386,237,-2.716666666666667,51.05
3089,10,1976,1985,10,0,2,,,0,0,0,,,False,Vanessa atalanta,Insecta,Deciduous forest,UK - England,Europe,Count,All Individuals,Sample,Unknown,4.0,10.0,1.0,False,None,79,386,249,-2.716666666666667,51.05
3091,9,1977,1985,9,0,0,,,0,0,0,,,False,Aglais urticae,Insecta,Deciduous forest,UK - England,Europe,Count,All Individuals,Sample,Unknown,4.0,10.0,1.0,False,None,79,386,253,-2.716666666666667,51.05
3092,10,1976,1985,10,0,0,,,0,0,0,,,False,Inachis io,Insecta,Deciduous forest,UK - England,Europe,Count,All Individuals,Sample,Unknown,4.0,10.0,1.0,False,None,79,386,258,-2.716666666666667,51.05
3094,10,1976,1985,10,0,0,,,0,0,0,,,False,Polygonia c-album,Insecta,Deciduous forest,UK - England,Europe,Count,All Individuals,Sample,Unknown,4.0,10.0,1.0,False,None,79,386,236,-2.716666666666667,51.05
3096,10,1976,1985,10,0,1,,1985.0,0,0,0,,,False,Argynnis paphia,Insecta,Deciduous forest,UK - England,Europe,Count,All Individuals,Sample,Unknown,4.0,10.0,1.0,False,None,79,386,787,-2.716666666666667,51.05
3097,10,1976,1985,10,0,0,,,0,0,0,,,False,Pararge aegeria,Insecta,Deciduous forest,UK - England,Europe,Count,All Individuals,Sample,Unknown,4.0,10.0,1.0,False,None,79,386,255,-2.716666666666667,51.05
3101,9,1976,1985,10,1,0,,1981.0,0,0,0,,,False,Melanargia galathea,Insecta,Deciduous forest,UK - England,Europe,Count,All Individuals,Sample,Unknown,4.0,10.0,1.0,False,None,79,386,246,-2.716666666666667,51.05
3102,10,1976,1985,10,0,0,,,0,0,0,,,False,Pyronia tithonus,Insecta,Deciduous forest,UK - England,Europe,Count,All Individuals,Sample,Unknown,4.0,10.0,1.0,False,None,79,386,242,-2.716666666666667,51.05
3103,10,1976,1985,10,0,0,,,0,0,0,,,False,Maniola jurtina,Insecta,Deciduous forest,UK - England,Europe,Count,All Individuals,Sample,Unknown,4.0,10.0,1.0,False,None,79,386,247,-2.716666666666667,51.05
3104,10,1976,1985,10,0,2,,,0,0,0,,,False,Coenonympha pamphilus,Insecta,Deciduous forest,UK - England,Europe,Count,All Individuals,Sample,Unknown,4.0,10.0,1.0,False,None,79,386,252,-2.716666666666667,51.05
3105,9,1976,1985,10,1,0,,,0,0,0,,,False,Aphantopus hyperantus,Insecta,Deciduous forest,UK - England,Europe,Count,All Individuals,Sample,Unknown,4.0,10.0,1.0,False,None,79,386,789,-2.716666666666667,51.05
3106,10,1976,1985,10,0,0,,,0,0,0,,,False,Thymelicus sylvestris,Insecta,Deciduous forest,UK - England,Europe,Count,All Individuals,Sample,Unknown,4.0,10.0,1.0,False,None,79,386,766,-2.716666666666667,51.05
3108,9,1976,1985,10,1,0,,,0,0,0,,,False,Gonepteryx rhamni,Insecta,Mixed or unspecified forest,UK - England,Europe,Count,All Individuals,Sample,Unknown,4.0,10.0,1.0,False,None,79,387,774,-1.6666666666666665,51.93333333333333
3110,9,1976,1985,10,1,0,,,0,0,0,,,False,Pieris brassicae,Insecta,Mixed or unspecified forest,UK - England,Europe,Count,All Individuals,Sample,Unknown,4.0,10.0,1.0,False,None,79,387,244,-1.6666666666666665,51.93333333333333
3112,9,1976,1985,10,1,0,,,0,0,0,,,False,Pieris rapae,Insecta,Mixed or unspecified forest,UK - England,Europe,Count,All Individuals,Sample,Unknown,4.0,10.0,1.0,False,None,79,387,254,-1.6666666666666665,51.93333333333333
3114,9,1976,1985,10,1,0,,,0,0,0,,,False,Pieris napi,Insecta,Mixed or unspecified forest,UK - England,Europe,Count,All Individuals,Sample,Unknown,4.0,10.0,1.0,False,None,79,387,240,-1.6666666666666665,51.93333333333333
3115,9,1976,1985,10,1,0,,,0,0,0,,,False,Pieris napi,Insecta,Mixed or unspecified forest,UK - England,Europe,Count,All Individuals,Sample,Unknown,4.0,10.0,1.0,False,None,79,387,240,-1.6666666666666665,51.93333333333333
3116,9,1976,1984,9,0,1,,1984.0,0,0,0,,,False,Anthocaris cardamines,Insecta,Mixed or unspecified forest,UK - England,Europe,Count,All Individuals,Sample,Unknown,4.0,10.0,1.0,False,None,79,387,776,-1.6666666666666665,51.93333333333333
3118,9,1976,1985,10,1,0,,,0,0,0,,,False,Polyommatus icarus,Insecta,Mixed or unspecified forest,UK - England,Europe,Count,All Individuals,Sample,Unknown,4.0,10.0,1.0,False,None,79,387,237,-1.6666666666666665,51.93333333333333
3121,9,1976,1985,10,1,0,,,0,0,0,,,False,Ladoga camilla,Insecta,Mixed or unspecified forest,UK - England,Europe,Count,All Individuals,Sample,Unknown,4.0,10.0,1.0,False,None,79,387,782,-1.6666666666666665,51.93333333333333
3122,9,1976,1984,9,0,0,,,0,0,0,,,False,Vanessa atalanta,Insecta,Mixed or unspecified forest,UK - England,Europe,Count,All Individuals,Sample,Unknown,4.0,10.0,1.0,False,None,79,387,249,-1.6666666666666665,51.93333333333333
3123,9,1976,1985,10,1,0,,,0,0,0,,,False,Inachis io,Insecta,Mixed or unspecified forest,UK - England,Europe,Count,All Individuals,Sample,Unknown,4.0,10.0,1.0,False,None,79,387,258,-1.6666666666666665,51.93333333333333
3126,9,1976,1985,10,1,0,,,0,0,0,,,False,Pararge aegeria,Insecta,Mixed or unspecified forest,UK - England,Europe,Count,All Individuals,Sample,Unknown,4.0,10.0,1.0,False,None,79,387,255,-1.6666666666666665,51.93333333333333
3127,9,1976,1985,10,1,1,,1985.0,0,0,0,,,False,Lasiommata megera,Insecta,Mixed or unspecified forest,UK - England,Europe,Count,All Individuals,Sample,Unknown,4.0,10.0,1.0,False,None,79,387,256,-1.6666666666666665,51.93333333333333
3129,9,1976,1985,10,1,1,,,0,0,0,,,False,Melanargia galathea,Insecta,Mixed or unspecified forest,UK - England,Europe,Count,All Individuals,Sample,Unknown,4.0,10.0,1.0,False,None,79,387,246,-1.6666666666666665,51.93333333333333
3130,9,1976,1985,10,1,0,,,0,0,0,,,False,Pyronia tithonus,Insecta,Mixed or unspecified forest,UK - England,Europe,Count,All Individuals,Sample,Unknown,4.0,10.0,1.0,False,None,79,387,242,-1.6666666666666665,51.93333333333333
3131,9,1976,1985,10,1,0,,,0,0,0,,,False,Maniola jurtina,Insecta,Mixed or unspecified forest,UK - England,Europe,Count,All Individuals,Sample,Unknown,4.0,10.0,1.0,False,None,79,387,247,-1.6666666666666665,51.93333333333333
3132,9,1976,1985,10,1,0,,,0,0,0,,,False,Thymelicus sylvestris,Insecta,Mixed or unspecified forest,UK - England,Europe,Count,All Individuals,Sample,Unknown,4.0,10.0,1.0,False,None,79,387,766,-1.6666666666666665,51.93333333333333
3133,9,1977,1985,9,0,0,,,0,0,0,,,False,Pieris brassicae,Insecta,Largely unvegetated,UK - England,Europe,Count,All Individuals,Sample,Unknown,4.0,10.0,1.0,False,None,79,388,244,0.3333333333333333,53.13333333333333
3135,9,1977,1985,9,0,0,1983.0,1983.0,0,0,0,,,False,Pieris rapae,Insecta,Largely unvegetated,UK - England,Europe,Count,All Individuals,Sample,Unknown,4.0,10.0,1.0,False,None,79,388,254,0.3333333333333333,53.13333333333333
3137,8,1977,1985,9,1,1,,1985.0,0,0,0,,,False,Pieris napi,Insecta,Largely unvegetated,UK - England,Europe,Count,All Individuals,Sample,Unknown,4.0,10.0,1.0,False,None,79,388,240,0.3333333333333333,53.13333333333333
3138,9,1977,1985,9,0,0,1984.0,1984.0,0,0,0,,,False,Pieris napi,Insecta,Largely unvegetated,UK - England,Europe,Count,All Individuals,Sample,Unknown,4.0,10.0,1.0,False,None,79,388,240,0.3333333333333333,53.13333333333333
3139,9,1977,1985,9,0,1,,,0,0,0,,,False,Polyommatus icarus,Insecta,Largely unvegetated,UK - England,Europe,Count,All Individuals,Sample,Unknown,4.0,10.0,1.0,False,None,79,388,237,0.3333333333333333,53.13333333333333
3141,9,1977,1985,9,0,0,,,0,0,0,,,False,Vanessa atalanta,Insecta,Largely unvegetated,UK - England,Europe,Count,All Individuals,Sample,Unknown,4.0,10.0,1.0,False,None,79,388,249,0.3333333333333333,53.13333333333333
3142,9,1977,1985,9,0,3,,,0,0,0,,,False,Vanessa cardui,Insecta,Largely unvegetated,UK - England,Europe,Count,All Individuals,Sample,Unknown,4.0,10.0,1.0,False,None,79,388,248,0.3333333333333333,53.13333333333333
3143,8,1977,1985,9,1,0,,,0,0,0,,,False,Aglais urticae,Insecta,Largely unvegetated,UK - England,Europe,Count,All Individuals,Sample,Unknown,4.0,10.0,1.0,False,None,79,388,253,0.3333333333333333,53.13333333333333
3144,9,1977,1985,9,0,1,,,0,0,0,,,False,Inachis io,Insecta,Largely unvegetated,UK - England,Europe,Count,All Individuals,Sample,Unknown,4.0,10.0,1.0,False,None,79,388,258,0.3333333333333333,53.13333333333333
3149,9,1977,1985,9,0,0,,,0,0,0,,,False,Pyronia tithonus,Insecta,Largely unvegetated,UK - England,Europe,Count,All Individuals,Sample,Unknown,4.0,10.0,1.0,False,None,79,388,242,0.3333333333333333,53.13333333333333
3150,9,1977,1985,9,0,0,,,0,0,0,,,False,Maniola jurtina,Insecta,Largely unvegetated,UK - England,Europe,Count,All Individuals,Sample,Unknown,4.0,10.0,1.0,False,None,79,388,247,0.3333333333333333,53.13333333333333
3151,8,1977,1985,9,1,0,,,0,0,0,,,False,Coenonympha pamphilus,Insecta,Largely unvegetated,UK - England,Europe,Count,All Individuals,Sample,Unknown,4.0,10.0,1.0,False,None,79,388,252,0.3333333333333333,53.13333333333333
3152,9,1977,1985,9,0,1,,,0,0,0,,,False,Aphantopus hyperantus,Insecta,Largely unvegetated,UK - England,Europe,Count,All Individuals,Sample,Unknown,4.0,10.0,1.0,False,None,79,388,789,0.3333333333333333,53.13333333333333
3153,9,1977,1985,9,0,2,,,0,0,0,,,False,Thymelicus sylvestris,Insecta,Largely unvegetated,UK - England,Europe,Count,All Individuals,Sample,Unknown,4.0,10.0,1.0,False,None,79,388,766,0.3333333333333333,53.13333333333333
3154,7,1977,1983,7,0,0,,,0,0,0,,,False,Ochlodes venata,Insecta,Grassland,UK - England,Europe,Count,All Individuals,Sample,Unknown,4.0,10.0,1.0,False,None,79,389,243,-0.7,51.61666666666667
3155,9,1977,1985,9,0,0,,1985.0,0,0,0,,,False,Erynnis tages,Insecta,Grassland,UK - England,Europe,Count,All Individuals,Sample,Unknown,4.0,10.0,1.0,False,None,79,389,239,-0.7,51.61666666666667
3157,9,1977,1985,9,0,0,,,0,0,0,,,False,Gonepteryx rhamni,Insecta,Grassland,UK - England,Europe,Count,All Individuals,Sample,Unknown,4.0,10.0,1.0,False,None,79,389,774,-0.7,51.61666666666667
3159,9,1977,1985,9,0,0,,,0,0,0,,,False,Pieris brassicae,Insecta,Grassland,UK - England,Europe,Count,All Individuals,Sample,Unknown,4.0,10.0,1.0,False,None,79,389,244,-0.7,51.61666666666667
3161,9,1977,1985,9,0,0,,,0,0,0,,,False,Pieris rapae,Insecta,Grassland,UK - England,Europe,Count,All Individuals,Sample,Unknown,4.0,10.0,1.0,False,None,79,389,254,-0.7,51.61666666666667
3163,9,1977,1985,9,0,0,,,0,0,0,,,False,Pieris napi,Insecta,Grassland,UK - England,Europe,Count,All Individuals,Sample,Unknown,4.0,10.0,1.0,False,None,79,389,240,-0.7,51.61666666666667
3164,9,1977,1985,9,0,0,,,0,0,0,,,False,Pieris napi,Insecta,Grassland,UK - England,Europe,Count,All Individuals,Sample,Unknown,4.0,10.0,1.0,False,None,79,389,240,-0.7,51.61666666666667
3165,8,1977,1984,8,0,0,,,0,0,0,,,False,Anthocaris cardamines,Insecta,Grassland,UK - England,Europe,Count,All Individuals,Sample,Unknown,4.0,10.0,1.0,False,None,79,389,776,-0.7,51.61666666666667
3170,9,1977,1985,9,0,0,,1985.0,0,0,0,,,False,Polyommatus icarus,Insecta,Grassland,UK - England,Europe,Count,All Individuals,Sample,Unknown,4.0,10.0,1.0,False,None,79,389,237,-0.7,51.61666666666667
3176,9,1977,1985,9,0,0,,,0,0,0,,,False,Aglais urticae,Insecta,Grassland,UK - England,Europe,Count,All Individuals,Sample,Unknown,4.0,10.0,1.0,False,None,79,389,253,-0.7,51.61666666666667
3177,9,1977,1985,9,0,0,,,0,0,0,,,False,Inachis io,Insecta,Grassland,UK - England,Europe,Count,All Individuals,Sample,Unknown,4.0,10.0,1.0,False,None,79,389,258,-0.7,51.61666666666667
3180,9,1977,1985,9,0,0,,,0,0,0,,,False,Mesoacidalia aglaja,Insecta,Grassland,UK - England,Europe,Count,All Individuals,Sample,Unknown,4.0,10.0,1.0,False,None,79,389,238,-0.7,51.61666666666667
3181,9,1977,1985,9,0,0,,,0,0,0,,,False,Pararge aegeria,Insecta,Grassland,UK - England,Europe,Count,All Individuals,Sample,Unknown,4.0,10.0,1.0,False,None,79,389,255,-0.7,51.61666666666667
3182,9,1977,1985,9,0,0,,1985.0,0,0,0,,,False,Lasiommata megera,Insecta,Grassland,UK - England,Europe,Count,All Individuals,Sample,Unknown,4.0,10.0,1.0,False,None,79,389,256,-0.7,51.61666666666667
3184,9,1977,1985,9,0,0,,,0,0,0,,,False,Melanargia galathea,Insecta,Grassland,UK - England,Europe,Count,All Individuals,Sample,Unknown,4.0,10.0,1.0,False,None,79,389,246,-0.7,51.61666666666667
3185,8,1977,1984,8,0,0,,,0,0,0,,,False,Pyronia tithonus,Insecta,Grassland,UK - England,Europe,Count,All Individuals,Sample,Unknown,4.0,10.0,1.0,False,None,79,389,242,-0.7,51.61666666666667
3186,9,1977,1985,9,0,0,,,0,0,0,,,False,Maniola jurtina,Insecta,Grassland,UK - England,Europe,Count,All Individuals,Sample,Unknown,4.0,10.0,1.0,False,None,79,389,247,-0.7,51.61666666666667
3187,9,1977,1985,9,0,0,,,0,0,0,,,False,Coenonympha pamphilus,Insecta,Grassland,UK - England,Europe,Count,All Individuals,Sample,Unknown,4.0,10.0,1.0,False,None,79,389,252,-0.7,51.61666666666667
3188,9,1977,1985,9,0,0,,,0,0,0,,,False,Aphantopus hyperantus,Insecta,Grassland,UK - England,Europe,Count,All Individuals,Sample,Unknown,4.0,10.0,1.0,False,None,79,389,789,-0.7,51.61666666666667
3189,8,1977,1984,8,0,0,,,0,0,0,,,False,Thymelicus sylvestris,Insecta,Grassland,UK - England,Europe,Count,All Individuals,Sample,Unknown,4.0,10.0,1.0,False,None,79,389,766,-0.7,51.61666666666667
3190,9,1976,1985,10,1,2,,1981.0,0,0,0,,,False,Gonepteryx rhamni,Insecta,Agricultural,UK - England,Europe,Count,All Individuals,Sample,Unknown,4.0,10.0,1.0,False,None,79,390,774,0.8666666666666667,51.06666666666667
3192,9,1976,1985,10,1,2,1984.0,1984.0,0,0,0,,,False,Pieris napi,Insecta,Agricultural,UK - England,Europe,Count,All Individuals,Sample,Unknown,4.0,10.0,1.0,False,None,79,390,240,0.8666666666666667,51.06666666666667
3193,9,1976,1985,10,1,2,,,0,0,0,,,False,Pieris napi,Insecta,Agricultural,UK - England,Europe,Count,All Individuals,Sample,Unknown,4.0,10.0,1.0,False,None,79,390,240,0.8666666666666667,51.06666666666667
3194,9,1976,1985,10,1,1,,,0,0,0,,,False,Quercusia quercus,Insecta,Agricultural,UK - England,Europe,Count,All Individuals,Sample,Unknown,4.0,10.0,1.0,False,None,79,390,778,0.8666666666666667,51.06666666666667
3200,9,1976,1985,10,1,3,,,0,0,0,,,False,Vanessa atalanta,Insecta,Agricultural,UK - England,Europe,Count,All Individuals,Sample,Unknown,4.0,10.0,1.0,False,None,79,390,249,0.8666666666666667,51.06666666666667
3202,9,1976,1985,10,1,2,,,0,0,0,,,False,Aglais urticae,Insecta,Agricultural,UK - England,Europe,Count,All Individuals,Sample,Unknown,4.0,10.0,1.0,False,None,79,390,253,0.8666666666666667,51.06666666666667
3204,9,1976,1985,10,1,1,,,0,0,0,,,False,Inachis io,Insecta,Agricultural,UK - England,Europe,Count,All Individuals,Sample,Unknown,4.0,10.0,1.0,False,None,79,390,258,0.8666666666666667,51.06666666666667
3207,8,1976,1985,10,2,1,,,0,0,0,,,False,Pararge aegeria,Insecta,Agricultural,UK - England,Europe,Count,All Individuals,Sample,Unknown,4.0,10.0,1.0,False,None,79,390,255,0.8666666666666667,51.06666666666667
3210,8,1976,1985,10,2,1,,,0,0,0,,,False,Pyronia tithonus,Insecta,Agricultural,UK - England,Europe,Count,All Individuals,Sample,Unknown,4.0,10.0,1.0,False,None,79,390,242,0.8666666666666667,51.06666666666667
3211,8,1976,1985,10,2,0,,,0,0,0,,,False,Maniola jurtina,Insecta,Agricultural,UK - England,Europe,Count,All Individuals,Sample,Unknown,4.0,10.0,1.0,False,None,79,390,247,0.8666666666666667,51.06666666666667
3212,10,1976,1985,10,0,0,,,0,0,0,,,False,Ochlodes venata,Insecta,Deciduous forest,UK - England,Europe,Count,All Individuals,Sample,Unknown,4.0,10.0,1.0,False,None,79,391,243,-0.21666666666666667,52.483333333333334
3214,10,1976,1985,10,0,0,,,0,0,0,,,False,Gonepteryx rhamni,Insecta,Deciduous forest,UK - England,Europe,Count,All Individuals,Sample,Unknown,4.0,10.0,1.0,False,None,79,391,774,-0.21666666666666667,52.483333333333334
3216,10,1976,1985,10,0,0,,,0,0,0,,,False,Pieris brassicae,Insecta,Deciduous forest,UK - England,Europe,Count,All Individuals,Sample,Unknown,4.0,10.0,1.0,False,None,79,391,244,-0.21666666666666667,52.483333333333334
3218,10,1976,1985,10,0,0,,,0,0,0,,,False,Pieris rapae,Insecta,Deciduous forest,UK - England,Europe,Count,All Individuals,Sample,Unknown,4.0,10.0,1.0,False,None,79,391,254,-0.21666666666666667,52.483333333333334
3220,10,1976,1985,10,0,0,,,0,0,0,,,False,Pieris napi,Insecta,Deciduous forest,UK - England,Europe,Count,All Individuals,Sample,Unknown,4.0,10.0,1.0,False,None,79,391,240,-0.21666666666666667,52.483333333333334
3221,9,1976,1985,10,1,0,,,0,0,0,,,False,Pieris napi,Insecta,Deciduous forest,UK - England,Europe,Count,All Individuals,Sample,Unknown,4.0,10.0,1.0,False,None,79,391,240,-0.21666666666666667,52.483333333333334
3222,10,1976,1985,10,0,0,,,0,0,0,,,False,Anthocaris cardamines,Insecta,Deciduous forest,UK - England,Europe,Count,All Individuals,Sample,Unknown,4.0,10.0,1.0,False,None,79,391,776,-0.21666666666666667,52.483333333333334
3223,10,1976,1985,10,0,0,,,0,0,0,,,False,Lycaena phlaeas,Insecta,Deciduous forest,UK - England,Europe,Count,All Individuals,Sample,Unknown,4.0,10.0,1.0,False,None,79,391,251,-0.21666666666666667,52.483333333333334
3225,10,1976,1985,10,0,1,,,0,0,0,,,False,Polyommatus icarus,Insecta,Deciduous forest,UK - England,Europe,Count,All Individuals,Sample,Unknown,4.0,10.0,1.0,False,None,79,391,237,-0.21666666666666667,52.483333333333334
3228,10,1976,1985,10,0,4,,,0,0,0,,,False,Celastrina argiolus,Insecta,Deciduous forest,UK - England,Europe,Count,All Individuals,Sample,Unknown,4.0,10.0,1.0,False,None,79,391,781,-0.21666666666666667,52.483333333333334
3230,10,1976,1985,10,0,0,,,0,0,0,,,False,Vanessa atalanta,Insecta,Deciduous forest,UK - England,Europe,Count,All Individuals,Sample,Unknown,4.0,10.0,1.0,False,None,79,391,249,-0.21666666666666667,52.483333333333334
3231,10,1976,1985,10,0,3,,,0,0,0,,,False,Vanessa cardui,Insecta,Deciduous forest,UK - England,Europe,Count,All Individuals,Sample,Unknown,4.0,10.0,1.0,False,None,79,391,248,-0.21666666666666667,52.483333333333334
3232,10,1976,1985,10,0,0,,,0,0,0,,,False,Aglais urticae,Insecta,Deciduous forest,UK - England,Europe,Count,All Individuals,Sample,Unknown,4.0,10.0,1.0,False,None,79,391,253,-0.21666666666666667,52.483333333333334
3233,10,1976,1985,10,0,0,,,0,0,0,,,False,Inachis io,Insecta,Deciduous forest,UK - England,Europe,Count,All Individuals,Sample,Unknown,4.0,10.0,1.0,False,None,79,391,258,-0.21666666666666667,52.483333333333334
3235,9,1977,1985,9,0,3,,,0,0,0,,,False,Polygonia c-album,Insecta,Deciduous forest,UK - England,Europe,Count,All Individuals,Sample,Unknown,4.0,10.0,1.0,False,None,79,391,236,-0.21666666666666667,52.483333333333334
3237,10,1976,1985,10,0,1,,,0,0,0,,,False,Lasiommata megera,Insecta,Deciduous forest,UK - England,Europe,Count,All Individuals,Sample,Unknown,4.0,10.0,1.0,False,None,79,391,256,-0.21666666666666667,52.483333333333334
3239,9,1976,1985,10,1,0,,,0,0,0,,,False,Pyronia tithonus,Insecta,Deciduous forest,UK - England,Europe,Count,All Individuals,Sample,Unknown,4.0,10.0,1.0,False,None,79,391,242,-0.21666666666666667,52.483333333333334
3240,10,1976,1985,10,0,0,,,0,0,0,,,False,Maniola jurtina,Insecta,Deciduous forest,UK - England,Europe,Count,All Individuals,Sample,Unknown,4.0,10.0,1.0,False,None,79,391,247,-0.21666666666666667,52.483333333333334
3241,10,1976,1985,10,0,1,,,0,0,0,,,False,Coenonympha pamphilus,Insecta,Deciduous forest,UK - England,Europe,Count,All Individuals,Sample,Unknown,4.0,10.0,1.0,False,None,79,391,252,-0.21666666666666667,52.483333333333334
3242,10,1976,1985,10,0,0,,,0,0,0,,,False,Aphantopus hyperantus,Insecta,Deciduous forest,UK - England,Europe,Count,All Individuals,Sample,Unknown,4.0,10.0,1.0,False,None,79,391,789,-0.21666666666666667,52.483333333333334
3244,10,1976,1985,10,0,0,,,0,0,0,,,False,Ochlodes venata,Insecta,Coniferous forest,UK - England,Europe,Count,All Individuals,Sample,Unknown,4.0,10.0,1.0,False,None,79,392,243,-0.8333333333333334,50.833333333333336
3245,10,1976,1985,10,0,0,,,0,0,0,,,False,Erynnis tages,Insecta,Coniferous forest,UK - England,Europe,Count,All Individuals,Sample,Unknown,4.0,10.0,1.0,False,None,79,392,239,-0.8333333333333334,50.833333333333336
3246,10,1976,1985,10,0,0,1981.0,1981.0,0,0,0,,,False,Pyrgus malvae,Insecta,Coniferous forest,UK - England,Europe,Count,All Individuals,Sample,Unknown,4.0,10.0,1.0,False,None,79,392,770,-0.8333333333333334,50.833333333333336
3249,10,1976,1985,10,0,0,,,0,0,0,,,False,Gonepteryx rhamni,Insecta,Coniferous forest,UK - England,Europe,Count,All Individuals,Sample,Unknown,4.0,10.0,1.0,False,None,79,392,774,-0.8333333333333334,50.833333333333336
3251,10,1976,1985,10,0,0,,,0,0,0,,,False,Pieris brassicae,Insecta,Coniferous forest,UK - England,Europe,Count,All Individuals,Sample,Unknown,4.0,10.0,1.0,False,None,79,392,244,-0.8333333333333334,50.833333333333336
3253,10,1976,1985,10,0,0,,,0,0,0,,,False,Pieris rapae,Insecta,Coniferous forest,UK - England,Europe,Count,All Individuals,Sample,Unknown,4.0,10.0,1.0,False,None,79,392,254,-0.8333333333333334,50.833333333333336
3255,10,1976,1985,10,0,2,,,0,0,0,,,False,Pieris napi,Insecta,Coniferous forest,UK - England,Europe,Count,All Individuals,Sample,Unknown,4.0,10.0,1.0,False,None,79,392,240,-0.8333333333333334,50.833333333333336
3256,10,1976,1985,10,0,0,,,0,0,0,,,False,Pieris napi,Insecta,Coniferous forest,UK - England,Europe,Count,All Individuals,Sample,Unknown,4.0,10.0,1.0,False,None,79,392,240,-0.8333333333333334,50.833333333333336
3257,10,1976,1985,10,0,0,1981.0,1981.0,0,0,0,,,False,Anthocaris cardamines,Insecta,Coniferous forest,UK - England,Europe,Count,All Individuals,Sample,Unknown,4.0,10.0,1.0,False,None,79,392,776,-0.8333333333333334,50.833333333333336
3258,10,1976,1985,10,0,0,,,0,0,0,,,False,Callophrys rubi,Insecta,Coniferous forest,UK - England,Europe,Count,All Individuals,Sample,Unknown,4.0,10.0,1.0,False,None,79,392,777,-0.8333333333333334,50.833333333333336
3260,10,1976,1985,10,0,0,,,0,0,0,,,False,Lycaena phlaeas,Insecta,Coniferous forest,UK - England,Europe,Count,All Individuals,Sample,Unknown,4.0,10.0,1.0,False,None,79,392,251,-0.8333333333333334,50.833333333333336
3263,10,1976,1985,10,0,0,,,0,0,0,,,False,Aricia agestis,Insecta,Coniferous forest,UK - England,Europe,Count,All Individuals,Sample,Unknown,4.0,10.0,1.0,False,None,79,392,233,-0.8333333333333334,50.833333333333336
3265,10,1976,1985,10,0,0,,,0,0,0,,,False,Polyommatus icarus,Insecta,Coniferous forest,UK - England,Europe,Count,All Individuals,Sample,Unknown,4.0,10.0,1.0,False,None,79,392,237,-0.8333333333333334,50.833333333333336
3268,10,1976,1985,10,0,1,,,0,0,0,,,False,Celastrina argiolus,Insecta,Coniferous forest,UK - England,Europe,Count,All Individuals,Sample,Unknown,4.0,10.0,1.0,False,None,79,392,781,-0.8333333333333334,50.833333333333336
3272,10,1976,1985,10,0,0,,,0,0,0,,,False,Vanessa atalanta,Insecta,Coniferous forest,UK - England,Europe,Count,All Individuals,Sample,Unknown,4.0,10.0,1.0,False,None,79,392,249,-0.8333333333333334,50.833333333333336
3273,10,1976,1985,10,0,2,,,0,0,0,,,False,Vanessa cardui,Insecta,Coniferous forest,UK - England,Europe,Count,All Individuals,Sample,Unknown,4.0,10.0,1.0,False,None,79,392,248,-0.8333333333333334,50.833333333333336
3274,10,1976,1985,10,0,0,,,0,0,0,,,False,Aglais urticae,Insecta,Coniferous forest,UK - England,Europe,Count,All Individuals,Sample,Unknown,4.0,10.0,1.0,False,None,79,392,253,-0.8333333333333334,50.833333333333336
3275,10,1976,1985,10,0,0,,,0,0,0,,,False,Inachis io,Insecta,Coniferous forest,UK - England,Europe,Count,All Individuals,Sample,Unknown,4.0,10.0,1.0,False,None,79,392,258,-0.8333333333333334,50.833333333333336
3277,10,1976,1985,10,0,0,,,0,0,0,,,False,Polygonia c-album,Insecta,Coniferous forest,UK - England,Europe,Count,All Individuals,Sample,Unknown,4.0,10.0,1.0,False,None,79,392,236,-0.8333333333333334,50.833333333333336
3278,10,1976,1985,10,0,4,1983.0,1983.0,0,0,0,,,False,Boloria selene,Insecta,Coniferous forest,UK - England,Europe,Count,All Individuals,Sample,Unknown,4.0,10.0,1.0,False,None,79,392,785,-0.8333333333333334,50.833333333333336
3279,10,1976,1985,10,0,5,,1985.0,0,0,0,,,False,Boloria euphrosyne,Insecta,Coniferous forest,UK - England,Europe,Count,All Individuals,Sample,Unknown,4.0,10.0,1.0,False,None,79,392,786,-0.8333333333333334,50.833333333333336
3280,10,1976,1985,10,0,0,,,0,0,0,,,False,Mesoacidalia aglaja,Insecta,Coniferous forest,UK - England,Europe,Count,All Individuals,Sample,Unknown,4.0,10.0,1.0,False,None,79,392,238,-0.8333333333333334,50.833333333333336
3282,10,1976,1985,10,0,0,,1985.0,0,0,0,,,False,Pararge aegeria,Insecta,Coniferous forest,UK - England,Europe,Count,All Individuals,Sample,Unknown,4.0,10.0,1.0,False,None,79,392,255,-0.8333333333333334,50.833333333333336
3283,10,1976,1985,10,0,0,,1985.0,0,0,0,,,False,Lasiommata megera,Insecta,Coniferous forest,UK - England,Europe,Count,All Individuals,Sample,Unknown,4.0,10.0,1.0,False,None,79,392,256,-0.8333333333333334,50.833333333333336
3286,10,1976,1985,10,0,0,,,0,0,0,,,False,Pyronia tithonus,Insecta,Coniferous forest,UK - England,Europe,Count,All Individuals,Sample,Unknown,4.0,10.0,1.0,False,None,79,392,242,-0.8333333333333334,50.833333333333336
3287,10,1976,1985,10,0,0,,,0,0,0,,,False,Maniola jurtina,Insecta,Coniferous forest,UK - England,Europe,Count,All Individuals,Sample,Unknown,4.0,10.0,1.0,False,None,79,392,247,-0.8333333333333334,50.833333333333336
3288,10,1976,1985,10,0,0,,,0,0,0,,,False,Coenonympha pamphilus,Insecta,Coniferous forest,UK - England,Europe,Count,All Individuals,Sample,Unknown,4.0,10.0,1.0,False,None,79,392,252,-0.8333333333333334,50.833333333333336
3289,10,1976,1985,10,0,0,,,0,0,0,,,False,Aphantopus hyperantus,Insecta,Coniferous forest,UK - England,Europe,Count,All Individuals,Sample,Unknown,4.0,10.0,1.0,False,None,79,392,789,-0.8333333333333334,50.833333333333336
3290,10,1976,1985,10,0,0,,,0,0,0,,,False,Thymelicus sylvestris,Insecta,Coniferous forest,UK - England,Europe,Count,All Individuals,Sample,Unknown,4.0,10.0,1.0,False,None,79,392,766,-0.8333333333333334,50.833333333333336
3291,9,1976,1985,10,1,0,,,0,0,0,,,False,Ochlodes venata,Insecta,Coastal,UK - England,Europe,Count,All Individuals,Sample,Unknown,4.0,10.0,1.0,False,None,79,393,243,0.65,51.53333333333333
3295,9,1976,1985,10,1,0,,,0,0,0,,,False,Pieris brassicae,Insecta,Coastal,UK - England,Europe,Count,All Individuals,Sample,Unknown,4.0,10.0,1.0,False,None,79,393,244,0.65,51.53333333333333
3297,9,1976,1985,10,1,0,,,0,0,0,,,False,Pieris rapae,Insecta,Coastal,UK - England,Europe,Count,All Individuals,Sample,Unknown,4.0,10.0,1.0,False,None,79,393,254,0.65,51.53333333333333
3299,9,1976,1985,10,1,0,1983.0,1983.0,0,0,0,,,False,Pieris napi,Insecta,Coastal,UK - England,Europe,Count,All Individuals,Sample,Unknown,4.0,10.0,1.0,False,None,79,393,240,0.65,51.53333333333333
3300,9,1976,1985,10,1,0,1983.0,1983.0,0,0,0,,,False,Pieris napi,Insecta,Coastal,UK - England,Europe,Count,All Individuals,Sample,Unknown,4.0,10.0,1.0,False,None,79,393,240,0.65,51.53333333333333
3301,9,1976,1985,10,1,0,,,0,0,0,,,False,Anthocaris cardamines,Insecta,Coastal,UK - England,Europe,Count,All Individuals,Sample,Unknown,4.0,10.0,1.0,False,None,79,393,776,0.65,51.53333333333333
3303,10,1976,1985,10,0,2,,1985.0,0,0,0,,,False,Lycaena phlaeas,Insecta,Coastal,UK - England,Europe,Count,All Individuals,Sample,Unknown,4.0,10.0,1.0,False,None,79,393,251,0.65,51.53333333333333
3306,9,1976,1985,10,1,0,,,0,0,0,,,False,Polyommatus icarus,Insecta,Coastal,UK - England,Europe,Count,All Individuals,Sample,Unknown,4.0,10.0,1.0,False,None,79,393,237,0.65,51.53333333333333
3309,9,1976,1985,10,1,0,,,0,0,0,,,False,Vanessa atalanta,Insecta,Coastal,UK - England,Europe,Count,All Individuals,Sample,Unknown,4.0,10.0,1.0,False,None,79,393,249,0.65,51.53333333333333
3310,9,1976,1985,10,1,4,,,0,0,0,,,False,Vanessa cardui,Insecta,Coastal,UK - England,Europe,Count,All Individuals,Sample,Unknown,4.0,10.0,1.0,False,None,79,393,248,0.65,51.53333333333333
3311,9,1976,1985,10,1,0,,,0,0,0,,,False,Aglais urticae,Insecta,Coastal,UK - England,Europe,Count,All Individuals,Sample,Unknown,4.0,10.0,1.0,False,None,79,393,253,0.65,51.53333333333333
3312,9,1976,1985,10,1,0,,,0,0,0,,,False,Inachis io,Insecta,Coastal,UK - England,Europe,Count,All Individuals,Sample,Unknown,4.0,10.0,1.0,False,None,79,393,258,0.65,51.53333333333333
3314,8,1977,1985,9,1,1,,1985.0,0,0,0,,,False,Polygonia c-album,Insecta,Coastal,UK - England,Europe,Count,All Individuals,Sample,Unknown,4.0,10.0,1.0,False,None,79,393,236,0.65,51.53333333333333
3316,9,1976,1985,10,1,0,,,0,0,0,,,False,Lasiommata megera,Insecta,Coastal,UK - England,Europe,Count,All Individuals,Sample,Unknown,4.0,10.0,1.0,False,None,79,393,256,0.65,51.53333333333333
3318,9,1976,1985,10,1,0,,,0,0,0,,,False,Melanargia galathea,Insecta,Coastal,UK - England,Europe,Count,All Individuals,Sample,Unknown,4.0,10.0,1.0,False,None,79,393,246,0.65,51.53333333333333
3319,9,1976,1985,10,1,0,,,0,0,0,,,False,Pyronia tithonus,Insecta,Coastal,UK - England,Europe,Count,All Individuals,Sample,Unknown,4.0,10.0,1.0,False,None,79,393,242,0.65,51.53333333333333
3320,9,1976,1985,10,1,0,,,0,0,0,,,False,Maniola jurtina,Insecta,Coastal,UK - England,Europe,Count,All Individuals,Sample,Unknown,4.0,10.0,1.0,False,None,79,393,247,0.65,51.53333333333333
3321,9,1976,1985,10,1,0,,,0,0,0,,,False,Coenonympha pamphilus,Insecta,Coastal,UK - England,Europe,Count,All Individuals,Sample,Unknown,4.0,10.0,1.0,False,None,79,393,252,0.65,51.53333333333333
3322,9,1976,1985,10,1,0,,,0,0,0,,,False,Thymelicus sylvestris,Insecta,Coastal,UK - England,Europe,Count,All Individuals,Sample,Unknown,4.0,10.0,1.0,False,None,79,393,766,0.65,51.53333333333333
3323,9,1977,1985,9,0,0,,,0,0,0,,,False,Pieris brassicae,Insecta,Wetland,UK - England,Europe,Count,All Individuals,Sample,Unknown,4.0,10.0,1.0,False,None,79,394,244,-2.75,54.166666666666664
3325,9,1977,1985,9,0,0,,,0,0,0,,,False,Pieris napi,Insecta,Wetland,UK - England,Europe,Count,All Individuals,Sample,Unknown,4.0,10.0,1.0,False,None,79,394,240,-2.75,54.166666666666664
3326,8,1977,1984,8,0,0,,,0,0,0,,,False,Pieris napi,Insecta,Wetland,UK - England,Europe,Count,All Individuals,Sample,Unknown,4.0,10.0,1.0,False,None,79,394,240,-2.75,54.166666666666664
3327,9,1977,1985,9,0,0,,,0,0,0,,,False,Anthocaris cardamines,Insecta,Wetland,UK - England,Europe,Count,All Individuals,Sample,Unknown,4.0,10.0,1.0,False,None,79,394,776,-2.75,54.166666666666664
3328,9,1977,1985,9,0,2,,,0,0,0,,,False,Celastrina argiolus,Insecta,Wetland,UK - England,Europe,Count,All Individuals,Sample,Unknown,4.0,10.0,1.0,False,None,79,394,781,-2.75,54.166666666666664
3330,9,1977,1985,9,0,0,,,0,0,0,,,False,Inachis io,Insecta,Wetland,UK - England,Europe,Count,All Individuals,Sample,Unknown,4.0,10.0,1.0,False,None,79,394,258,-2.75,54.166666666666664
3332,9,1977,1985,9,0,0,,,0,0,0,,,False,Maniola jurtina,Insecta,Wetland,UK - England,Europe,Count,All Individuals,Sample,Unknown,4.0,10.0,1.0,False,None,79,394,247,-2.75,54.166666666666664
3333,10,1976,1985,10,0,2,,,0,0,0,,,False,Thymelicus sylvestris,Insecta,Wetland,UK - England,Europe,Count,All Individuals,Sample,Unknown,4.0,10.0,1.0,False,None,79,394,766,-2.75,54.166666666666664
3335,9,1977,1985,9,0,2,,,0,0,0,,,False,Pieris brassicae,Insecta,Largely unvegetated,UK - England,Europe,Count,All Individuals,Sample,Unknown,4.0,10.0,1.0,False,None,79,395,244,-1.75,55.666666666666664
3338,8,1977,1985,9,1,2,,,0,0,0,,,False,Pieris napi,Insecta,Largely unvegetated,UK - England,Europe,Count,All Individuals,Sample,Unknown,4.0,10.0,1.0,False,None,79,395,240,-1.75,55.666666666666664
3339,9,1977,1985,9,0,1,,,0,0,0,,,False,Pieris napi,Insecta,Largely unvegetated,UK - England,Europe,Count,All Individuals,Sample,Unknown,4.0,10.0,1.0,False,None,79,395,240,-1.75,55.666666666666664
3340,9,1977,1985,9,0,0,,1985.0,0,0,0,,,False,Polyommatus icarus,Insecta,Largely unvegetated,UK - England,Europe,Count,All Individuals,Sample,Unknown,4.0,10.0,1.0,False,None,79,395,237,-1.75,55.666666666666664
3342,9,1977,1985,9,0,1,,,0,0,0,,,False,Aglais urticae,Insecta,Largely unvegetated,UK - England,Europe,Count,All Individuals,Sample,Unknown,4.0,10.0,1.0,False,None,79,395,253,-1.75,55.666666666666664
3343,9,1977,1985,9,0,0,,,0,0,0,,,False,Mesoacidalia aglaja,Insecta,Largely unvegetated,UK - England,Europe,Count,All Individuals,Sample,Unknown,4.0,10.0,1.0,False,None,79,395,238,-1.75,55.666666666666664
3344,9,1977,1985,9,0,0,,,0,0,0,,,False,Hipparchia semele,Insecta,Largely unvegetated,UK - England,Europe,Count,All Individuals,Sample,Unknown,4.0,10.0,1.0,False,None,79,395,788,-1.75,55.666666666666664
3345,9,1977,1985,9,0,0,,1985.0,0,0,0,,,False,Maniola jurtina,Insecta,Largely unvegetated,UK - England,Europe,Count,All Individuals,Sample,Unknown,4.0,10.0,1.0,False,None,79,395,247,-1.75,55.666666666666664
3348,9,1977,1985,9,0,0,,,0,0,0,,,False,Aglais urticae,Insecta,Heath or Moor,UK - Scotland,Europe,Count,All Individuals,Sample,Unknown,4.0,10.0,1.0,False,None,79,396,253,-3.6666666666666665,57.266666666666666
3349,9,1977,1985,9,0,1,,,0,0,0,,,False,Boloria selene,Insecta,Heath or Moor,UK - Scotland,Europe,Count,All Individuals,Sample,Unknown,4.0,10.0,1.0,False,None,79,396,785,-3.6666666666666665,57.266666666666666
3350,9,1977,1985,9,0,0,,,0,0,0,,,False,Maniola jurtina,Insecta,Heath or Moor,UK - Scotland,Europe,Count,All Individuals,Sample,Unknown,4.0,10.0,1.0,False,None,79,396,247,-3.6666666666666665,57.266666666666666
3351,9,1977,1985,9,0,0,,,0,0,0,,,False,Coenonympha pamphilus,Insecta,Heath or Moor,UK - Scotland,Europe,Count,All Individuals,Sample,Unknown,4.0,10.0,1.0,False,None,79,396,252,-3.6666666666666665,57.266666666666666
3352,14,1976,1989,14,0,0,,,0,0,0,,,False,Ochlodes venata,Insecta,Deciduous forest,UK - England,Europe,Count,All Individuals,Sample,Unknown,4.0,14.0,1.0,False,The last four years of the data sets are taken from graphs in Source 601.,79,397,243,-0.23333333333333334,52.4
3353,10,1976,1985,10,0,3,1983.0,1983.0,0,0,0,,,False,Pyrgus malvae,Insecta,Deciduous forest,UK - England,Europe,Count,All Individuals,Sample,Unknown,4.0,10.0,1.0,False,None,79,397,770,-0.23333333333333334,52.4
3356,10,1976,1985,10,0,0,,,0,0,0,,,False,Gonepteryx rhamni,Insecta,Deciduous forest,UK - England,Europe,Count,All Individuals,Sample,Unknown,4.0,10.0,1.0,False,None,79,397,774,-0.23333333333333334,52.4
3358,10,1976,1985,10,0,0,,,0,0,0,,,False,Pieris brassicae,Insecta,Deciduous forest,UK - England,Europe,Count,All Individuals,Sample,Unknown,4.0,10.0,1.0,False,None,79,397,244,-0.23333333333333334,52.4
3360,10,1976,1985,10,0,0,,,0,0,0,,,False,Pieris rapae,Insecta,Deciduous forest,UK - England,Europe,Count,All Individuals,Sample,Unknown,4.0,10.0,1.0,False,None,79,397,254,-0.23333333333333334,52.4
3362,10,1976,1985,10,0,0,,,0,0,0,,,False,Pieris napi,Insecta,Deciduous forest,UK - England,Europe,Count,All Individuals,Sample,Unknown,4.0,10.0,1.0,False,None,79,397,240,-0.23333333333333334,52.4
3363,10,1976,1985,10,0,0,,,0,0,0,,,False,Pieris napi,Insecta,Deciduous forest,UK - England,Europe,Count,All Individuals,Sample,Unknown,4.0,10.0,1.0,False,None,79,397,240,-0.23333333333333334,52.4
3364,10,1976,1985,10,0,0,,,0,0,0,,,False,Anthocaris cardamines,Insecta,Deciduous forest,UK - England,Europe,Count,All Individuals,Sample,Unknown,4.0,10.0,1.0,False,None,79,397,776,-0.23333333333333334,52.4
3365,10,1976,1985,10,0,0,,,0,0,0,,,False,Quercusia quercus,Insecta,Deciduous forest,UK - England,Europe,Count,All Individuals,Sample,Unknown,4.0,10.0,1.0,False,None,79,397,778,-0.23333333333333334,52.4
3366,10,1976,1985,10,0,4,1981.0,1981.0,0,0,0,,,False,Satyrium pruni,Insecta,Deciduous forest,UK - England,Europe,Count,All Individuals,Sample,Unknown,4.0,10.0,1.0,False,None,79,397,779,-0.23333333333333334,52.4
3371,10,1976,1985,10,0,3,,,0,0,0,,,False,Polyommatus icarus,Insecta,Deciduous forest,UK - England,Europe,Count,All Individuals,Sample,Unknown,4.0,10.0,1.0,False,None,79,397,237,-0.23333333333333334,52.4
3372,10,1976,1985,10,0,4,,,0,0,0,,,False,Celastrina argiolus,Insecta,Deciduous forest,UK - England,Europe,Count,All Individuals,Sample,Unknown,4.0,10.0,1.0,False,None,79,397,781,-0.23333333333333334,52.4
3374,10,1976,1985,10,0,3,,,0,0,0,,,False,Ladoga camilla,Insecta,Deciduous forest,UK - England,Europe,Count,All Individuals,Sample,Unknown,4.0,10.0,1.0,False,None,79,397,782,-0.23333333333333334,52.4
3375,10,1976,1985,10,0,0,,,0,0,0,,,False,Vanessa atalanta,Insecta,Deciduous forest,UK - England,Europe,Count,All Individuals,Sample,Unknown,4.0,10.0,1.0,False,None,79,397,249,-0.23333333333333334,52.4
3377,10,1976,1985,10,0,0,,,0,0,0,,,False,Aglais urticae,Insecta,Deciduous forest,UK - England,Europe,Count,All Individuals,Sample,Unknown,4.0,10.0,1.0,False,None,79,397,253,-0.23333333333333334,52.4
3378,10,1976,1985,10,0,0,,,0,0,0,,,False,Inachis io,Insecta,Deciduous forest,UK - England,Europe,Count,All Individuals,Sample,Unknown,4.0,10.0,1.0,False,None,79,397,258,-0.23333333333333334,52.4
3380,10,1976,1985,10,0,0,,,0,0,0,,,False,Polygonia c-album,Insecta,Deciduous forest,UK - England,Europe,Count,All Individuals,Sample,Unknown,4.0,10.0,1.0,False,None,79,397,236,-0.23333333333333334,52.4
3381,10,1976,1985,10,0,0,,,0,0,0,,,False,Pararge aegeria,Insecta,Deciduous forest,UK - England,Europe,Count,All Individuals,Sample,Unknown,4.0,10.0,1.0,False,None,79,397,255,-0.23333333333333334,52.4
3382,10,1976,1985,10,0,1,,1985.0,0,0,0,,,False,Lasiommata megera,Insecta,Deciduous forest,UK - England,Europe,Count,All Individuals,Sample,Unknown,4.0,10.0,1.0,False,None,79,397,256,-0.23333333333333334,52.4
3384,14,1976,1989,14,0,0,,,0,0,0,,,False,Pyronia tithonus,Insecta,Deciduous forest,UK - England,Europe,Count,All Individuals,Sample,Unknown,4.0,14.0,1.0,False,The last four years of the data sets are taken from graphs in Source 601.,79,397,242,-0.23333333333333334,52.4
3385,14,1976,1989,14,0,0,,,0,0,0,,,False,Maniola jurtina,Insecta,Deciduous forest,UK - England,Europe,Count,All Individuals,Sample,Unknown,4.0,14.0,1.0,False,The last four years of the data sets are taken from graphs in Source 601.,79,397,247,-0.23333333333333334,52.4
3386,10,1976,1985,10,0,0,,1985.0,0,0,0,,,False,Coenonympha pamphilus,Insecta,Deciduous forest,UK - England,Europe,Count,All Individuals,Sample,Unknown,4.0,10.0,1.0,False,None,79,397,252,-0.23333333333333334,52.4
3387,14,1976,1989,14,0,0,,,0,0,0,,,False,Aphantopus hyperantus,Insecta,Deciduous forest,UK - England,Europe,Count,All Individuals,Sample,Unknown,4.0,14.0,1.0,False,The last four years of the data sets are taken from graphs in Source 601.,79,397,789,-0.23333333333333334,52.4
3388,10,1976,1985,10,0,0,,,0,0,0,,,False,Thymelicus sylvestris,Insecta,Deciduous forest,UK - England,Europe,Count,All Individuals,Sample,Unknown,4.0,10.0,1.0,False,None,79,397,766,-0.23333333333333334,52.4
3393,9,1977,1985,9,0,0,,,0,0,0,,,False,Pieris brassicae,Insecta,Mixed or unspecified forest,UK - England,Europe,Count,All Individuals,Sample,Unknown,4.0,10.0,1.0,False,None,79,398,244,-2.5666666666666664,51.766666666666666
3395,9,1977,1985,9,0,1,1984.0,1984.0,0,0,0,,,False,Pieris rapae,Insecta,Mixed or unspecified forest,UK - England,Europe,Count,All Individuals,Sample,Unknown,4.0,10.0,1.0,False,None,79,398,254,-2.5666666666666664,51.766666666666666
3397,9,1977,1985,9,0,1,,,0,0,0,,,False,Pieris napi,Insecta,Mixed or unspecified forest,UK - England,Europe,Count,All Individuals,Sample,Unknown,4.0,10.0,1.0,False,None,79,398,240,-2.5666666666666664,51.766666666666666
3398,8,1977,1985,9,1,1,,,0,0,0,,,False,Pieris napi,Insecta,Mixed or unspecified forest,UK - England,Europe,Count,All Individuals,Sample,Unknown,4.0,10.0,1.0,False,None,79,398,240,-2.5666666666666664,51.766666666666666
3399,9,1977,1985,9,0,4,,,0,0,0,,,False,Anthocaris cardamines,Insecta,Mixed or unspecified forest,UK - England,Europe,Count,All Individuals,Sample,Unknown,4.0,10.0,1.0,False,None,79,398,776,-2.5666666666666664,51.766666666666666
3400,9,1977,1985,9,0,1,,,0,0,0,,,False,Callophrys rubi,Insecta,Mixed or unspecified forest,UK - England,Europe,Count,All Individuals,Sample,Unknown,4.0,10.0,1.0,False,None,79,398,777,-2.5666666666666664,51.766666666666666
3401,10,1976,1985,10,0,4,,,0,0,0,,,False,Quercusia quercus,Insecta,Mixed or unspecified forest,UK - England,Europe,Count,All Individuals,Sample,Unknown,4.0,10.0,1.0,False,None,79,398,778,-2.5666666666666664,51.766666666666666
3406,10,1976,1985,10,0,1,,,0,0,0,,,False,Inachis io,Insecta,Mixed or unspecified forest,UK - England,Europe,Count,All Individuals,Sample,Unknown,4.0,10.0,1.0,False,None,79,398,258,-2.5666666666666664,51.766666666666666
3408,10,1976,1985,10,0,4,,,0,0,0,,,False,Polygonia c-album,Insecta,Mixed or unspecified forest,UK - England,Europe,Count,All Individuals,Sample,Unknown,4.0,10.0,1.0,False,None,79,398,236,-2.5666666666666664,51.766666666666666
3409,9,1977,1985,9,0,7,,,0,0,0,,,False,Boloria selene,Insecta,Mixed or unspecified forest,UK - England,Europe,Count,All Individuals,Sample,Unknown,4.0,10.0,1.0,False,None,79,398,785,-2.5666666666666664,51.766666666666666
3410,10,1976,1985,10,0,6,,,0,0,0,,,False,Boloria euphrosyne,Insecta,Mixed or unspecified forest,UK - England,Europe,Count,All Individuals,Sample,Unknown,4.0,10.0,1.0,False,None,79,398,786,-2.5666666666666664,51.766666666666666
3411,10,1976,1985,10,0,3,,1985.0,0,0,0,,,False,Argynnis paphia,Insecta,Mixed or unspecified forest,UK - England,Europe,Count,All Individuals,Sample,Unknown,4.0,10.0,1.0,False,None,79,398,787,-2.5666666666666664,51.766666666666666
3412,10,1976,1985,10,0,1,,,0,0,0,,,False,Pararge aegeria,Insecta,Mixed or unspecified forest,UK - England,Europe,Count,All Individuals,Sample,Unknown,4.0,10.0,1.0,False,None,79,398,255,-2.5666666666666664,51.766666666666666
3415,9,1977,1985,9,0,2,,,0,0,0,,,False,Pyronia tithonus,Insecta,Mixed or unspecified forest,UK - England,Europe,Count,All Individuals,Sample,Unknown,4.0,10.0,1.0,False,None,79,398,242,-2.5666666666666664,51.766666666666666
3416,9,1977,1985,9,0,0,,,0,0,0,,,False,Maniola jurtina,Insecta,Mixed or unspecified forest,UK - England,Europe,Count,All Individuals,Sample,Unknown,4.0,10.0,1.0,False,None,79,398,247,-2.5666666666666664,51.766666666666666
3417,9,1977,1985,9,0,0,1984.0,1984.0,0,0,0,,,False,Coenonympha pamphilus,Insecta,Mixed or unspecified forest,UK - England,Europe,Count,All Individuals,Sample,Unknown,4.0,10.0,1.0,False,None,79,398,252,-2.5666666666666664,51.766666666666666
3418,9,1977,1985,9,0,0,,,0,0,0,,,False,Aphantopus hyperantus,Insecta,Mixed or unspecified forest,UK - England,Europe,Count,All Individuals,Sample,Unknown,4.0,10.0,1.0,False,None,79,398,789,-2.5666666666666664,51.766666666666666
3419,9,1977,1985,9,0,0,,,0,0,0,,,False,Thymelicus sylvestris,Insecta,Mixed or unspecified forest,UK - England,Europe,Count,All Individuals,Sample,Unknown,4.0,10.0,1.0,False,None,79,398,766,-2.5666666666666664,51.766666666666666
3420,10,1976,1985,10,0,0,,,0,0,0,,,False,Ochlodes venata,Insecta,Grassland,UK - England,Europe,Count,All Individuals,Sample,Unknown,4.0,10.0,1.0,False,None,79,399,243,-1.1833333333333333,50.88333333333333
3421,10,1976,1985,10,0,4,,,0,0,0,,,False,Hesperia comma,Insecta,Grassland,UK - England,Europe,Count,All Individuals,Sample,Unknown,4.0,10.0,1.0,False,None,79,399,768,-1.1833333333333333,50.88333333333333
3422,9,1977,1985,9,0,0,,,0,0,0,,,False,Erynnis tages,Insecta,Grassland,UK - England,Europe,Count,All Individuals,Sample,Unknown,4.0,10.0,1.0,False,None,79,399,239,-1.1833333333333333,50.88333333333333
3423,10,1976,1985,10,0,3,,,0,0,0,,,False,Pyrgus malvae,Insecta,Grassland,UK - England,Europe,Count,All Individuals,Sample,Unknown,4.0,10.0,1.0,False,None,79,399,770,-1.1833333333333333,50.88333333333333
3426,10,1976,1985,10,0,0,,,0,0,0,,,False,Gonepteryx rhamni,Insecta,Grassland,UK - England,Europe,Count,All Individuals,Sample,Unknown,4.0,10.0,1.0,False,None,79,399,774,-1.1833333333333333,50.88333333333333
3428,10,1976,1985,10,0,0,,,0,0,0,,,False,Pieris brassicae,Insecta,Grassland,UK - England,Europe,Count,All Individuals,Sample,Unknown,4.0,10.0,1.0,False,None,79,399,244,-1.1833333333333333,50.88333333333333
3430,10,1976,1985,10,0,0,,,0,0,0,,,False,Pieris rapae,Insecta,Grassland,UK - England,Europe,Count,All Individuals,Sample,Unknown,4.0,10.0,1.0,False,None,79,399,254,-1.1833333333333333,50.88333333333333
3432,10,1976,1985,10,0,1,,1985.0,0,0,0,,,False,Pieris napi,Insecta,Grassland,UK - England,Europe,Count,All Individuals,Sample,Unknown,4.0,10.0,1.0,False,None,79,399,240,-1.1833333333333333,50.88333333333333
3433,10,1976,1985,10,0,1,,1985.0,0,0,0,,,False,Pieris napi,Insecta,Grassland,UK - England,Europe,Count,All Individuals,Sample,Unknown,4.0,10.0,1.0,False,None,79,399,240,-1.1833333333333333,50.88333333333333
3434,10,1976,1985,10,0,1,,,0,0,0,,,False,Anthocaris cardamines,Insecta,Grassland,UK - England,Europe,Count,All Individuals,Sample,Unknown,4.0,10.0,1.0,False,None,79,399,776,-1.1833333333333333,50.88333333333333
3435,10,1976,1985,10,0,1,,,0,0,0,,,False,Callophrys rubi,Insecta,Grassland,UK - England,Europe,Count,All Individuals,Sample,Unknown,4.0,10.0,1.0,False,None,79,399,777,-1.1833333333333333,50.88333333333333
3437,10,1976,1985,10,0,0,,,0,0,0,,,False,Lycaena phlaeas,Insecta,Grassland,UK - England,Europe,Count,All Individuals,Sample,Unknown,4.0,10.0,1.0,False,None,79,399,251,-1.1833333333333333,50.88333333333333
3439,10,1976,1985,10,0,1,,,0,0,0,,,False,Cupido minimus,Insecta,Grassland,UK - England,Europe,Count,All Individuals,Sample,Unknown,4.0,10.0,1.0,False,None,79,399,250,-1.1833333333333333,50.88333333333333
3441,10,1976,1985,10,0,2,,1985.0,0,0,0,,,False,Aricia agestis,Insecta,Grassland,UK - England,Europe,Count,All Individuals,Sample,Unknown,4.0,10.0,1.0,False,None,79,399,233,-1.1833333333333333,50.88333333333333
3442,10,1976,1985,10,0,0,,,0,0,0,,,False,Polyommatus icarus,Insecta,Grassland,UK - England,Europe,Count,All Individuals,Sample,Unknown,4.0,10.0,1.0,False,None,79,399,237,-1.1833333333333333,50.88333333333333
3444,10,1976,1985,10,0,0,,,0,0,0,,,False,Lysandra coridon,Insecta,Grassland,UK - England,Europe,Count,All Individuals,Sample,Unknown,4.0,10.0,1.0,False,None,79,399,235,-1.1833333333333333,50.88333333333333
3447,10,1976,1985,10,0,0,,,0,0,0,,,False,Vanessa atalanta,Insecta,Grassland,UK - England,Europe,Count,All Individuals,Sample,Unknown,4.0,10.0,1.0,False,None,79,399,249,-1.1833333333333333,50.88333333333333
3448,10,1976,1985,10,0,2,,,0,0,0,,,False,Vanessa cardui,Insecta,Grassland,UK - England,Europe,Count,All Individuals,Sample,Unknown,4.0,10.0,1.0,False,None,79,399,248,-1.1833333333333333,50.88333333333333
3449,10,1976,1985,10,0,0,,,0,0,0,,,False,Aglais urticae,Insecta,Grassland,UK - England,Europe,Count,All Individuals,Sample,Unknown,4.0,10.0,1.0,False,None,79,399,253,-1.1833333333333333,50.88333333333333
3450,10,1976,1985,10,0,0,,,0,0,0,,,False,Inachis io,Insecta,Grassland,UK - England,Europe,Count,All Individuals,Sample,Unknown,4.0,10.0,1.0,False,None,79,399,258,-1.1833333333333333,50.88333333333333
3452,9,1977,1985,9,0,1,,,0,0,0,,,False,Polygonia c-album,Insecta,Grassland,UK - England,Europe,Count,All Individuals,Sample,Unknown,4.0,10.0,1.0,False,None,79,399,236,-1.1833333333333333,50.88333333333333
3454,10,1976,1985,10,0,0,,1985.0,0,0,0,,,False,Pararge aegeria,Insecta,Grassland,UK - England,Europe,Count,All Individuals,Sample,Unknown,4.0,10.0,1.0,False,None,79,399,255,-1.1833333333333333,50.88333333333333
3455,10,1976,1985,10,0,1,,1985.0,0,0,0,,,False,Lasiommata megera,Insecta,Grassland,UK - England,Europe,Count,All Individuals,Sample,Unknown,4.0,10.0,1.0,False,None,79,399,256,-1.1833333333333333,50.88333333333333
3458,10,1976,1985,10,0,0,,,0,0,0,,,False,Pyronia tithonus,Insecta,Grassland,UK - England,Europe,Count,All Individuals,Sample,Unknown,4.0,10.0,1.0,False,None,79,399,242,-1.1833333333333333,50.88333333333333
3459,10,1976,1985,10,0,0,,,0,0,0,,,False,Maniola jurtina,Insecta,Grassland,UK - England,Europe,Count,All Individuals,Sample,Unknown,4.0,10.0,1.0,False,None,79,399,247,-1.1833333333333333,50.88333333333333
3460,10,1976,1985,10,0,0,,,0,0,0,,,False,Coenonympha pamphilus,Insecta,Grassland,UK - England,Europe,Count,All Individuals,Sample,Unknown,4.0,10.0,1.0,False,None,79,399,252,-1.1833333333333333,50.88333333333333
3461,10,1976,1985,10,0,1,,,0,0,0,,,False,Aphantopus hyperantus,Insecta,Grassland,UK - England,Europe,Count,All Individuals,Sample,Unknown,4.0,10.0,1.0,False,None,79,399,789,-1.1833333333333333,50.88333333333333
3462,10,1976,1985,10,0,0,,,0,0,0,,,False,Thymelicus sylvestris,Insecta,Grassland,UK - England,Europe,Count,All Individuals,Sample,Unknown,4.0,10.0,1.0,False,None,79,399,766,-1.1833333333333333,50.88333333333333
3464,10,1976,1985,10,0,4,1981.0,1981.0,0,0,0,,,False,Erynnis tages,Insecta,Largely unvegetated,UK - Wales,Europe,Count,All Individuals,Sample,Unknown,4.0,10.0,1.0,False,None,79,400,239,-4.166666666666667,51.583333333333336
3466,10,1976,1985,10,0,0,,,0,0,0,,,False,Gonepteryx rhamni,Insecta,Largely unvegetated,UK - Wales,Europe,Count,All Individuals,Sample,Unknown,4.0,10.0,1.0,False,None,79,400,774,-4.166666666666667,51.583333333333336
3468,10,1976,1985,10,0,0,,,0,0,0,,,False,Pieris brassicae,Insecta,Largely unvegetated,UK - Wales,Europe,Count,All Individuals,Sample,Unknown,4.0,10.0,1.0,False,None,79,400,244,-4.166666666666667,51.583333333333336
3470,10,1976,1985,10,0,0,,,0,0,0,,,False,Pieris rapae,Insecta,Largely unvegetated,UK - Wales,Europe,Count,All Individuals,Sample,Unknown,4.0,10.0,1.0,False,None,79,400,254,-4.166666666666667,51.583333333333336
3472,10,1976,1985,10,0,0,,,0,0,0,,,False,Pieris napi,Insecta,Largely unvegetated,UK - Wales,Europe,Count,All Individuals,Sample,Unknown,4.0,10.0,1.0,False,None,79,400,240,-4.166666666666667,51.583333333333336
3473,10,1976,1985,10,0,0,,,0,0,0,,,False,Pieris napi,Insecta,Largely unvegetated,UK - Wales,Europe,Count,All Individuals,Sample,Unknown,4.0,10.0,1.0,False,None,79,400,240,-4.166666666666667,51.583333333333336
3474,10,1976,1985,10,0,0,,,0,0,0,,,False,Anthocaris cardamines,Insecta,Largely unvegetated,UK - Wales,Europe,Count,All Individuals,Sample,Unknown,4.0,10.0,1.0,False,None,79,400,776,-4.166666666666667,51.583333333333336
3477,10,1976,1985,10,0,0,,,0,0,0,,,False,Lycaena phlaeas,Insecta,Largely unvegetated,UK - Wales,Europe,Count,All Individuals,Sample,Unknown,4.0,10.0,1.0,False,None,79,400,251,-4.166666666666667,51.583333333333336
3480,10,1976,1985,10,0,2,1981.0,1981.0,0,0,0,,,False,Aricia agestis,Insecta,Largely unvegetated,UK - Wales,Europe,Count,All Individuals,Sample,Unknown,4.0,10.0,1.0,False,None,79,400,233,-4.166666666666667,51.583333333333336
3482,10,1976,1985,10,0,0,,,0,0,0,,,False,Polyommatus icarus,Insecta,Largely unvegetated,UK - Wales,Europe,Count,All Individuals,Sample,Unknown,4.0,10.0,1.0,False,None,79,400,237,-4.166666666666667,51.583333333333336
3484,10,1976,1985,10,0,1,,,0,0,0,,,False,Celastrina argiolus,Insecta,Largely unvegetated,UK - Wales,Europe,Count,All Individuals,Sample,Unknown,4.0,10.0,1.0,False,None,79,400,781,-4.166666666666667,51.583333333333336
3486,10,1976,1985,10,0,0,,,0,0,0,,,False,Vanessa atalanta,Insecta,Largely unvegetated,UK - Wales,Europe,Count,All Individuals,Sample,Unknown,4.0,10.0,1.0,False,None,79,400,249,-4.166666666666667,51.583333333333336
3487,10,1976,1985,10,0,2,,,0,0,0,,,False,Vanessa cardui,Insecta,Largely unvegetated,UK - Wales,Europe,Count,All Individuals,Sample,Unknown,4.0,10.0,1.0,False,None,79,400,248,-4.166666666666667,51.583333333333336
3488,10,1976,1985,10,0,0,,,0,0,0,,,False,Aglais urticae,Insecta,Largely unvegetated,UK - Wales,Europe,Count,All Individuals,Sample,Unknown,4.0,10.0,1.0,False,None,79,400,253,-4.166666666666667,51.583333333333336
3489,10,1976,1985,10,0,0,,,0,0,0,,,False,Inachis io,Insecta,Largely unvegetated,UK - Wales,Europe,Count,All Individuals,Sample,Unknown,4.0,10.0,1.0,False,None,79,400,258,-4.166666666666667,51.583333333333336
3493,8,1976,1985,10,2,2,,,0,0,0,,,False,Mesoacidalia aglaja,Insecta,Largely unvegetated,UK - Wales,Europe,Count,All Individuals,Sample,Unknown,4.0,10.0,1.0,False,None,79,400,238,-4.166666666666667,51.583333333333336
3494,10,1976,1985,10,0,1,,1985.0,0,0,0,,,False,Argynnis paphia,Insecta,Largely unvegetated,UK - Wales,Europe,Count,All Individuals,Sample,Unknown,4.0,10.0,1.0,False,None,79,400,787,-4.166666666666667,51.583333333333336
3495,10,1976,1985,10,0,0,,,0,0,0,,,False,Pararge aegeria,Insecta,Largely unvegetated,UK - Wales,Europe,Count,All Individuals,Sample,Unknown,4.0,10.0,1.0,False,None,79,400,255,-4.166666666666667,51.583333333333336
3496,10,1976,1985,10,0,1,1982.0,1982.0,0,0,0,,,False,Lasiommata megera,Insecta,Largely unvegetated,UK - Wales,Europe,Count,All Individuals,Sample,Unknown,4.0,10.0,1.0,False,None,79,400,256,-4.166666666666667,51.583333333333336
3498,10,1976,1985,10,0,1,,1985.0,0,0,0,,,False,Hipparchia semele,Insecta,Largely unvegetated,UK - Wales,Europe,Count,All Individuals,Sample,Unknown,4.0,10.0,1.0,False,None,79,400,788,-4.166666666666667,51.583333333333336
3500,10,1976,1985,10,0,0,,,0,0,0,,,False,Pyronia tithonus,Insecta,Largely unvegetated,UK - Wales,Europe,Count,All Individuals,Sample,Unknown,4.0,10.0,1.0,False,None,79,400,242,-4.166666666666667,51.583333333333336
3501,10,1976,1985,10,0,0,,,0,0,0,,,False,Maniola jurtina,Insecta,Largely unvegetated,UK - Wales,Europe,Count,All Individuals,Sample,Unknown,4.0,10.0,1.0,False,None,79,400,247,-4.166666666666667,51.583333333333336
3502,10,1976,1985,10,0,0,,,0,0,0,,,False,Coenonympha pamphilus,Insecta,Largely unvegetated,UK - Wales,Europe,Count,All Individuals,Sample,Unknown,4.0,10.0,1.0,False,None,79,400,252,-4.166666666666667,51.583333333333336
3503,9,1976,1985,10,1,1,,,0,0,0,,,False,Aphantopus hyperantus,Insecta,Largely unvegetated,UK - Wales,Europe,Count,All Individuals,Sample,Unknown,4.0,10.0,1.0,False,None,79,400,789,-4.166666666666667,51.583333333333336
3504,10,1976,1985,10,0,2,,,0,0,0,,,False,Thymelicus sylvestris,Insecta,Largely unvegetated,UK - Wales,Europe,Count,All Individuals,Sample,Unknown,4.0,10.0,1.0,False,None,79,400,766,-4.166666666666667,51.583333333333336
3505,9,1976,1985,10,1,0,,,0,0,0,,,False,Ochlodes venata,Insecta,Deciduous forest,UK - England,Europe,Count,All Individuals,Sample,Unknown,4.0,10.0,1.0,False,None,79,401,243,-0.35,52.05
3508,10,1976,1985,10,0,0,,,0,0,0,,,False,Gonepteryx rhamni,Insecta,Deciduous forest,UK - England,Europe,Count,All Individuals,Sample,Unknown,4.0,10.0,1.0,False,None,79,401,774,-0.35,52.05
3510,9,1976,1985,10,1,0,,,0,0,0,,,False,Anthocaris cardamines,Insecta,Deciduous forest,UK - England,Europe,Count,All Individuals,Sample,Unknown,4.0,10.0,1.0,False,None,79,401,776,-0.35,52.05
3518,8,1976,1985,10,2,0,,,0,0,0,,,False,Vanessa atalanta,Insecta,Deciduous forest,UK - England,Europe,Count,All Individuals,Sample,Unknown,4.0,10.0,1.0,False,None,79,401,249,-0.35,52.05
3519,9,1976,1985,10,1,2,,,0,0,0,,,False,Vanessa cardui,Insecta,Deciduous forest,UK - England,Europe,Count,All Individuals,Sample,Unknown,4.0,10.0,1.0,False,None,79,401,248,-0.35,52.05
3520,7,1976,1985,10,3,0,,,0,0,0,,,False,Aglais urticae,Insecta,Deciduous forest,UK - England,Europe,Count,All Individuals,Sample,Unknown,4.0,10.0,1.0,False,None,79,401,253,-0.35,52.05
3521,10,1976,1985,10,0,0,,,0,0,0,,,False,Inachis io,Insecta,Deciduous forest,UK - England,Europe,Count,All Individuals,Sample,Unknown,4.0,10.0,1.0,False,None,79,401,258,-0.35,52.05
3523,7,1976,1985,10,3,1,,,0,0,0,,,False,Polygonia c-album,Insecta,Deciduous forest,UK - England,Europe,Count,All Individuals,Sample,Unknown,4.0,10.0,1.0,False,None,79,401,236,-0.35,52.05
3525,9,1976,1985,10,1,2,,,0,0,0,,,False,Lasiommata megera,Insecta,Deciduous forest,UK - England,Europe,Count,All Individuals,Sample,Unknown,4.0,10.0,1.0,False,None,79,401,256,-0.35,52.05
3526,9,1976,1985,10,1,1,,,0,0,0,,,False,Pyronia tithonus,Insecta,Deciduous forest,UK - England,Europe,Count,All Individuals,Sample,Unknown,4.0,10.0,1.0,False,None,79,401,242,-0.35,52.05
3527,9,1976,1985,10,1,1,,,0,0,0,,,False,Maniola jurtina,Insecta,Deciduous forest,UK - England,Europe,Count,All Individuals,Sample,Unknown,4.0,10.0,1.0,False,None,79,401,247,-0.35,52.05
3528,9,1976,1985,10,1,3,,,0,0,0,,,False,Coenonympha pamphilus,Insecta,Deciduous forest,UK - England,Europe,Count,All Individuals,Sample,Unknown,4.0,10.0,1.0,False,None,79,401,252,-0.35,52.05
3529,8,1976,1985,10,2,0,,,0,0,0,,,False,Aphantopus hyperantus,Insecta,Deciduous forest,UK - England,Europe,Count,All Individuals,Sample,Unknown,4.0,10.0,1.0,False,None,79,401,789,-0.35,52.05
3530,8,1976,1985,10,2,0,,,0,0,0,,,False,Thymelicus sylvestris,Insecta,Deciduous forest,UK - England,Europe,Count,All Individuals,Sample,Unknown,4.0,10.0,1.0,False,None,79,401,766,-0.35,52.05
3531,9,1977,1985,9,0,0,,,0,0,0,,,False,Ochlodes venata,Insecta,Wetland,UK - England,Europe,Count,All Individuals,Sample,Unknown,4.0,10.0,1.0,False,None,79,402,243,-2.466666666666667,50.6
3533,9,1977,1985,9,0,0,,,0,0,0,,,False,Gonepteryx rhamni,Insecta,Wetland,UK - England,Europe,Count,All Individuals,Sample,Unknown,4.0,10.0,1.0,False,None,79,402,774,-2.466666666666667,50.6
3535,9,1977,1985,9,0,0,,,0,0,0,,,False,Pieris brassicae,Insecta,Wetland,UK - England,Europe,Count,All Individuals,Sample,Unknown,4.0,10.0,1.0,False,None,79,402,244,-2.466666666666667,50.6
3538,10,1976,1985,10,0,3,,,0,0,0,,,False,Lycaena phlaeas,Insecta,Wetland,UK - England,Europe,Count,All Individuals,Sample,Unknown,4.0,10.0,1.0,False,None,79,402,251,-2.466666666666667,50.6
3539,9,1977,1985,9,0,0,,,0,0,0,,,False,Polyommatus icarus,Insecta,Wetland,UK - England,Europe,Count,All Individuals,Sample,Unknown,4.0,10.0,1.0,False,None,79,402,237,-2.466666666666667,50.6
3543,9,1977,1985,9,0,0,,,0,0,0,,,False,Vanessa atalanta,Insecta,Wetland,UK - England,Europe,Count,All Individuals,Sample,Unknown,4.0,10.0,1.0,False,None,79,402,249,-2.466666666666667,50.6
3544,9,1977,1985,9,0,1,,,0,0,0,,,False,Vanessa cardui,Insecta,Wetland,UK - England,Europe,Count,All Individuals,Sample,Unknown,4.0,10.0,1.0,False,None,79,402,248,-2.466666666666667,50.6
3545,9,1977,1985,9,0,0,,,0,0,0,,,False,Aglais urticae,Insecta,Wetland,UK - England,Europe,Count,All Individuals,Sample,Unknown,4.0,10.0,1.0,False,None,79,402,253,-2.466666666666667,50.6
3546,9,1977,1985,9,0,0,,,0,0,0,,,False,Inachis io,Insecta,Wetland,UK - England,Europe,Count,All Individuals,Sample,Unknown,4.0,10.0,1.0,False,None,79,402,258,-2.466666666666667,50.6
3548,9,1977,1985,9,0,1,,,0,0,0,,,False,Polygonia c-album,Insecta,Wetland,UK - England,Europe,Count,All Individuals,Sample,Unknown,4.0,10.0,1.0,False,None,79,402,236,-2.466666666666667,50.6
3549,9,1977,1985,9,0,0,,1985.0,0,0,0,,,False,Pararge aegeria,Insecta,Wetland,UK - England,Europe,Count,All Individuals,Sample,Unknown,4.0,10.0,1.0,False,None,79,402,255,-2.466666666666667,50.6
3552,9,1977,1985,9,0,0,,,0,0,0,,,False,Pyronia tithonus,Insecta,Wetland,UK - England,Europe,Count,All Individuals,Sample,Unknown,4.0,10.0,1.0,False,None,79,402,242,-2.466666666666667,50.6
3553,9,1977,1985,9,0,0,,,0,0,0,,,False,Maniola jurtina,Insecta,Wetland,UK - England,Europe,Count,All Individuals,Sample,Unknown,4.0,10.0,1.0,False,None,79,402,247,-2.466666666666667,50.6
3554,9,1977,1985,9,0,5,,,0,0,0,,,False,Coenonympha pamphilus,Insecta,Wetland,UK - England,Europe,Count,All Individuals,Sample,Unknown,4.0,10.0,1.0,False,None,79,402,252,-2.466666666666667,50.6
3555,9,1977,1985,9,0,0,,,0,0,0,,,False,Thymelicus sylvestris,Insecta,Wetland,UK - England,Europe,Count,All Individuals,Sample,Unknown,4.0,10.0,1.0,False,None,79,402,766,-2.466666666666667,50.6
3556,9,1976,1984,9,0,6,,,0,0,0,,,False,Satyrium w-album,Insecta,Limnetic,UK - England,Europe,Count,All Individuals,Sample,Unknown,4.0,10.0,1.0,False,None,79,403,780,-2.4333333333333336,53.333333333333336
3557,9,1976,1984,9,0,0,,,0,0,0,,,False,Lycaena phlaeas,Insecta,Limnetic,UK - England,Europe,Count,All Individuals,Sample,Unknown,4.0,10.0,1.0,False,None,79,403,251,-2.4333333333333336,53.333333333333336
3559,9,1976,1984,9,0,1,,,0,0,0,,,False,Polyommatus icarus,Insecta,Limnetic,UK - England,Europe,Count,All Individuals,Sample,Unknown,4.0,10.0,1.0,False,None,79,403,237,-2.4333333333333336,53.333333333333336
3561,9,1976,1984,9,0,2,,,0,0,0,,,False,Vanessa atalanta,Insecta,Limnetic,UK - England,Europe,Count,All Individuals,Sample,Unknown,4.0,10.0,1.0,False,None,79,403,249,-2.4333333333333336,53.333333333333336
3563,9,1976,1984,9,0,0,,,0,0,0,,,False,Aglais urticae,Insecta,Limnetic,UK - England,Europe,Count,All Individuals,Sample,Unknown,4.0,10.0,1.0,False,None,79,403,253,-2.4333333333333336,53.333333333333336
3567,10,1976,1985,10,0,0,,1985.0,0,0,0,,,False,Lasiommata megera,Insecta,Limnetic,UK - England,Europe,Count,All Individuals,Sample,Unknown,4.0,10.0,1.0,False,None,79,403,256,-2.4333333333333336,53.333333333333336
3570,8,1976,1984,9,1,0,,,0,0,0,,,False,Maniola jurtina,Insecta,Limnetic,UK - England,Europe,Count,All Individuals,Sample,Unknown,4.0,10.0,1.0,False,None,79,403,247,-2.4333333333333336,53.333333333333336
3574,9,1977,1985,9,0,0,,,0,0,0,,,False,Ochlodes venata,Insecta,Largely unvegetated,UK - England,Europe,Count,All Individuals,Sample,Unknown,4.0,10.0,1.0,False,None,79,404,243,0.16666666666666666,53.46666666666667
3575,9,1977,1985,9,0,0,,,0,0,0,,,False,Pieris brassicae,Insecta,Largely unvegetated,UK - England,Europe,Count,All Individuals,Sample,Unknown,4.0,10.0,1.0,False,None,79,404,244,0.16666666666666666,53.46666666666667
3577,9,1977,1985,9,0,0,,,0,0,0,,,False,Pieris rapae,Insecta,Largely unvegetated,UK - England,Europe,Count,All Individuals,Sample,Unknown,4.0,10.0,1.0,False,None,79,404,254,0.16666666666666666,53.46666666666667
3579,9,1977,1985,9,0,1,,,0,0,0,,,False,Pieris napi,Insecta,Largely unvegetated,UK - England,Europe,Count,All Individuals,Sample,Unknown,4.0,10.0,1.0,False,None,79,404,240,0.16666666666666666,53.46666666666667
3580,9,1977,1985,9,0,0,,1985.0,0,0,0,,,False,Pieris napi,Insecta,Largely unvegetated,UK - England,Europe,Count,All Individuals,Sample,Unknown,4.0,10.0,1.0,False,None,79,404,240,0.16666666666666666,53.46666666666667
3581,9,1977,1985,9,0,0,,,0,0,0,,,False,Anthocaris cardamines,Insecta,Largely unvegetated,UK - England,Europe,Count,All Individuals,Sample,Unknown,4.0,10.0,1.0,False,None,79,404,776,0.16666666666666666,53.46666666666667
3582,9,1977,1985,9,0,2,,,0,0,0,,,False,Callophrys rubi,Insecta,Largely unvegetated,UK - England,Europe,Count,All Individuals,Sample,Unknown,4.0,10.0,1.0,False,None,79,404,777,0.16666666666666666,53.46666666666667
3583,9,1977,1985,9,0,1,,,0,0,0,,,False,Lycaena phlaeas,Insecta,Largely unvegetated,UK - England,Europe,Count,All Individuals,Sample,Unknown,4.0,10.0,1.0,False,None,79,404,251,0.16666666666666666,53.46666666666667
3585,9,1977,1985,9,0,0,,,0,0,0,,,False,Polyommatus icarus,Insecta,Largely unvegetated,UK - England,Europe,Count,All Individuals,Sample,Unknown,4.0,10.0,1.0,False,None,79,404,237,0.16666666666666666,53.46666666666667
3587,9,1977,1985,9,0,3,,1985.0,0,0,0,,,False,Vanessa atalanta,Insecta,Largely unvegetated,UK - England,Europe,Count,All Individuals,Sample,Unknown,4.0,10.0,1.0,False,None,79,404,249,0.16666666666666666,53.46666666666667
3589,8,1977,1985,9,1,0,,,0,0,0,,,False,Aglais urticae,Insecta,Largely unvegetated,UK - England,Europe,Count,All Individuals,Sample,Unknown,4.0,10.0,1.0,False,None,79,404,253,0.16666666666666666,53.46666666666667
3591,9,1977,1985,9,0,3,,,0,0,0,,,False,Inachis io,Insecta,Largely unvegetated,UK - England,Europe,Count,All Individuals,Sample,Unknown,4.0,10.0,1.0,False,None,79,404,258,0.16666666666666666,53.46666666666667
3592,9,1977,1985,9,0,0,,,0,0,0,,,False,Lasiommata megera,Insecta,Largely unvegetated,UK - England,Europe,Count,All Individuals,Sample,Unknown,4.0,10.0,1.0,False,None,79,404,256,0.16666666666666666,53.46666666666667
3594,9,1977,1985,9,0,0,,,0,0,0,,,False,Pyronia tithonus,Insecta,Largely unvegetated,UK - England,Europe,Count,All Individuals,Sample,Unknown,4.0,10.0,1.0,False,None,79,404,242,0.16666666666666666,53.46666666666667
3595,9,1977,1985,9,0,0,,,0,0,0,,,False,Maniola jurtina,Insecta,Largely unvegetated,UK - England,Europe,Count,All Individuals,Sample,Unknown,4.0,10.0,1.0,False,None,79,404,247,0.16666666666666666,53.46666666666667
3596,9,1977,1985,9,0,0,,,0,0,0,,,False,Coenonympha pamphilus,Insecta,Largely unvegetated,UK - England,Europe,Count,All Individuals,Sample,Unknown,4.0,10.0,1.0,False,None,79,404,252,0.16666666666666666,53.46666666666667
3597,9,1977,1985,9,0,1,,,0,0,0,,,False,Aphantopus hyperantus,Insecta,Largely unvegetated,UK - England,Europe,Count,All Individuals,Sample,Unknown,4.0,10.0,1.0,False,None,79,404,789,0.16666666666666666,53.46666666666667
3598,9,1977,1985,9,0,0,,,0,0,0,,,False,Thymelicus sylvestris,Insecta,Largely unvegetated,UK - England,Europe,Count,All Individuals,Sample,Unknown,4.0,10.0,1.0,False,None,79,404,766,0.16666666666666666,53.46666666666667
3599,9,1977,1985,9,0,0,,,0,0,0,,,False,Ochlodes venata,Insecta,Island,UK - Wales,Europe,Count,All Individuals,Sample,Unknown,4.0,10.0,1.0,False,None,79,405,243,-5.3,51.75
3601,9,1977,1985,9,0,2,,1985.0,0,0,0,,,False,Pieris brassicae,Insecta,Island,UK - Wales,Europe,Count,All Individuals,Sample,Unknown,4.0,10.0,1.0,False,None,79,405,244,-5.3,51.75
3603,9,1977,1985,9,0,0,,,0,0,0,,,False,Pieris rapae,Insecta,Island,UK - Wales,Europe,Count,All Individuals,Sample,Unknown,4.0,10.0,1.0,False,None,79,405,254,-5.3,51.75
3607,9,1977,1985,9,0,0,,1985.0,0,0,0,,,False,Lycaena phlaeas,Insecta,Island,UK - Wales,Europe,Count,All Individuals,Sample,Unknown,4.0,10.0,1.0,False,None,79,405,251,-5.3,51.75
3608,9,1977,1985,9,0,0,,,0,0,0,,,False,Vanessa atalanta,Insecta,Island,UK - Wales,Europe,Count,All Individuals,Sample,Unknown,4.0,10.0,1.0,False,None,79,405,249,-5.3,51.75
3609,9,1977,1985,9,0,0,,,0,0,0,,,False,Vanessa cardui,Insecta,Island,UK - Wales,Europe,Count,All Individuals,Sample,Unknown,4.0,10.0,1.0,False,None,79,405,248,-5.3,51.75
3610,9,1977,1985,9,0,1,,,0,0,0,,,False,Aglais urticae,Insecta,Island,UK - Wales,Europe,Count,All Individuals,Sample,Unknown,4.0,10.0,1.0,False,None,79,405,253,-5.3,51.75
3612,9,1977,1985,9,0,0,,,0,0,0,,,False,Inachis io,Insecta,Island,UK - Wales,Europe,Count,All Individuals,Sample,Unknown,4.0,10.0,1.0,False,None,79,405,258,-5.3,51.75
3613,9,1977,1985,9,0,0,,,0,0,0,,,False,Mesoacidalia aglaja,Insecta,Island,UK - Wales,Europe,Count,All Individuals,Sample,Unknown,4.0,10.0,1.0,False,None,79,405,238,-5.3,51.75
3615,9,1977,1985,9,0,3,1984.0,1984.0,0,0,0,,,False,Lasiommata megera,Insecta,Island,UK - Wales,Europe,Count,All Individuals,Sample,Unknown,4.0,10.0,1.0,False,None,79,405,256,-5.3,51.75
3616,9,1977,1985,9,0,0,,1985.0,0,0,0,,,False,Hipparchia semele,Insecta,Island,UK - Wales,Europe,Count,All Individuals,Sample,Unknown,4.0,10.0,1.0,False,None,79,405,788,-5.3,51.75
3617,9,1977,1985,9,0,0,,1985.0,0,0,0,,,False,Pyronia tithonus,Insecta,Island,UK - Wales,Europe,Count,All Individuals,Sample,Unknown,4.0,10.0,1.0,False,None,79,405,242,-5.3,51.75
3618,9,1977,1985,9,0,0,,,0,0,0,,,False,Maniola jurtina,Insecta,Island,UK - Wales,Europe,Count,All Individuals,Sample,Unknown,4.0,10.0,1.0,False,None,79,405,247,-5.3,51.75
3619,8,1977,1985,9,1,2,1984.0,1984.0,0,0,0,,,False,Coenonympha pamphilus,Insecta,Island,UK - Wales,Europe,Count,All Individuals,Sample,Unknown,4.0,10.0,1.0,False,None,79,405,252,-5.3,51.75
3620,9,1977,1985,9,0,3,,,0,0,0,,,False,Aphantopus hyperantus,Insecta,Island,UK - Wales,Europe,Count,All Individuals,Sample,Unknown,4.0,10.0,1.0,False,None,79,405,789,-5.3,51.75
3621,10,1976,1985,10,0,0,,,0,0,0,,,False,Ochlodes venata,Insecta,Mixed habitat,UK - England,Europe,Count,All Individuals,Sample,Unknown,4.0,10.0,1.0,False,None,79,406,243,-1.9666666666666668,50.65
3623,9,1977,1985,9,0,0,,,0,0,0,,,False,Gonepteryx rhamni,Insecta,Mixed habitat,UK - England,Europe,Count,All Individuals,Sample,Unknown,4.0,10.0,1.0,False,None,79,406,774,-1.9666666666666668,50.65
3625,10,1976,1985,10,0,0,,,0,0,0,,,False,Pieris brassicae,Insecta,Mixed habitat,UK - England,Europe,Count,All Individuals,Sample,Unknown,4.0,10.0,1.0,False,None,79,406,244,-1.9666666666666668,50.65
3627,10,1976,1985,10,0,0,,1985.0,0,0,0,,,False,Pieris rapae,Insecta,Mixed habitat,UK - England,Europe,Count,All Individuals,Sample,Unknown,4.0,10.0,1.0,False,None,79,406,254,-1.9666666666666668,50.65
3629,10,1976,1985,10,0,1,,1985.0,0,0,0,,,False,Pieris napi,Insecta,Mixed habitat,UK - England,Europe,Count,All Individuals,Sample,Unknown,4.0,10.0,1.0,False,None,79,406,240,-1.9666666666666668,50.65
3630,10,1976,1985,10,0,1,,,0,0,0,,,False,Pieris napi,Insecta,Mixed habitat,UK - England,Europe,Count,All Individuals,Sample,Unknown,4.0,10.0,1.0,False,None,79,406,240,-1.9666666666666668,50.65
3632,10,1976,1985,10,0,0,,,0,0,0,,,False,Callophrys rubi,Insecta,Mixed habitat,UK - England,Europe,Count,All Individuals,Sample,Unknown,4.0,10.0,1.0,False,None,79,406,777,-1.9666666666666668,50.65
3637,10,1976,1985,10,0,0,,,0,0,0,,,False,Lycaena phlaeas,Insecta,Mixed habitat,UK - England,Europe,Count,All Individuals,Sample,Unknown,4.0,10.0,1.0,False,None,79,406,251,-1.9666666666666668,50.65
3638,10,1976,1985,10,0,4,,,0,0,0,,,False,Aricia agestis,Insecta,Mixed habitat,UK - England,Europe,Count,All Individuals,Sample,Unknown,4.0,10.0,1.0,False,None,79,406,233,-1.9666666666666668,50.65
3639,10,1976,1985,10,0,0,,1985.0,0,0,0,,,False,Polyommatus icarus,Insecta,Mixed habitat,UK - England,Europe,Count,All Individuals,Sample,Unknown,4.0,10.0,1.0,False,None,79,406,237,-1.9666666666666668,50.65
3641,10,1976,1985,10,0,2,1981.0,1981.0,0,0,0,,,False,Celastrina argiolus,Insecta,Mixed habitat,UK - England,Europe,Count,All Individuals,Sample,Unknown,4.0,10.0,1.0,False,None,79,406,781,-1.9666666666666668,50.65
3643,10,1976,1985,10,0,0,,,0,0,0,,,False,Ladoga camilla,Insecta,Mixed habitat,UK - England,Europe,Count,All Individuals,Sample,Unknown,4.0,10.0,1.0,False,None,79,406,782,-1.9666666666666668,50.65
3644,10,1976,1985,10,0,1,,,0,0,0,,,False,Vanessa atalanta,Insecta,Mixed habitat,UK - England,Europe,Count,All Individuals,Sample,Unknown,4.0,10.0,1.0,False,None,79,406,249,-1.9666666666666668,50.65
3648,10,1976,1985,10,0,0,,,0,0,0,,,False,Pararge aegeria,Insecta,Mixed habitat,UK - England,Europe,Count,All Individuals,Sample,Unknown,4.0,10.0,1.0,False,None,79,406,255,-1.9666666666666668,50.65
3650,10,1976,1985,10,0,2,,,0,0,0,,,False,Lasiommata megera,Insecta,Mixed habitat,UK - England,Europe,Count,All Individuals,Sample,Unknown,4.0,10.0,1.0,False,None,79,406,256,-1.9666666666666668,50.65
3652,10,1976,1985,10,0,0,,,0,0,0,,,False,Pyronia tithonus,Insecta,Mixed habitat,UK - England,Europe,Count,All Individuals,Sample,Unknown,4.0,10.0,1.0,False,None,79,406,242,-1.9666666666666668,50.65
3654,10,1976,1985,10,0,5,1983.0,1983.0,0,0,0,,,False,Coenonympha pamphilus,Insecta,Mixed habitat,UK - England,Europe,Count,All Individuals,Sample,Unknown,4.0,10.0,1.0,False,None,79,406,252,-1.9666666666666668,50.65
3655,10,1976,1985,10,0,0,,,0,0,0,,,False,Thymelicus sylvestris,Insecta,Mixed habitat,UK - England,Europe,Count,All Individuals,Sample,Unknown,4.0,10.0,1.0,False,None,79,406,766,-1.9666666666666668,50.65
3656,10,1976,1985,10,0,0,,,0,0,0,,,False,Ochlodes venata,Insecta,Grassland,UK - England,Europe,Count,All Individuals,Sample,Unknown,4.0,10.0,1.0,False,None,79,407,243,-1.95,50.666666666666664
3657,9,1976,1984,9,0,0,,,0,0,0,,,False,Thymelicus actaeon,Insecta,Grassland,UK - England,Europe,Count,All Individuals,Sample,Unknown,4.0,10.0,1.0,False,None,79,407,767,-1.95,50.666666666666664
3658,10,1976,1985,10,0,0,,,0,0,0,,,False,Erynnis tages,Insecta,Grassland,UK - England,Europe,Count,All Individuals,Sample,Unknown,4.0,10.0,1.0,False,None,79,407,239,-1.95,50.666666666666664
3664,10,1976,1985,10,0,0,,,0,0,0,,,False,Pieris brassicae,Insecta,Grassland,UK - England,Europe,Count,All Individuals,Sample,Unknown,4.0,10.0,1.0,False,None,79,407,244,-1.95,50.666666666666664
3666,9,1977,1985,9,0,0,,,0,0,0,,,False,Pieris rapae,Insecta,Grassland,UK - England,Europe,Count,All Individuals,Sample,Unknown,4.0,10.0,1.0,False,None,79,407,254,-1.95,50.666666666666664
3668,10,1976,1985,10,0,1,,,0,0,0,,,False,Pieris napi,Insecta,Grassland,UK - England,Europe,Count,All Individuals,Sample,Unknown,4.0,10.0,1.0,False,None,79,407,240,-1.95,50.666666666666664
3669,9,1976,1985,10,1,2,,1985.0,0,0,0,,,False,Pieris napi,Insecta,Grassland,UK - England,Europe,Count,All Individuals,Sample,Unknown,4.0,10.0,1.0,False,None,79,407,240,-1.95,50.666666666666664
3670,10,1976,1985,10,0,0,1983.0,1983.0,0,0,0,,,False,Anthocaris cardamines,Insecta,Grassland,UK - England,Europe,Count,All Individuals,Sample,Unknown,4.0,10.0,1.0,False,None,79,407,776,-1.95,50.666666666666664
3671,10,1976,1985,10,0,0,,,0,0,0,,,False,Callophrys rubi,Insecta,Grassland,UK - England,Europe,Count,All Individuals,Sample,Unknown,4.0,10.0,1.0,False,None,79,407,777,-1.95,50.666666666666664
3673,10,1976,1985,10,0,0,,,0,0,0,,,False,Lycaena phlaeas,Insecta,Grassland,UK - England,Europe,Count,All Individuals,Sample,Unknown,4.0,10.0,1.0,False,None,79,407,251,-1.95,50.666666666666664
3675,10,1976,1985,10,0,2,,,0,0,0,,,False,Cupido minimus,Insecta,Grassland,UK - England,Europe,Count,All Individuals,Sample,Unknown,4.0,10.0,1.0,False,None,79,407,250,-1.95,50.666666666666664
3676,10,1976,1985,10,0,0,,,0,0,0,,,False,Aricia agestis,Insecta,Grassland,UK - England,Europe,Count,All Individuals,Sample,Unknown,4.0,10.0,1.0,False,None,79,407,233,-1.95,50.666666666666664
3678,10,1976,1985,10,0,0,,,0,0,0,,,False,Polyommatus icarus,Insecta,Grassland,UK - England,Europe,Count,All Individuals,Sample,Unknown,4.0,10.0,1.0,False,None,79,407,237,-1.95,50.666666666666664
3680,10,1976,1985,10,0,0,,,0,0,0,,,False,Lysandra bellargus,Insecta,Grassland,UK - England,Europe,Count,All Individuals,Sample,Unknown,4.0,10.0,1.0,False,None,79,407,234,-1.95,50.666666666666664
3682,10,1976,1985,10,0,1,1983.0,1983.0,0,0,0,,,False,Lysandra coridon,Insecta,Grassland,UK - England,Europe,Count,All Individuals,Sample,Unknown,4.0,10.0,1.0,False,None,79,407,235,-1.95,50.666666666666664
3683,10,1976,1985,10,0,0,,,0,0,0,,,False,Celastrina argiolus,Insecta,Grassland,UK - England,Europe,Count,All Individuals,Sample,Unknown,4.0,10.0,1.0,False,None,79,407,781,-1.95,50.666666666666664
3685,10,1976,1985,10,0,1,,,0,0,0,,,False,Vanessa atalanta,Insecta,Grassland,UK - England,Europe,Count,All Individuals,Sample,Unknown,4.0,10.0,1.0,False,None,79,407,249,-1.95,50.666666666666664
3686,10,1976,1985,10,0,2,,,0,0,0,,,False,Vanessa cardui,Insecta,Grassland,UK - England,Europe,Count,All Individuals,Sample,Unknown,4.0,10.0,1.0,False,None,79,407,248,-1.95,50.666666666666664
3687,10,1976,1985,10,0,1,,,0,0,0,,,False,Aglais urticae,Insecta,Grassland,UK - England,Europe,Count,All Individuals,Sample,Unknown,4.0,10.0,1.0,False,None,79,407,253,-1.95,50.666666666666664
3688,10,1976,1985,10,0,0,,,0,0,0,,,False,Inachis io,Insecta,Grassland,UK - England,Europe,Count,All Individuals,Sample,Unknown,4.0,10.0,1.0,False,None,79,407,258,-1.95,50.666666666666664
3690,9,1976,1985,10,1,1,,,0,0,0,,,False,Polygonia c-album,Insecta,Grassland,UK - England,Europe,Count,All Individuals,Sample,Unknown,4.0,10.0,1.0,False,None,79,407,236,-1.95,50.666666666666664
3691,9,1976,1985,10,1,0,,1983.0,0,0,0,,,False,Mesoacidalia aglaja,Insecta,Grassland,UK - England,Europe,Count,All Individuals,Sample,Unknown,4.0,10.0,1.0,False,None,79,407,238,-1.95,50.666666666666664
3692,10,1976,1985,10,0,0,,,0,0,0,,,False,Pararge aegeria,Insecta,Grassland,UK - England,Europe,Count,All Individuals,Sample,Unknown,4.0,10.0,1.0,False,None,79,407,255,-1.95,50.666666666666664
3693,10,1976,1985,10,0,0,,1985.0,0,0,0,,,False,Lasiommata megera,Insecta,Grassland,UK - England,Europe,Count,All Individuals,Sample,Unknown,4.0,10.0,1.0,False,None,79,407,256,-1.95,50.666666666666664
3695,9,1976,1985,10,1,0,,,0,0,0,,,False,Hipparchia semele,Insecta,Grassland,UK - England,Europe,Count,All Individuals,Sample,Unknown,4.0,10.0,1.0,False,None,79,407,788,-1.95,50.666666666666664
3696,10,1976,1985,10,0,0,,,0,0,0,,,False,Melanargia galathea,Insecta,Grassland,UK - England,Europe,Count,All Individuals,Sample,Unknown,4.0,10.0,1.0,False,None,79,407,246,-1.95,50.666666666666664
3697,9,1976,1984,9,0,0,,,0,0,0,,,False,Pyronia tithonus,Insecta,Grassland,UK - England,Europe,Count,All Individuals,Sample,Unknown,4.0,10.0,1.0,False,None,79,407,242,-1.95,50.666666666666664
3698,10,1976,1985,10,0,0,,,0,0,0,,,False,Maniola jurtina,Insecta,Grassland,UK - England,Europe,Count,All Individuals,Sample,Unknown,4.0,10.0,1.0,False,None,79,407,247,-1.95,50.666666666666664
3699,10,1976,1985,10,0,0,,,0,0,0,,,False,Coenonympha pamphilus,Insecta,Grassland,UK - England,Europe,Count,All Individuals,Sample,Unknown,4.0,10.0,1.0,False,None,79,407,252,-1.95,50.666666666666664
3701,9,1976,1984,9,0,0,,,0,0,0,,,False,Thymelicus sylvestris,Insecta,Grassland,UK - England,Europe,Count,All Individuals,Sample,Unknown,4.0,10.0,1.0,False,None,79,407,766,-1.95,50.666666666666664
3706,10,1976,1985,10,0,0,,,0,0,0,,,False,Pieris brassicae,Insecta,Wetland,UK - England,Europe,Count,All Individuals,Sample,Unknown,4.0,10.0,1.0,False,None,79,408,244,1.65,52.31666666666667
3708,10,1976,1985,10,0,0,,,0,0,0,,,False,Pieris rapae,Insecta,Wetland,UK - England,Europe,Count,All Individuals,Sample,Unknown,4.0,10.0,1.0,False,None,79,408,254,1.65,52.31666666666667
3710,10,1976,1985,10,0,3,,1985.0,0,0,0,,,False,Pieris napi,Insecta,Wetland,UK - England,Europe,Count,All Individuals,Sample,Unknown,4.0,10.0,1.0,False,None,79,408,240,1.65,52.31666666666667
3711,10,1976,1985,10,0,1,,,0,0,0,,,False,Pieris napi,Insecta,Wetland,UK - England,Europe,Count,All Individuals,Sample,Unknown,4.0,10.0,1.0,False,None,79,408,240,1.65,52.31666666666667
3716,10,1976,1985,10,0,0,,,0,0,0,,,False,Lycaena phlaeas,Insecta,Wetland,UK - England,Europe,Count,All Individuals,Sample,Unknown,4.0,10.0,1.0,False,None,79,408,251,1.65,52.31666666666667
3718,10,1976,1985,10,0,2,,,0,0,0,,,False,Polyommatus icarus,Insecta,Wetland,UK - England,Europe,Count,All Individuals,Sample,Unknown,4.0,10.0,1.0,False,None,79,408,237,1.65,52.31666666666667
3720,10,1976,1985,10,0,0,,,0,0,0,,,False,Vanessa atalanta,Insecta,Wetland,UK - England,Europe,Count,All Individuals,Sample,Unknown,4.0,10.0,1.0,False,None,79,408,249,1.65,52.31666666666667
3722,9,1977,1985,9,0,0,,,0,0,0,,,False,Aglais urticae,Insecta,Wetland,UK - England,Europe,Count,All Individuals,Sample,Unknown,4.0,10.0,1.0,False,None,79,408,253,1.65,52.31666666666667
3723,10,1976,1985,10,0,0,,,0,0,0,,,False,Inachis io,Insecta,Wetland,UK - England,Europe,Count,All Individuals,Sample,Unknown,4.0,10.0,1.0,False,None,79,408,258,1.65,52.31666666666667
3726,10,1976,1985,10,0,2,,,0,0,0,,,False,Lasiommata megera,Insecta,Wetland,UK - England,Europe,Count,All Individuals,Sample,Unknown,4.0,10.0,1.0,False,None,79,408,256,1.65,52.31666666666667
3728,10,1976,1985,10,0,0,,,0,0,0,,,False,Hipparchia semele,Insecta,Wetland,UK - England,Europe,Count,All Individuals,Sample,Unknown,4.0,10.0,1.0,False,None,79,408,788,1.65,52.31666666666667
3729,10,1976,1985,10,0,0,,,0,0,0,,,False,Pyronia tithonus,Insecta,Wetland,UK - England,Europe,Count,All Individuals,Sample,Unknown,4.0,10.0,1.0,False,None,79,408,242,1.65,52.31666666666667
3730,10,1976,1985,10,0,0,,,0,0,0,,,False,Maniola jurtina,Insecta,Wetland,UK - England,Europe,Count,All Individuals,Sample,Unknown,4.0,10.0,1.0,False,None,79,408,247,1.65,52.31666666666667
3731,10,1976,1985,10,0,0,,,0,0,0,,,False,Coenonympha pamphilus,Insecta,Wetland,UK - England,Europe,Count,All Individuals,Sample,Unknown,4.0,10.0,1.0,False,None,79,408,252,1.65,52.31666666666667
3732,10,1976,1985,10,0,5,,,0,0,0,,,False,Aphantopus hyperantus,Insecta,Wetland,UK - England,Europe,Count,All Individuals,Sample,Unknown,4.0,10.0,1.0,False,None,79,408,789,1.65,52.31666666666667
3733,10,1976,1985,10,0,0,,,0,0,0,,,False,Thymelicus sylvestris,Insecta,Wetland,UK - England,Europe,Count,All Individuals,Sample,Unknown,4.0,10.0,1.0,False,None,79,408,766,1.65,52.31666666666667
3734,9,1976,1985,10,1,0,,,0,0,0,,,False,Ochlodes venata,Insecta,Mixed or unspecified forest,UK - England,Europe,Count,All Individuals,Sample,Unknown,4.0,10.0,1.0,False,None,79,409,243,-1.1166666666666667,51.766666666666666
3737,10,1976,1985,10,0,1,1981.0,1981.0,0,0,0,,,False,Leptidea sinapsis,Insecta,Mixed or unspecified forest,UK - England,Europe,Count,All Individuals,Sample,Unknown,4.0,10.0,1.0,False,None,79,409,771,-1.1166666666666667,51.766666666666666
3739,10,1976,1985,10,0,0,,,0,0,0,,,False,Gonepteryx rhamni,Insecta,Mixed or unspecified forest,UK - England,Europe,Count,All Individuals,Sample,Unknown,4.0,10.0,1.0,False,None,79,409,774,-1.1166666666666667,51.766666666666666
3741,10,1976,1985,10,0,0,,,0,0,0,,,False,Pieris rapae,Insecta,Mixed or unspecified forest,UK - England,Europe,Count,All Individuals,Sample,Unknown,4.0,10.0,1.0,False,None,79,409,254,-1.1166666666666667,51.766666666666666
3743,9,1977,1985,9,0,0,1983.0,1983.0,0,0,0,,,False,Pieris napi,Insecta,Mixed or unspecified forest,UK - England,Europe,Count,All Individuals,Sample,Unknown,4.0,10.0,1.0,False,None,79,409,240,-1.1166666666666667,51.766666666666666
3744,10,1976,1985,10,0,0,1983.0,1983.0,0,0,0,,,False,Pieris napi,Insecta,Mixed or unspecified forest,UK - England,Europe,Count,All Individuals,Sample,Unknown,4.0,10.0,1.0,False,None,79,409,240,-1.1166666666666667,51.766666666666666
3745,9,1976,1985,10,1,2,,1985.0,0,0,0,,,False,Anthocaris cardamines,Insecta,Mixed or unspecified forest,UK - England,Europe,Count,All Individuals,Sample,Unknown,4.0,10.0,1.0,False,None,79,409,776,-1.1166666666666667,51.766666666666666
3746,10,1976,1985,10,0,2,,1985.0,0,0,0,,,False,Quercusia quercus,Insecta,Mixed or unspecified forest,UK - England,Europe,Count,All Individuals,Sample,Unknown,4.0,10.0,1.0,False,None,79,409,778,-1.1166666666666667,51.766666666666666
3750,10,1976,1985,10,0,3,,,0,0,0,,,False,Lycaena phlaeas,Insecta,Mixed or unspecified forest,UK - England,Europe,Count,All Individuals,Sample,Unknown,4.0,10.0,1.0,False,None,79,409,251,-1.1166666666666667,51.766666666666666
3752,10,1976,1985,10,0,3,,1985.0,0,0,0,,,False,Polyommatus icarus,Insecta,Mixed or unspecified forest,UK - England,Europe,Count,All Individuals,Sample,Unknown,4.0,10.0,1.0,False,None,79,409,237,-1.1166666666666667,51.766666666666666
3754,9,1976,1985,10,1,0,,,0,0,0,,,False,Ladoga camilla,Insecta,Mixed or unspecified forest,UK - England,Europe,Count,All Individuals,Sample,Unknown,4.0,10.0,1.0,False,None,79,409,782,-1.1166666666666667,51.766666666666666
3756,8,1977,1985,9,1,1,,,0,0,0,,,False,Aglais urticae,Insecta,Mixed or unspecified forest,UK - England,Europe,Count,All Individuals,Sample,Unknown,4.0,10.0,1.0,False,None,79,409,253,-1.1166666666666667,51.766666666666666
3757,10,1976,1985,10,0,0,,,0,0,0,,,False,Inachis io,Insecta,Mixed or unspecified forest,UK - England,Europe,Count,All Individuals,Sample,Unknown,4.0,10.0,1.0,False,None,79,409,258,-1.1166666666666667,51.766666666666666
3759,10,1976,1985,10,0,3,,,0,0,0,,,False,Polygonia c-album,Insecta,Mixed or unspecified forest,UK - England,Europe,Count,All Individuals,Sample,Unknown,4.0,10.0,1.0,False,None,79,409,236,-1.1166666666666667,51.766666666666666
3760,10,1976,1985,10,0,3,,1985.0,0,0,0,,,False,Boloria euphrosyne,Insecta,Mixed or unspecified forest,UK - England,Europe,Count,All Individuals,Sample,Unknown,4.0,10.0,1.0,False,None,79,409,786,-1.1166666666666667,51.766666666666666
3762,10,1976,1985,10,0,0,,,0,0,0,,,False,Pararge aegeria,Insecta,Mixed or unspecified forest,UK - England,Europe,Count,All Individuals,Sample,Unknown,4.0,10.0,1.0,False,None,79,409,255,-1.1166666666666667,51.766666666666666
3764,10,1976,1985,10,0,3,,1985.0,0,0,0,,,False,Lasiommata megera,Insecta,Mixed or unspecified forest,UK - England,Europe,Count,All Individuals,Sample,Unknown,4.0,10.0,1.0,False,None,79,409,256,-1.1166666666666667,51.766666666666666
3765,10,1976,1985,10,0,0,,,0,0,0,,,False,Melanargia galathea,Insecta,Mixed or unspecified forest,UK - England,Europe,Count,All Individuals,Sample,Unknown,4.0,10.0,1.0,False,None,79,409,246,-1.1166666666666667,51.766666666666666
3766,10,1976,1985,10,0,0,,,0,0,0,,,False,Pyronia tithonus,Insecta,Mixed or unspecified forest,UK - England,Europe,Count,All Individuals,Sample,Unknown,4.0,10.0,1.0,False,None,79,409,242,-1.1166666666666667,51.766666666666666
3767,9,1976,1985,10,1,0,,,0,0,0,,,False,Maniola jurtina,Insecta,Mixed or unspecified forest,UK - England,Europe,Count,All Individuals,Sample,Unknown,4.0,10.0,1.0,False,None,79,409,247,-1.1166666666666667,51.766666666666666
3768,10,1976,1985,10,0,5,,,0,0,0,,,False,Coenonympha pamphilus,Insecta,Mixed or unspecified forest,UK - England,Europe,Count,All Individuals,Sample,Unknown,4.0,10.0,1.0,False,None,79,409,252,-1.1166666666666667,51.766666666666666
3769,9,1976,1985,10,1,0,,,0,0,0,,,False,Aphantopus hyperantus,Insecta,Mixed or unspecified forest,UK - England,Europe,Count,All Individuals,Sample,Unknown,4.0,10.0,1.0,False,None,79,409,789,-1.1166666666666667,51.766666666666666
3770,10,1976,1985,10,0,0,,,0,0,0,,,False,Thymelicus sylvestris,Insecta,Mixed or unspecified forest,UK - England,Europe,Count,All Individuals,Sample,Unknown,4.0,10.0,1.0,False,None,79,409,766,-1.1166666666666667,51.766666666666666
3771,10,1976,1985,10,0,5,,1985.0,0,0,0,,,False,Ochlodes venata,Insecta,Agricultural,UK - England,Europe,Count,All Individuals,Sample,Unknown,4.0,10.0,1.0,False,None,79,410,243,-0.06666666666666667,52.36666666666667
3772,10,1976,1985,10,0,1,,,0,0,0,,,False,Gonepteryx rhamni,Insecta,Agricultural,UK - England,Europe,Count,All Individuals,Sample,Unknown,4.0,10.0,1.0,False,None,79,410,774,-0.06666666666666667,52.36666666666667
3774,10,1976,1985,10,0,0,,1985.0,0,0,0,,,False,Pieris brassicae,Insecta,Agricultural,UK - England,Europe,Count,All Individuals,Sample,Unknown,4.0,10.0,1.0,False,None,79,410,244,-0.06666666666666667,52.36666666666667
3776,10,1976,1985,10,0,0,,,0,0,0,,,False,Pieris rapae,Insecta,Agricultural,UK - England,Europe,Count,All Individuals,Sample,Unknown,4.0,10.0,1.0,False,None,79,410,254,-0.06666666666666667,52.36666666666667
3778,10,1976,1985,10,0,0,,,0,0,0,,,False,Pieris napi,Insecta,Agricultural,UK - England,Europe,Count,All Individuals,Sample,Unknown,4.0,10.0,1.0,False,None,79,410,240,-0.06666666666666667,52.36666666666667
3779,10,1976,1985,10,0,0,,,0,0,0,,,False,Pieris napi,Insecta,Agricultural,UK - England,Europe,Count,All Individuals,Sample,Unknown,4.0,10.0,1.0,False,None,79,410,240,-0.06666666666666667,52.36666666666667
3780,10,1976,1985,10,0,0,,,0,0,0,,,False,Anthocaris cardamines,Insecta,Agricultural,UK - England,Europe,Count,All Individuals,Sample,Unknown,4.0,10.0,1.0,False,None,79,410,776,-0.06666666666666667,52.36666666666667
3782,10,1976,1985,10,0,1,,,0,0,0,,,False,Vanessa atalanta,Insecta,Agricultural,UK - England,Europe,Count,All Individuals,Sample,Unknown,4.0,10.0,1.0,False,None,79,410,249,-0.06666666666666667,52.36666666666667
3783,10,1976,1985,10,0,0,,,0,0,0,,,False,Aglais urticae,Insecta,Agricultural,UK - England,Europe,Count,All Individuals,Sample,Unknown,4.0,10.0,1.0,False,None,79,410,253,-0.06666666666666667,52.36666666666667
3784,10,1976,1985,10,0,0,,,0,0,0,,,False,Inachis io,Insecta,Agricultural,UK - England,Europe,Count,All Individuals,Sample,Unknown,4.0,10.0,1.0,False,None,79,410,258,-0.06666666666666667,52.36666666666667
3787,10,1976,1985,10,0,4,,1985.0,0,0,0,,,False,Lasiommata megera,Insecta,Agricultural,UK - England,Europe,Count,All Individuals,Sample,Unknown,4.0,10.0,1.0,False,None,79,410,256,-0.06666666666666667,52.36666666666667
3789,10,1976,1985,10,0,0,,,0,0,0,,,False,Pyronia tithonus,Insecta,Agricultural,UK - England,Europe,Count,All Individuals,Sample,Unknown,4.0,10.0,1.0,False,None,79,410,242,-0.06666666666666667,52.36666666666667
3790,10,1976,1985,10,0,0,,,0,0,0,,,False,Maniola jurtina,Insecta,Agricultural,UK - England,Europe,Count,All Individuals,Sample,Unknown,4.0,10.0,1.0,False,None,79,410,247,-0.06666666666666667,52.36666666666667
3791,10,1976,1985,10,0,2,,,0,0,0,,,False,Coenonympha pamphilus,Insecta,Agricultural,UK - England,Europe,Count,All Individuals,Sample,Unknown,4.0,10.0,1.0,False,None,79,410,252,-0.06666666666666667,52.36666666666667
3792,10,1976,1985,10,0,4,,,0,0,0,,,False,Aphantopus hyperantus,Insecta,Agricultural,UK - England,Europe,Count,All Individuals,Sample,Unknown,4.0,10.0,1.0,False,None,79,410,789,-0.06666666666666667,52.36666666666667
3793,10,1976,1985,10,0,1,,,0,0,0,,,False,Thymelicus sylvestris,Insecta,Agricultural,UK - England,Europe,Count,All Individuals,Sample,Unknown,4.0,10.0,1.0,False,None,79,410,766,-0.06666666666666667,52.36666666666667
3794,10,1976,1985,10,0,1,,,0,0,0,,,False,Ochlodes venata,Insecta,Agricultural,UK - England,Europe,Count,All Individuals,Sample,Unknown,4.0,10.0,1.0,False,None,79,411,243,-0.18333333333333332,52.43333333333333
3795,10,1976,1985,10,0,0,,,0,0,0,,,False,Gonepteryx rhamni,Insecta,Agricultural,UK - England,Europe,Count,All Individuals,Sample,Unknown,4.0,10.0,1.0,False,None,79,411,774,-0.18333333333333332,52.43333333333333
3797,10,1976,1985,10,0,1,,1985.0,0,0,0,,,False,Pieris brassicae,Insecta,Agricultural,UK - England,Europe,Count,All Individuals,Sample,Unknown,4.0,10.0,1.0,False,None,79,411,244,-0.18333333333333332,52.43333333333333
3799,10,1976,1985,10,0,0,,,0,0,0,,,False,Pieris rapae,Insecta,Agricultural,UK - England,Europe,Count,All Individuals,Sample,Unknown,4.0,10.0,1.0,False,None,79,411,254,-0.18333333333333332,52.43333333333333
3801,10,1976,1985,10,0,0,,,0,0,0,,,False,Pieris napi,Insecta,Agricultural,UK - England,Europe,Count,All Individuals,Sample,Unknown,4.0,10.0,1.0,False,None,79,411,240,-0.18333333333333332,52.43333333333333
3802,10,1976,1985,10,0,0,,,0,0,0,,,False,Pieris napi,Insecta,Agricultural,UK - England,Europe,Count,All Individuals,Sample,Unknown,4.0,10.0,1.0,False,None,79,411,240,-0.18333333333333332,52.43333333333333
3803,10,1976,1985,10,0,1,,,0,0,0,,,False,Anthocaris cardamines,Insecta,Agricultural,UK - England,Europe,Count,All Individuals,Sample,Unknown,4.0,10.0,1.0,False,None,79,411,776,-0.18333333333333332,52.43333333333333
3807,10,1976,1985,10,0,5,,,0,0,0,,,False,Polyommatus icarus,Insecta,Agricultural,UK - England,Europe,Count,All Individuals,Sample,Unknown,4.0,10.0,1.0,False,None,79,411,237,-0.18333333333333332,52.43333333333333
3808,10,1976,1985,10,0,3,,,0,0,0,,,False,Vanessa atalanta,Insecta,Agricultural,UK - England,Europe,Count,All Individuals,Sample,Unknown,4.0,10.0,1.0,False,None,79,411,249,-0.18333333333333332,52.43333333333333
3810,10,1976,1985,10,0,0,,,0,0,0,,,False,Aglais urticae,Insecta,Agricultural,UK - England,Europe,Count,All Individuals,Sample,Unknown,4.0,10.0,1.0,False,None,79,411,253,-0.18333333333333332,52.43333333333333
3811,10,1976,1985,10,0,0,,,0,0,0,,,False,Inachis io,Insecta,Agricultural,UK - England,Europe,Count,All Individuals,Sample,Unknown,4.0,10.0,1.0,False,None,79,411,258,-0.18333333333333332,52.43333333333333
3814,10,1976,1985,10,0,1,,,0,0,0,,,False,Lasiommata megera,Insecta,Agricultural,UK - England,Europe,Count,All Individuals,Sample,Unknown,4.0,10.0,1.0,False,None,79,411,256,-0.18333333333333332,52.43333333333333
3816,10,1976,1985,10,0,0,,,0,0,0,,,False,Pyronia tithonus,Insecta,Agricultural,UK - England,Europe,Count,All Individuals,Sample,Unknown,4.0,10.0,1.0,False,None,79,411,242,-0.18333333333333332,52.43333333333333
3817,10,1976,1985,10,0,0,,,0,0,0,,,False,Maniola jurtina,Insecta,Agricultural,UK - England,Europe,Count,All Individuals,Sample,Unknown,4.0,10.0,1.0,False,None,79,411,247,-0.18333333333333332,52.43333333333333
3818,10,1976,1985,10,0,0,,1985.0,0,0,0,,,False,Coenonympha pamphilus,Insecta,Agricultural,UK - England,Europe,Count,All Individuals,Sample,Unknown,4.0,10.0,1.0,False,None,79,411,252,-0.18333333333333332,52.43333333333333
3819,10,1976,1985,10,0,0,,,0,0,0,,,False,Aphantopus hyperantus,Insecta,Agricultural,UK - England,Europe,Count,All Individuals,Sample,Unknown,4.0,10.0,1.0,False,None,79,411,789,-0.18333333333333332,52.43333333333333
3820,10,1976,1985,10,0,0,,,0,0,0,,,False,Thymelicus sylvestris,Insecta,Agricultural,UK - England,Europe,Count,All Individuals,Sample,Unknown,4.0,10.0,1.0,False,None,79,411,766,-0.18333333333333332,52.43333333333333
3821,9,1976,1985,10,1,0,,,0,0,0,,,False,Ochlodes venata,Insecta,Grassland,UK - England,Europe,Count,All Individuals,Sample,Unknown,4.0,10.0,1.0,False,None,79,412,243,0.9666666666666667,51.166666666666664
3822,10,1976,1985,10,0,2,,1985.0,0,0,0,,,False,Erynnis tages,Insecta,Grassland,UK - England,Europe,Count,All Individuals,Sample,Unknown,4.0,10.0,1.0,False,None,79,412,239,0.9666666666666667,51.166666666666664
3825,10,1976,1985,10,0,0,,,0,0,0,,,False,Gonepteryx rhamni,Insecta,Grassland,UK - England,Europe,Count,All Individuals,Sample,Unknown,4.0,10.0,1.0,False,None,79,412,774,0.9666666666666667,51.166666666666664
3827,10,1976,1985,10,0,0,,,0,0,0,,,False,Pieris brassicae,Insecta,Grassland,UK - England,Europe,Count,All Individuals,Sample,Unknown,4.0,10.0,1.0,False,None,79,412,244,0.9666666666666667,51.166666666666664
3829,10,1976,1985,10,0,0,,,0,0,0,,,False,Pieris rapae,Insecta,Grassland,UK - England,Europe,Count,All Individuals,Sample,Unknown,4.0,10.0,1.0,False,None,79,412,254,0.9666666666666667,51.166666666666664
3831,9,1976,1984,9,0,1,,,0,0,0,,,False,Pieris napi,Insecta,Grassland,UK - England,Europe,Count,All Individuals,Sample,Unknown,4.0,10.0,1.0,False,None,79,412,240,0.9666666666666667,51.166666666666664
3832,10,1976,1985,10,0,0,,,0,0,0,,,False,Pieris napi,Insecta,Grassland,UK - England,Europe,Count,All Individuals,Sample,Unknown,4.0,10.0,1.0,False,None,79,412,240,0.9666666666666667,51.166666666666664
3833,9,1977,1985,9,0,0,,,0,0,0,,,False,Anthocaris cardamines,Insecta,Grassland,UK - England,Europe,Count,All Individuals,Sample,Unknown,4.0,10.0,1.0,False,None,79,412,776,0.9666666666666667,51.166666666666664
3834,9,1976,1984,9,0,1,,,0,0,0,,,False,Callophrys rubi,Insecta,Grassland,UK - England,Europe,Count,All Individuals,Sample,Unknown,4.0,10.0,1.0,False,None,79,412,777,0.9666666666666667,51.166666666666664
3837,10,1976,1985,10,0,1,,,0,0,0,,,False,Lycaena phlaeas,Insecta,Grassland,UK - England,Europe,Count,All Individuals,Sample,Unknown,4.0,10.0,1.0,False,None,79,412,251,0.9666666666666667,51.166666666666664
3838,10,1976,1985,10,0,0,,,0,0,0,,,False,Aricia agestis,Insecta,Grassland,UK - England,Europe,Count,All Individuals,Sample,Unknown,4.0,10.0,1.0,False,None,79,412,233,0.9666666666666667,51.166666666666664
3840,10,1976,1985,10,0,0,,,0,0,0,,,False,Polyommatus icarus,Insecta,Grassland,UK - England,Europe,Count,All Individuals,Sample,Unknown,4.0,10.0,1.0,False,None,79,412,237,0.9666666666666667,51.166666666666664
3843,9,1976,1984,9,0,6,,,0,0,0,,,False,Celastrina argiolus,Insecta,Grassland,UK - England,Europe,Count,All Individuals,Sample,Unknown,4.0,10.0,1.0,False,None,79,412,781,0.9666666666666667,51.166666666666664
3845,9,1976,1984,9,0,3,,,0,0,0,,,False,Hamearis lucina,Insecta,Grassland,UK - England,Europe,Count,All Individuals,Sample,Unknown,4.0,10.0,1.0,False,None,79,412,783,0.9666666666666667,51.166666666666664
3846,10,1976,1985,10,0,5,,,0,0,0,,,False,Vanessa atalanta,Insecta,Grassland,UK - England,Europe,Count,All Individuals,Sample,Unknown,4.0,10.0,1.0,False,None,79,412,249,0.9666666666666667,51.166666666666664
3847,10,1976,1985,10,0,2,,,0,0,0,,,False,Vanessa cardui,Insecta,Grassland,UK - England,Europe,Count,All Individuals,Sample,Unknown,4.0,10.0,1.0,False,None,79,412,248,0.9666666666666667,51.166666666666664
3848,9,1977,1985,9,0,0,,,0,0,0,,,False,Aglais urticae,Insecta,Grassland,UK - England,Europe,Count,All Individuals,Sample,Unknown,4.0,10.0,1.0,False,None,79,412,253,0.9666666666666667,51.166666666666664
3849,10,1976,1985,10,0,0,,,0,0,0,,,False,Inachis io,Insecta,Grassland,UK - England,Europe,Count,All Individuals,Sample,Unknown,4.0,10.0,1.0,False,None,79,412,258,0.9666666666666667,51.166666666666664
3851,10,1976,1985,10,0,6,,,0,0,0,,,False,Polygonia c-album,Insecta,Grassland,UK - England,Europe,Count,All Individuals,Sample,Unknown,4.0,10.0,1.0,False,None,79,412,236,0.9666666666666667,51.166666666666664
3852,10,1976,1985,10,0,0,,,0,0,0,,,False,Pararge aegeria,Insecta,Grassland,UK - England,Europe,Count,All Individuals,Sample,Unknown,4.0,10.0,1.0,False,None,79,412,255,0.9666666666666667,51.166666666666664
3853,10,1976,1985,10,0,0,,,0,0,0,,,False,Lasiommata megera,Insecta,Grassland,UK - England,Europe,Count,All Individuals,Sample,Unknown,4.0,10.0,1.0,False,None,79,412,256,0.9666666666666667,51.166666666666664
3855,10,1976,1985,10,0,0,,,0,0,0,,,False,Melanargia galathea,Insecta,Grassland,UK - England,Europe,Count,All Individuals,Sample,Unknown,4.0,10.0,1.0,False,None,79,412,246,0.9666666666666667,51.166666666666664
3856,10,1976,1985,10,0,0,,,0,0,0,,,False,Pyronia tithonus,Insecta,Grassland,UK - England,Europe,Count,All Individuals,Sample,Unknown,4.0,10.0,1.0,False,None,79,412,242,0.9666666666666667,51.166666666666664
3857,10,1976,1985,10,0,0,,,0,0,0,,,False,Maniola jurtina,Insecta,Grassland,UK - England,Europe,Count,All Individuals,Sample,Unknown,4.0,10.0,1.0,False,None,79,412,247,0.9666666666666667,51.166666666666664
3858,10,1976,1985,10,0,0,,,0,0,0,,,False,Coenonympha pamphilus,Insecta,Grassland,UK - England,Europe,Count,All Individuals,Sample,Unknown,4.0,10.0,1.0,False,None,79,412,252,0.9666666666666667,51.166666666666664
3859,10,1976,1985,10,0,0,,,0,0,0,,,False,Aphantopus hyperantus,Insecta,Grassland,UK - England,Europe,Count,All Individuals,Sample,Unknown,4.0,10.0,1.0,False,None,79,412,789,0.9666666666666667,51.166666666666664
3860,10,1976,1985,10,0,0,,,0,0,0,,,False,Thymelicus sylvestris,Insecta,Grassland,UK - England,Europe,Count,All Individuals,Sample,Unknown,4.0,10.0,1.0,False,None,79,412,766,0.9666666666666667,51.166666666666664
3861,10,1976,1985,10,0,0,,,0,0,0,,,False,Ochlodes venata,Insecta,Mixed or unspecified forest,UK - England,Europe,Count,All Individuals,Sample,Unknown,4.0,10.0,1.0,False,None,79,413,243,-3.6666666666666665,50.583333333333336
3864,10,1976,1985,10,0,0,,,0,0,0,,,False,Gonepteryx rhamni,Insecta,Mixed or unspecified forest,UK - England,Europe,Count,All Individuals,Sample,Unknown,4.0,10.0,1.0,False,None,79,413,774,-3.6666666666666665,50.583333333333336
3866,10,1976,1985,10,0,0,,,0,0,0,,,False,Pieris brassicae,Insecta,Mixed or unspecified forest,UK - England,Europe,Count,All Individuals,Sample,Unknown,4.0,10.0,1.0,False,None,79,413,244,-3.6666666666666665,50.583333333333336
3868,10,1976,1985,10,0,2,,,0,0,0,,,False,Pieris napi,Insecta,Mixed or unspecified forest,UK - England,Europe,Count,All Individuals,Sample,Unknown,4.0,10.0,1.0,False,None,79,413,240,-3.6666666666666665,50.583333333333336
3869,10,1976,1985,10,0,1,,,0,0,0,,,False,Pieris napi,Insecta,Mixed or unspecified forest,UK - England,Europe,Count,All Individuals,Sample,Unknown,4.0,10.0,1.0,False,None,79,413,240,-3.6666666666666665,50.583333333333336
3870,10,1976,1985,10,0,4,,,0,0,0,,,False,Anthocaris cardamines,Insecta,Mixed or unspecified forest,UK - England,Europe,Count,All Individuals,Sample,Unknown,4.0,10.0,1.0,False,None,79,413,776,-3.6666666666666665,50.583333333333336
3871,10,1976,1985,10,0,2,,,0,0,0,,,False,Callophrys rubi,Insecta,Mixed or unspecified forest,UK - England,Europe,Count,All Individuals,Sample,Unknown,4.0,10.0,1.0,False,None,79,413,777,-3.6666666666666665,50.583333333333336
3872,10,1976,1985,10,0,7,,,0,0,0,,,False,Quercusia quercus,Insecta,Mixed or unspecified forest,UK - England,Europe,Count,All Individuals,Sample,Unknown,4.0,10.0,1.0,False,None,79,413,778,-3.6666666666666665,50.583333333333336
3873,10,1976,1985,10,0,1,,1985.0,0,0,0,,,False,Lycaena phlaeas,Insecta,Mixed or unspecified forest,UK - England,Europe,Count,All Individuals,Sample,Unknown,4.0,10.0,1.0,False,None,79,413,251,-3.6666666666666665,50.583333333333336
3875,10,1976,1985,10,0,5,,1985.0,0,0,0,,,False,Polyommatus icarus,Insecta,Mixed or unspecified forest,UK - England,Europe,Count,All Individuals,Sample,Unknown,4.0,10.0,1.0,False,None,79,413,237,-3.6666666666666665,50.583333333333336
3876,10,1976,1985,10,0,2,,,0,0,0,,,False,Celastrina argiolus,Insecta,Mixed or unspecified forest,UK - England,Europe,Count,All Individuals,Sample,Unknown,4.0,10.0,1.0,False,None,79,413,781,-3.6666666666666665,50.583333333333336
3878,10,1976,1985,10,0,4,,,0,0,0,,,False,Ladoga camilla,Insecta,Mixed or unspecified forest,UK - England,Europe,Count,All Individuals,Sample,Unknown,4.0,10.0,1.0,False,None,79,413,782,-3.6666666666666665,50.583333333333336
3879,10,1976,1985,10,0,0,,,0,0,0,,,False,Vanessa atalanta,Insecta,Mixed or unspecified forest,UK - England,Europe,Count,All Individuals,Sample,Unknown,4.0,10.0,1.0,False,None,79,413,249,-3.6666666666666665,50.583333333333336
3880,10,1976,1985,10,0,6,,,0,0,0,,,False,Vanessa cardui,Insecta,Mixed or unspecified forest,UK - England,Europe,Count,All Individuals,Sample,Unknown,4.0,10.0,1.0,False,None,79,413,248,-3.6666666666666665,50.583333333333336
3881,10,1976,1985,10,0,0,,1985.0,0,0,0,,,False,Aglais urticae,Insecta,Mixed or unspecified forest,UK - England,Europe,Count,All Individuals,Sample,Unknown,4.0,10.0,1.0,False,None,79,413,253,-3.6666666666666665,50.583333333333336
3882,10,1976,1985,10,0,0,,,0,0,0,,,False,Inachis io,Insecta,Mixed or unspecified forest,UK - England,Europe,Count,All Individuals,Sample,Unknown,4.0,10.0,1.0,False,None,79,413,258,-3.6666666666666665,50.583333333333336
3884,10,1976,1985,10,0,2,,,0,0,0,,,False,Polygonia c-album,Insecta,Mixed or unspecified forest,UK - England,Europe,Count,All Individuals,Sample,Unknown,4.0,10.0,1.0,False,None,79,413,236,-3.6666666666666665,50.583333333333336
3887,10,1976,1985,10,0,8,,,0,0,0,,,False,Mesoacidalia aglaja,Insecta,Mixed or unspecified forest,UK - England,Europe,Count,All Individuals,Sample,Unknown,4.0,10.0,1.0,False,None,79,413,238,-3.6666666666666665,50.583333333333336
3888,10,1976,1985,10,0,0,,,0,0,0,,,False,Argynnis paphia,Insecta,Mixed or unspecified forest,UK - England,Europe,Count,All Individuals,Sample,Unknown,4.0,10.0,1.0,False,None,79,413,787,-3.6666666666666665,50.583333333333336
3889,10,1976,1985,10,0,0,,,0,0,0,,,False,Pararge aegeria,Insecta,Mixed or unspecified forest,UK - England,Europe,Count,All Individuals,Sample,Unknown,4.0,10.0,1.0,False,None,79,413,255,-3.6666666666666665,50.583333333333336
3891,10,1976,1985,10,0,5,1984.0,1984.0,0,0,0,,,False,Lasiommata megera,Insecta,Mixed or unspecified forest,UK - England,Europe,Count,All Individuals,Sample,Unknown,4.0,10.0,1.0,False,None,79,413,256,-3.6666666666666665,50.583333333333336
3892,10,1976,1985,10,0,0,,1985.0,0,0,0,,,False,Hipparchia semele,Insecta,Mixed or unspecified forest,UK - England,Europe,Count,All Individuals,Sample,Unknown,4.0,10.0,1.0,False,None,79,413,788,-3.6666666666666665,50.583333333333336
3893,10,1976,1985,10,0,0,,,0,0,0,,,False,Pyronia tithonus,Insecta,Mixed or unspecified forest,UK - England,Europe,Count,All Individuals,Sample,Unknown,4.0,10.0,1.0,False,None,79,413,242,-3.6666666666666665,50.583333333333336
3894,10,1976,1985,10,0,0,,,0,0,0,,,False,Maniola jurtina,Insecta,Mixed or unspecified forest,UK - England,Europe,Count,All Individuals,Sample,Unknown,4.0,10.0,1.0,False,None,79,413,247,-3.6666666666666665,50.583333333333336
3895,10,1976,1985,10,0,0,,,0,0,0,,,False,Coenonympha pamphilus,Insecta,Mixed or unspecified forest,UK - England,Europe,Count,All Individuals,Sample,Unknown,4.0,10.0,1.0,False,None,79,413,252,-3.6666666666666665,50.583333333333336
5014,14,1956,1969,14,0,0,,,0,0,0,,,False,Lepus timidus,Mammalia,Heath or Moor,UK - Scotland,Europe,Index of abundance,All Individuals,per 100 trap sessions,None,4.0,14.0,1.0,False,None,85,122,408,-3.1333333333333333,57.416666666666664
5015,10,1975,1984,10,0,0,,,0,0,0,,,False,Ophrys sphegodes,Angiospermopsida (Monocotyledonae),Grassland,UK - England,Europe,Count,All Individuals,Census,None,3.0,10.0,1.0,False,Estimated total population size.,84,10750,797,-0.16666666666666666,50.833333333333336
5016,12,1968,1979,12,0,0,,,0,0,0,,,False,Luperina testacea,Insecta,Unspecified habitat or no information,UK - England,Europe,Count,All Individuals,Sample,None,4.0,12.0,1.0,False,Light traps emptied daily.,83,86,794,0.43333333333333335,52.233333333333334
5017,12,1968,1979,12,0,0,,,0,0,0,,,False,Lithosia lurideola,Insecta,Unspecified habitat or no information,UK - England,Europe,Count,All Individuals,Sample,None,4.0,12.0,1.0,False,Light traps emptied daily.,83,86,795,0.43333333333333335,52.233333333333334
5018,12,1968,1979,12,0,0,1974.0,1974.0,0,0,0,,,False,Amathes c-nigrum,Insecta,Unspecified habitat or no information,UK - England,Europe,Count,All Individuals,Sample,None,4.0,12.0,1.0,False,Light traps emptied daily.,83,86,796,0.43333333333333335,52.233333333333334
5019,46,1936,1981,46,0,0,,,12,0,12,1965.0,1976.0,False,Macaca sylvanus,Mammalia,Scrub,Gibraltar,Europe,Count,All Individuals,Census,None,5.0,46.0,1.0,False,None,80,414,790,-5.35,36.15
5020,34,1946,1981,36,2,0,,,0,0,0,,,False,Macaca sylvanus,Mammalia,Scrub,Gibraltar,Europe,Count,All Individuals,Census,None,5.0,36.0,1.0,False,None,80,415,790,-5.333333333333333,36.166666666666664
5021,43,1946,1990,45,2,0,1969.0,1969.0,0,0,0,,,False,Asterionella formosa,Bacillariophyceae,Limnetic,UK - England,Europe,Count,Cells,Sample,None,3.0,45.0,1.0,False,Cell concentration (cell m^-1).,82,416,793,-2.9166666666666665,54.333333333333336
5024,18,1958,1975,18,0,0,1972.0,1972.0,0,0,0,,,False,Myriophyllum spicatum,Angiospermopsida (Dicotyledoneae),Tidal/Intertidal,USA,North America,Index of abundance,All Individuals,Sample,None,3.0,18.0,1.0,False, The study was done at the confluence of Upper Chesapeake Bay and the Susquehanna River. Average depth 1.2m.,77,373,755,-76.16666666666667,39.5
5025,18,1958,1975,18,0,4,1972.0,1972.0,0,0,0,,,False,Vallisneria americana,Angiospermopsida (Monocotyledonae),Tidal/Intertidal,USA,North America,Index of abundance,All Individuals,Sample,None,3.0,18.0,1.0,False, The study was done at the confluence of Upper Chesapeake Bay and the Susquehanna River. Average depth 1.2m.,77,373,756,-76.16666666666667,39.5
5026,18,1958,1975,18,0,3,1972.0,1972.0,0,0,0,,,False,Najas ,Angiospermopsida (Monocotyledonae),Tidal/Intertidal,USA,North America,Index of abundance,All Individuals,Sample,None,3.0,18.0,1.0,False, The study was done at the confluence of Upper Chesapeake Bay and the Susquehanna River. Average depth 1.2m.,77,373,757,-76.16666666666667,39.5
5027,18,1958,1975,18,0,4,1963.0,1963.0,0,0,0,,,False,Elodea canadensis,Angiospermopsida (Monocotyledonae),Tidal/Intertidal,USA,North America,Index of abundance,All Individuals,Sample,None,3.0,18.0,1.0,False, The study was done at the confluence of Upper Chesapeake Bay and the Susquehanna River. Average depth 1.2m.,77,373,758,-76.16666666666667,39.5
5028,18,1958,1975,18,0,1,1963.0,1963.0,0,0,0,,,False,Heteranthera dubia,Angiospermopsida (Monocotyledonae),Tidal/Intertidal,USA,North America,Index of abundance,All Individuals,Sample,None,3.0,18.0,1.0,False, The study was done at the confluence of Upper Chesapeake Bay and the Susquehanna River. Average depth 1.2m.,77,373,759,-76.16666666666667,39.5
5029,18,1970,1987,18,0,0,,,0,0,0,,,False,Anser caerulescens caerulescens,Aves,Wetland,Canada,North America,Count,Breeding pairs,Census (estimated),None,2.0,18.0,1.0,False,Estimated colony size (breeding pairs) - using Jolly-Seber capture-recapture method,76,175,729,-94.0,58.0
5030,11,1960,1970,11,0,0,,,0,0,0,,,False,Hirundo pyrrhonata,Aves,Agricultural,USA,North America,Count,Completed nests,Sample,None,4.0,11.0,1.0,False,Control. The cliff swallow colony nested under the eaves of a large barn on the farmstead.,73,370,753,-98.41666666666667,46.416666666666664
5031,9,1963,1971,9,0,0,,,0,0,0,,,False,Philolithus densicollis,Insecta,Scrub,USA,North America,Count,All Individuals,Sample,None,3.0,9.0,1.0,False,Total annual catch - observed.,74,371,754,-119.5,46.416666666666664
5032,23,1958,1980,23,0,0,,,0,0,0,,,False,Callipepla californica,Aves,Largely unvegetated,USA,North America,Count,Adults,Sample,None,3.0,23.0,1.0,False,None,67,368,738,-120.83333333333333,36.666666666666664
5033,17,1961,1986,26,9,0,,,0,0,0,,,False,Haliaeetus leucocephalus,Aves,Unspecified habitat or no information,USA,North America,Count,All Individuals,Sample,None,2.0,26.0,1.0,False,None,69,81,752,-95.0,40.0
5034,27,1957,1987,31,4,0,,,0,0,0,,,False,Haliaeetus leucocephalus,Aves,Mixed habitat,USA,North America,Count,All Individuals,Sample,None,2.0,31.0,1.0,False,One of three counts performed by different agencies.,69,42,752,-89.0,39.0
5035,20,1961,1982,22,2,0,,,0,0,0,,,False,Haliaeetus leucocephalus,Aves,Mixed habitat,USA,North America,Count,All Individuals,Sample,None,2.0,26.0,1.0,False,One of three counts performed by different agencies.,69,42,752,-89.0,39.0
5036,15,1972,1986,15,0,0,,,0,0,0,,,False,Haliaeetus leucocephalus,Aves,Mixed habitat,USA,North America,Count,All Individuals,Sample,None,2.0,15.0,1.0,False,One of three counts performed by different agencies.,69,42,752,-89.0,39.0
5037,46,1908,1955,48,2,17,1917.0,1917.0,0,0,0,,,False,Falco sparverius,Aves,Agricultural,USA,North America,Count,All Individuals,per hour,None,3.0,48.0,1.0,False,None,78,374,760,-89.0,40.0
5038,32,1902,1955,54,22,5,,,0,0,0,,,False,Falco sparverius,Aves,Agricultural,USA,North America,Count,All Individuals,per hour,None,3.0,54.0,1.0,False,None,78,376,760,-89.0,38.0
5039,49,1906,1955,50,1,5,1937.0,1937.0,1,1,0,1936.0,1936.0,True,Buteo jamaicensis,Aves,Agricultural,USA,North America,Count,All Individuals,per hour,None,3.0,50.0,1.0,False,None,78,374,186,-89.0,40.0
5040,50,1905,1955,51,1,25,1925.0,1925.0,0,0,0,,,False,Circus cyaneus,Aves,Agricultural,USA,North America,Count,All Individuals,per hour,None,3.0,51.0,1.0,False,None,78,374,761,-89.0,40.0
5041,32,1903,1955,53,21,16,,,0,0,0,,,False,Circus cyaneus,Aves,Agricultural,USA,North America,Count,All Individuals,per hour,None,3.0,53.0,1.0,False,None,78,376,761,-89.0,38.0
5042,33,1903,1955,53,20,20,,,0,0,0,,,False,Buteo lineatus,Aves,Agricultural,USA,North America,Count,All Individuals,per hour,None,3.0,53.0,1.0,False,None,78,376,762,-89.0,38.0
5043,46,1907,1955,49,3,27,1928.0,1928.0,0,0,0,,,False,Buteo lineatus,Aves,Agricultural,USA,North America,Count,All Individuals,per hour,None,3.0,49.0,1.0,False,None,78,374,762,-89.0,40.0
5044,48,1907,1955,49,1,15,1920.0,1920.0,0,0,0,,,False,Buteo lagopus,Aves,Agricultural,USA,North America,Count,All Individuals,per hour,None,3.0,49.0,1.0,False,None,78,374,763,-89.0,40.0
5045,17,1965,1981,17,0,0,,,0,0,0,,,False,Anas platyrhynchos,Aves,Wetland,USA,North America,Count,Pairs,Sample,None,-1.0,17.0,1.0,False,None,68,369,28,-99.25,47.13333333333333
5046,17,1965,1981,17,0,0,,,0,0,0,,,False,Anas strepera,Aves,Wetland,USA,North America,Count,Pairs,Sample,None,-1.0,17.0,1.0,False,None,68,369,741,-99.25,47.13333333333333
5047,17,1965,1981,17,0,0,,,0,0,0,,,False,Anas acuta,Aves,Wetland,USA,North America,Count,Pairs,Sample,None,-1.0,17.0,1.0,False,None,68,369,742,-99.25,47.13333333333333
5048,17,1965,1981,17,0,0,,,0,0,0,,,False,Anas crecca,Aves,Wetland,USA,North America,Count,Pairs,Sample,None,-1.0,17.0,1.0,False,None,68,369,744,-99.25,47.13333333333333
5049,17,1965,1981,17,0,0,,,0,0,0,,,False,Anas discors,Aves,Wetland,USA,North America,Count,Pairs,Sample,None,-1.0,17.0,1.0,False,None,68,369,746,-99.25,47.13333333333333
5050,17,1965,1981,17,0,0,,,0,0,0,,,False,Anas clypeata,Aves,Wetland,USA,North America,Count,Pairs,Sample,None,-1.0,17.0,1.0,False,None,68,369,743,-99.25,47.13333333333333
5051,17,1965,1981,17,0,0,,,0,0,0,,,False,Anas americana,Aves,Wetland,USA,North America,Count,Pairs,Sample,None,-1.0,17.0,1.0,False,None,68,369,751,-99.25,47.13333333333333
5052,17,1965,1981,17,0,0,,,0,0,0,,,False,Aythya americana,Aves,Wetland,USA,North America,Count,Pairs,Sample,None,-1.0,17.0,1.0,False,None,68,369,747,-99.25,47.13333333333333
5053,17,1965,1981,17,0,1,,,0,0,0,,,False,Aythya valisinera,Aves,Wetland,USA,North America,Count,Pairs,Sample,None,-1.0,17.0,1.0,False,None,68,369,748,-99.25,47.13333333333333
5054,17,1965,1981,17,0,0,,,0,0,0,,,False,Aythya affinis,Aves,Wetland,USA,North America,Count,Pairs,Sample,None,-1.0,17.0,1.0,False,None,68,369,749,-99.25,47.13333333333333
5055,17,1965,1981,17,0,0,1970.0,1970.0,0,0,0,,,False,Oxyura jamaicensis,Aves,Wetland,USA,North America,Count,Pairs,Sample,None,-1.0,17.0,1.0,False,None,68,369,745,-99.25,47.13333333333333
5056,17,1965,1981,17,0,5,,1981.0,0,0,0,,,False,Aythya collaris,Aves,Wetland,USA,North America,Count,Pairs,Sample,None,-1.0,17.0,1.0,False,None,68,369,750,-99.25,47.13333333333333
6057,21,1964,1984,21,0,0,,,0,0,0,,,False,Cepea nemoralis,Gastropoda,Grassland,UK - England,Europe,Count,All Individuals,Sample,None,4.0,21.0,1.0,False,None,302,1020,10663,-1.8,51.28333333333333
6059,17,1961,1977,17,0,0,1967.0,1967.0,0,0,0,,,False,Perca fluviatilis,Osteichthyes,Limnetic,UK - England,Europe,Count,All Individuals,per trap,None,3.0,17.0,1.0,False,None,219,1041,10108,-2.9166666666666665,54.333333333333336
6060,17,1961,1977,17,0,0,,1977.0,0,0,0,,,False,Perca fluviatilis,Osteichthyes,Limnetic,UK - England,Europe,Count,All Individuals,per trap,None,3.0,17.0,1.0,False,None,219,1042,10108,-2.9166666666666665,54.333333333333336
6061,17,1961,1977,17,0,0,,1977.0,0,0,0,,,False,Perca fluviatilis,Osteichthyes,Limnetic,UK - England,Europe,Count,All Individuals,per trap,None,3.0,17.0,1.0,False,None,219,1043,10108,-2.9166666666666665,54.333333333333336
6063,15,1950,1971,22,7,0,,,0,0,0,,,False,Macaca fuscata,Mammalia,Unspecified habitat or no information,Japan,Asia,Count,All Individuals,Census,None,-1.0,22.0,1.0,False,None,402,419,10717,131.0,32.0
6064,10,1960,1971,12,2,1,,,0,0,0,,,False,Macaca fuscata,Mammalia,Unspecified habitat or no information,Japan,Asia,Count,All Individuals,Census,None,-1.0,12.0,1.0,False,None,402,419,10717,131.0,32.0
6065,10,1959,1969,11,1,0,,,0,0,0,,,False,Macaca fuscata,Mammalia,Unspecified habitat or no information,India,Asia,Count,All Individuals,Not Specified,None,-1.0,11.0,1.0,False,Count in Jan,402,418,10717,78.03333333333333,27.916666666666668
6066,11,1959,1969,11,0,1,,,0,0,0,,,False,Macaca fuscata,Mammalia,Unspecified habitat or no information,India,Asia,Count,All Individuals,Census,None,-1.0,11.0,1.0,False,Count in March,402,418,10717,78.03333333333333,27.916666666666668
6067,9,1961,1969,9,0,0,,,0,0,0,,,False,Macaca fuscata,Mammalia,Unspecified habitat or no information,India,Asia,Count,All Individuals,Not Specified,None,-1.0,9.0,1.0,False,Count in July,402,418,10717,78.03333333333333,27.916666666666668
6068,12,1952,1963,12,0,0,,,0,0,0,,,False,Macaca fuscata,Mammalia,Unspecified habitat or no information,Japan,Asia,Count,Females,Census,None,-1.0,12.0,1.0,False,Semi wild period.,86,417,10717,135.83333333333334,35.0
6069,9,1981,1989,9,0,6,,,0,0,0,,,False,Orconectes propinquus,Crustacea,Limnetic,USA,North America,Count,All Individuals,per 6 traps,None,2.0,9.0,1.0,False,Trap type: Seine net,308,1028,10713,-89.41666666666667,43.03333333333333
6070,9,1981,1989,9,0,5,,,0,0,0,,,False,Orconectes propinquus,Crustacea,Limnetic,USA,North America,Count,All Individuals,per 6 traps,None,2.0,9.0,1.0,False,Trap type: Seine net,308,1029,10713,-89.41666666666667,43.03333333333333
6071,9,1981,1989,9,0,3,1988.0,1988.0,0,0,0,,,False,Orconectes propinquus,Crustacea,Limnetic,USA,North America,Count,All Individuals,per 6 traps,None,2.0,9.0,1.0,False,Trap type: Seine net,308,1030,10713,-89.41666666666667,43.03333333333333
6072,9,1981,1989,9,0,6,,,0,0,0,,,False,Orconectes propinquus,Crustacea,Limnetic,USA,North America,Count,All Individuals,per 6 traps,None,2.0,9.0,1.0,False,Trap type: Seine net,308,1031,10713,-89.41666666666667,43.03333333333333
6073,14,1981,1994,14,0,2,,,0,0,0,,,False,Orconectes propinquus,Crustacea,Limnetic,USA,North America,Count,Catch,per 30 traps,None,2.0,14.0,1.0,False,None,308,1028,10713,-89.41666666666667,43.03333333333333
6074,14,1981,1994,14,0,6,,,0,0,0,,,False,Orconectes propinquus,Crustacea,Limnetic,USA,North America,Count,Catch,per 30 traps,None,2.0,14.0,1.0,False,None,308,1029,10713,-89.41666666666667,43.03333333333333
6075,14,1981,1994,14,0,4,1991.0,1991.0,0,0,0,,,False,Orconectes propinquus,Crustacea,Limnetic,USA,North America,Count,Catch,per 30 traps,None,2.0,14.0,1.0,False,None,308,1030,10713,-89.41666666666667,43.03333333333333
6076,14,1981,1994,14,0,0,,,0,0,0,,,False,Orconectes propinquus,Crustacea,Limnetic,USA,North America,Count,Catch,per 30 traps,None,2.0,14.0,1.0,False,None,308,1031,10713,-89.41666666666667,43.03333333333333
6077,9,1981,1989,9,0,4,1988.0,1988.0,0,0,0,,,False,Orconectes propinquus,Crustacea,Limnetic,USA,North America,Count,All Individuals,per 6 traps,None,2.0,9.0,1.0,False,Trap type: Fyke net,308,1028,10713,-89.41666666666667,43.03333333333333
6078,9,1981,1989,9,0,8,,,0,0,0,,,False,Orconectes propinquus,Crustacea,Limnetic,USA,North America,Count,All Individuals,per 6 traps,None,2.0,9.0,1.0,False,Trap type: Fyke net,308,1029,10713,-89.41666666666667,43.03333333333333
6079,9,1981,1989,9,0,8,,,0,0,0,,,False,Orconectes propinquus,Crustacea,Limnetic,USA,North America,Count,All Individuals,per 6 traps,None,2.0,9.0,1.0,False,Trap type: Fyke net,308,1030,10713,-89.41666666666667,43.03333333333333
6080,9,1981,1989,9,0,1,,,0,0,0,,,False,Orconectes propinquus,Crustacea,Limnetic,USA,North America,Count,All Individuals,per 6 traps,None,2.0,9.0,1.0,False,Trap type: Fyke net,308,1031,10713,-89.41666666666667,43.03333333333333
6081,12,1982,1993,12,0,10,,,0,0,0,,,False,Orconectes virilis,Crustacea,Limnetic,USA,North America,Count,All Individuals,per 30 traps,None,2.0,12.0,1.0,False,Catch taken at 0.5m depth,308,1029,10715,-89.41666666666667,43.03333333333333
6082,12,1982,1993,12,0,11,,,0,0,0,,,False,Orconectes virilis,Crustacea,Limnetic,USA,North America,Count,All Individuals,per 30 traps,None,2.0,12.0,1.0,False,Catch taken at 0.5m depth,308,1030,10715,-89.41666666666667,43.03333333333333
6083,12,1982,1993,12,0,6,1988.0,1988.0,0,0,0,,,False,Orconectes virilis,Crustacea,Limnetic,USA,North America,Count,All Individuals,per 30 traps,None,2.0,12.0,1.0,False,Catch taken at 0.5m depth,308,1031,10715,-89.41666666666667,43.03333333333333
6084,14,1981,1994,14,0,10,,,0,0,0,,,False,Orconectes virilis,Crustacea,Limnetic,USA,North America,Count,All Individuals,per 30 traps,None,2.0,14.0,1.0,False,Catch taken at 1.0m depth,308,1028,10715,-89.41666666666667,43.03333333333333
6085,14,1981,1994,14,0,2,1991.0,1991.0,0,0,0,,,False,Orconectes virilis,Crustacea,Limnetic,USA,North America,Count,All Individuals,per 30 traps,None,2.0,14.0,1.0,False,Catch taken at 1.0m depth,308,1029,10715,-89.41666666666667,43.03333333333333
6086,14,1981,1994,14,0,2,,,0,0,0,,,False,Orconectes virilis,Crustacea,Limnetic,USA,North America,Count,All Individuals,per 30 traps,None,2.0,14.0,1.0,False,Catch taken at 1.0m depth,308,1030,10715,-89.41666666666667,43.03333333333333
6087,14,1981,1994,14,0,0,,,0,0,0,,,False,Orconectes virilis,Crustacea,Limnetic,USA,North America,Count,All Individuals,per 30 traps,None,2.0,14.0,1.0,False,Catch taken at 1.0m depth,308,1031,10715,-89.41666666666667,43.03333333333333
6088,9,1981,1989,9,0,1,,,0,0,0,,,False,Orconectes rusticus,Crustacea,Limnetic,USA,North America,Count,All Individuals,per 6 traps,None,2.0,9.0,1.0,False,Trap type: Seine net,308,1030,10714,-89.41666666666667,43.03333333333333
6089,9,1981,1989,9,0,7,,,0,0,0,,,False,Orconectes rusticus,Crustacea,Limnetic,USA,North America,Count,All Individuals,per 6 traps,None,2.0,9.0,1.0,False,Trap type: Seine net,308,1031,10714,-89.41666666666667,43.03333333333333
6090,14,1981,1994,14,0,0,,,0,0,0,,,False,Orconectes rusticus,Crustacea,Limnetic,USA,North America,Count,All Individuals,per 30 traps,None,2.0,14.0,1.0,False,Catch taken at 1.0m depth,308,1030,10714,-89.41666666666667,43.03333333333333
6091,14,1981,1994,14,0,3,,1994.0,0,0,0,,,False,Orconectes rusticus,Crustacea,Limnetic,USA,North America,Count,All Individuals,per 30 traps,None,2.0,14.0,1.0,False,Catch taken at 1.0m depth,308,1031,10714,-89.41666666666667,43.03333333333333
6092,9,1981,1989,9,0,4,,,0,0,0,,,False,Orconectes virilis,Crustacea,Limnetic,USA,North America,Count,All Individuals,per 6 traps,None,2.0,9.0,1.0,False,Trap type: Seine net,308,1029,10715,-89.41666666666667,43.03333333333333
6093,9,1981,1989,9,0,6,,,0,0,0,,,False,Orconectes virilis,Crustacea,Limnetic,USA,North America,Count,All Individuals,per 6 traps,None,2.0,9.0,1.0,False,Trap type: Seine net,308,1031,10715,-89.41666666666667,43.03333333333333
6094,9,1981,1989,9,0,7,,,0,0,0,,,False,Orconectes virilis,Crustacea,Limnetic,USA,North America,Count,All Individuals,per 6 traps,None,2.0,9.0,1.0,False,Trap type: Fyke net,308,1029,10715,-89.41666666666667,43.03333333333333
6095,9,1981,1989,9,0,8,,,0,0,0,,,False,Orconectes virilis,Crustacea,Limnetic,USA,North America,Count,All Individuals,per 6 traps,None,2.0,9.0,1.0,False,Trap type: Fyke net,308,1030,10715,-89.41666666666667,43.03333333333333
6096,9,1981,1989,9,0,1,,,0,0,0,,,False,Orconectes virilis,Crustacea,Limnetic,USA,North America,Count,All Individuals,per 6 traps,None,2.0,9.0,1.0,False,Trap type: Fyke net,308,1031,10715,-89.41666666666667,43.03333333333333
6097,26,1941,1966,26,0,0,,,0,0,0,,,False,Perca fluviatilis,Osteichthyes,Limnetic,UK - England,Europe,Harvest,Kg,Harvest,per hectare,3.0,26.0,1.0,False,"Estimates of the density of fish (age 11 years and over), expressed as Kg/ha of water less than 10m deep. Perch monitored by trapping.",305,10222,10108,-3.0,54.3
6098,23,1944,1966,23,0,0,,,0,0,0,,,False,Esox lucius,Osteichthyes,Limnetic,UK - England,Europe,Harvest,Kg,Harvest,per hectare,3.0,23.0,1.0,False,"Estimates of the density of fish (age 11 years and over), expressed as Kg/ha of water less than 10m deep. Pike removed by gill  netting.",305,10222,10219,-3.0,54.3
6099,26,1941,1966,26,0,0,,,0,0,0,,,False,Perca fluviatilis,Osteichthyes,Limnetic,UK - England,Europe,Harvest,Kg,Harvest,per hectare,3.0,26.0,1.0,False,"Estimates of the density of fish (age 11 years and over), expressed as Kg/ha of water less than 10m deep. Perch monitored by trapping.",305,416,10108,-2.9166666666666665,54.333333333333336
6100,23,1944,1966,23,0,0,,,0,0,0,,,False,Esox lucius,Osteichthyes,Limnetic,UK - England,Europe,Harvest,Kg,Harvest,per hectare,3.0,23.0,1.0,False,"Estimates of the density of fish (age 11 years and over), expressed as Kg/ha of water less than 10m deep. Pike removed by gill  netting.",305,416,10219,-2.9166666666666665,54.333333333333336
6101,8,1933,1944,12,4,0,,,0,0,0,,,False,Corvus frugilegus,Aves,Agricultural,UK - England,Europe,Count,Nests,Census,None,4.0,12.0,1.0,False,None,215,10751,10716,-2.2333333333333334,51.88333333333333
6102,13,1963,1975,13,0,0,,,0,0,0,,,False,Corvus frugilegus,Aves,Agricultural,UK - Scotland,Europe,Count,Nests,Census,None,4.0,13.0,1.0,False,After 1972 counts for South Artrochie are affected by felling.,218,423,10716,-2.3333333333333335,57.5
6103,13,1963,1975,13,0,0,,,0,0,0,,,False,Corvus frugilegus,Aves,Agricultural,UK - Scotland,Europe,Count,Nests,Census,None,4.0,13.0,1.0,False,None,218,424,10716,-2.25,57.333333333333336
6144,20,1944,1963,20,0,0,,,0,0,0,,,False,Esox lucius,Osteichthyes,Limnetic,UK - England,Europe,Count,All Individuals,Census (estimated),None,3.0,20.0,1.0,False,None,403,10110,10219,-2.95,54.333333333333336
6146,17,1968,1984,17,0,0,,,0,0,0,,,False,Sphinx ligustri,Insecta,Unspecified habitat or no information,United Kingdom,Europe,Count,Trapped Adults,Sample,None,2.0,17.0,1.0,False,None,309,367,10719,-1.5,54.0
6147,17,1968,1984,17,0,0,,,0,0,0,,,False,Pheosia tremula,Insecta,Unspecified habitat or no information,United Kingdom,Europe,Count,Trapped Adults,Sample,None,2.0,17.0,1.0,False,None,309,367,10720,-1.5,54.0
6148,17,1968,1984,17,0,0,,,0,0,0,,,False,Ptilodon capucina,Insecta,Unspecified habitat or no information,United Kingdom,Europe,Count,Trapped Adults,Sample,None,2.0,17.0,1.0,False,None,309,367,10721,-1.5,54.0
6149,17,1968,1984,17,0,0,,,0,0,0,,,False,Deilephila elpenor,Insecta,Unspecified habitat or no information,United Kingdom,Europe,Count,Trapped Adults,Sample,None,2.0,17.0,1.0,False,None,309,367,10722,-1.5,54.0
6150,17,1968,1984,17,0,0,,,0,0,0,,,False,Pheosia gnoma,Insecta,Unspecified habitat or no information,United Kingdom,Europe,Count,Trapped Adults,Sample,None,2.0,17.0,1.0,False,None,309,367,10723,-1.5,54.0
6151,17,1968,1984,17,0,0,,,0,0,0,,,False,Odontosia carmelita,Insecta,Unspecified habitat or no information,United Kingdom,Europe,Count,Trapped Adults,Sample,None,2.0,17.0,1.0,False,None,309,367,10724,-1.5,54.0
6152,17,1968,1984,17,0,0,,,0,0,0,,,False,Stauropus fagi,Insecta,Unspecified habitat or no information,United Kingdom,Europe,Count,Trapped Adults,Sample,None,2.0,17.0,1.0,False,None,309,367,10725,-1.5,54.0
6153,17,1968,1984,17,0,0,,,0,0,0,,,False,Eligmodonta ziczac,Insecta,Unspecified habitat or no information,United Kingdom,Europe,Count,Trapped Adults,Sample,None,2.0,17.0,1.0,False,None,309,367,10726,-1.5,54.0
6154,17,1968,1984,17,0,0,,,0,0,0,,,False,Pterostoma Palpina,Insecta,Unspecified habitat or no information,United Kingdom,Europe,Count,Trapped Adults,Sample,None,2.0,17.0,1.0,False,None,309,367,10727,-1.5,54.0
6155,17,1968,1984,17,0,0,,,0,0,0,,,False,Drymonia dodonaea,Insecta,Unspecified habitat or no information,United Kingdom,Europe,Count,Trapped Adults,Sample,None,2.0,17.0,1.0,False,None,309,367,10728,-1.5,54.0
6156,17,1968,1984,17,0,0,,,0,0,0,,,False,Notodonta dromedarius,Insecta,Unspecified habitat or no information,United Kingdom,Europe,Count,Trapped Adults,Sample,None,2.0,17.0,1.0,False,None,309,367,10729,-1.5,54.0
6157,17,1968,1984,17,0,0,,,0,0,0,,,False,Phalera bucephala,Insecta,Unspecified habitat or no information,United Kingdom,Europe,Count,Trapped Adults,Sample,None,2.0,17.0,1.0,False,None,309,367,10730,-1.5,54.0
6158,17,1968,1984,17,0,0,,,0,0,0,,,False,Clostera curtula,Insecta,Unspecified habitat or no information,United Kingdom,Europe,Count,Trapped Adults,Sample,None,2.0,17.0,1.0,False,None,309,367,10731,-1.5,54.0
6159,17,1968,1984,17,0,0,,,0,0,0,,,False,Tetheela fluctuosa,Insecta,Unspecified habitat or no information,United Kingdom,Europe,Count,Trapped Adults,Sample,None,2.0,17.0,1.0,False,None,309,367,10732,-1.5,54.0
6160,17,1968,1984,17,0,0,,,0,0,0,,,False,Euproctis chrysorrhoea,Insecta,Unspecified habitat or no information,United Kingdom,Europe,Count,Trapped Adults,Sample,None,2.0,17.0,1.0,False,None,309,367,10733,-1.5,54.0
6161,17,1968,1984,17,0,0,,,0,0,0,,,False,Habrosyne pyritoides,Insecta,Unspecified habitat or no information,United Kingdom,Europe,Count,Trapped Adults,Sample,None,2.0,17.0,1.0,False,None,309,367,10734,-1.5,54.0
6162,17,1968,1984,17,0,0,,,0,0,0,,,False,Cymatophorima diluta,Insecta,Unspecified habitat or no information,United Kingdom,Europe,Count,Trapped Adults,Sample,None,2.0,17.0,1.0,False,None,309,367,10735,-1.5,54.0
6163,17,1968,1984,17,0,0,,,0,0,0,,,False,Euproctis similis,Insecta,Unspecified habitat or no information,United Kingdom,Europe,Count,Trapped Adults,Sample,None,2.0,17.0,1.0,False,None,309,367,10736,-1.5,54.0
6164,17,1968,1984,17,0,0,,,0,0,0,,,False,Thyatira batis,Insecta,Unspecified habitat or no information,United Kingdom,Europe,Count,Trapped Adults,Sample,None,2.0,17.0,1.0,False,None,309,367,10737,-1.5,54.0
6165,17,1968,1984,17,0,0,,,0,0,0,,,False,Achyla flavicornis,Insecta,Unspecified habitat or no information,United Kingdom,Europe,Count,Trapped Adults,Sample,None,2.0,17.0,1.0,False,None,309,367,10738,-1.5,54.0
6166,17,1968,1984,17,0,0,,,0,0,0,,,False,Lymantria monacha,Insecta,Unspecified habitat or no information,United Kingdom,Europe,Count,Trapped Adults,Sample,None,2.0,17.0,1.0,False,None,309,367,10739,-1.5,54.0
6167,17,1968,1984,17,0,0,,,0,0,0,,,False,Tethea ocularis octogesine,Insecta,Unspecified habitat or no information,United Kingdom,Europe,Count,Trapped Adults,Sample,None,2.0,17.0,1.0,False,None,309,367,10740,-1.5,54.0
6168,17,1968,1984,17,0,0,,,0,0,0,,,False,Polyploca ridens,Insecta,Unspecified habitat or no information,United Kingdom,Europe,Count,Trapped Adults,Sample,None,2.0,17.0,1.0,False,None,309,367,10741,-1.5,54.0
6169,17,1968,1984,17,0,0,,,0,0,0,,,False,Malacosome neustria,Insecta,Unspecified habitat or no information,United Kingdom,Europe,Count,Trapped Adults,Sample,None,2.0,17.0,1.0,False,None,309,367,10742,-1.5,54.0
6170,17,1968,1984,17,0,0,,,0,0,0,,,False,Ochropacha duplaria,Insecta,Unspecified habitat or no information,United Kingdom,Europe,Count,Trapped Adults,Sample,None,2.0,17.0,1.0,False,None,309,367,10743,-1.5,54.0
6171,17,1968,1984,17,0,0,,,0,0,0,,,False,Dasychira pudibunda,Insecta,Unspecified habitat or no information,United Kingdom,Europe,Count,Trapped Adults,Sample,None,2.0,17.0,1.0,False,None,309,367,10744,-1.5,54.0
6172,17,1968,1984,17,0,0,,,0,0,0,,,False,Trichiura crataegi,Insecta,Unspecified habitat or no information,United Kingdom,Europe,Count,Trapped Adults,Sample,None,2.0,17.0,1.0,False,None,309,367,10745,-1.5,54.0
6173,17,1968,1984,17,0,0,,,0,0,0,,,False,Poecilocampa populi,Insecta,Unspecified habitat or no information,United Kingdom,Europe,Count,Trapped Adults,Sample,None,2.0,17.0,1.0,False,None,309,367,10746,-1.5,54.0
6174,17,1968,1984,17,0,0,,,0,0,0,,,False,Drepana binaria,Insecta,Unspecified habitat or no information,United Kingdom,Europe,Count,Trapped Adults,Sample,None,2.0,17.0,1.0,False,None,309,367,10747,-1.5,54.0
6175,17,1968,1984,17,0,0,,,0,0,0,,,False,Meganola albula,Insecta,Unspecified habitat or no information,United Kingdom,Europe,Count,Trapped Adults,Sample,None,2.0,17.0,1.0,False,None,309,367,10748,-1.5,54.0
6176,17,1968,1984,17,0,0,,,0,0,0,,,False,Lasiocampa quercus,Insecta,Unspecified habitat or no information,United Kingdom,Europe,Count,Trapped Adults,Sample,None,2.0,17.0,1.0,False,None,309,367,10749,-1.5,54.0
6177,17,1968,1984,17,0,0,,,0,0,0,,,False,Drepana falcataria,Insecta,Unspecified habitat or no information,United Kingdom,Europe,Count,Trapped Adults,Sample,None,2.0,17.0,1.0,False,None,309,367,10750,-1.5,54.0
6178,17,1968,1984,17,0,0,,,0,0,0,,,False,Nola confusalis,Insecta,Unspecified habitat or no information,United Kingdom,Europe,Count,Trapped Adults,Sample,None,2.0,17.0,1.0,False,None,309,367,10751,-1.5,54.0
6179,17,1968,1984,17,0,0,,,0,0,0,,,False,Macrothylacia rubi,Insecta,Unspecified habitat or no information,United Kingdom,Europe,Count,Trapped Adults,Sample,None,2.0,17.0,1.0,False,None,309,367,10752,-1.5,54.0
6180,17,1968,1984,17,0,0,,,0,0,0,,,False,Falcaria lacertinaria,Insecta,Unspecified habitat or no information,United Kingdom,Europe,Count,Trapped Adults,Sample,None,2.0,17.0,1.0,False,None,309,367,10753,-1.5,54.0
6181,17,1968,1984,17,0,0,,,0,0,0,,,False,Nudaria mundana,Insecta,Unspecified habitat or no information,United Kingdom,Europe,Count,Trapped Adults,Sample,None,2.0,17.0,1.0,False,None,309,367,10754,-1.5,54.0
6182,17,1968,1984,17,0,0,,,0,0,0,,,False,Philudoria potatoria,Insecta,Unspecified habitat or no information,United Kingdom,Europe,Count,Trapped Adults,Sample,None,2.0,17.0,1.0,False,None,309,367,10755,-1.5,54.0
6183,17,1968,1984,17,0,0,,,0,0,0,,,False,Cilix glaucata,Insecta,Unspecified habitat or no information,United Kingdom,Europe,Count,Trapped Adults,Sample,None,2.0,17.0,1.0,False,None,309,367,10756,-1.5,54.0
6184,17,1968,1984,17,0,0,,,0,0,0,,,False,Thumatha senex,Insecta,Unspecified habitat or no information,United Kingdom,Europe,Count,Trapped Adults,Sample,None,2.0,17.0,1.0,False,None,309,367,10757,-1.5,54.0
6185,17,1968,1984,17,0,0,,,0,0,0,,,False,Gastopacha quercifolia,Insecta,Unspecified habitat or no information,United Kingdom,Europe,Count,Trapped Adults,Sample,None,2.0,17.0,1.0,False,None,309,367,10758,-1.5,54.0
6186,17,1968,1984,17,0,0,,,0,0,0,,,False,Nola cucullatella,Insecta,Unspecified habitat or no information,United Kingdom,Europe,Count,Trapped Adults,Sample,None,2.0,17.0,1.0,False,None,309,367,10759,-1.5,54.0
6187,17,1968,1984,17,0,0,,,0,0,0,,,False,Miltochrista miniata,Insecta,Unspecified habitat or no information,United Kingdom,Europe,Count,Trapped Adults,Sample,None,2.0,17.0,1.0,False,None,309,367,10760,-1.5,54.0
6188,17,1968,1984,17,0,0,,,0,0,0,,,False,Cybosia mesomella,Insecta,Unspecified habitat or no information,United Kingdom,Europe,Count,Trapped Adults,Sample,None,2.0,17.0,1.0,False,None,309,367,10761,-1.5,54.0
6189,17,1968,1984,17,0,0,,,0,0,0,,,False,Tyria jacobaeae,Insecta,Unspecified habitat or no information,United Kingdom,Europe,Count,Trapped Adults,Sample,None,2.0,17.0,1.0,False,None,309,367,10762,-1.5,54.0
6190,17,1968,1984,17,0,0,,,0,0,0,,,False,Phragmatobia fuliginosa,Insecta,Unspecified habitat or no information,United Kingdom,Europe,Count,Trapped Adults,Sample,None,2.0,17.0,1.0,False,None,309,367,10763,-1.5,54.0
6191,17,1968,1984,17,0,0,,,0,0,0,,,False,Eilema deplana,Insecta,Unspecified habitat or no information,United Kingdom,Europe,Count,Trapped Adults,Sample,None,2.0,17.0,1.0,False,None,309,367,10764,-1.5,54.0
6192,17,1968,1984,17,0,0,,,0,0,0,,,False,Spilosoma lubricipeda,Insecta,Unspecified habitat or no information,United Kingdom,Europe,Count,Trapped Adults,Sample,None,2.0,17.0,1.0,False,None,309,367,10765,-1.5,54.0
6193,17,1968,1984,17,0,0,,,0,0,0,,,False,Arctia caja,Insecta,Unspecified habitat or no information,United Kingdom,Europe,Count,Trapped Adults,Sample,None,2.0,17.0,1.0,False,None,309,367,10766,-1.5,54.0
6194,17,1968,1984,17,0,0,,,0,0,0,,,False,Eilema griseola,Insecta,Unspecified habitat or no information,United Kingdom,Europe,Count,Trapped Adults,Sample,None,2.0,17.0,1.0,False,None,309,367,10767,-1.5,54.0
6195,17,1968,1984,17,0,0,,,0,0,0,,,False,Agrotis exclamationis,Insecta,Unspecified habitat or no information,United Kingdom,Europe,Count,Trapped Adults,Sample,None,2.0,17.0,1.0,False,None,309,367,241,-1.5,54.0
6196,17,1968,1984,17,0,0,,,0,0,0,,,False,Hepialus humili,Insecta,Unspecified habitat or no information,United Kingdom,Europe,Count,Trapped Adults,Sample,None,2.0,17.0,1.0,False,None,309,367,10769,-1.5,54.0
6197,17,1968,1984,17,0,0,,,0,0,0,,,False,Eilema lurideola,Insecta,Unspecified habitat or no information,United Kingdom,Europe,Count,Trapped Adults,Sample,None,2.0,17.0,1.0,False,None,309,367,10770,-1.5,54.0
6198,17,1968,1984,17,0,0,,,0,0,0,,,False,Diaphora mendica,Insecta,Unspecified habitat or no information,United Kingdom,Europe,Count,Trapped Adults,Sample,None,2.0,17.0,1.0,False,None,309,367,10771,-1.5,54.0
6199,17,1968,1984,17,0,0,,,0,0,0,,,False,Hepialus sylvina,Insecta,Unspecified habitat or no information,United Kingdom,Europe,Count,Trapped Adults,Sample,None,2.0,17.0,1.0,False,None,309,367,10772,-1.5,54.0
6200,17,1968,1984,17,0,0,,,0,0,0,,,False,Eilema complana,Insecta,Unspecified habitat or no information,United Kingdom,Europe,Count,Trapped Adults,Sample,None,2.0,17.0,1.0,False,None,309,367,10773,-1.5,54.0
6201,17,1968,1984,17,0,0,,,0,0,0,,,False,Diacrisia sannio,Insecta,Unspecified habitat or no information,United Kingdom,Europe,Count,Trapped Adults,Sample,None,2.0,17.0,1.0,False,None,309,367,10774,-1.5,54.0
6202,17,1968,1984,17,0,0,,,0,0,0,,,False,Hepialus fusconebulosa,Insecta,Unspecified habitat or no information,United Kingdom,Europe,Count,Trapped Adults,Sample,None,2.0,17.0,1.0,False,None,309,367,10775,-1.5,54.0
6203,17,1968,1984,17,0,0,,,0,0,0,,,False,Hepialus lupulinus,Insecta,Unspecified habitat or no information,United Kingdom,Europe,Count,Trapped Adults,Sample,None,2.0,17.0,1.0,False,None,309,367,10776,-1.5,54.0
6204,17,1968,1984,17,0,0,,,0,0,0,,,False,Agrotis vestigialis,Insecta,Unspecified habitat or no information,United Kingdom,Europe,Count,Trapped Adults,Sample,None,2.0,17.0,1.0,False,None,309,367,10777,-1.5,54.0
6205,17,1968,1984,17,0,0,,,0,0,0,,,False,Lycophotia porphyrea,Insecta,Unspecified habitat or no information,United Kingdom,Europe,Count,Trapped Adults,Sample,None,2.0,17.0,1.0,False,None,309,367,10778,-1.5,54.0
6206,17,1968,1984,17,0,0,,,0,0,0,,,False,Hepialus hecta,Insecta,Unspecified habitat or no information,United Kingdom,Europe,Count,Trapped Adults,Sample,None,2.0,17.0,1.0,False,None,309,367,10779,-1.5,54.0
6207,17,1968,1984,17,0,0,,,0,0,0,,,False,Agrotis clavis,Insecta,Unspecified habitat or no information,United Kingdom,Europe,Count,Trapped Adults,Sample,None,2.0,17.0,1.0,False,None,309,367,10780,-1.5,54.0
6208,17,1968,1984,17,0,0,,,0,0,0,,,False,Spaelotis ravida,Insecta,Unspecified habitat or no information,United Kingdom,Europe,Count,Trapped Adults,Sample,None,2.0,17.0,1.0,False,None,309,367,10781,-1.5,54.0
6209,17,1968,1984,17,0,0,,,0,0,0,,,False,Euxoa nigricans,Insecta,Unspecified habitat or no information,United Kingdom,Europe,Count,Trapped Adults,Sample,None,2.0,17.0,1.0,False,None,309,367,10782,-1.5,54.0
6210,17,1968,1984,17,0,0,,,0,0,0,,,False,Agrotis puta,Insecta,Unspecified habitat or no information,United Kingdom,Europe,Count,Trapped Adults,Sample,None,2.0,17.0,1.0,False,None,309,367,10783,-1.5,54.0
6211,17,1968,1984,17,0,0,,,0,0,0,,,False,Graphiphora augur,Insecta,Unspecified habitat or no information,United Kingdom,Europe,Count,Trapped Adults,Sample,None,2.0,17.0,1.0,False,None,309,367,10784,-1.5,54.0
6212,17,1968,1984,17,0,0,,,0,0,0,,,False,Euxoa tritici,Insecta,Unspecified habitat or no information,United Kingdom,Europe,Count,Trapped Adults,Sample,None,2.0,17.0,1.0,False,None,309,367,10785,-1.5,54.0
6214,17,1968,1984,17,0,0,,,0,0,0,,,False,Diarsia brunnea,Insecta,Unspecified habitat or no information,United Kingdom,Europe,Count,Trapped Adults,Sample,None,2.0,17.0,1.0,False,None,309,367,10787,-1.5,54.0
6215,17,1968,1984,17,0,0,,,0,0,0,,,False,Agrotis segetum,Insecta,Unspecified habitat or no information,United Kingdom,Europe,Count,Trapped Adults,Sample,None,2.0,17.0,1.0,False,None,309,367,10788,-1.5,54.0
6216,17,1968,1984,17,0,0,,,0,0,0,,,False,Agrotis ipsilon,Insecta,Unspecified habitat or no information,United Kingdom,Europe,Count,Trapped Adults,Sample,None,2.0,17.0,1.0,False,None,309,367,10789,-1.5,54.0
6217,17,1968,1984,17,0,0,,,0,0,0,,,False,Diarsia mendica,Insecta,Unspecified habitat or no information,United Kingdom,Europe,Count,Trapped Adults,Sample,None,2.0,17.0,1.0,False,None,309,367,10790,-1.5,54.0
6218,17,1968,1984,17,0,0,,,0,0,0,,,False,Diarsia dahill,Insecta,Unspecified habitat or no information,United Kingdom,Europe,Count,Trapped Adults,Sample,None,2.0,17.0,1.0,False,None,309,367,10791,-1.5,54.0
6219,17,1968,1984,17,0,0,,,0,0,0,,,False,Xestia castanea,Insecta,Unspecified habitat or no information,United Kingdom,Europe,Count,Trapped Adults,Sample,None,2.0,17.0,1.0,False,None,309,367,10792,-1.5,54.0
6220,17,1968,1984,17,0,0,,,0,0,0,,,False,Xestia triangulum,Insecta,Unspecified habitat or no information,United Kingdom,Europe,Count,Trapped Adults,Sample,None,2.0,17.0,1.0,False,None,309,367,10793,-1.5,54.0
6221,17,1968,1984,17,0,0,,,0,0,0,,,False,Diarsia rubi,Insecta,Unspecified habitat or no information,United Kingdom,Europe,Count,Trapped Adults,Sample,None,2.0,17.0,1.0,False,None,309,367,10794,-1.5,54.0
6222,17,1968,1984,17,0,0,,,0,0,0,,,False,Xestia baja,Insecta,Unspecified habitat or no information,United Kingdom,Europe,Count,Trapped Adults,Sample,None,2.0,17.0,1.0,False,None,309,367,10795,-1.5,54.0
6223,17,1968,1984,17,0,0,,,0,0,0,,,False,Xestia sexstrigata,Insecta,Unspecified habitat or no information,United Kingdom,Europe,Count,Trapped Adults,Sample,None,2.0,17.0,1.0,False,None,309,367,10796,-1.5,54.0
6224,17,1968,1984,17,0,0,,,0,0,0,,,False,Ochropleura plecta,Insecta,Unspecified habitat or no information,United Kingdom,Europe,Count,Trapped Adults,Sample,None,2.0,17.0,1.0,False,None,309,367,10797,-1.5,54.0
6225,17,1968,1984,17,0,0,,,0,0,0,,,False,Eugnorisma depuncta,Insecta,Unspecified habitat or no information,United Kingdom,Europe,Count,Trapped Adults,Sample,None,2.0,17.0,1.0,False,None,309,367,10798,-1.5,54.0
6226,17,1968,1984,17,0,0,,,0,0,0,,,False,Xestia xanthographa,Insecta,Unspecified habitat or no information,United Kingdom,Europe,Count,Trapped Adults,Sample,None,2.0,17.0,1.0,False,None,309,367,10799,-1.5,54.0
6227,17,1968,1984,17,0,0,,,0,0,0,,,False,Xestia agathina,Insecta,Unspecified habitat or no information,United Kingdom,Europe,Count,Trapped Adults,Sample,None,2.0,17.0,1.0,False,None,309,367,10800,-1.5,54.0
6228,17,1968,1984,17,0,0,,,0,0,0,,,False,Xestia c-nigrum,Insecta,Unspecified habitat or no information,United Kingdom,Europe,Count,Trapped Adults,Sample,None,2.0,17.0,1.0,False,None,309,367,10801,-1.5,54.0
6229,17,1968,1984,17,0,0,,,0,0,0,,,False,Axylia putris,Insecta,Unspecified habitat or no information,United Kingdom,Europe,Count,Trapped Adults,Sample,None,2.0,17.0,1.0,False,None,309,367,10802,-1.5,54.0
6230,17,1968,1984,17,0,0,,,0,0,0,,,False,Paradiarsia glareosa,Insecta,Unspecified habitat or no information,United Kingdom,Europe,Count,Trapped Adults,Sample,None,2.0,17.0,1.0,False,None,309,367,10803,-1.5,54.0
6231,17,1968,1984,17,0,0,,,0,0,0,,,False,Xestia ditrapezium,Insecta,Unspecified habitat or no information,United Kingdom,Europe,Count,Trapped Adults,Sample,None,2.0,17.0,1.0,False,None,309,367,10804,-1.5,54.0
6232,17,1968,1984,17,0,0,,,0,0,0,,,False,Anaplectoides prasina,Insecta,Unspecified habitat or no information,United Kingdom,Europe,Count,Trapped Adults,Sample,None,2.0,17.0,1.0,False,None,309,367,10805,-1.5,54.0
6233,17,1968,1984,17,0,0,,,0,0,0,,,False,Cerastis rubricosa,Insecta,Unspecified habitat or no information,United Kingdom,Europe,Count,Trapped Adults,Sample,None,2.0,17.0,1.0,False,None,309,367,10806,-1.5,54.0
6234,17,1968,1984,17,0,0,,,0,0,0,,,False,Noctua pronuba,Insecta,Unspecified habitat or no information,United Kingdom,Europe,Count,Trapped Adults,Sample,None,2.0,17.0,1.0,False,None,309,367,10807,-1.5,54.0
6235,17,1968,1984,17,0,0,,,0,0,0,,,False,Polia nebulosa,Insecta,Unspecified habitat or no information,United Kingdom,Europe,Count,Trapped Adults,Sample,None,2.0,17.0,1.0,False,None,309,367,10808,-1.5,54.0
6236,17,1968,1984,17,0,0,,,0,0,0,,,False,Naenia typica,Insecta,Unspecified habitat or no information,United Kingdom,Europe,Count,Trapped Adults,Sample,None,2.0,17.0,1.0,False,None,309,367,10809,-1.5,54.0
6237,17,1968,1984,17,0,0,,,0,0,0,,,False,Noctua fimbrista,Insecta,Unspecified habitat or no information,United Kingdom,Europe,Count,Trapped Adults,Sample,None,2.0,17.0,1.0,False,None,309,367,10810,-1.5,54.0
6238,17,1968,1984,17,0,0,,,0,0,0,,,False,Lacanobia oleracea,Insecta,Unspecified habitat or no information,United Kingdom,Europe,Count,Trapped Adults,Sample,None,2.0,17.0,1.0,False,None,309,367,10811,-1.5,54.0
6239,17,1968,1984,17,0,0,,,0,0,0,,,False,Noctua comes,Insecta,Unspecified habitat or no information,United Kingdom,Europe,Count,Trapped Adults,Sample,None,2.0,17.0,1.0,False,None,309,367,10812,-1.5,54.0
6240,17,1968,1984,17,0,0,,,0,0,0,,,False,Mamestra brassicae,Insecta,Unspecified habitat or no information,United Kingdom,Europe,Count,Trapped Adults,Sample,None,2.0,17.0,1.0,False,None,309,367,10813,-1.5,54.0
6241,17,1968,1984,17,0,0,,,0,0,0,,,False,Ceramica pisi,Insecta,Unspecified habitat or no information,United Kingdom,Europe,Count,Trapped Adults,Sample,None,2.0,17.0,1.0,False,None,309,367,10814,-1.5,54.0
6242,17,1968,1984,17,0,0,,,0,0,0,,,False,Noctua janthina,Insecta,Unspecified habitat or no information,United Kingdom,Europe,Count,Trapped Adults,Sample,None,2.0,17.0,1.0,False,None,309,367,10815,-1.5,54.0
6243,17,1968,1984,17,0,0,,,0,0,0,,,False,Melanchra persicariae,Insecta,Unspecified habitat or no information,United Kingdom,Europe,Count,Trapped Adults,Sample,None,2.0,17.0,1.0,False,None,309,367,10816,-1.5,54.0
6244,17,1968,1984,17,0,0,,,0,0,0,,,False,Hada nana,Insecta,Unspecified habitat or no information,United Kingdom,Europe,Count,Trapped Adults,Sample,None,2.0,17.0,1.0,False,None,309,367,10817,-1.5,54.0
6245,17,1968,1984,17,0,0,,,0,0,0,,,False,Noctua interjecta Caliginosa,Insecta,Unspecified habitat or no information,United Kingdom,Europe,Count,Trapped Adults,Sample,None,2.0,17.0,1.0,False,None,309,367,10818,-1.5,54.0
6246,17,1968,1984,17,0,0,,,0,0,0,,,False,Polia bombycina,Insecta,Unspecified habitat or no information,United Kingdom,Europe,Count,Trapped Adults,Sample,None,2.0,17.0,1.0,False,None,309,367,10819,-1.5,54.0
6247,17,1968,1984,17,0,0,,,0,0,0,,,False,Dicestra trifolii,Insecta,Unspecified habitat or no information,United Kingdom,Europe,Count,Trapped Adults,Sample,None,2.0,17.0,1.0,False,None,309,367,10820,-1.5,54.0
6248,17,1968,1984,17,0,0,,,0,0,0,,,False,Lacanobia suasa,Insecta,Unspecified habitat or no information,United Kingdom,Europe,Count,Trapped Adults,Sample,None,2.0,17.0,1.0,False,None,309,367,10821,-1.5,54.0
6249,17,1968,1984,17,0,0,,,0,0,0,,,False,Hadena bicruris,Insecta,Unspecified habitat or no information,United Kingdom,Europe,Count,Trapped Adults,Sample,None,2.0,17.0,1.0,False,None,309,367,10822,-1.5,54.0
6250,17,1968,1984,17,0,0,,,0,0,0,,,False,Cerapteryx graminis,Insecta,Unspecified habitat or no information,United Kingdom,Europe,Count,Trapped Adults,Sample,None,2.0,17.0,1.0,False,None,309,367,10823,-1.5,54.0
6251,17,1968,1984,17,0,0,,,0,0,0,,,False,Lacanobia thalassina,Insecta,Unspecified habitat or no information,United Kingdom,Europe,Count,Trapped Adults,Sample,None,2.0,17.0,1.0,False,None,309,367,10824,-1.5,54.0
6252,17,1968,1984,17,0,0,,,0,0,0,,,False,Hadena rivularis,Insecta,Unspecified habitat or no information,United Kingdom,Europe,Count,Trapped Adults,Sample,None,2.0,17.0,1.0,False,None,309,367,10825,-1.5,54.0
6253,17,1968,1984,17,0,0,,,0,0,0,,,False,Orthosia gothica,Insecta,Unspecified habitat or no information,United Kingdom,Europe,Count,Trapped Adults,Sample,None,2.0,17.0,1.0,False,None,309,367,10826,-1.5,54.0
6254,17,1968,1984,17,0,0,,,0,0,0,,,False,Papestra biren,Insecta,Unspecified habitat or no information,United Kingdom,Europe,Count,Trapped Adults,Sample,None,2.0,17.0,1.0,False,None,309,367,10827,-1.5,54.0
6255,17,1968,1984,17,0,0,,,0,0,0,,,False,Hadena perplexa perplexa,Insecta,Unspecified habitat or no information,United Kingdom,Europe,Count,Trapped Adults,Sample,None,2.0,17.0,1.0,False,None,309,367,10828,-1.5,54.0
6256,17,1968,1984,17,0,0,,,0,0,0,,,False,Orthosia miniosa,Insecta,Unspecified habitat or no information,United Kingdom,Europe,Count,Trapped Adults,Sample,None,2.0,17.0,1.0,False,None,309,367,10829,-1.5,54.0
6257,17,1968,1984,17,0,0,,,0,0,0,,,False,Hecarata bicolorata,Insecta,Unspecified habitat or no information,United Kingdom,Europe,Count,Trapped Adults,Sample,None,2.0,17.0,1.0,False,None,309,367,10830,-1.5,54.0
6258,17,1968,1984,17,0,0,,,0,0,0,,,False,Tholera decimalis,Insecta,Unspecified habitat or no information,United Kingdom,Europe,Count,Trapped Adults,Sample,None,2.0,17.0,1.0,False,None,309,367,10831,-1.5,54.0
6259,17,1968,1984,17,0,0,,,0,0,0,,,False,Orthosia cruda,Insecta,Unspecified habitat or no information,United Kingdom,Europe,Count,Trapped Adults,Sample,None,2.0,17.0,1.0,False,None,309,367,401,-1.5,54.0
6260,17,1968,1984,17,0,0,,,0,0,0,,,False,Hedena confusa,Insecta,Unspecified habitat or no information,United Kingdom,Europe,Count,Trapped Adults,Sample,None,2.0,17.0,1.0,False,None,309,367,10833,-1.5,54.0
6261,17,1968,1984,17,0,0,,,0,0,0,,,False,Tholera cespitis,Insecta,Unspecified habitat or no information,United Kingdom,Europe,Count,Trapped Adults,Sample,None,2.0,17.0,1.0,False,None,309,367,10834,-1.5,54.0
6262,17,1968,1984,17,0,0,,,0,0,0,,,False,Orthosia stabillis,Insecta,Unspecified habitat or no information,United Kingdom,Europe,Count,Trapped Adults,Sample,None,2.0,17.0,1.0,False,None,309,367,10835,-1.5,54.0
6263,17,1968,1984,17,0,0,,,0,0,0,,,False,Orthosia populeti,Insecta,Unspecified habitat or no information,United Kingdom,Europe,Count,Trapped Adults,Sample,None,2.0,17.0,1.0,False,None,309,367,10836,-1.5,54.0
6264,17,1968,1984,17,0,0,,,0,0,0,,,False,Mythimna pallens,Insecta,Unspecified habitat or no information,United Kingdom,Europe,Count,Trapped Adults,Sample,None,2.0,17.0,1.0,False,None,309,367,10837,-1.5,54.0
6265,17,1968,1984,17,0,0,,,0,0,0,,,False,Stilbia anomala,Insecta,Unspecified habitat or no information,United Kingdom,Europe,Count,Trapped Adults,Sample,None,2.0,17.0,1.0,False,None,309,367,10838,-1.5,54.0
6266,17,1968,1984,17,0,0,,,0,0,0,,,False,Orthosia incerta,Insecta,Unspecified habitat or no information,United Kingdom,Europe,Count,Trapped Adults,Sample,None,2.0,17.0,1.0,False,None,309,367,10839,-1.5,54.0
6267,17,1968,1984,17,0,0,,,0,0,0,,,False,Mythimna impura,Insecta,Unspecified habitat or no information,United Kingdom,Europe,Count,Trapped Adults,Sample,None,2.0,17.0,1.0,False,None,309,367,10840,-1.5,54.0
6268,17,1968,1984,17,0,0,,,0,0,0,,,False,Rhizedra lutosa,Insecta,Unspecified habitat or no information,United Kingdom,Europe,Count,Trapped Adults,Sample,None,2.0,17.0,1.0,False,None,309,367,10841,-1.5,54.0
6269,17,1968,1984,17,0,0,,,0,0,0,,,False,Orthosia munda,Insecta,Unspecified habitat or no information,United Kingdom,Europe,Count,Trapped Adults,Sample,None,2.0,17.0,1.0,False,None,309,367,10842,-1.5,54.0
6270,17,1968,1984,17,0,0,,,0,0,0,,,False,Mythimna comma,Insecta,Unspecified habitat or no information,United Kingdom,Europe,Count,Trapped Adults,Sample,None,2.0,17.0,1.0,False,None,309,367,10843,-1.5,54.0
6271,17,1968,1984,17,0,0,,,0,0,0,,,False,Photedes pygmina,Insecta,Unspecified habitat or no information,United Kingdom,Europe,Count,Trapped Adults,Sample,None,2.0,17.0,1.0,False,None,309,367,10844,-1.5,54.0
6272,17,1968,1984,17,0,0,,,0,0,0,,,False,Orthosia gracilis,Insecta,Unspecified habitat or no information,United Kingdom,Europe,Count,Trapped Adults,Sample,None,2.0,17.0,1.0,False,None,309,367,10845,-1.5,54.0
6273,17,1968,1984,17,0,0,,,0,0,0,,,False,Mythimna ferrago,Insecta,Unspecified habitat or no information,United Kingdom,Europe,Count,Trapped Adults,Sample,None,2.0,17.0,1.0,False,None,309,367,10846,-1.5,54.0
6274,17,1968,1984,17,0,0,,,0,0,0,,,False,Charanyca trigrammica,Insecta,Unspecified habitat or no information,United Kingdom,Europe,Count,Trapped Adults,Sample,None,2.0,17.0,1.0,False,None,309,367,10847,-1.5,54.0
6276,17,1968,1984,17,0,0,,,0,0,0,,,False,Mythimna conigera,Insecta,Unspecified habitat or no information,United Kingdom,Europe,Count,Trapped Adults,Sample,None,2.0,17.0,1.0,False,None,309,367,10849,-1.5,54.0
6277,17,1968,1984,17,0,0,,,0,0,0,,,False,Caradrina morpheus,Insecta,Unspecified habitat or no information,United Kingdom,Europe,Count,Trapped Adults,Sample,None,2.0,17.0,1.0,False,None,309,367,10850,-1.5,54.0
6278,17,1968,1984,17,0,0,,,0,0,0,,,False,Hoplodrina alsines,Insecta,Unspecified habitat or no information,United Kingdom,Europe,Count,Trapped Adults,Sample,None,2.0,17.0,1.0,False,None,309,367,10851,-1.5,54.0
6279,17,1968,1984,17,0,0,,,0,0,0,,,False,Apamea monoglypha,Insecta,Unspecified habitat or no information,United Kingdom,Europe,Count,Trapped Adults,Sample,None,2.0,17.0,1.0,False,None,309,367,10852,-1.5,54.0
6280,17,1968,1984,17,0,0,,,0,0,0,,,False,Apamea scolopacina,Insecta,Unspecified habitat or no information,United Kingdom,Europe,Count,Trapped Adults,Sample,None,2.0,17.0,1.0,False,None,309,367,10853,-1.5,54.0
6281,17,1968,1984,17,0,0,,,0,0,0,,,False,Hoplodrina blanda,Insecta,Unspecified habitat or no information,United Kingdom,Europe,Count,Trapped Adults,Sample,None,2.0,17.0,1.0,False,None,309,367,10854,-1.5,54.0
6282,17,1968,1984,17,0,0,,,0,0,0,,,False,Apamea creneta,Insecta,Unspecified habitat or no information,United Kingdom,Europe,Count,Trapped Adults,Sample,None,2.0,17.0,1.0,False,None,309,367,10855,-1.5,54.0
6283,17,1968,1984,17,0,0,,,0,0,0,,,False,Mesapamea secalis,Insecta,Unspecified habitat or no information,United Kingdom,Europe,Count,Trapped Adults,Sample,None,2.0,17.0,1.0,False,None,309,367,10856,-1.5,54.0
6284,17,1968,1984,17,0,0,,,0,0,0,,,False,Hoplodrina ambigua,Insecta,Unspecified habitat or no information,United Kingdom,Europe,Count,Trapped Adults,Sample,None,2.0,17.0,1.0,False,None,309,367,10857,-1.5,54.0
6285,17,1968,1984,17,0,0,,,0,0,0,,,False,Apamea sordens,Insecta,Unspecified habitat or no information,United Kingdom,Europe,Count,Trapped Adults,Sample,None,2.0,17.0,1.0,False,None,309,367,10858,-1.5,54.0
6286,17,1968,1984,17,0,0,,,0,0,0,,,False,Apamea ophiogramma,Insecta,Unspecified habitat or no information,United Kingdom,Europe,Count,Trapped Adults,Sample,None,2.0,17.0,1.0,False,None,309,367,10859,-1.5,54.0
6287,17,1968,1984,17,0,0,,,0,0,0,,,False,Caradrina clavipalpis,Insecta,Unspecified habitat or no information,United Kingdom,Europe,Count,Trapped Adults,Sample,None,2.0,17.0,1.0,False,None,309,367,10860,-1.5,54.0
6288,17,1968,1984,17,0,0,,,0,0,0,,,False,Apamea anceps,Insecta,Unspecified habitat or no information,United Kingdom,Europe,Count,Trapped Adults,Sample,None,2.0,17.0,1.0,False,None,309,367,10861,-1.5,54.0
6289,17,1968,1984,17,0,0,,,0,0,0,,,False,Enargia ypsillon,Insecta,Unspecified habitat or no information,United Kingdom,Europe,Count,Trapped Adults,Sample,None,2.0,17.0,1.0,False,None,309,367,10862,-1.5,54.0
6290,17,1968,1984,17,0,0,,,0,0,0,,,False,Apamea lithoxylaea,Insecta,Unspecified habitat or no information,United Kingdom,Europe,Count,Trapped Adults,Sample,None,2.0,17.0,1.0,False,None,309,367,10863,-1.5,54.0
6291,17,1968,1984,17,0,0,,,0,0,0,,,False,Apamea remissa,Insecta,Unspecified habitat or no information,United Kingdom,Europe,Count,Trapped Adults,Sample,None,2.0,17.0,1.0,False,None,309,367,10864,-1.5,54.0
6292,17,1968,1984,17,0,0,,,0,0,0,,,False,Eremobia ochroleuca,Insecta,Unspecified habitat or no information,United Kingdom,Europe,Count,Trapped Adults,Sample,None,2.0,17.0,1.0,False,None,309,367,10865,-1.5,54.0
6293,17,1968,1984,17,0,0,,,0,0,0,,,False,Oligia fasciuncula,Insecta,Unspecified habitat or no information,United Kingdom,Europe,Count,Trapped Adults,Sample,None,2.0,17.0,1.0,False,None,309,367,10866,-1.5,54.0
6294,17,1968,1984,17,0,0,,,0,0,0,,,False,Phlogophora meticulosa,Insecta,Unspecified habitat or no information,United Kingdom,Europe,Count,Trapped Adults,Sample,None,2.0,17.0,1.0,False,None,309,367,10867,-1.5,54.0
6295,17,1968,1984,17,0,0,,,0,0,0,,,False,Hydraecia micacea,Insecta,Unspecified habitat or no information,United Kingdom,Europe,Count,Trapped Adults,Sample,None,2.0,17.0,1.0,False,None,309,367,10868,-1.5,54.0
6296,17,1968,1984,17,0,0,,,0,0,0,,,False,Mesoligia literosa,Insecta,Unspecified habitat or no information,United Kingdom,Europe,Count,Trapped Adults,Sample,None,2.0,17.0,1.0,False,None,309,367,10869,-1.5,54.0
6297,17,1968,1984,17,0,0,,,0,0,0,,,False,Thalpophila matura,Insecta,Unspecified habitat or no information,United Kingdom,Europe,Count,Trapped Adults,Sample,None,2.0,17.0,1.0,False,None,309,367,10870,-1.5,54.0
6298,17,1968,1984,17,0,0,,,0,0,0,,,False,Gortyna flavago,Insecta,Unspecified habitat or no information,United Kingdom,Europe,Count,Trapped Adults,Sample,None,2.0,17.0,1.0,False,None,309,367,10871,-1.5,54.0
6299,17,1968,1984,17,0,0,,,0,0,0,,,False,Mesologia furuncula,Insecta,Unspecified habitat or no information,United Kingdom,Europe,Count,Trapped Adults,Sample,None,2.0,17.0,1.0,False,None,309,367,10872,-1.5,54.0
6300,17,1968,1984,17,0,0,,,0,0,0,,,False,Photedes minina,Insecta,Unspecified habitat or no information,United Kingdom,Europe,Count,Trapped Adults,Sample,None,2.0,17.0,1.0,False,None,309,367,10873,-1.5,54.0
6301,17,1968,1984,17,0,0,,,0,0,0,,,False,Cosmia pyralina,Insecta,Unspecified habitat or no information,United Kingdom,Europe,Count,Trapped Adults,Sample,None,2.0,17.0,1.0,False,None,309,367,10874,-1.5,54.0
6303,17,1968,1984,17,0,0,,,0,0,0,,,False,Celaena hawthorthii,Insecta,Unspecified habitat or no information,United Kingdom,Europe,Count,Trapped Adults,Sample,None,2.0,17.0,1.0,False,None,309,367,10876,-1.5,54.0
6304,17,1968,1984,17,0,0,,,0,0,0,,,False,Cosmia affinis,Insecta,Unspecified habitat or no information,United Kingdom,Europe,Count,Trapped Adults,Sample,None,2.0,17.0,1.0,False,None,309,367,10877,-1.5,54.0
6305,17,1968,1984,17,0,0,,,0,0,0,,,False,Euplexia lucipara,Insecta,Unspecified habitat or no information,United Kingdom,Europe,Count,Trapped Adults,Sample,None,2.0,17.0,1.0,False,None,309,367,10878,-1.5,54.0
6306,17,1968,1984,17,0,0,,,0,0,0,,,False,Celsene leucostigme leucostigme,Insecta,Unspecified habitat or no information,United Kingdom,Europe,Count,Trapped Adults,Sample,None,2.0,17.0,1.0,False,None,309,367,10879,-1.5,54.0
6307,17,1968,1984,17,0,0,,,0,0,0,,,False,Cosmia trapezina,Insecta,Unspecified habitat or no information,United Kingdom,Europe,Count,Trapped Adults,Sample,None,2.0,17.0,1.0,False,None,309,367,402,-1.5,54.0
6308,17,1968,1984,17,0,0,,,0,0,0,,,False,Ipimorpha subtusa,Insecta,Unspecified habitat or no information,United Kingdom,Europe,Count,Trapped Adults,Sample,None,2.0,17.0,1.0,False,None,309,367,10881,-1.5,54.0
6309,17,1968,1984,17,0,0,,,0,0,0,,,False,Acronicta rumicis,Insecta,Unspecified habitat or no information,United Kingdom,Europe,Count,Trapped Adults,Sample,None,2.0,17.0,1.0,False,None,309,367,10882,-1.5,54.0
6310,17,1968,1984,17,0,0,,,0,0,0,,,False,Xylocampa areola,Insecta,Unspecified habitat or no information,United Kingdom,Europe,Count,Trapped Adults,Sample,None,2.0,17.0,1.0,False,None,309,367,10883,-1.5,54.0
6311,17,1968,1984,17,0,0,,,0,0,0,,,False,Amphipyra tragopagonis,Insecta,Unspecified habitat or no information,United Kingdom,Europe,Count,Trapped Adults,Sample,None,2.0,17.0,1.0,False,None,309,367,10884,-1.5,54.0
6312,17,1968,1984,17,0,0,,,0,0,0,,,False,Craniophora ligustri,Insecta,Unspecified habitat or no information,United Kingdom,Europe,Count,Trapped Adults,Sample,None,2.0,17.0,1.0,False,None,309,367,10885,-1.5,54.0
6313,17,1968,1984,17,0,0,,,0,0,0,,,False,Brachionycha sphinx,Insecta,Unspecified habitat or no information,United Kingdom,Europe,Count,Trapped Adults,Sample,None,2.0,17.0,1.0,False,None,309,367,10886,-1.5,54.0
6314,17,1968,1984,17,0,0,,,0,0,0,,,False,Rusina ferruginea,Insecta,Unspecified habitat or no information,United Kingdom,Europe,Count,Trapped Adults,Sample,None,2.0,17.0,1.0,False,None,309,367,10887,-1.5,54.0
6315,17,1968,1984,17,0,0,,,0,0,0,,,False,Cucullia umbratica,Insecta,Unspecified habitat or no information,United Kingdom,Europe,Count,Trapped Adults,Sample,None,2.0,17.0,1.0,False,None,309,367,10888,-1.5,54.0
6316,17,1968,1984,17,0,0,,,0,0,0,,,False,Brachylomia viminalis,Insecta,Unspecified habitat or no information,United Kingdom,Europe,Count,Trapped Adults,Sample,None,2.0,17.0,1.0,False,None,309,367,10889,-1.5,54.0
6317,17,1968,1984,17,0,0,,,0,0,0,,,False,Cryphia domestica,Insecta,Unspecified habitat or no information,United Kingdom,Europe,Count,Trapped Adults,Sample,None,2.0,17.0,1.0,False,None,309,367,10890,-1.5,54.0
6318,17,1968,1984,17,0,0,,,0,0,0,,,False,Lithophane ornitopus lactipennis,Insecta,Unspecified habitat or no information,United Kingdom,Europe,Count,Trapped Adults,Sample,None,2.0,17.0,1.0,False,None,309,367,10891,-1.5,54.0
6319,17,1968,1984,17,0,0,,,0,0,0,,,False,Aporophyla lutulenta,Insecta,Unspecified habitat or no information,United Kingdom,Europe,Count,Trapped Adults,Sample,None,2.0,17.0,1.0,False,None,309,367,10892,-1.5,54.0
6320,17,1968,1984,17,0,0,,,0,0,0,,,False,Acronicta megacephala,Insecta,Unspecified habitat or no information,United Kingdom,Europe,Count,Trapped Adults,Sample,None,2.0,17.0,1.0,False,None,309,367,10893,-1.5,54.0
6321,17,1968,1984,17,0,0,,,0,0,0,,,False,Xylena vetusta,Insecta,Unspecified habitat or no information,United Kingdom,Europe,Count,Trapped Adults,Sample,None,2.0,17.0,1.0,False,None,309,367,10894,-1.5,54.0
6322,17,1968,1984,17,0,0,,,0,0,0,,,False,Aporophila nigra,Insecta,Unspecified habitat or no information,United Kingdom,Europe,Count,Trapped Adults,Sample,None,2.0,17.0,1.0,False,None,309,367,10895,-1.5,54.0
6323,17,1968,1984,17,0,0,,,0,0,0,,,False,Allophyes oxyacanthae,Insecta,Unspecified habitat or no information,United Kingdom,Europe,Count,Trapped Adults,Sample,None,2.0,17.0,1.0,False,None,309,367,10896,-1.5,54.0
6324,17,1968,1984,17,0,0,,,0,0,0,,,False,Dryobotodes eremita,Insecta,Unspecified habitat or no information,United Kingdom,Europe,Count,Trapped Adults,Sample,None,2.0,17.0,1.0,False,None,309,367,10897,-1.5,54.0
6325,17,1968,1984,17,0,0,,,0,0,0,,,False,Agrochola lota,Insecta,Unspecified habitat or no information,United Kingdom,Europe,Count,Trapped Adults,Sample,None,2.0,17.0,1.0,False,None,309,367,10898,-1.5,54.0
6326,17,1968,1984,17,0,0,,,0,0,0,,,False,Dichonia aprilina,Insecta,Unspecified habitat or no information,United Kingdom,Europe,Count,Trapped Adults,Sample,None,2.0,17.0,1.0,False,None,309,367,10899,-1.5,54.0
6327,17,1968,1984,17,0,0,,,0,0,0,,,False,Polymixis flavicincta,Insecta,Unspecified habitat or no information,United Kingdom,Europe,Count,Trapped Adults,Sample,None,2.0,17.0,1.0,False,None,309,367,10900,-1.5,54.0
6328,17,1968,1984,17,0,0,,,0,0,0,,,False,Agrochola macilentus,Insecta,Unspecified habitat or no information,United Kingdom,Europe,Count,Trapped Adults,Sample,None,2.0,17.0,1.0,False,None,309,367,10901,-1.5,54.0
6329,17,1968,1984,17,0,0,,,0,0,0,,,False,Blepharita adusta,Insecta,Unspecified habitat or no information,United Kingdom,Europe,Count,Trapped Adults,Sample,None,2.0,17.0,1.0,False,None,309,367,10902,-1.5,54.0
6330,17,1968,1984,17,0,0,,,0,0,0,,,False,Antitype chi,Insecta,Unspecified habitat or no information,United Kingdom,Europe,Count,Trapped Adults,Sample,None,2.0,17.0,1.0,False,None,309,367,10903,-1.5,54.0
6331,17,1968,1984,17,0,0,,,0,0,0,,,False,Agrochola circellaris,Insecta,Unspecified habitat or no information,United Kingdom,Europe,Count,Trapped Adults,Sample,None,2.0,17.0,1.0,False,None,309,367,10904,-1.5,54.0
6332,17,1968,1984,17,0,0,,,0,0,0,,,False,Eumichtis lichenea,Insecta,Unspecified habitat or no information,United Kingdom,Europe,Count,Trapped Adults,Sample,None,2.0,17.0,1.0,False,None,309,367,10905,-1.5,54.0
6333,17,1968,1984,17,0,0,,,0,0,0,,,False,Eupsilia transversa,Insecta,Unspecified habitat or no information,United Kingdom,Europe,Count,Trapped Adults,Sample,None,2.0,17.0,1.0,False,None,309,367,10906,-1.5,54.0
6334,17,1968,1984,17,0,0,,,0,0,0,,,False,Agrochola lychnidis,Insecta,Unspecified habitat or no information,United Kingdom,Europe,Count,Trapped Adults,Sample,None,2.0,17.0,1.0,False,None,309,367,10907,-1.5,54.0
6335,17,1968,1984,17,0,0,,,0,0,0,,,False,Paratichtis suspecta,Insecta,Unspecified habitat or no information,United Kingdom,Europe,Count,Trapped Adults,Sample,None,2.0,17.0,1.0,False,None,309,367,10908,-1.5,54.0
6336,17,1968,1984,17,0,0,,,0,0,0,,,False,Omphaloscelis lunosa,Insecta,Unspecified habitat or no information,United Kingdom,Europe,Count,Trapped Adults,Sample,None,2.0,17.0,1.0,False,None,309,367,10909,-1.5,54.0
6337,17,1968,1984,17,0,0,,,0,0,0,,,False,Agrochola helvolus,Insecta,Unspecified habitat or no information,United Kingdom,Europe,Count,Trapped Adults,Sample,None,2.0,17.0,1.0,False,None,309,367,10910,-1.5,54.0
6338,17,1968,1984,17,0,0,,,0,0,0,,,False,Agrochola litura,Insecta,Unspecified habitat or no information,United Kingdom,Europe,Count,Trapped Adults,Sample,None,2.0,17.0,1.0,False,None,309,367,10911,-1.5,54.0
6339,17,1968,1984,17,0,0,,,0,0,0,,,False,Xanthia icteritia,Insecta,Unspecified habitat or no information,United Kingdom,Europe,Count,Trapped Adults,Sample,None,2.0,17.0,1.0,False,None,309,367,10912,-1.5,54.0
6340,17,1968,1984,17,0,0,,,0,0,0,,,False,Lithacodia pygarge,Insecta,Unspecified habitat or no information,United Kingdom,Europe,Count,Trapped Adults,Sample,None,2.0,17.0,1.0,False,None,309,367,10913,-1.5,54.0
6341,17,1968,1984,17,0,0,,,0,0,0,,,False,Atethmia centrago,Insecta,Unspecified habitat or no information,United Kingdom,Europe,Count,Trapped Adults,Sample,None,2.0,17.0,1.0,False,None,309,367,10914,-1.5,54.0
6342,17,1968,1984,17,0,0,,,0,0,0,,,False,Xanthia gilvago,Insecta,Unspecified habitat or no information,United Kingdom,Europe,Count,Trapped Adults,Sample,None,2.0,17.0,1.0,False,None,309,367,10915,-1.5,54.0
6343,17,1968,1984,17,0,0,,,0,0,0,,,False,Catocala nupta,Insecta,Unspecified habitat or no information,United Kingdom,Europe,Count,Trapped Adults,Sample,None,2.0,17.0,1.0,False,None,309,367,10916,-1.5,54.0
6344,17,1968,1984,17,0,0,,,0,0,0,,,False,Xanthia citrago,Insecta,Unspecified habitat or no information,United Kingdom,Europe,Count,Trapped Adults,Sample,None,2.0,17.0,1.0,False,None,309,367,10917,-1.5,54.0
6345,17,1968,1984,17,0,0,,,0,0,0,,,False,Conistra vaccinii,Insecta,Unspecified habitat or no information,United Kingdom,Europe,Count,Trapped Adults,Sample,None,2.0,17.0,1.0,False,None,309,367,10918,-1.5,54.0
6346,17,1968,1984,17,0,0,,,0,0,0,,,False,Colocasia coryli,Insecta,Unspecified habitat or no information,United Kingdom,Europe,Count,Trapped Adults,Sample,None,2.0,17.0,1.0,False,None,309,367,10919,-1.5,54.0
6347,17,1968,1984,17,0,0,,,0,0,0,,,False,Xanthia aurago,Insecta,Unspecified habitat or no information,United Kingdom,Europe,Count,Trapped Adults,Sample,None,2.0,17.0,1.0,False,None,309,367,10920,-1.5,54.0
6348,17,1968,1984,17,0,0,,,0,0,0,,,False,Conistra liguia,Insecta,Unspecified habitat or no information,United Kingdom,Europe,Count,Trapped Adults,Sample,None,2.0,17.0,1.0,False,None,309,367,10921,-1.5,54.0
6349,17,1968,1984,17,0,0,,,0,0,0,,,False,Diloba caeruleocephala,Insecta,Unspecified habitat or no information,United Kingdom,Europe,Count,Trapped Adults,Sample,None,2.0,17.0,1.0,False,None,309,367,10922,-1.5,54.0
6350,17,1968,1984,17,0,0,,,0,0,0,,,False,Xanthia togata,Insecta,Unspecified habitat or no information,United Kingdom,Europe,Count,Trapped Adults,Sample,None,2.0,17.0,1.0,False,None,309,367,10923,-1.5,54.0
6351,17,1968,1984,17,0,0,,,0,0,0,,,False,Pseudoips fagana britannica,Insecta,Unspecified habitat or no information,United Kingdom,Europe,Count,Trapped Adults,Sample,None,2.0,17.0,1.0,False,None,309,367,10924,-1.5,54.0
6352,17,1968,1984,17,0,0,,,0,0,0,,,False,Polychrisia moneta,Insecta,Unspecified habitat or no information,United Kingdom,Europe,Count,Trapped Adults,Sample,None,2.0,17.0,1.0,False,None,309,367,10925,-1.5,54.0
6353,17,1968,1984,17,0,0,,,0,0,0,,,False,Diachrysia chrysitis,Insecta,Unspecified habitat or no information,United Kingdom,Europe,Count,Trapped Adults,Sample,None,2.0,17.0,1.0,False,None,309,367,10926,-1.5,54.0
6354,17,1968,1984,17,0,0,,,0,0,0,,,False,Autographa gamma,Insecta,Unspecified habitat or no information,United Kingdom,Europe,Count,Trapped Adults,Sample,None,2.0,17.0,1.0,False,None,309,367,10927,-1.5,54.0
6355,17,1968,1984,17,0,0,,,0,0,0,,,False,Phytometra viridaria,Insecta,Unspecified habitat or no information,United Kingdom,Europe,Count,Trapped Adults,Sample,None,2.0,17.0,1.0,False,None,309,367,10928,-1.5,54.0
6356,17,1968,1984,17,0,0,,,0,0,0,,,False,Autographa bractea,Insecta,Unspecified habitat or no information,United Kingdom,Europe,Count,Trapped Adults,Sample,None,2.0,17.0,1.0,False,None,309,367,10929,-1.5,54.0
6357,17,1968,1984,17,0,0,,,0,0,0,,,False,Syngrapha interrogationis,Insecta,Unspecified habitat or no information,United Kingdom,Europe,Count,Trapped Adults,Sample,None,2.0,17.0,1.0,False,None,309,367,10930,-1.5,54.0
6358,17,1968,1984,17,0,0,,,0,0,0,,,False,Scoliopteryx libatrix,Insecta,Unspecified habitat or no information,United Kingdom,Europe,Count,Trapped Adults,Sample,None,2.0,17.0,1.0,False,None,309,367,10931,-1.5,54.0
6359,17,1968,1984,17,0,0,,,0,0,0,,,False,Plusia festucae,Insecta,Unspecified habitat or no information,United Kingdom,Europe,Count,Trapped Adults,Sample,None,2.0,17.0,1.0,False,None,309,367,10932,-1.5,54.0
6360,17,1968,1984,17,0,0,,,0,0,0,,,False,Abrostola triplasia,Insecta,Unspecified habitat or no information,United Kingdom,Europe,Count,Trapped Adults,Sample,None,2.0,17.0,1.0,False,None,309,367,10933,-1.5,54.0
6361,17,1968,1984,17,0,0,,,0,0,0,,,False,Hypena crassalis,Insecta,Unspecified habitat or no information,United Kingdom,Europe,Count,Trapped Adults,Sample,None,2.0,17.0,1.0,False,None,309,367,10934,-1.5,54.0
6362,17,1968,1984,17,0,0,,,0,0,0,,,False,Autographa jota,Insecta,Unspecified habitat or no information,United Kingdom,Europe,Count,Trapped Adults,Sample,None,2.0,17.0,1.0,False,None,309,367,10935,-1.5,54.0
6363,17,1968,1984,17,0,0,,,0,0,0,,,False,Lygephila pastinum,Insecta,Unspecified habitat or no information,United Kingdom,Europe,Count,Trapped Adults,Sample,None,2.0,17.0,1.0,False,None,309,367,10936,-1.5,54.0
6364,17,1968,1984,17,0,0,,,0,0,0,,,False,Herminia tarsipennalis,Insecta,Unspecified habitat or no information,United Kingdom,Europe,Count,Trapped Adults,Sample,None,2.0,17.0,1.0,False,None,309,367,10937,-1.5,54.0
6365,17,1968,1984,17,0,0,,,0,0,0,,,False,Autographa pulchrina,Insecta,Unspecified habitat or no information,United Kingdom,Europe,Count,Trapped Adults,Sample,None,2.0,17.0,1.0,False,None,309,367,10938,-1.5,54.0
6366,17,1968,1984,17,0,0,,,0,0,0,,,False,Rivula sericealis,Insecta,Unspecified habitat or no information,United Kingdom,Europe,Count,Trapped Adults,Sample,None,2.0,17.0,1.0,False,None,309,367,10939,-1.5,54.0
6367,17,1968,1984,17,0,0,,,0,0,0,,,False,Herminia nemoralis,Insecta,Unspecified habitat or no information,United Kingdom,Europe,Count,Trapped Adults,Sample,None,2.0,17.0,1.0,False,None,309,367,10940,-1.5,54.0
6368,17,1968,1984,17,0,0,,,0,0,0,,,False,Laspeyria flexula,Insecta,Unspecified habitat or no information,United Kingdom,Europe,Count,Trapped Adults,Sample,None,2.0,17.0,1.0,False,None,309,367,10941,-1.5,54.0
6369,17,1968,1984,17,0,0,,,0,0,0,,,False,Hemithea aestivaria,Insecta,Unspecified habitat or no information,United Kingdom,Europe,Count,Trapped Adults,Sample,None,2.0,17.0,1.0,False,None,309,367,10942,-1.5,54.0
6370,17,1968,1984,17,0,0,,,0,0,0,,,False,Cyclophora punctaria,Insecta,Unspecified habitat or no information,United Kingdom,Europe,Count,Trapped Adults,Sample,None,2.0,17.0,1.0,False,None,309,367,10943,-1.5,54.0
6371,17,1968,1984,17,0,0,,,0,0,0,,,False,Alsophila aescularia,Insecta,Unspecified habitat or no information,United Kingdom,Europe,Count,Trapped Adults,Sample,None,2.0,17.0,1.0,False,None,309,367,10944,-1.5,54.0
6372,17,1968,1984,17,0,0,1980.0,1980.0,0,0,0,,,False,Chlorissa viridata,Insecta,Unspecified habitat or no information,United Kingdom,Europe,Count,Trapped Adults,Sample,None,2.0,17.0,1.0,False,None,309,367,10945,-1.5,54.0
6373,17,1968,1984,17,0,0,,,0,0,0,,,False,Cyclophora linearia,Insecta,Unspecified habitat or no information,United Kingdom,Europe,Count,Trapped Adults,Sample,None,2.0,17.0,1.0,False,None,309,367,10946,-1.5,54.0
6374,17,1968,1984,17,0,0,,,0,0,0,,,False,Pseudoterpna pruinata stropunotaria,Insecta,Unspecified habitat or no information,United Kingdom,Europe,Count,Trapped Adults,Sample,None,2.0,17.0,1.0,False,None,309,367,10947,-1.5,54.0
6375,17,1968,1984,17,0,0,,,0,0,0,,,False,Jodis lactearia,Insecta,Unspecified habitat or no information,United Kingdom,Europe,Count,Trapped Adults,Sample,None,2.0,17.0,1.0,False,None,309,367,10948,-1.5,54.0
6376,17,1968,1984,17,0,0,,,0,0,0,,,False,Scopula ternata,Insecta,Unspecified habitat or no information,United Kingdom,Europe,Count,Trapped Adults,Sample,None,2.0,17.0,1.0,False,None,309,367,10949,-1.5,54.0
6377,17,1968,1984,17,0,0,,,0,0,0,,,False,Geometra papilionaria,Insecta,Unspecified habitat or no information,United Kingdom,Europe,Count,Trapped Adults,Sample,None,2.0,17.0,1.0,False,None,309,367,10950,-1.5,54.0
6378,17,1968,1984,17,0,0,,,0,0,0,,,False,Timandra griseata,Insecta,Unspecified habitat or no information,United Kingdom,Europe,Count,Trapped Adults,Sample,None,2.0,17.0,1.0,False,None,309,367,10951,-1.5,54.0
6379,17,1968,1984,17,0,0,,,0,0,0,,,False,Scopula marginepunctata,Insecta,Unspecified habitat or no information,United Kingdom,Europe,Count,Trapped Adults,Sample,None,2.0,17.0,1.0,False,None,309,367,10952,-1.5,54.0
6380,17,1968,1984,17,0,0,,,0,0,0,,,False,Comibaene bajularia,Insecta,Unspecified habitat or no information,United Kingdom,Europe,Count,Trapped Adults,Sample,None,2.0,17.0,1.0,False,None,309,367,10953,-1.5,54.0
6381,17,1968,1984,17,0,0,,,0,0,0,,,False,Cyclophora albipunctata,Insecta,Unspecified habitat or no information,United Kingdom,Europe,Count,Trapped Adults,Sample,None,2.0,17.0,1.0,False,None,309,367,10954,-1.5,54.0
6382,17,1968,1984,17,0,0,,,0,0,0,,,False,Scopula imitaria,Insecta,Unspecified habitat or no information,United Kingdom,Europe,Count,Trapped Adults,Sample,None,2.0,17.0,1.0,False,None,309,367,10955,-1.5,54.0
6383,17,1968,1984,17,0,0,,,0,0,0,,,False,Scopula immutata,Insecta,Unspecified habitat or no information,United Kingdom,Europe,Count,Trapped Adults,Sample,None,2.0,17.0,1.0,False,None,309,367,10956,-1.5,54.0
6384,17,1968,1984,17,0,0,,,0,0,0,,,False,Idaes subsericeata,Insecta,Unspecified habitat or no information,United Kingdom,Europe,Count,Trapped Adults,Sample,None,2.0,17.0,1.0,False,None,309,367,10957,-1.5,54.0
6385,17,1968,1984,17,0,0,,,0,0,0,,,False,Idaea emarginata,Insecta,Unspecified habitat or no information,United Kingdom,Europe,Count,Trapped Adults,Sample,None,2.0,17.0,1.0,False,None,309,367,10958,-1.5,54.0
6386,17,1968,1984,17,0,0,,,0,0,0,,,False,Scopula floslactata,Insecta,Unspecified habitat or no information,United Kingdom,Europe,Count,Trapped Adults,Sample,None,2.0,17.0,1.0,False,None,309,367,10959,-1.5,54.0
6387,17,1968,1984,17,0,0,,,0,0,0,,,False,Idaes straminata,Insecta,Unspecified habitat or no information,United Kingdom,Europe,Count,Trapped Adults,Sample,None,2.0,17.0,1.0,False,None,309,367,10960,-1.5,54.0
6388,17,1968,1984,17,0,0,,,0,0,0,,,False,Xanthorhoe quadrifasiata,Insecta,Unspecified habitat or no information,United Kingdom,Europe,Count,Trapped Adults,Sample,None,2.0,17.0,1.0,False,None,309,367,10961,-1.5,54.0
6389,17,1968,1984,17,0,0,,,0,0,0,,,False,Idaes fuscovenosa,Insecta,Unspecified habitat or no information,United Kingdom,Europe,Count,Trapped Adults,Sample,None,2.0,17.0,1.0,False,None,309,367,10962,-1.5,54.0
6390,17,1968,1984,17,0,0,,,0,0,0,,,False,Idaes aversata,Insecta,Unspecified habitat or no information,United Kingdom,Europe,Count,Trapped Adults,Sample,None,2.0,17.0,1.0,False,None,309,367,10963,-1.5,54.0
6391,17,1968,1984,17,0,0,,,0,0,0,,,False,Xanthorhoe munitata,Insecta,Unspecified habitat or no information,United Kingdom,Europe,Count,Trapped Adults,Sample,None,2.0,17.0,1.0,False,None,309,367,10964,-1.5,54.0
6392,17,1968,1984,17,0,0,,,0,0,0,,,False,Idaes dimidiata,Insecta,Unspecified habitat or no information,United Kingdom,Europe,Count,Trapped Adults,Sample,None,2.0,17.0,1.0,False,None,309,367,10965,-1.5,54.0
6393,17,1968,1984,17,0,0,,,0,0,0,,,False,Idaes trigeminata,Insecta,Unspecified habitat or no information,United Kingdom,Europe,Count,Trapped Adults,Sample,None,2.0,17.0,1.0,False,None,309,367,10966,-1.5,54.0
6394,17,1968,1984,17,0,0,,,0,0,0,,,False,Xanthorhoe ferrugata,Insecta,Unspecified habitat or no information,United Kingdom,Europe,Count,Trapped Adults,Sample,None,2.0,17.0,1.0,False,None,309,367,10967,-1.5,54.0
6395,17,1968,1984,17,0,0,,,0,0,0,,,False,Idaes seriata,Insecta,Unspecified habitat or no information,United Kingdom,Europe,Count,Trapped Adults,Sample,None,2.0,17.0,1.0,False,None,309,367,10968,-1.5,54.0
6396,17,1968,1984,17,0,0,,,0,0,0,,,False,Idaes biselata,Insecta,Unspecified habitat or no information,United Kingdom,Europe,Count,Trapped Adults,Sample,None,2.0,17.0,1.0,False,None,309,367,10969,-1.5,54.0
6397,17,1968,1984,17,0,0,,,0,0,0,,,False,Xanthorhoe spadicearia,Insecta,Unspecified habitat or no information,United Kingdom,Europe,Count,Trapped Adults,Sample,None,2.0,17.0,1.0,False,None,309,367,10970,-1.5,54.0
6398,17,1968,1984,17,0,0,,,0,0,0,,,False,Xanthorhoe designata,Insecta,Unspecified habitat or no information,United Kingdom,Europe,Count,Trapped Adults,Sample,None,2.0,17.0,1.0,False,None,309,367,10971,-1.5,54.0
6399,17,1968,1984,17,0,0,,,0,0,0,,,False,Coenotephria salicata latentaria,Insecta,Unspecified habitat or no information,United Kingdom,Europe,Count,Trapped Adults,Sample,None,2.0,17.0,1.0,False,None,309,367,10972,-1.5,54.0
6400,17,1968,1984,17,0,0,,,0,0,0,,,False,Mesoleuca albicillata,Insecta,Unspecified habitat or no information,United Kingdom,Europe,Count,Trapped Adults,Sample,None,2.0,17.0,1.0,False,None,309,367,10973,-1.5,54.0
6401,17,1968,1984,17,0,0,,,0,0,0,,,False,Xanthorhoe montanata,Insecta,Unspecified habitat or no information,United Kingdom,Europe,Count,Trapped Adults,Sample,None,2.0,17.0,1.0,False,None,309,367,10974,-1.5,54.0
6402,17,1968,1984,17,0,0,,,0,0,0,,,False,Colostygia multistrigaria,Insecta,Unspecified habitat or no information,United Kingdom,Europe,Count,Trapped Adults,Sample,None,2.0,17.0,1.0,False,None,309,367,10975,-1.5,54.0
6403,17,1968,1984,17,0,0,,,0,0,0,,,False,Entaphria caesiata,Insecta,Unspecified habitat or no information,United Kingdom,Europe,Count,Trapped Adults,Sample,None,2.0,17.0,1.0,False,None,309,367,10976,-1.5,54.0
6404,17,1968,1984,17,0,0,,,0,0,0,,,False,Xanthorhoe fluctuata,Insecta,Unspecified habitat or no information,United Kingdom,Europe,Count,Trapped Adults,Sample,None,2.0,17.0,1.0,False,None,309,367,10977,-1.5,54.0
6405,17,1968,1984,17,0,0,,,0,0,0,,,False,Perizoma didymata,Insecta,Unspecified habitat or no information,United Kingdom,Europe,Count,Trapped Adults,Sample,None,2.0,17.0,1.0,False,None,309,367,10978,-1.5,54.0
6406,17,1968,1984,17,0,0,,,0,0,0,,,False,Perizoma blandiata,Insecta,Unspecified habitat or no information,United Kingdom,Europe,Count,Trapped Adults,Sample,None,2.0,17.0,1.0,False,None,309,367,10979,-1.5,54.0
6407,17,1968,1984,17,0,0,,,0,0,0,,,False,Colostygia olivata,Insecta,Unspecified habitat or no information,United Kingdom,Europe,Count,Trapped Adults,Sample,None,2.0,17.0,1.0,False,None,309,367,10980,-1.5,54.0
6408,17,1968,1984,17,0,0,,,0,0,0,,,False,Anticlea badiata,Insecta,Unspecified habitat or no information,United Kingdom,Europe,Count,Trapped Adults,Sample,None,2.0,17.0,1.0,False,None,309,367,10981,-1.5,54.0
6409,17,1968,1984,17,0,0,,,0,0,0,,,False,Perizoma affinitata,Insecta,Unspecified habitat or no information,United Kingdom,Europe,Count,Trapped Adults,Sample,None,2.0,17.0,1.0,False,None,309,367,10982,-1.5,54.0
6410,17,1968,1984,17,0,0,,,0,0,0,,,False,Colostygia pectinataria,Insecta,Unspecified habitat or no information,United Kingdom,Europe,Count,Trapped Adults,Sample,None,2.0,17.0,1.0,False,None,309,367,10983,-1.5,54.0
6411,17,1968,1984,17,0,0,,,0,0,0,,,False,Anticlea derivata,Insecta,Unspecified habitat or no information,United Kingdom,Europe,Count,Trapped Adults,Sample,None,2.0,17.0,1.0,False,None,309,367,10984,-1.5,54.0
6413,17,1968,1984,17,0,0,,,0,0,0,,,False,Perizoma flavofasciata,Insecta,Unspecified habitat or no information,United Kingdom,Europe,Count,Trapped Adults,Sample,None,2.0,17.0,1.0,False,None,309,367,10986,-1.5,54.0
6414,17,1968,1984,17,0,0,,,0,0,0,,,False,Cosmorhoe ocellata,Insecta,Unspecified habitat or no information,United Kingdom,Europe,Count,Trapped Adults,Sample,None,2.0,17.0,1.0,False,None,309,367,10987,-1.5,54.0
6415,17,1968,1984,17,0,0,,,0,0,0,,,False,Eulithis populata,Insecta,Unspecified habitat or no information,United Kingdom,Europe,Count,Trapped Adults,Sample,None,2.0,17.0,1.0,False,None,309,367,10988,-1.5,54.0
6416,17,1968,1984,17,0,0,,,0,0,0,,,False,Perizoma albulata,Insecta,Unspecified habitat or no information,United Kingdom,Europe,Count,Trapped Adults,Sample,None,2.0,17.0,1.0,False,None,309,367,10989,-1.5,54.0
6417,17,1968,1984,17,0,0,,,0,0,0,,,False,Lampropteyx suffumata,Insecta,Unspecified habitat or no information,United Kingdom,Europe,Count,Trapped Adults,Sample,None,2.0,17.0,1.0,False,None,309,367,10990,-1.5,54.0
6418,17,1968,1984,17,0,0,,,0,0,0,,,False,Eulithis mellinata,Insecta,Unspecified habitat or no information,United Kingdom,Europe,Count,Trapped Adults,Sample,None,2.0,17.0,1.0,False,None,309,367,10991,-1.5,54.0
6419,17,1968,1984,17,0,0,,,0,0,0,,,False,Euphyia unangulata,Insecta,Unspecified habitat or no information,United Kingdom,Europe,Count,Trapped Adults,Sample,None,2.0,17.0,1.0,False,None,309,367,10992,-1.5,54.0
6420,17,1968,1984,17,0,0,,,0,0,0,,,False,Electrophaes corylata,Insecta,Unspecified habitat or no information,United Kingdom,Europe,Count,Trapped Adults,Sample,None,2.0,17.0,1.0,False,None,309,367,10993,-1.5,54.0
6421,17,1968,1984,17,0,0,,,0,0,0,,,False,Eulithis pyraliata,Insecta,Unspecified habitat or no information,United Kingdom,Europe,Count,Trapped Adults,Sample,None,2.0,17.0,1.0,False,None,309,367,10994,-1.5,54.0
6422,17,1968,1984,17,0,0,,,0,0,0,,,False,Camptogramma bilineata,Insecta,Unspecified habitat or no information,United Kingdom,Europe,Count,Trapped Adults,Sample,None,2.0,17.0,1.0,False,None,309,367,10995,-1.5,54.0
6423,17,1968,1984,17,0,0,,,0,0,0,,,False,Eulithis prunata,Insecta,Unspecified habitat or no information,United Kingdom,Europe,Count,Trapped Adults,Sample,None,2.0,17.0,1.0,False,None,309,367,10996,-1.5,54.0
6424,17,1968,1984,17,0,0,,,0,0,0,,,False,Cidaria fulvata,Insecta,Unspecified habitat or no information,United Kingdom,Europe,Count,Trapped Adults,Sample,None,2.0,17.0,1.0,False,None,309,367,10997,-1.5,54.0
6425,17,1968,1984,17,0,0,,,0,0,0,,,False,Melanthia procellata,Insecta,Unspecified habitat or no information,United Kingdom,Europe,Count,Trapped Adults,Sample,None,2.0,17.0,1.0,False,None,309,367,10998,-1.5,54.0
6426,17,1968,1984,17,0,0,,,0,0,0,,,False,Eulithis testata,Insecta,Unspecified habitat or no information,United Kingdom,Europe,Count,Trapped Adults,Sample,None,2.0,17.0,1.0,False,None,309,367,10999,-1.5,54.0
6427,17,1968,1984,17,0,0,,,0,0,0,,,False,Plemyria rubignata,Insecta,Unspecified habitat or no information,United Kingdom,Europe,Count,Trapped Adults,Sample,None,2.0,17.0,1.0,False,None,309,367,11000,-1.5,54.0
6428,17,1968,1984,17,0,0,,,0,0,0,,,False,Thera obeliscata,Insecta,Unspecified habitat or no information,United Kingdom,Europe,Count,Trapped Adults,Sample,None,2.0,17.0,1.0,False,None,309,367,11001,-1.5,54.0
6429,17,1968,1984,17,0,0,,,0,0,0,,,False,Philereme vetulata,Insecta,Unspecified habitat or no information,United Kingdom,Europe,Count,Trapped Adults,Sample,None,2.0,17.0,1.0,False,None,309,367,11002,-1.5,54.0
6430,17,1968,1984,17,0,0,,,0,0,0,,,False,Epirrhoe alternata,Insecta,Unspecified habitat or no information,United Kingdom,Europe,Count,Trapped Adults,Sample,None,2.0,17.0,1.0,False,None,309,367,11003,-1.5,54.0
6431,17,1968,1984,17,0,0,,,0,0,0,,,False,Thera juniperata,Insecta,Unspecified habitat or no information,United Kingdom,Europe,Count,Trapped Adults,Sample,None,2.0,17.0,1.0,False,None,309,367,11004,-1.5,54.0
6432,17,1968,1984,17,0,0,,,0,0,0,,,False,Philereme transversata,Insecta,Unspecified habitat or no information,United Kingdom,Europe,Count,Trapped Adults,Sample,None,2.0,17.0,1.0,False,None,309,367,11005,-1.5,54.0
6433,17,1968,1984,17,0,0,,,0,0,0,,,False,Epirrhoe galiata,Insecta,Unspecified habitat or no information,United Kingdom,Europe,Count,Trapped Adults,Sample,None,2.0,17.0,1.0,False,None,309,367,11006,-1.5,54.0
6434,17,1968,1984,17,0,0,,,0,0,0,,,False,Hydriomena furcata,Insecta,Unspecified habitat or no information,United Kingdom,Europe,Count,Trapped Adults,Sample,None,2.0,17.0,1.0,False,None,309,367,11007,-1.5,54.0
6435,17,1968,1984,17,0,0,,,0,0,0,,,False,Triphosa dubitata,Insecta,Unspecified habitat or no information,United Kingdom,Europe,Count,Trapped Adults,Sample,None,2.0,17.0,1.0,False,None,309,367,11008,-1.5,54.0
6436,17,1968,1984,17,0,0,,,0,0,0,,,False,Chesias legatella,Insecta,Unspecified habitat or no information,United Kingdom,Europe,Count,Trapped Adults,Sample,None,2.0,17.0,1.0,False,None,309,367,11009,-1.5,54.0
6437,17,1968,1984,17,0,0,,,0,0,0,,,False,Hydriomena impluviata,Insecta,Unspecified habitat or no information,United Kingdom,Europe,Count,Trapped Adults,Sample,None,2.0,17.0,1.0,False,None,309,367,11010,-1.5,54.0
6438,17,1968,1984,17,0,0,,,0,0,0,,,False,Rheumaptera undulata,Insecta,Unspecified habitat or no information,United Kingdom,Europe,Count,Trapped Adults,Sample,None,2.0,17.0,1.0,False,None,309,367,11011,-1.5,54.0
6439,17,1968,1984,17,0,0,,,0,0,0,,,False,Chesias rufata,Insecta,Unspecified habitat or no information,United Kingdom,Europe,Count,Trapped Adults,Sample,None,2.0,17.0,1.0,False,None,309,367,11012,-1.5,54.0
6440,17,1968,1984,17,0,0,,,0,0,0,,,False,Hydriomena ruberata,Insecta,Unspecified habitat or no information,United Kingdom,Europe,Count,Trapped Adults,Sample,None,2.0,17.0,1.0,False,None,309,367,11013,-1.5,54.0
6441,17,1968,1984,17,0,0,,,0,0,0,,,False,Epirrhoe rivata,Insecta,Unspecified habitat or no information,United Kingdom,Europe,Count,Trapped Adults,Sample,None,2.0,17.0,1.0,False,None,309,367,11014,-1.5,54.0
6442,17,1968,1984,17,0,0,,,0,0,0,,,False,Aplocera plagiata,Insecta,Unspecified habitat or no information,United Kingdom,Europe,Count,Trapped Adults,Sample,None,2.0,17.0,1.0,False,None,309,367,11015,-1.5,54.0
6443,17,1968,1984,17,0,0,,,0,0,0,,,False,Aplocera efformata,Insecta,Unspecified habitat or no information,United Kingdom,Europe,Count,Trapped Adults,Sample,None,2.0,17.0,1.0,False,None,309,367,11016,-1.5,54.0
6444,17,1968,1984,17,0,0,,,0,0,0,,,False,Trichopteryx carpinata,Insecta,Unspecified habitat or no information,United Kingdom,Europe,Count,Trapped Adults,Sample,None,2.0,17.0,1.0,False,None,309,367,11017,-1.5,54.0
6445,17,1968,1984,17,0,0,,,0,0,0,,,False,Larentia clavaria,Insecta,Unspecified habitat or no information,United Kingdom,Europe,Count,Trapped Adults,Sample,None,2.0,17.0,1.0,False,None,309,367,11018,-1.5,54.0
6446,17,1968,1984,17,0,0,,,0,0,0,,,False,Horisme vitalbata,Insecta,Unspecified habitat or no information,United Kingdom,Europe,Count,Trapped Adults,Sample,None,2.0,17.0,1.0,False,None,309,367,11019,-1.5,54.0
6447,17,1968,1984,17,0,0,,,0,0,0,,,False,Orthonama vittata,Insecta,Unspecified habitat or no information,United Kingdom,Europe,Count,Trapped Adults,Sample,None,2.0,17.0,1.0,False,None,309,367,11020,-1.5,54.0
6448,17,1968,1984,17,0,0,,,0,0,0,,,False,Pelurga comitata,Insecta,Unspecified habitat or no information,United Kingdom,Europe,Count,Trapped Adults,Sample,None,2.0,17.0,1.0,False,None,309,367,11021,-1.5,54.0
6449,17,1968,1984,17,0,0,,,0,0,0,,,False,Horisme tersata,Insecta,Unspecified habitat or no information,United Kingdom,Europe,Count,Trapped Adults,Sample,None,2.0,17.0,1.0,False,None,309,367,11022,-1.5,54.0
6450,17,1968,1984,17,0,0,,,0,0,0,,,False,Scotopteryx mucronata,Insecta,Unspecified habitat or no information,United Kingdom,Europe,Count,Trapped Adults,Sample,None,2.0,17.0,1.0,False,None,309,367,11023,-1.5,54.0
6451,17,1968,1984,17,0,0,,,0,0,0,,,False,Operophtera brumata,Insecta,Unspecified habitat or no information,United Kingdom,Europe,Count,Trapped Adults,Sample,None,2.0,17.0,1.0,False,None,309,367,399,-1.5,54.0
6452,17,1968,1984,17,0,0,,,0,0,0,,,False,Pterapherapteryx sexalata,Insecta,Unspecified habitat or no information,United Kingdom,Europe,Count,Trapped Adults,Sample,None,2.0,17.0,1.0,False,None,309,367,11025,-1.5,54.0
6453,17,1968,1984,17,0,0,,,0,0,0,,,False,Scotopteryx luridata plumbaria,Insecta,Unspecified habitat or no information,United Kingdom,Europe,Count,Trapped Adults,Sample,None,2.0,17.0,1.0,False,None,309,367,11026,-1.5,54.0
6454,17,1968,1984,17,0,0,,,0,0,0,,,False,Operophtera fagata,Insecta,Unspecified habitat or no information,United Kingdom,Europe,Count,Trapped Adults,Sample,None,2.0,17.0,1.0,False,None,309,367,11027,-1.5,54.0
6455,17,1968,1984,17,0,0,,,0,0,0,,,False,Acasis viretata,Insecta,Unspecified habitat or no information,United Kingdom,Europe,Count,Trapped Adults,Sample,None,2.0,17.0,1.0,False,None,309,367,11028,-1.5,54.0
6456,17,1968,1984,17,0,0,,,0,0,0,,,False,Scotopteryx chenopodiata,Insecta,Unspecified habitat or no information,United Kingdom,Europe,Count,Trapped Adults,Sample,None,2.0,17.0,1.0,False,None,309,367,11029,-1.5,54.0
6457,17,1968,1984,17,0,0,,,0,0,0,,,False,Asthena albulata,Insecta,Unspecified habitat or no information,United Kingdom,Europe,Count,Trapped Adults,Sample,None,2.0,17.0,1.0,False,None,309,367,11030,-1.5,54.0
6458,17,1968,1984,17,0,0,,,0,0,0,,,False,Hydrelia flammeolaria,Insecta,Unspecified habitat or no information,United Kingdom,Europe,Count,Trapped Adults,Sample,None,2.0,17.0,1.0,False,None,309,367,11031,-1.5,54.0
6459,17,1968,1984,17,0,0,,,0,0,0,,,False,Lomaspilis marginata,Insecta,Unspecified habitat or no information,United Kingdom,Europe,Count,Trapped Adults,Sample,None,2.0,17.0,1.0,False,None,309,367,11032,-1.5,54.0
6460,17,1968,1984,17,0,0,,,0,0,0,,,False,Cabera exenthemata,Insecta,Unspecified habitat or no information,United Kingdom,Europe,Count,Trapped Adults,Sample,None,2.0,17.0,1.0,False,None,309,367,11033,-1.5,54.0
6461,17,1968,1984,17,0,0,,,0,0,0,,,False,Euchoeca nebulata,Insecta,Unspecified habitat or no information,United Kingdom,Europe,Count,Trapped Adults,Sample,None,2.0,17.0,1.0,False,None,309,367,11034,-1.5,54.0
6462,17,1968,1984,17,0,0,,,0,0,0,,,False,Ligdia adustata,Insecta,Unspecified habitat or no information,United Kingdom,Europe,Count,Trapped Adults,Sample,None,2.0,17.0,1.0,False,None,309,367,11035,-1.5,54.0
6463,17,1968,1984,17,0,0,,,0,0,0,,,False,Hylaea fasciaria,Insecta,Unspecified habitat or no information,United Kingdom,Europe,Count,Trapped Adults,Sample,None,2.0,17.0,1.0,False,None,309,367,11036,-1.5,54.0
6464,17,1968,1984,17,0,0,,,0,0,0,,,False,Venusia cambrica,Insecta,Unspecified habitat or no information,United Kingdom,Europe,Count,Trapped Adults,Sample,None,2.0,17.0,1.0,False,None,309,367,11037,-1.5,54.0
6465,17,1968,1984,17,0,0,,,0,0,0,,,False,Lomographa bimaculata,Insecta,Unspecified habitat or no information,United Kingdom,Europe,Count,Trapped Adults,Sample,None,2.0,17.0,1.0,False,None,309,367,11038,-1.5,54.0
6466,17,1968,1984,17,0,0,,,0,0,0,,,False,Campaea margaritata,Insecta,Unspecified habitat or no information,United Kingdom,Europe,Count,Trapped Adults,Sample,None,2.0,17.0,1.0,False,None,309,367,11039,-1.5,54.0
6467,17,1968,1984,17,0,0,,,0,0,0,,,False,Abraxas sylvata,Insecta,Unspecified habitat or no information,United Kingdom,Europe,Count,Trapped Adults,Sample,None,2.0,17.0,1.0,False,None,309,367,11040,-1.5,54.0
6468,17,1968,1984,17,0,0,,,0,0,0,,,False,Lomographa temerata,Insecta,Unspecified habitat or no information,United Kingdom,Europe,Count,Trapped Adults,Sample,None,2.0,17.0,1.0,False,None,309,367,11041,-1.5,54.0
6469,17,1968,1984,17,0,0,,,0,0,0,,,False,Semiothisa liturata,Insecta,Unspecified habitat or no information,United Kingdom,Europe,Count,Trapped Adults,Sample,None,2.0,17.0,1.0,False,None,309,367,11042,-1.5,54.0
6470,17,1968,1984,17,0,0,,,0,0,0,,,False,Abraxas grossulariata,Insecta,Unspecified habitat or no information,United Kingdom,Europe,Count,Trapped Adults,Sample,None,2.0,17.0,1.0,False,None,309,367,245,-1.5,54.0
6471,17,1968,1984,17,0,0,,,0,0,0,,,False,Cabera pusaria,Insecta,Unspecified habitat or no information,United Kingdom,Europe,Count,Trapped Adults,Sample,None,2.0,17.0,1.0,False,None,309,367,11044,-1.5,54.0
6472,17,1968,1984,17,0,0,,,0,0,0,,,False,Theria primaria,Insecta,Unspecified habitat or no information,United Kingdom,Europe,Count,Trapped Adults,Sample,None,2.0,17.0,1.0,False,None,309,367,11045,-1.5,54.0
6473,17,1968,1984,17,0,0,,,0,0,0,,,False,Agriopis leucophaeria,Insecta,Unspecified habitat or no information,United Kingdom,Europe,Count,Trapped Adults,Sample,None,2.0,17.0,1.0,False,None,309,367,11046,-1.5,54.0
6474,17,1968,1984,17,0,0,,,0,0,0,,,False,Ennomos autumnaria,Insecta,Unspecified habitat or no information,United Kingdom,Europe,Count,Trapped Adults,Sample,None,2.0,17.0,1.0,False,None,309,367,11047,-1.5,54.0
6475,17,1968,1984,17,0,0,,,0,0,0,,,False,Selenia dentaria,Insecta,Unspecified habitat or no information,United Kingdom,Europe,Count,Trapped Adults,Sample,None,2.0,17.0,1.0,False,None,309,367,11048,-1.5,54.0
6476,17,1968,1984,17,0,0,,,0,0,0,,,False,Agriopis aurantiaria,Insecta,Unspecified habitat or no information,United Kingdom,Europe,Count,Trapped Adults,Sample,None,2.0,17.0,1.0,False,None,309,367,11049,-1.5,54.0
6477,17,1968,1984,17,0,0,,,0,0,0,,,False,Ennomos quercinaria,Insecta,Unspecified habitat or no information,United Kingdom,Europe,Count,Trapped Adults,Sample,None,2.0,17.0,1.0,False,None,309,367,11050,-1.5,54.0
6478,17,1968,1984,17,0,0,,,0,0,0,,,False,Selenia lunularia,Insecta,Unspecified habitat or no information,United Kingdom,Europe,Count,Trapped Adults,Sample,None,2.0,17.0,1.0,False,None,309,367,11051,-1.5,54.0
6479,17,1968,1984,17,0,0,,,0,0,0,,,False,Agriopis marginaria,Insecta,Unspecified habitat or no information,United Kingdom,Europe,Count,Trapped Adults,Sample,None,2.0,17.0,1.0,False,None,309,367,11052,-1.5,54.0
6480,17,1968,1984,17,0,0,,,0,0,0,,,False,Ennomos alniaria,Insecta,Unspecified habitat or no information,United Kingdom,Europe,Count,Trapped Adults,Sample,None,2.0,17.0,1.0,False,None,309,367,11053,-1.5,54.0
6481,17,1968,1984,17,0,0,,,0,0,0,,,False,Selenia tetralunaria,Insecta,Unspecified habitat or no information,United Kingdom,Europe,Count,Trapped Adults,Sample,None,2.0,17.0,1.0,False,None,309,367,11054,-1.5,54.0
6482,17,1968,1984,17,0,0,,,0,0,0,,,False,Errannis defoliaria,Insecta,Unspecified habitat or no information,United Kingdom,Europe,Count,Trapped Adults,Sample,None,2.0,17.0,1.0,False,None,309,367,11055,-1.5,54.0
6483,17,1968,1984,17,0,0,,,0,0,0,,,False,Ennomoa fuscantaria,Insecta,Unspecified habitat or no information,United Kingdom,Europe,Count,Trapped Adults,Sample,None,2.0,17.0,1.0,False,None,309,367,11056,-1.5,54.0
6484,17,1968,1984,17,0,0,,,0,0,0,,,False,Apeira syringaria,Insecta,Unspecified habitat or no information,United Kingdom,Europe,Count,Trapped Adults,Sample,None,2.0,17.0,1.0,False,None,309,367,11057,-1.5,54.0
6485,17,1968,1984,17,0,0,,,0,0,0,,,False,Plagodis pulveraria,Insecta,Unspecified habitat or no information,United Kingdom,Europe,Count,Trapped Adults,Sample,None,2.0,17.0,1.0,False,None,309,367,11058,-1.5,54.0
6486,17,1968,1984,17,0,0,,,0,0,0,,,False,Ennomos erosaria,Insecta,Unspecified habitat or no information,United Kingdom,Europe,Count,Trapped Adults,Sample,None,2.0,17.0,1.0,False,None,309,367,11059,-1.5,54.0
6487,17,1968,1984,17,0,0,,,0,0,0,,,False,Odontopera bidentata,Insecta,Unspecified habitat or no information,United Kingdom,Europe,Count,Trapped Adults,Sample,None,2.0,17.0,1.0,False,None,309,367,11060,-1.5,54.0
6488,16,1968,1984,17,1,0,,,0,0,0,,,False,Colotois pennaria,Insecta,Unspecified habitat or no information,United Kingdom,Europe,Count,Trapped Adults,Sample,None,2.0,17.0,1.0,False,None,309,367,11061,-1.5,54.0
6489,17,1968,1984,17,0,0,,,0,0,0,,,False,Ourapteryx sambucaria,Insecta,Unspecified habitat or no information,United Kingdom,Europe,Count,Trapped Adults,Sample,None,2.0,17.0,1.0,False,None,309,367,11062,-1.5,54.0
6490,17,1968,1984,17,0,0,,,0,0,0,,,False,Biston betularia,Insecta,Unspecified habitat or no information,United Kingdom,Europe,Count,Trapped Adults,Sample,None,2.0,17.0,1.0,False,None,309,367,11063,-1.5,54.0
6491,17,1968,1984,17,0,0,,,0,0,0,,,False,Crocallis elinguaria,Insecta,Unspecified habitat or no information,United Kingdom,Europe,Count,Trapped Adults,Sample,None,2.0,17.0,1.0,False,None,309,367,11064,-1.5,54.0
6492,17,1968,1984,17,0,0,,,0,0,0,,,False,Apocheima pilosaria,Insecta,Unspecified habitat or no information,United Kingdom,Europe,Count,Trapped Adults,Sample,None,2.0,17.0,1.0,False,None,309,367,11065,-1.5,54.0
6493,17,1968,1984,17,0,0,,,0,0,0,,,False,Menophra abruptaria,Insecta,Unspecified habitat or no information,United Kingdom,Europe,Count,Trapped Adults,Sample,None,2.0,17.0,1.0,False,None,309,367,11066,-1.5,54.0
6494,17,1968,1984,17,0,0,,,0,0,0,,,False,Plagodis dolabraria,Insecta,Unspecified habitat or no information,United Kingdom,Europe,Count,Trapped Adults,Sample,None,2.0,17.0,1.0,False,None,309,367,11067,-1.5,54.0
6495,17,1968,1984,17,0,0,,,0,0,0,,,False,Apocheima hispidaria,Insecta,Unspecified habitat or no information,United Kingdom,Europe,Count,Trapped Adults,Sample,None,2.0,17.0,1.0,False,None,309,367,11068,-1.5,54.0
6496,17,1968,1984,17,0,0,,,0,0,0,,,False,Peribatodes rhomboidaria,Insecta,Unspecified habitat or no information,United Kingdom,Europe,Count,Trapped Adults,Sample,None,2.0,17.0,1.0,False,None,309,367,11069,-1.5,54.0
6497,17,1968,1984,17,0,0,,,0,0,0,,,False,Opisthograptis luteolata,Insecta,Unspecified habitat or no information,United Kingdom,Europe,Count,Trapped Adults,Sample,None,2.0,17.0,1.0,False,None,309,367,11070,-1.5,54.0
6498,17,1968,1984,17,0,0,,,0,0,0,,,False,Lycia hirtaria,Insecta,Unspecified habitat or no information,United Kingdom,Europe,Count,Trapped Adults,Sample,None,2.0,17.0,1.0,False,None,309,367,11071,-1.5,54.0
6499,17,1968,1984,17,0,0,,,0,0,0,,,False,Cleorodes lichenaria,Insecta,Unspecified habitat or no information,United Kingdom,Europe,Count,Trapped Adults,Sample,None,2.0,17.0,1.0,False,None,309,367,11072,-1.5,54.0
6500,17,1968,1984,17,0,0,,,0,0,0,,,False,Epione repandaria,Insecta,Unspecified habitat or no information,United Kingdom,Europe,Count,Trapped Adults,Sample,None,2.0,17.0,1.0,False,None,309,367,11073,-1.5,54.0
6501,17,1968,1984,17,0,0,,,0,0,0,,,False,Biston strataria,Insecta,Unspecified habitat or no information,United Kingdom,Europe,Count,Trapped Adults,Sample,None,2.0,17.0,1.0,False,None,309,367,11074,-1.5,54.0
6502,17,1968,1984,17,0,0,,,0,0,0,,,False,Deileptenia ribesta,Insecta,Unspecified habitat or no information,United Kingdom,Europe,Count,Trapped Adults,Sample,None,2.0,17.0,1.0,False,None,309,367,11075,-1.5,54.0
6503,17,1968,1984,17,0,0,,,0,0,0,,,False,Alcis rependata,Insecta,Unspecified habitat or no information,United Kingdom,Europe,Count,Trapped Adults,Sample,None,2.0,17.0,1.0,False,None,309,367,11076,-1.5,54.0
6504,17,1968,1984,17,0,0,,,0,0,0,,,False,Ectropis extersaria,Insecta,Unspecified habitat or no information,United Kingdom,Europe,Count,Trapped Adults,Sample,None,2.0,17.0,1.0,False,None,309,367,11077,-1.5,54.0
6505,17,1968,1984,17,0,0,,,0,0,0,,,False,Petrophora chlorosata,Insecta,Unspecified habitat or no information,United Kingdom,Europe,Count,Trapped Adults,Sample,None,2.0,17.0,1.0,False,None,309,367,11078,-1.5,54.0
6506,17,1968,1984,17,0,0,,,0,0,0,,,False,Alcia jubata,Insecta,Unspecified habitat or no information,United Kingdom,Europe,Count,Trapped Adults,Sample,None,2.0,17.0,1.0,False,None,309,367,11079,-1.5,54.0
6507,17,1968,1984,17,0,0,,,0,0,0,,,False,Ethelura punctulata,Insecta,Unspecified habitat or no information,United Kingdom,Europe,Count,Trapped Adults,Sample,None,2.0,17.0,1.0,False,None,309,367,11080,-1.5,54.0
6508,17,1968,1984,17,0,0,,,0,0,0,,,False,Semiothisa clathrata,Insecta,Unspecified habitat or no information,United Kingdom,Europe,Count,Trapped Adults,Sample,None,2.0,17.0,1.0,False,None,309,367,11081,-1.5,54.0
6509,17,1968,1984,17,0,0,,,0,0,0,,,False,Boarmia roboraria,Insecta,Unspecified habitat or no information,United Kingdom,Europe,Count,Trapped Adults,Sample,None,2.0,17.0,1.0,False,None,309,367,11082,-1.5,54.0
6510,17,1968,1984,17,0,0,,,0,0,0,,,False,Pachyonemia hippocastanaria,Insecta,Unspecified habitat or no information,United Kingdom,Europe,Count,Trapped Adults,Sample,None,2.0,17.0,1.0,False,None,309,367,11083,-1.5,54.0
6511,17,1968,1984,17,0,0,,,0,0,0,,,False,Dyscia fagaria,Insecta,Unspecified habitat or no information,United Kingdom,Europe,Count,Trapped Adults,Sample,None,2.0,17.0,1.0,False,None,309,367,11084,-1.5,54.0
6512,17,1968,1984,17,0,0,,,0,0,0,,,False,Serraca punctinalis,Insecta,Unspecified habitat or no information,United Kingdom,Europe,Count,Trapped Adults,Sample,None,2.0,17.0,1.0,False,None,309,367,11085,-1.5,54.0
6513,17,1968,1984,17,0,0,,,0,0,0,,,False,Bupalus piniaria,Insecta,Unspecified habitat or no information,United Kingdom,Europe,Count,Trapped Adults,Sample,None,2.0,17.0,1.0,False,None,309,367,47,-1.5,54.0
6514,17,1968,1984,17,0,0,,,0,0,0,,,False,Aspitates ochrearia,Insecta,Unspecified habitat or no information,United Kingdom,Europe,Count,Trapped Adults,Sample,None,2.0,17.0,1.0,False,None,309,367,11087,-1.5,54.0
6515,17,1968,1984,17,0,0,,,0,0,0,,,False,Ectropis bistortata,Insecta,Unspecified habitat or no information,United Kingdom,Europe,Count,Trapped Adults,Sample,None,2.0,17.0,1.0,False,None,309,367,11088,-1.5,54.0
6516,17,1968,1984,17,0,0,,,0,0,0,,,False,Semiothisa wauaria,Insecta,Unspecified habitat or no information,United Kingdom,Europe,Count,Trapped Adults,Sample,None,2.0,17.0,1.0,False,None,309,367,11089,-1.5,54.0
6517,17,1968,1984,17,0,0,,,0,0,0,,,False,Perconia strigillaria,Insecta,Unspecified habitat or no information,United Kingdom,Europe,Count,Trapped Adults,Sample,None,2.0,17.0,1.0,False,None,309,367,11090,-1.5,54.0
6518,17,1968,1984,17,0,0,,,0,0,0,,,False,Laothoe populi,Insecta,Unspecified habitat or no information,United Kingdom,Europe,Count,Trapped Adults,Sample,None,2.0,17.0,1.0,False,None,309,367,9997,-1.5,54.0
6519,17,1968,1984,17,0,0,,,0,0,0,,,False,Drymonia ruficornis,Insecta,Unspecified habitat or no information,United Kingdom,Europe,Count,Trapped Adults,Sample,None,2.0,17.0,1.0,False,None,309,367,9998,-1.5,54.0
6520,17,1968,1984,17,0,0,,,0,0,0,,,False,Peridea anceps,Insecta,Unspecified habitat or no information,United Kingdom,Europe,Count,Trapped Adults,Sample,None,2.0,17.0,1.0,False,None,309,367,9999,-1.5,54.0
6521,13,1975,1988,14,1,0,,,0,0,0,,,False,Rissa tridactyla,Aves,Largely unvegetated,USA,North America,Count,Adults,Census,None,3.0,14.0,1.0,False,Counted at  midday.,417,10521,11116,-163.75,64.56666666666666
6522,19,1970,1988,19,0,0,,,0,0,0,,,False,Hirundo rustica,Aves,Unspecified habitat or no information,Denmark,Europe,Count,Breeding pairs,Census,None,4.0,19.0,1.0,False,None,415,10517,11115,10.0,57.166666666666664
6523,19,1964,1982,19,0,0,,,0,0,0,,,False,Tringa nebularia,Aves,Heath or Moor,UK - Scotland,Europe,Count,Breeding females,Census,None,4.0,19.0,1.0,False,None,418,10522,11117,-3.95,58.4
6526,10,1971,1980,10,0,0,,,0,0,0,,,False,Accipiter nisus,Aves,Mixed habitat,UK - Scotland,Europe,Count,Nests,Census,None,4.0,10.0,1.0,False,None,407,10503,197,-3.1666666666666665,55.166666666666664
6527,24,1958,1981,24,0,0,,,0,0,0,,,False,Fulmarus glacialis,Aves,Island,UK - Scotland,Europe,Count,Breeding Individuals,Census (estimated),None,4.0,24.0,1.0,False,None,408,10504,433,-3.1666666666666665,59.2
6528,40,1931,1978,48,8,0,,,2,0,2,1972.0,1973.0,False,Phalacrocorax aristotelis,Aves,Island,UK - England,Europe,Count,Nests,Census,None,4.0,48.0,1.0,False,None,409,10505,11094,-1.5833333333333335,55.666666666666664
6529,30,1951,1980,30,0,0,,,0,0,0,,,False,Milvus milvus,Aves,Mixed habitat,UK - Wales,Europe,Count,All Individuals,Census,None,3.0,30.0,1.0,False,Almost all breeding of red kites throughout this century has been confined to an area of 70*45km in mid-Wales.,410,10506,11095,-3.75,52.5
6530,37,1947,1983,37,0,0,,,3,0,3,1976.0,1978.0,False,Parus caeruleus,Aves,Deciduous forest,UK - England,Europe,Count,Breeding pairs,Census,None,4.0,37.0,1.0,False,Contains data for 1947 to 1957 from Source ID 505.,411,153,208,1.0833333333333333,51.63333333333333
6531,23,1961,1983,23,0,0,,,0,0,0,,,False,Parus caeruleus,Aves,Deciduous forest,UK - England,Europe,Count,Breeding pairs,Census,None,4.0,23.0,1.0,False,None,411,10508,208,-1.3333333333333333,51.7
6532,21,1963,1983,21,0,0,,,0,0,0,,,False,Parus caeruleus,Aves,Deciduous forest,UK - England,Europe,Count,Breeding pairs,Census,None,4.0,21.0,1.0,False,None,411,10509,208,-1.3333333333333333,51.7
6533,22,1962,1983,22,0,0,,,0,0,0,,,False,Parus caeruleus,Aves,Deciduous forest,UK - England,Europe,Count,Breeding pairs,Census,None,4.0,22.0,1.0,False,None,411,10510,208,-1.3333333333333333,51.7
6534,26,1958,1983,26,0,0,,,0,0,0,,,False,Parus caeruleus,Aves,Deciduous forest,UK - England,Europe,Count,Breeding pairs,Census,None,4.0,26.0,1.0,False,None,411,10511,208,-1.3333333333333333,51.7
6535,26,1958,1983,26,0,0,,,0,0,0,,,False,Parus caeruleus,Aves,Deciduous forest,UK - England,Europe,Count,Breeding pairs,Census,None,4.0,26.0,1.0,False,None,411,10514,208,-1.3333333333333333,51.7
6536,25,1959,1983,25,0,0,,,0,0,0,,,False,Parus caeruleus,Aves,Deciduous forest,UK - England,Europe,Count,Breeding pairs,Census,None,4.0,25.0,1.0,False,None,411,10512,208,-1.3333333333333333,51.7
6537,25,1959,1983,25,0,0,,,0,0,0,,,False,Parus caeruleus,Aves,Deciduous forest,UK - England,Europe,Count,Breeding pairs,Census,None,4.0,25.0,1.0,False,None,411,10513,208,-1.3333333333333333,51.7
6538,20,1961,1989,29,9,0,,,0,0,0,,,False,Diomedea exulans,Aves,Island,UK - Dependency,South America,Count,Breeding pairs,Sample (estimated),None,4.0,29.0,1.0,False,None,412,10515,11096,-38.0,-54.0
6539,20,1974,1993,20,0,0,,,0,0,0,,,False,Lepidorhombus whiffiagonis,Osteichthyes,Marine,Multiple or International jurisdiction,Europe,Count,All Individuals,per hour,None,2.0,24.0,1.0,False,None,413,10100,10201,4.0,55.0
6540,17,1970,1993,24,7,0,,,0,0,0,,,False,Phrynorhombus norvegicus,Osteichthyes,Marine,Multiple or International jurisdiction,Europe,Count,All Individuals,per hour,None,2.0,24.0,1.0,False,None,413,10100,11110,4.0,55.0
6541,23,1970,1993,24,1,0,,,0,0,0,,,False,Lophius piscatorius,Osteichthyes,Marine,Multiple or International jurisdiction,Europe,Count,All Individuals,per hour,None,2.0,24.0,1.0,False,None,413,10100,10205,4.0,55.0
6542,23,1970,1993,24,1,0,,,0,0,0,,,False,Anarhichas lupus,Osteichthyes,Marine,Multiple or International jurisdiction,Europe,Count,All Individuals,per hour,None,2.0,24.0,1.0,False,None,413,10100,11111,4.0,55.0
6543,16,1975,1993,19,3,0,,,0,0,0,,,False,Trigla lucerna,Osteichthyes,Marine,Multiple or International jurisdiction,Europe,Count,All Individuals,per hour,None,2.0,19.0,1.0,False,None,413,10100,11112,4.0,55.0
6544,13,1975,1993,19,6,0,,,0,0,0,,,False,Aspitrigla cuculus,Osteichthyes,Marine,Multiple or International jurisdiction,Europe,Count,All Individuals,per hour,None,2.0,19.0,1.0,False,None,413,10100,11113,4.0,55.0
6545,23,1970,1993,24,1,1,1979.0,1979.0,0,0,0,,,False,Callionymus lyra,Osteichthyes,Marine,Multiple or International jurisdiction,Europe,Count,All Individuals,per hour,None,2.0,24.0,1.0,False,None,413,10100,96,4.0,55.0
6546,17,1974,1993,20,3,0,1987.0,1987.0,0,0,0,,,False,Callionymus maculatus,Osteichthyes,Marine,Multiple or International jurisdiction,Europe,Count,All Individuals,per hour,None,2.0,24.0,1.0,False,None,413,10100,11114,4.0,55.0
6547,23,1970,1993,24,1,0,,,0,0,0,,,False,Cyclopterus lumpus,Osteichthyes,Marine,Multiple or International jurisdiction,Europe,Count,All Individuals,per hour,None,2.0,24.0,1.0,False,None,413,10100,100,4.0,55.0
6548,19,1974,1993,20,1,0,,,0,0,0,,,False,Scyliorhinus caniculus,Chondrichtyhes,Marine,Multiple or International jurisdiction,Europe,Count,All Individuals,per hour,None,2.0,20.0,1.0,False,None,413,10100,11097,4.0,55.0
6549,24,1970,1993,24,0,0,1978.0,1978.0,0,0,0,,,False,Clupea harengus,Osteichthyes,Marine,Multiple or International jurisdiction,Europe,Count,All Individuals,per hour,None,2.0,24.0,1.0,False,None,413,10100,52,4.0,55.0
6550,24,1970,1993,24,0,0,,,0,0,0,,,False,Sprattus sprattus,Osteichthyes,Marine,Multiple or International jurisdiction,Europe,Count,All Individuals,per hour,None,2.0,24.0,1.0,False,None,413,10100,116,4.0,55.0
6552,19,1971,1993,23,4,0,,,0,0,0,,,False,Argentina silus,Osteichthyes,Marine,Multiple or International jurisdiction,Europe,Count,All Individuals,per hour,None,2.0,23.0,1.0,False,None,413,10100,10009,4.0,55.0
6553,24,1970,1993,24,0,0,,,0,0,0,,,False,Gadus morhua,Osteichthyes,Marine,Multiple or International jurisdiction,Europe,Count,All Individuals,per hour,None,2.0,24.0,1.0,False,None,413,10100,104,4.0,55.0
6554,24,1970,1993,24,0,0,,,0,0,0,,,False,Melanogrammus aeglefinus,Osteichthyes,Marine,Multiple or International jurisdiction,Europe,Count,All Individuals,per hour,None,2.0,24.0,1.0,False,None,413,10100,10119,4.0,55.0
6555,24,1970,1993,24,0,0,,,0,0,0,,,False,Merlangius merlangus,Osteichthyes,Marine,Multiple or International jurisdiction,Europe,Count,All Individuals,per hour,None,2.0,24.0,1.0,False,None,413,10100,108,4.0,55.0
6556,24,1970,1993,24,0,0,,,0,0,0,,,False,Pollachius virens,Osteichthyes,Marine,Multiple or International jurisdiction,Europe,Count,All Individuals,per hour,None,2.0,24.0,1.0,False,None,413,10100,10303,4.0,55.0
6557,21,1970,1993,24,3,1,1986.0,1986.0,0,0,0,,,False,Pollachius pollachius,Osteichthyes,Marine,Multiple or International jurisdiction,Europe,Count,All Individuals,per hour,None,2.0,24.0,1.0,False,None,413,10100,112,4.0,55.0
6558,23,1971,1993,23,0,0,,,0,0,0,,,False,Trisopterus esmarkii,Osteichthyes,Marine,Multiple or International jurisdiction,Europe,Count,All Individuals,per hour,None,2.0,24.0,1.0,False,None,413,10100,117,4.0,55.0
6559,15,1975,1993,19,4,0,,,0,0,0,,,False,Brosme brosme,Osteichthyes,Marine,Multiple or International jurisdiction,Europe,Count,All Individuals,per hour,None,2.0,19.0,1.0,False,None,413,10100,11099,4.0,55.0
6560,23,1970,1993,24,1,0,,,0,0,0,,,False,Molva molva,Osteichthyes,Marine,Multiple or International jurisdiction,Europe,Count,All Individuals,per hour,None,2.0,24.0,1.0,False,None,413,10100,11100,4.0,55.0
6561,23,1970,1993,24,1,1,,,0,0,0,,,False,Merluccius merluccius,Osteichthyes,Marine,Multiple or International jurisdiction,Europe,Count,All Individuals,per hour,None,2.0,24.0,1.0,False,None,413,10100,109,4.0,55.0
6562,23,1970,1993,24,1,0,,,0,0,0,,,False,Echilichthys vipera,Osteichthyes,Marine,Multiple or International jurisdiction,Europe,Count,All Individuals,per hour,None,2.0,24.0,1.0,False,None,413,10100,11101,4.0,55.0
6563,11,1977,1993,17,6,1,,,0,0,0,,,False,Zeus faber,Osteichthyes,Marine,Multiple or International jurisdiction,Europe,Count,All Individuals,per hour,None,2.0,17.0,1.0,False,None,413,10100,11102,4.0,55.0
6564,24,1970,1993,24,0,0,,,0,0,0,,,False,Pleuronectes platessa,Osteichthyes,Marine,Multiple or International jurisdiction,Europe,Count,All Individuals,per hour,None,2.0,24.0,1.0,False,None,413,10100,111,4.0,55.0
6565,24,1970,1993,24,0,0,,,0,0,0,,,False,Solea solea,Osteichthyes,Marine,Multiple or International jurisdiction,Europe,Count,All Individuals,per hour,None,2.0,24.0,1.0,False,None,413,10100,11103,4.0,55.0
6566,23,1970,1993,24,1,1,,,0,0,0,,,False,Psetta maxima,Osteichthyes,Marine,Multiple or International jurisdiction,Europe,Count,All Individuals,per hour,None,2.0,24.0,1.0,False,None,413,10100,11104,4.0,55.0
6567,21,1971,1993,23,2,0,1988.0,1988.0,0,0,0,,,False,Scophthalmus rhombus,Osteichthyes,Marine,Multiple or International jurisdiction,Europe,Count,All Individuals,per hour,None,2.0,24.0,1.0,False,None,413,10100,11105,4.0,55.0
6568,23,1970,1993,24,1,0,,,0,0,0,,,False,Glyptocephalus cynoglossus,Osteichthyes,Marine,Multiple or International jurisdiction,Europe,Count,All Individuals,per hour,None,2.0,24.0,1.0,False,None,413,10100,11106,4.0,55.0
6569,23,1970,1993,24,1,0,1985.0,1985.0,0,0,0,,,False,Buglossidium luteum,Osteichthyes,Marine,Multiple or International jurisdiction,Europe,Count,All Individuals,per hour,None,2.0,24.0,1.0,False,None,413,10100,11107,4.0,55.0
6570,24,1970,1993,24,0,0,,,0,0,0,,,False,Platichthys flesus,Osteichthyes,Marine,Multiple or International jurisdiction,Europe,Count,All Individuals,per hour,None,2.0,24.0,1.0,False,None,413,10100,110,4.0,55.0
6571,17,1970,1993,24,7,0,,,0,0,0,,,False,Arnoglossus laterna,Osteichthyes,Marine,Multiple or International jurisdiction,Europe,Count,All Individuals,per hour,None,2.0,24.0,1.0,False,None,413,10100,11108,4.0,55.0
6572,16,1970,1993,24,8,0,,,0,0,0,,,False,Hippoglossus hippoglossus,Osteichthyes,Marine,Multiple or International jurisdiction,Europe,Count,All Individuals,per hour,None,2.0,24.0,1.0,False,None,413,10100,11109,4.0,55.0
6573,10,1971,1980,10,0,0,,,0,0,0,,,False,Accipiter nisus,Aves,Mixed habitat,UK - Scotland,Europe,Count,Nests,Census,None,3.0,10.0,1.0,False,"Same population data available in Newton I & Marquiss, M. (1986) Population regulation in sparrowhawks. J. Anumal Ecol. 55, 463-480",416,10518,197,-3.4166666666666665,55.25
6574,11,1979,1989,11,0,0,,,0,0,0,,,False,Accipiter nisus,Aves,Mixed habitat,UK - England,Europe,Count,Nests,Census,None,3.0,11.0,1.0,False,None,416,10519,197,-0.5,52.5
6575,18,1972,1989,18,0,0,,,0,0,0,,,False,Accipiter nisus,Aves,Mixed habitat,UK - Scotland,Europe,Count,Nests,Census,None,3.0,18.0,1.0,False,"Same population data available in Newton I & Marquiss, M. (1986) Population regulation in sparrowhawks. J. Anumal Ecol. 55, 463-480",416,10520,197,-3.0,55.166666666666664
6577,13,1975,1987,13,0,0,,,0,0,0,,,False,Anguilla anguilla,Osteichthyes,Fluvial,Norway,Europe,Count,All Individuals,Sample,None,3.0,13.0,1.0,False,Eels are in the river at altitude 0 to 215m. Area covered equals total surface water area producing Eels. Data obtained by summing eels caught in the wolftraps and those caught by commercial fishermen.,414,10516,94,6.0,58.833333333333336
6578,13,1972,1993,22,9,0,,,0,0,0,,,False,Trachurus trachurus,Osteichthyes,Marine,Multiple or International jurisdiction,Europe,Count,All Individuals,per hour,None,-1.0,22.0,1.0,False,None,421,10100,10196,4.0,55.0
6579,13,1976,1993,18,5,3,,,0,0,0,,,False,Trigla lucerna,Osteichthyes,Marine,Multiple or International jurisdiction,Europe,Count,All Individuals,per hour,None,-1.0,18.0,1.0,False,None,421,10100,11112,4.0,55.0
6581,21,1973,1994,22,1,1,,,0,0,0,,,False,Echilichthys vipera,Osteichthyes,Marine,Multiple or International jurisdiction,Europe,Count,All Individuals,per hour,None,-1.0,22.0,1.0,False,None,421,10100,11101,4.0,55.0
6582,25,1970,1994,25,0,0,,,0,0,0,,,False,Trisopterus minutus,Osteichthyes,Marine,Multiple or International jurisdiction,Europe,Count,All Individuals,per hour,None,-1.0,25.0,1.0,False,None,421,10100,119,4.0,55.0
6583,25,1970,1994,25,0,0,1977.0,1977.0,0,0,0,,,False,Trisopterus luscus,Osteichthyes,Marine,Multiple or International jurisdiction,Europe,Count,All Individuals,per hour,None,-1.0,25.0,1.0,False,None,421,10100,118,4.0,55.0
6585,13,1971,1983,13,0,0,,,0,0,0,,,False,Cervus elaphus,Mammalia,Island,UK - Scotland,Europe,Count,Hinds > 1 yr old,Census,None,-1.0,13.0,1.0,False,None,422,10524,11119,-6.416666666666667,57.0
6588,22,1963,1992,30,8,0,,,0,0,0,,,False,Connochaetes taurinus,Mammalia,Grassland,Tanzania,Africa,Count,All Individuals,Census (estimated),None,-1.0,31.0,1.0,False,Wet season,306,1025,10705,35.53333333333333,-3.183333333333333
6589,16,1964,1992,29,13,0,,,0,0,0,,,False,Connochaetes taurinus,Mammalia,Grassland,Tanzania,Africa,Count,All Individuals,Census (estimated),None,-1.0,30.0,1.0,False,Dry season,306,1025,10705,35.53333333333333,-3.183333333333333
6590,20,1964,1992,29,9,3,,,0,0,0,,,False,Syncerus caffer,Mammalia,Grassland,Tanzania,Africa,Count,All Individuals,Census (estimated),None,-1.0,31.0,1.0,False,Wet season,306,1025,10706,35.53333333333333,-3.183333333333333
6591,14,1969,1992,24,10,0,,,0,0,0,,,False,Syncerus caffer,Mammalia,Grassland,Tanzania,Africa,Count,All Individuals,Census (estimated),None,-1.0,31.0,1.0,False,Dry season,306,1025,10706,35.53333333333333,-3.183333333333333
6592,15,1951,1965,15,0,1,,,0,0,0,,,False,Mirounga leonina,Mammalia,Island,Antarctica,Antarctica,Count,All Individuals,Sample,None,4.0,15.0,1.0,False,None,419,10523,11118,156.0,-54.0
6593,13,1985,1997,13,0,0,,,0,0,0,,,False,Danthonia montevidensis,Angiospermopsida (Monocotyledonae),Grassland,Argentina,South America,Percent cover,Basal area,Census,5m transect,4.0,13.0,1.0,False,Average value over four transects,433,10535,11122,-58.5,-36.0
6594,13,1985,1997,13,0,0,,,0,0,0,,,False,Chaetotropis lanceolata,Angiospermopsida (Monocotyledonae),Grassland,Argentina,South America,Percent cover,Basal area,Census,5m transect,4.0,13.0,1.0,False,Average value over four transects,433,10535,11123,-58.5,-36.0
6595,13,1985,1997,13,0,3,1992.0,1992.0,0,0,0,,,False,Distichlis scoparia,Angiospermopsida (Monocotyledonae),Grassland,Argentina,South America,Percent cover,Basal area,Census,5m transect,4.0,13.0,1.0,False,Average value over four transects,433,10535,11124,-58.5,-36.0
6596,13,1985,1997,13,0,0,,,0,0,0,,,False,Leersia hexandra,Angiospermopsida (Monocotyledonae),Grassland,Argentina,South America,Percent cover,Basal area,Census,5m transect,4.0,13.0,1.0,False,Average value over four transects,433,10535,11125,-58.5,-36.0
6597,13,1985,1997,13,0,0,,,0,0,0,,,False,Panicum gouinii,Angiospermopsida (Monocotyledonae),Grassland,Argentina,South America,Percent cover,Basal area,Census,5m transect,4.0,13.0,1.0,False,Average value over four transects,433,10535,11126,-58.5,-36.0
6598,13,1985,1997,13,0,0,1995.0,1995.0,0,0,0,,,False,Panicum milioides,Angiospermopsida (Monocotyledonae),Grassland,Argentina,South America,Percent cover,Basal area,Census,5m transect,4.0,13.0,1.0,False,Average value over four transects,433,10535,11127,-58.5,-36.0
6599,13,1985,1997,13,0,1,,,0,0,0,,,False,Paspalum dilatatum,Angiospermopsida (Monocotyledonae),Grassland,Argentina,South America,Percent cover,Basal area,Census,5m transect,4.0,13.0,1.0,False,Average value over four transects,433,10535,11128,-58.5,-36.0
6600,13,1985,1997,13,0,0,,,0,0,0,,,False,Paspalidium paludivagum,Angiospermopsida (Monocotyledonae),Grassland,Argentina,South America,Percent cover,Basal area,Census,5m transect,4.0,13.0,1.0,False,Average value over four transects,433,10535,11129,-58.5,-36.0
6601,13,1985,1997,13,0,3,,1997.0,0,0,0,,,False,Paspalum vaginatum,Angiospermopsida (Monocotyledonae),Grassland,Argentina,South America,Percent cover,Basal area,Census,5m transect,4.0,13.0,1.0,False,Average value over four transects,433,10535,11130,-58.5,-36.0
6602,13,1985,1997,13,0,1,,1997.0,0,0,0,,,False,Setaria parviflora,Angiospermopsida (Monocotyledonae),Grassland,Argentina,South America,Percent cover,Basal area,Census,5m transect,4.0,13.0,1.0,False,Average value over four transects,433,10535,11131,-58.5,-36.0
6603,13,1985,1997,13,0,4,1994.0,1994.0,0,0,0,,,False,Carex bonariensis,Angiospermopsida (Monocotyledonae),Grassland,Argentina,South America,Percent cover,Basal area,Census,5m transect,4.0,13.0,1.0,False,Average value over four transects,433,10535,11132,-58.5,-36.0
6604,13,1985,1997,13,0,0,,,0,0,0,,,False,Eleocharis viridans,Angiospermopsida (Monocotyledonae),Grassland,Argentina,South America,Percent cover,Basal area,Census,5m transect,4.0,13.0,1.0,False,Average value over four transects,433,10535,11133,-58.5,-36.0
6605,13,1985,1997,13,0,2,,,0,0,0,,,False,Juncus microcephalus,Angiospermopsida (Monocotyledonae),Grassland,Argentina,South America,Percent cover,Basal area,Census,5m transect,4.0,13.0,1.0,False,Average value over four transects,433,10535,11134,-58.5,-36.0
6606,13,1985,1997,13,0,3,1994.0,1994.0,0,0,0,,,False,Sisyrinchium platense,Unknown,Grassland,Argentina,South America,Percent cover,Basal area,Census,5m transect,4.0,13.0,1.0,False,Average value over four transects,433,10535,11135,-58.5,-36.0
6607,13,1985,1997,13,0,0,,,0,0,0,,,False,Eryngium ebracteatum,Angiospermopsida (Dicotyledoneae),Grassland,Argentina,South America,Percent cover,Basal area,Census,5m transect,4.0,13.0,1.0,False,Average value over four transects,433,10535,11136,-58.5,-36.0
6608,13,1985,1997,13,0,0,,,0,0,0,,,False,Eryngium echinatum,Angiospermopsida (Dicotyledoneae),Grassland,Argentina,South America,Percent cover,Basal area,Census,5m transect,4.0,13.0,1.0,False,Average value over four transects,433,10535,11137,-58.5,-36.0
6609,13,1985,1997,13,0,0,1994.0,1994.0,0,0,0,,,False,Leontodon saxatilis,Angiospermopsida (Dicotyledoneae),Grassland,Argentina,South America,Percent cover,Basal area,Census,5m transect,4.0,13.0,1.0,False,Average value over four transects,433,10535,11138,-58.5,-36.0
6610,13,1985,1997,13,0,0,,,0,0,0,,,False,Mentha pulegium,Angiospermopsida (Dicotyledoneae),Grassland,Argentina,South America,Percent cover,Basal area,Census,5m transect,4.0,13.0,1.0,False,Average value over four transects,433,10535,11139,-58.5,-36.0
6611,13,1985,1997,13,0,4,1994.0,1994.0,0,0,0,,,False,Oxalis cordobensis,Angiospermopsida (Dicotyledoneae),Grassland,Argentina,South America,Percent cover,Basal area,Census,5m transect,4.0,13.0,1.0,False,Average value over four transects,433,10535,11140,-58.5,-36.0
6612,13,1985,1997,13,0,0,,,0,0,0,,,False,Phyla canescens,Angiospermopsida (Dicotyledoneae),Grassland,Argentina,South America,Percent cover,Basal area,Census,5m transect,4.0,13.0,1.0,False,Average value over four transects,433,10535,11141,-58.5,-36.0
6613,13,1985,1997,13,0,4,1993.0,1993.0,0,0,0,,,False,Plantago lanceolata,Angiospermopsida (Dicotyledoneae),Grassland,Argentina,South America,Percent cover,Basal area,Census,5m transect,4.0,13.0,1.0,False,Average value over four transects,433,10535,11142,-58.5,-36.0
6614,13,1985,1997,13,0,0,,,0,0,0,,,False,Aster squamatus,Angiospermopsida (Dicotyledoneae),Grassland,Argentina,South America,Percent cover,Basal area,Census,5m transect,4.0,13.0,1.0,False,Average value over four transects,433,10535,11143,-58.5,-36.0
6615,13,1985,1997,13,0,3,1993.0,1993.0,0,0,0,,,False,Spilanthes stolonifera,Angiospermopsida (Dicotyledoneae),Grassland,Argentina,South America,Percent cover,Basal area,Census,5m transect,4.0,13.0,1.0,False,Average value over four transects,433,10535,11144,-58.5,-36.0
6616,9,1989,1997,9,0,0,,1997.0,0,0,0,,,False,Ambrosia tenuifolia,Angiospermopsida (Dicotyledoneae),Grassland,Argentina,South America,Percent cover,Basal area,Census,5m transect,4.0,9.0,1.0,False,Average value over four transects,433,10536,11145,-58.5,-36.0
6617,9,1989,1997,9,0,0,,,0,0,0,,,False,Eryngium ebracteatum,Angiospermopsida (Dicotyledoneae),Grassland,Argentina,South America,Percent cover,Basal area,Census,5m transect,4.0,9.0,1.0,False,Average value over four transects,433,10536,11136,-58.5,-36.0
6618,9,1989,1997,9,0,0,,1997.0,0,0,0,,,False,Eryngium echinatum,Angiospermopsida (Dicotyledoneae),Grassland,Argentina,South America,Percent cover,Basal area,Census,5m transect,4.0,9.0,1.0,False,Average value over four transects,433,10536,11137,-58.5,-36.0
6619,9,1989,1997,9,0,0,,,0,0,0,,,False,Phyla canescens,Angiospermopsida (Dicotyledoneae),Grassland,Argentina,South America,Percent cover,Basal area,Census,5m transect,4.0,9.0,1.0,False,Average value over four transects,433,10536,11141,-58.5,-36.0
6620,9,1989,1997,9,0,0,,,0,0,0,,,False,Leontodon saxatilis,Angiospermopsida (Dicotyledoneae),Grassland,Argentina,South America,Percent cover,Basal area,Census,5m transect,4.0,9.0,1.0,False,Average value over four transects,433,10536,11138,-58.5,-36.0
6621,9,1989,1997,9,0,0,,,0,0,0,,,False,Mentha pulegium,Angiospermopsida (Dicotyledoneae),Grassland,Argentina,South America,Percent cover,Basal area,Census,5m transect,4.0,9.0,1.0,False,Average value over four transects,433,10536,11139,-58.5,-36.0
6622,9,1989,1997,9,0,0,1994.0,1994.0,0,0,0,,,False,Plantago lanceolata,Angiospermopsida (Dicotyledoneae),Grassland,Argentina,South America,Percent cover,Basal area,Census,5m transect,4.0,9.0,1.0,False,Average value over four transects,433,10536,11142,-58.5,-36.0
6623,9,1989,1997,9,0,0,,,0,0,0,,,False,Chaetotropis lanceolata,Angiospermopsida (Monocotyledonae),Grassland,Argentina,South America,Percent cover,Basal area,Census,5m transect,4.0,9.0,1.0,False,Average value over four transects,433,10536,11123,-58.5,-36.0
6624,9,1989,1997,9,0,0,,,0,0,0,,,False,Distichlis scoparia,Angiospermopsida (Monocotyledonae),Grassland,Argentina,South America,Percent cover,Basal area,Census,5m transect,4.0,9.0,1.0,False,Average value over four transects,433,10536,11124,-58.5,-36.0
6625,9,1989,1997,9,0,0,,,0,0,0,,,False,Leersia hexandra,Angiospermopsida (Monocotyledonae),Grassland,Argentina,South America,Percent cover,Basal area,Census,5m transect,4.0,9.0,1.0,False,Average value over four transects,433,10536,11125,-58.5,-36.0
6626,9,1989,1997,9,0,0,,,0,0,0,,,False,Panicum gouinii,Angiospermopsida (Monocotyledonae),Grassland,Argentina,South America,Percent cover,Basal area,Census,5m transect,4.0,9.0,1.0,False,Average value over four transects,433,10536,11126,-58.5,-36.0
6627,9,1989,1997,9,0,0,,,0,0,0,,,False,Paspalidium paludivagum,Angiospermopsida (Monocotyledonae),Grassland,Argentina,South America,Percent cover,Basal area,Census,5m transect,4.0,9.0,1.0,False,Average value over four transects,433,10536,11129,-58.5,-36.0
6628,9,1989,1997,9,0,0,,,0,0,0,,,False,Paspalum vaginatum,Angiospermopsida (Monocotyledonae),Grassland,Argentina,South America,Percent cover,Basal area,Census,5m transect,4.0,9.0,1.0,False,Average value over four transects,433,10536,11130,-58.5,-36.0
6629,9,1989,1997,9,0,0,,,0,0,0,,,False,Setaria parviflora,Angiospermopsida (Monocotyledonae),Grassland,Argentina,South America,Percent cover,Basal area,Census,5m transect,4.0,9.0,1.0,False,Average value over four transects,433,10536,11131,-58.5,-36.0
6630,9,1989,1997,9,0,0,,,0,0,0,,,False,Stenotaphrum secundatum,Angiospermopsida (Monocotyledonae),Grassland,Argentina,South America,Percent cover,Basal area,Census,5m transect,4.0,9.0,1.0,False,Average value over four transects,433,10536,11146,-58.5,-36.0
6631,9,1989,1997,9,0,0,,,0,0,0,,,False,Sisyrinchium platense,Unknown,Grassland,Argentina,South America,Percent cover,Basal area,Census,5m transect,4.0,9.0,1.0,False,Average value over four transects,433,10536,11135,-58.5,-36.0
6632,17,1960,1987,28,11,0,,,0,0,0,,,False,Melospiza melodia,Aves,Island,Canada,North America,Count,Breeding females,Sample,None,3.0,28.0,1.0,False,Supplemental food given to 22% of population in 1985.,424,10526,191,-123.33333333333333,48.583333333333336
6633,36,1949,1984,36,0,0,,,2,0,2,1978.0,1979.0,False,Rissa tridactyla,Aves,Unspecified habitat or no information,UK - England,Europe,Count,Breeding individuals,Census (estimated),None,4.0,36.0,1.0,False,None,423,10525,11116,-1.6,54.81666666666667
6634,17,1964,1985,22,5,0,,,0,0,0,,,False,Aleurotrachelus jelinekii,Insecta,Specified plants as habitat,UK - England,Europe,Count,Eggs,per leaf,None,3.0,22.0,1.0,False,None,425,10527,11120,-0.6416666666666667,51.40416666666667
6636,10,1978,1987,10,0,0,,,0,0,0,,,False,Paspalum dilatatum,Angiospermopsida (Monocotyledonae),Island,Ecuador,South America,Count,Adults,Sample,per hectare,4.0,10.0,1.0,False,None,430,10532,11128,-90.0,0.5
6637,17,1975,1991,17,0,0,,,0,0,0,,,False,Stenella attenuata,Mammalia,Marine,Multiple or International jurisdiction,Not applicable,Count,All Individuals,Census (estimated),None,2.0,17.0,1.0,False,None,429,10482,11162,-130.0,50.0
6638,14,1952,1965,14,0,0,,,0,0,0,,,False,Fringilla coelebs,Aves,Deciduous forest,UK - England,Europe,Count,Contacts,per hour,None,3.0,16.0,1.0,False,"Values entered are five-yearly averages, based on middle year. ie data for 1950-54 are entered for 1952",428,10530,232,-2.3333333333333335,52.36666666666667
6639,14,1952,1965,14,0,0,,,0,0,0,,,False,Anthus trivialis,Aves,Deciduous forest,UK - England,Europe,Count,Contacts,per hour,None,3.0,14.0,1.0,False,"Values entered are five-yearly averages, based on middle year. ie data for 1950-54 are entered for 1952",428,10530,11159,-2.3333333333333335,52.36666666666667
6640,14,1952,1965,14,0,0,,,0,0,0,,,False,Turdus merula,Aves,Deciduous forest,UK - England,Europe,Count,Contacts,per hour,None,3.0,14.0,1.0,False,"Values entered are five-yearly averages, based on middle year. ie data for 1950-54 are entered for 1952",428,10530,217,-2.3333333333333335,52.36666666666667
6641,14,1952,1965,14,0,0,,,0,0,0,,,False,Fringilla coelebs,Aves,Deciduous forest,UK - England,Europe,Count,Contacts,per hour,None,3.0,14.0,1.0,False,"Values entered are five-yearly averages, based on middle year. ie data for 1950-54 are entered for 1952",428,10530,232,-2.3333333333333335,52.36666666666667
6642,14,1952,1965,14,0,0,,,0,0,0,,,False,Anthus trivialis,Aves,Deciduous forest,UK - England,Europe,Count,Contacts,per hour,None,3.0,14.0,1.0,False,"Values entered are five-yearly averages, based on middle year. ie data for 1950-54 are entered for 1952",428,10530,11159,-2.3333333333333335,52.36666666666667
6643,11,1952,1962,11,0,0,,,0,0,0,,,False,Aegithalos caudatus,Aves,Deciduous forest,UK - England,Europe,Count,Contacts,per hour,None,3.0,11.0,1.0,False,"Values entered are five-yearly averages, based on middle year. ie data for 1950-54 are entered for 1952",428,10530,212,-2.3333333333333335,52.36666666666667
6644,14,1952,1965,14,0,0,,,0,0,0,,,False,Phylloscopus trochilus,Aves,Deciduous forest,UK - England,Europe,Count,Contacts,per hour,None,3.0,14.0,1.0,False,"Values entered are five-yearly averages, based on middle year. ie data for 1950-54 are entered for 1952",428,10530,223,-2.3333333333333335,52.36666666666667
6645,14,1952,1965,14,0,0,,,0,0,0,,,False,Phylloscopus sibilatrix,Aves,Deciduous forest,UK - England,Europe,Count,Contacts,per hour,None,3.0,14.0,1.0,False,"Values entered are five-yearly averages, based on middle year. ie data for 1950-54 are entered for 1952",428,10530,11160,-2.3333333333333335,52.36666666666667
6646,14,1952,1965,14,0,0,,,0,0,0,,,False,Phylloscopus collybita,Aves,Deciduous forest,UK - England,Europe,Count,Contacts,per hour,None,3.0,14.0,1.0,False,"Values entered are five-yearly averages, based on middle year. ie data for 1950-54 are entered for 1952",428,10530,224,-2.3333333333333335,52.36666666666667
6647,14,1952,1965,14,0,0,,,0,0,0,,,False,Parus major,Aves,Deciduous forest,UK - England,Europe,Count,Contacts,per hour,None,3.0,14.0,1.0,False,"Values entered are five-yearly averages, based on middle year. ie data for 1950-54 are entered for 1952",428,10530,207,-2.3333333333333335,52.36666666666667
6648,14,1952,1965,14,0,0,,,0,0,0,,,False,Parus caeruleus,Aves,Deciduous forest,UK - England,Europe,Count,Contacts,per hour,None,3.0,14.0,1.0,False,"Values entered are five-yearly averages, based on middle year. ie data for 1950-54 are entered for 1952",428,10530,208,-2.3333333333333335,52.36666666666667
6649,14,1952,1965,14,0,0,,,0,0,0,,,False,Parus afer,Aves,Deciduous forest,UK - England,Europe,Count,Contacts,per hour,None,3.0,14.0,1.0,False,"Values entered are five-yearly averages, based on middle year. ie data for 1950-54 are entered for 1952",428,10530,209,-2.3333333333333335,52.36666666666667
6650,14,1952,1965,14,0,0,,,0,0,0,,,False,Sylvia borin,Aves,Deciduous forest,UK - England,Europe,Count,Contacts,per hour,None,3.0,14.0,1.0,False,"Values entered are five-yearly averages, based on middle year. ie data for 1950-54 are entered for 1952",428,10530,221,-2.3333333333333335,52.36666666666667
6651,14,1952,1965,14,0,0,,,0,0,0,,,False,Sylvia communis,Aves,Deciduous forest,UK - England,Europe,Count,Contacts,per hour,None,3.0,14.0,1.0,False,"Values entered are five-yearly averages, based on middle year. ie data for 1950-54 are entered for 1952",428,10530,134,-2.3333333333333335,52.36666666666667
6652,14,1952,1965,14,0,0,,,0,0,0,,,False,Troglodytes troglodytes,Aves,Deciduous forest,UK - England,Europe,Count,Contacts,per hour,None,3.0,14.0,1.0,False,"Values entered are five-yearly averages, based on middle year. ie data for 1950-54 are entered for 1952",428,10530,132,-2.3333333333333335,52.36666666666667
6653,14,1952,1965,14,0,0,,,0,0,0,,,False,Erithacus rubecula,Aves,Deciduous forest,UK - England,Europe,Count,Contacts,per hour,None,3.0,14.0,1.0,False,"Values entered are five-yearly averages, based on middle year. ie data for 1950-54 are entered for 1952",428,10530,219,-2.3333333333333335,52.36666666666667
6654,13,1953,1965,13,0,0,,,0,0,0,,,False,Phoenicurus phoenicurus,Aves,Deciduous forest,UK - England,Europe,Count,Contacts,per hour,None,3.0,14.0,1.0,False,"Values entered are five-yearly averages, based on middle year. ie data for 1950-54 are entered for 1952",428,10530,11161,-2.3333333333333335,52.36666666666667
6655,14,1952,1965,14,0,0,,,0,0,0,,,False,Fringilla coelebs,Aves,Deciduous forest,UK - England,Europe,Count,Contacts,per hour,None,3.0,14.0,1.0,False,"Values entered are five-yearly averages, based on middle year. ie data for 1950-54 are entered for 1952",428,10530,232,-2.3333333333333335,52.36666666666667
6656,102,1892,1994,103,1,0,,,40,0,40,1921.0,1989.0,False,Pleuronectes platessa,Osteichthyes,Marine,Multiple or International jurisdiction,Europe,Harvest,Tonnes,Harvest,None,2.0,103.0,1.0,False,None,427,10100,111,4.0,55.0
6657,109,1867,1994,128,19,0,1906.0,1906.0,3,3,0,1903.0,1905.0,True,Pleuronectes platessa,Osteichthyes,Marine,Multiple or International jurisdiction,Europe,Harvest,Captured individuals,Harvest,None,2.0,128.0,1.0,False,None,427,10100,111,4.0,55.0
6658,12,1971,1984,14,2,0,,,0,0,0,,,False,Calyptorhynchus latirostris,Aves,Mixed habitat,Australia,Australia,Count,Nests,Census,None,4.0,14.0,1.0,False,None,432,10533,12084,118.91666666666667,-30.083333333333332
6659,11,1974,1984,11,0,0,,,0,0,0,,,False,Tragelaphus strepsiceros,Mammalia,Mixed habitat,South Africa,Africa,Count,All Individuals,Sample,per km^2,4.0,11.0,1.0,False,None,426,10528,11121,31.5,-24.0
6660,11,1974,1984,11,0,0,,,0,0,0,,,False,Tragelaphus strepsiceros,Mammalia,Grassland,South Africa,Africa,Count,All Individuals,Sample,per km^2,4.0,11.0,1.0,False,None,426,10529,11121,31.75,-24.833333333333332
6661,9,1977,1985,9,0,2,,1985.0,0,0,0,,,False,Lycaena phlaeas,Insecta,Grassland,UK - England,Europe,Count,All Individuals,Sample,Unknown,4.0,10.0,1.0,False,None,79,389,251,-0.7,51.61666666666667
6662,10,1976,1985,10,0,3,,,0,0,0,,,False,Vanessa cardui,Insecta,Mixed habitat,UK - England,Europe,Count,All Individuals,Sample,Unknown,4.0,10.0,1.0,False,None,79,406,248,-1.9666666666666668,50.65
6663,9,1977,1985,9,0,0,,,0,0,0,,,False,Aglais urticae,Insecta,Mixed habitat,UK - England,Europe,Count,All Individuals,Sample,Unknown,4.0,10.0,1.0,False,None,79,406,253,-1.9666666666666668,50.65
6664,10,1976,1985,10,0,0,,,0,0,0,,,False,Argynnis paphia,Insecta,Mixed habitat,UK - England,Europe,Count,All Individuals,Sample,Unknown,4.0,10.0,1.0,False,None,79,406,787,-1.9666666666666668,50.65
6666,10,1976,1985,10,0,0,,,0,0,0,,,False,Hipparchia semele,Insecta,Mixed habitat,UK - England,Europe,Count,All Individuals,Sample,Unknown,4.0,10.0,1.0,False,None,79,406,788,-1.9666666666666668,50.65
6667,10,1976,1985,10,0,0,,,0,0,0,,,False,Maniola jurtina,Insecta,Mixed habitat,UK - England,Europe,Count,All Individuals,Sample,Unknown,4.0,10.0,1.0,False,None,79,406,247,-1.9666666666666668,50.65
6668,16,1970,1985,16,0,0,,,0,0,0,,,False,Clethrionomys rufocanus bedfordiae,Mammalia,Mixed or unspecified forest,Japan,Asia,Count,All Individuals,Census,None,3.0,16.0,1.0,False,Average number of all vole populations in Hokkaido. Trapped voles per 150 trap nights in 87 populations.,434,10184,11147,142.0,44.5
6669,10,1966,1975,10,0,0,,,0,0,0,,,False,Zeiraphera diniana,Insecta,Coniferous forest,Switzerland,Europe,Not Specified,Not Specified,Not Specified,Not Specified,-1.0,10.0,1.0,False,None,56,355,727,8.183333333333334,47.38333333333333
6670,10,1901,1966,66,56,0,,,0,0,0,,,False,Larus argentatus,Aves,Coastal,USA,North America,Count,Breeding pairs,Census (estimated),None,2.0,66.0,1.0,False,None,435,10537,11148,-70.78333333333333,43.0
6671,9,1925,1965,41,32,0,,,0,0,0,,,False,Larus argentatus,Aves,Coastal,USA,North America,Count,Breeding pairs,Census (estimated),None,2.0,41.0,1.0,False,None,435,10537,11148,-70.78333333333333,43.0
6672,9,1925,1965,41,32,0,,,0,0,0,,,False,Larus marinus,Aves,Coastal,USA,North America,Count,Breeding pairs,Census (estimated),None,2.0,41.0,1.0,False,None,435,10537,11149,-70.78333333333333,43.0
6673,20,1963,1982,20,0,0,,,0,0,0,,,False,Turdus iliacus,Aves,Deciduous forest,Sweden,Europe,Index of territories,Territories,Census,per km^2,3.0,20.0,1.0,False,None,436,10538,11150,16.166666666666668,65.96666666666667
6674,20,1963,1982,20,0,0,,,0,0,0,,,False,Turdus pilaris,Aves,Deciduous forest,Sweden,Europe,Index of territories,Territories,Census,per km^2,3.0,20.0,1.0,False,None,436,10538,11151,16.166666666666668,65.96666666666667
6675,20,1963,1982,20,0,0,,,0,0,0,,,False,Turdus philomelos,Aves,Deciduous forest,Sweden,Europe,Index of territories,Territories,Census,per km^2,3.0,20.0,1.0,False,None,436,10538,216,16.166666666666668,65.96666666666667
6676,20,1963,1982,20,0,0,,,0,0,0,,,False,Phylloscopus trochilus,Aves,Deciduous forest,Sweden,Europe,Index of territories,Territories,Census,per km^2,3.0,20.0,1.0,False,None,436,10538,223,16.166666666666668,65.96666666666667
6677,20,1963,1982,20,0,0,,,0,0,0,,,False,Prunella modularis,Aves,Deciduous forest,Sweden,Europe,Index of territories,Territories,Census,per km^2,3.0,20.0,1.0,False,None,436,10538,69,16.166666666666668,65.96666666666667
6678,20,1963,1982,20,0,0,,,0,0,0,,,False,Emberiza schoeniclus,Aves,Deciduous forest,Sweden,Europe,Index of territories,Territories,Census,per km^2,3.0,20.0,1.0,False,None,436,10538,71,16.166666666666668,65.96666666666667
6679,20,1963,1982,20,0,0,,,0,0,0,,,False,Panicum gouinii,Angiospermopsida (Monocotyledonae),Deciduous forest,Sweden,Europe,Index of territories,Territories,Census,per km^2,3.0,20.0,1.0,False,None,436,10538,11126,16.166666666666668,65.96666666666667
6680,20,1963,1982,20,0,0,,,0,0,0,,,False,Panicum milioides,Angiospermopsida (Monocotyledonae),Deciduous forest,Sweden,Europe,Index of territories,Territories,Census,per km^2,3.0,20.0,1.0,False,None,436,10538,11127,16.166666666666668,65.96666666666667
6681,20,1963,1982,20,0,0,,1982.0,0,0,0,,,False,Sylvia borin,Aves,Deciduous forest,Sweden,Europe,Index of territories,Territories,Census,per km^2,3.0,20.0,1.0,False,None,436,10538,221,16.166666666666668,65.96666666666667
6682,20,1963,1982,20,0,0,,,0,0,0,,,False,Luscinia svecica,Aves,Deciduous forest,Sweden,Europe,Index of territories,Territories,Census,per km^2,3.0,20.0,1.0,False,None,436,10538,11152,16.166666666666668,65.96666666666667
6683,20,1963,1982,20,0,1,,,0,0,0,,,False,Fringilla coelebs,Aves,Deciduous forest,Sweden,Europe,Index of territories,Territories,Census,per km^2,3.0,20.0,1.0,False,None,436,10538,232,16.166666666666668,65.96666666666667
6684,20,1963,1982,20,0,0,,,0,0,0,,,False,Muscicapa striata,Aves,Deciduous forest,Sweden,Europe,Index of territories,Territories,Census,per km^2,3.0,20.0,1.0,False,None,436,10538,226,16.166666666666668,65.96666666666667
6685,20,1963,1982,20,0,0,,,0,0,0,,,False,Parus montanus,Aves,Deciduous forest,Sweden,Europe,Index of territories,Territories,Census,per km^2,3.0,20.0,1.0,False,None,436,10538,211,16.166666666666668,65.96666666666667
6686,20,1963,1982,20,0,0,,,0,0,0,,,False,Ficedula hypoleuca,Aves,Deciduous forest,Sweden,Europe,Index of territories,Territories,Census,per km^2,3.0,20.0,1.0,False,None,436,10538,730,16.166666666666668,65.96666666666667
6687,20,1963,1982,20,0,0,,,0,0,0,,,False,Fringilla montifringilla,Aves,Deciduous forest,Sweden,Europe,Index of territories,Territories,Census,per km^2,3.0,20.0,1.0,False,None,436,10538,11153,16.166666666666668,65.96666666666667
6688,20,1963,1982,20,0,0,,,0,0,0,,,False,Carduelis flammea,Aves,Deciduous forest,Sweden,Europe,Index of territories,Territories,Census,per km^2,3.0,20.0,1.0,False,None,436,10538,230,16.166666666666668,65.96666666666667
6689,9,1961,1969,9,0,0,,,0,0,0,,,False,Parus major,Aves,Deciduous forest,UK - England,Europe,Count,Pairs,Sample,per hectare,3.0,9.0,1.0,False,None,437,8,207,-1.3333333333333333,51.7
6690,9,1961,1969,9,0,0,,,0,0,0,,,False,Parus caeruleus,Aves,Deciduous forest,UK - England,Europe,Count,Pairs,Sample,per hectare,3.0,9.0,1.0,False,None,437,8,208,-1.3333333333333333,51.7
6692,12,1954,1965,12,0,0,,,0,0,0,,,False,Peromyscus maniculatus,Mammalia,Mixed or unspecified forest,USA,North America,Count,All Individuals,Census (estimated),None,2.0,12.0,1.0,False,None,438,10539,427,-122.0,44.0
6693,12,1954,1965,12,0,0,,,0,0,0,,,False,Peromyscus maniculatus,Mammalia,Mixed or unspecified forest,USA,North America,Count,All Individuals,Census (estimated),None,2.0,12.0,1.0,False,None,438,10539,427,-122.0,44.0
6694,11,1955,1965,11,0,0,,,0,0,0,,,False,Peromyscus maniculatus,Mammalia,Coniferous forest,USA,North America,Count,All Individuals,Census (estimated),None,2.0,11.0,1.0,False,None,438,10539,427,-122.0,44.0
6695,12,1954,1965,12,0,0,,,0,0,0,,,False,Peromyscus maniculatus,Mammalia,Coniferous forest,USA,North America,Count,All Individuals,Census (estimated),None,2.0,12.0,1.0,False,None,438,10539,427,-122.0,44.0
6696,12,1954,1965,12,0,0,,,0,0,0,,,False,Tamias townsendii,Mammalia,Coniferous forest,USA,North America,Count,All Individuals,Census (estimated),None,2.0,12.0,1.0,False,None,438,10539,11154,-122.0,44.0
6697,12,1954,1965,12,0,0,,,0,0,0,,,False,Tamias townsendii,Mammalia,Mixed or unspecified forest,USA,North America,Count,All Individuals,Census (estimated),None,2.0,12.0,1.0,False,None,438,10539,11154,-122.0,44.0
6698,12,1954,1965,12,0,6,1964.0,1964.0,0,0,0,,,False,Microtus oregoni,Mammalia,Mixed or unspecified forest,USA,North America,Count,All Individuals,per 6 trap nights,None,4.0,12.0,1.0,False,None,438,10539,11155,-122.0,44.0
6699,11,1955,1965,11,0,1,,,0,0,0,,,False,Microtus oregoni,Mammalia,Mixed or unspecified forest,USA,North America,Count,All Individuals,per 6 trap nights,None,4.0,11.0,1.0,False,None,438,10539,11155,-122.0,44.0
6700,11,1955,1965,11,0,9,,,0,0,0,,,False,Microtus oregoni,Mammalia,Coniferous forest,USA,North America,Count,All Individuals,per 6 trap nights,None,4.0,11.0,1.0,False,None,438,10539,11155,-122.0,44.0
6701,12,1954,1965,12,0,4,,,0,0,0,,,False,Microtus oregoni,Mammalia,Coniferous forest,USA,North America,Count,All Individuals,per 6 trap nights,None,4.0,12.0,1.0,False,None,438,10539,11155,-122.0,44.0
6702,10,1955,1964,10,0,0,1961.0,1961.0,0,0,0,,,False,Clethrionomys rufocanus bedfordiae,Mammalia,Coniferous forest,USA,North America,Count,All Individuals,per 6 trap nights,None,4.0,11.0,1.0,False,None,438,10539,11147,-122.0,44.0
6703,13,1954,1966,13,0,2,1960.0,1960.0,0,0,0,,,False,Clethrionomys rufocanus bedfordiae,Mammalia,Coniferous forest,USA,North America,Count,All Individuals,per 6 trap nights,None,4.0,13.0,1.0,False,None,438,10539,11147,-122.0,44.0
6704,11,1954,1964,11,0,6,,,0,0,0,,,False,Sorex trowbridgii,Mammalia,Mixed or unspecified forest,USA,North America,Count,All Individuals,per 6 trap nights,None,4.0,11.0,1.0,False,None,438,10539,11156,-122.0,44.0
6705,13,1954,1966,13,0,7,,1966.0,0,0,0,,,False,Sorex trowbridgii,Mammalia,Mixed or unspecified forest,USA,North America,Count,All Individuals,per 6 trap nights,None,4.0,13.0,1.0,False,None,438,10539,11156,-122.0,44.0
6706,11,1955,1965,11,0,4,,,0,0,0,,,False,Sorex trowbridgii,Mammalia,Coniferous forest,USA,North America,Count,All Individuals,per 6 trap nights,None,4.0,12.0,1.0,False,None,438,10539,11156,-122.0,44.0
6707,11,1954,1965,12,1,5,,1965.0,0,0,0,,,False,Sorex trowbridgii,Mammalia,Coniferous forest,USA,North America,Count,All Individuals,per 6 trap nights,None,4.0,12.0,1.0,False,None,438,10539,11156,-122.0,44.0
6708,12,1954,1965,12,0,9,,,0,0,0,,,False,Sorex vagrans,Mammalia,Mixed or unspecified forest,USA,North America,Count,All Individuals,per 6 trap nights,None,4.0,12.0,1.0,False,None,438,10539,11157,-122.0,44.0
6709,12,1954,1965,12,0,9,,,0,0,0,,,False,Sorex vagrans,Mammalia,Mixed or unspecified forest,USA,North America,Count,All Individuals,per 6 trap nights,None,4.0,12.0,1.0,False,None,438,10539,11157,-122.0,44.0
6710,12,1954,1965,12,0,7,,,0,0,0,,,False,Sorex vagrans,Mammalia,Coniferous forest,USA,North America,Count,All Individuals,per 6 trap nights,None,4.0,12.0,1.0,False,None,438,10539,11157,-122.0,44.0
6711,12,1954,1965,12,0,3,,,0,0,0,,,False,Sorex vagrans,Mammalia,Coniferous forest,USA,North America,Count,All Individuals,per 6 trap nights,None,4.0,12.0,1.0,False,None,438,10539,11157,-122.0,44.0
6712,12,1954,1965,12,0,10,,,0,0,0,,,False,Clethrionomys rufocanus bedfordiae,Mammalia,Mixed or unspecified forest,USA,North America,Count,All Individuals,per 6 trap nights,None,4.0,12.0,1.0,False,None,438,10539,11147,-122.0,44.0
6713,19,1959,1977,19,0,0,1970.0,1970.0,0,0,0,,,False,Microtus californicus,Mammalia,Grassland,USA,North America,Count,All Individuals,Sample,None,3.0,19.0,1.0,False,None,439,10502,11093,-123.33333333333333,39.0
6714,19,1959,1977,19,0,0,,1977.0,0,0,0,,,False,Microtus californicus,Mammalia,Grassland,USA,North America,Count,All Individuals,Sample,None,3.0,19.0,1.0,False,None,439,10501,11093,-123.33333333333333,39.0
6715,18,1971,1988,18,0,1,,,0,0,0,,,False,Clethrionomys glareolus,Mammalia,Mixed or unspecified forest,Sweden,Europe,Count,All Individuals,per 100 trap nights,None,3.0,18.0,1.0,False,Sampled in late May,440,10540,51,20.25,63.833333333333336
6716,17,1972,1988,17,0,3,1985.0,1985.0,0,0,0,,,False,Clethrionomys glareolus,Mammalia,Mixed or unspecified forest,Sweden,Europe,Count,All Individuals,per 100 trap nights,None,3.0,17.0,1.0,False,Sampled in late September,440,10540,51,20.25,63.833333333333336
6717,18,1971,1988,18,0,1,1986.0,1986.0,0,0,0,,,False,Clethrionomys rufocanus,Mammalia,Mixed or unspecified forest,Sweden,Europe,Count,All Individuals,per 100 trap nights,None,3.0,18.0,1.0,False,Sampled in late May,440,10540,393,20.25,63.833333333333336
6718,17,1972,1988,17,0,6,1979.0,1979.0,0,0,0,,,False,Clethrionomys rufocanus,Mammalia,Mixed or unspecified forest,Sweden,Europe,Count,All Individuals,per 100 trap nights,None,3.0,17.0,1.0,False,Sampled in late September,440,10540,393,20.25,63.833333333333336
6719,18,1971,1988,18,0,4,1979.0,1979.0,0,0,0,,,False,Microtus agrestis,Mammalia,Mixed or unspecified forest,Sweden,Europe,Count,All Individuals,per 100 trap nights,None,3.0,18.0,1.0,False,Sampled in late May,440,10540,390,20.25,63.833333333333336
6720,17,1972,1988,17,0,7,,,0,0,0,,,False,Microtus agrestis,Mammalia,Mixed or unspecified forest,Sweden,Europe,Count,All Individuals,per 100 trap nights,None,3.0,17.0,1.0,False,Sampled in late September,440,10540,390,20.25,63.833333333333336
6721,10,1963,1972,10,0,1,,,0,0,0,,,False,Marmota flaviventris,Mammalia,Unspecified habitat or no information,USA,North America,Count,Adults,Sample,None,3.0,10.0,1.0,False,None,441,10541,11158,-107.0,38.75
6722,11,1962,1972,11,0,0,,,0,0,0,,,False,Marmota flaviventris,Mammalia,Unspecified habitat or no information,USA,North America,Count,Adults,Sample,None,3.0,11.0,1.0,False,None,441,10541,11158,-107.0,38.75
6723,11,1962,1972,11,0,0,,,0,0,0,,,False,Marmota flaviventris,Mammalia,Unspecified habitat or no information,USA,North America,Count,Adults,Sample,None,3.0,11.0,1.0,False,None,441,10541,11158,-107.0,38.75
6724,11,1962,1972,11,0,0,,,0,0,0,,,False,Marmota flaviventris,Mammalia,Unspecified habitat or no information,USA,North America,Count,Adults,Sample,None,3.0,11.0,1.0,False,None,441,10541,11158,-107.0,38.75
6725,10,1960,1971,12,2,0,,,0,0,0,,,False,Buteo lineatus,Aves,Mixed habitat,USA,North America,Count,Pairs,Census,None,2.0,12.0,1.0,False,None,442,10542,762,-77.11666666666666,39.46666666666667
6726,10,1980,1989,10,0,0,,,0,0,0,,,False,Parus atricapillus,Aves,Limnetic,USA,North America,Count,All Individuals,Sample,None,3.0,10.0,1.0,False,None,443,10543,192,-72.58333333333333,42.233333333333334
6727,10,1980,1989,10,0,0,,,0,0,0,,,False,Parus atricapillus,Aves,Limnetic,USA,North America,Count,Breeding pairs,Sample,None,3.0,10.0,1.0,False,None,443,10543,192,-72.58333333333333,42.233333333333334
6728,16,1969,1984,16,0,0,,,0,0,0,,,False,Setophaga ruticilla,Aves,Mixed or unspecified forest,USA,North America,Count,Adults,Sample,per hectare,4.0,16.0,1.0,False,"Census methods used: (1) Timed censuses, two observers moved at 50m/6 min along transect lines, 100m apart, and recorded all birds seen or heard within 50m on either side of the line, (2) Territory mapping, (3) Mist-net captures and (4) detaile observations.",16,96,137,-71.75,44.0
6729,16,1969,1984,16,0,2,1981.0,1981.0,0,0,0,,,False,Empidonax minimus,Aves,Mixed or unspecified forest,USA,North America,Count,Adults,Sample,per hectare,4.0,16.0,1.0,False,"Census methods used: (1) Timed censuses, two observers moved at 50m/6 min along transect lines, 100m apart, and recorded all birds seen or heard within 50m on either side of the line, (2) Territory mapping, (3) Mist-net captures and (4) detaile observations.",16,96,138,-71.75,44.0
6730,16,1969,1984,16,0,0,,,0,0,0,,,False,Vireo olivaceus,Aves,Mixed or unspecified forest,USA,North America,Count,Adults,Sample,per hectare,4.0,16.0,1.0,False,"Census methods used: (1) Timed censuses, two observers moved at 50m/6 min along transect lines, 100m apart, and recorded all birds seen or heard within 50m on either side of the line, (2) Territory mapping, (3) Mist-net captures and (4) detaile observations.",16,96,139,-71.75,44.0
6731,16,1969,1984,16,0,2,1983.0,1983.0,0,0,0,,,False,Vireo philadelphicus,Aves,Mixed or unspecified forest,USA,North America,Count,Adults,Sample,per hectare,4.0,16.0,1.0,False,"Census methods used: (1) Timed censuses, two observers moved at 50m/6 min along transect lines, 100m apart, and recorded all birds seen or heard within 50m on either side of the line, (2) Territory mapping, (3) Mist-net captures and (4) detaile observations.",16,96,140,-71.75,44.0
6732,16,1969,1984,16,0,0,,,0,0,0,,,False,Piranga olivacea,Aves,Mixed or unspecified forest,USA,North America,Count,Adults,Sample,per hectare,4.0,16.0,1.0,False,"Census methods used: (1) Timed censuses, two observers moved at 50m/6 min along transect lines, 100m apart, and recorded all birds seen or heard within 50m on either side of the line, (2) Territory mapping, (3) Mist-net captures and (4) detaile observations.",16,96,143,-71.75,44.0
6733,16,1969,1984,16,0,0,,,0,0,0,,,False,Pheucticus melanocephalus,Aves,Mixed or unspecified forest,USA,North America,Count,Adults,Sample,per hectare,4.0,16.0,1.0,False,"Census methods used: (1) Timed censuses, two observers moved at 50m/6 min along transect lines, 100m apart, and recorded all birds seen or heard within 50m on either side of the line, (2) Territory mapping, (3) Mist-net captures and (4) detaile observations.",16,96,144,-71.75,44.0
6734,16,1969,1984,16,0,0,,,0,0,0,,,False,Dendroica virens,Aves,Mixed or unspecified forest,USA,North America,Count,Adults,Sample,per hectare,4.0,16.0,1.0,False,"Census methods used: (1) Timed censuses, two observers moved at 50m/6 min along transect lines, 100m apart, and recorded all birds seen or heard within 50m on either side of the line, (2) Territory mapping, (3) Mist-net captures and (4) detaile observations.",16,96,145,-71.75,44.0
6735,16,1969,1984,16,0,0,,,0,0,0,,,False,Dendroica caerulescens,Aves,Mixed or unspecified forest,USA,North America,Count,Adults,Sample,per hectare,4.0,16.0,1.0,False,"Census methods used: (1) Timed censuses, two observers moved at 50m/6 min along transect lines, 100m apart, and recorded all birds seen or heard within 50m on either side of the line, (2) Territory mapping, (3) Mist-net captures and (4) detaile observations.",16,96,146,-71.75,44.0
6736,16,1969,1984,16,0,0,1978.0,1978.0,0,0,0,,,False,Dendroica fusca,Aves,Mixed or unspecified forest,USA,North America,Count,Adults,Sample,per hectare,4.0,16.0,1.0,False,"Census methods used: (1) Timed censuses, two observers moved at 50m/6 min along transect lines, 100m apart, and recorded all birds seen or heard within 50m on either side of the line, (2) Territory mapping, (3) Mist-net captures and (4) detaile observations.",16,96,147,-71.75,44.0
6737,16,1969,1984,16,0,0,,,0,0,0,,,False,Catharus ustulatus,Aves,Mixed or unspecified forest,USA,North America,Count,Adults,Sample,per hectare,4.0,16.0,1.0,False,"Census methods used: (1) Timed censuses, two observers moved at 50m/6 min along transect lines, 100m apart, and recorded all birds seen or heard within 50m on either side of the line, (2) Territory mapping, (3) Mist-net captures and (4) detaile observations.",16,96,148,-71.75,44.0
6738,16,1969,1984,16,0,0,,,0,0,0,,,False,Hylocichla mustelina,Aves,Mixed or unspecified forest,USA,North America,Count,Adults,Sample,per hectare,4.0,16.0,1.0,False,"Census methods used: (1) Timed censuses, two observers moved at 50m/6 min along transect lines, 100m apart, and recorded all birds seen or heard within 50m on either side of the line, (2) Territory mapping, (3) Mist-net captures and (4) detaile observations.",16,96,149,-71.75,44.0
6739,16,1969,1984,16,0,0,,,0,0,0,,,False,Catharus fuscescens,Aves,Mixed or unspecified forest,USA,North America,Count,Adults,Sample,per hectare,4.0,16.0,1.0,False,"Census methods used: (1) Timed censuses, two observers moved at 50m/6 min along transect lines, 100m apart, and recorded all birds seen or heard within 50m on either side of the line, (2) Territory mapping, (3) Mist-net captures and (4) detaile observations.",16,96,150,-71.75,44.0
6740,16,1969,1984,16,0,6,1978.0,1978.0,0,0,0,,,False,Junco hyemalis,Aves,Mixed or unspecified forest,USA,North America,Count,Adults,Sample,per hectare,4.0,16.0,1.0,False,"Census methods used: (1) Timed censuses, two observers moved at 50m/6 min along transect lines, 100m apart, and recorded all birds seen or heard within 50m on either side of the line, (2) Territory mapping, (3) Mist-net captures and (4) detaile observations.",16,96,151,-71.75,44.0
6741,16,1969,1984,16,0,1,,,0,0,0,,,False,Catharus guttatus,Aves,Mixed or unspecified forest,USA,North America,Count,Adults,Sample,per hectare,4.0,16.0,1.0,False,"Census methods used: (1) Timed censuses, two observers moved at 50m/6 min along transect lines, 100m apart, and recorded all birds seen or heard within 50m on either side of the line, (2) Territory mapping, (3) Mist-net captures and (4) detaile observations.",16,96,152,-71.75,44.0
6742,16,1969,1984,16,0,0,,,0,0,0,,,False,Seiurus aurocapillus,Aves,Mixed or unspecified forest,USA,North America,Count,Adults,Sample,per hectare,4.0,16.0,1.0,False,"Census methods used: (1) Timed censuses, two observers moved at 50m/6 min along transect lines, 100m apart, and recorded all birds seen or heard within 50m on either side of the line, (2) Territory mapping, (3) Mist-net captures and (4) detaile observations.",16,96,153,-71.75,44.0
6743,16,1969,1984,16,0,5,1978.0,1978.0,0,0,0,,,False,Troglodytes troglodytes,Aves,Mixed or unspecified forest,USA,North America,Count,Adults,Sample,per hectare,4.0,16.0,1.0,False,"Census methods used: (1) Timed censuses, two observers moved at 50m/6 min along transect lines, 100m apart, and recorded all birds seen or heard within 50m on either side of the line, (2) Territory mapping, (3) Mist-net captures and (4) detaile observations.",16,96,132,-71.75,44.0
6744,16,1969,1984,16,0,1,,,0,0,0,,,False,Picoides pubescens,Aves,Mixed or unspecified forest,USA,North America,Count,Adults,Sample,per hectare,4.0,16.0,1.0,False,"Census methods used: (1) Timed censuses, two observers moved at 50m/6 min along transect lines, 100m apart, and recorded all birds seen or heard within 50m on either side of the line, (2) Territory mapping, (3) Mist-net captures and (4) detaile observations.",16,96,169,-71.75,44.0
6745,16,1969,1984,16,0,0,,,0,0,0,,,False,Picoides villosus,Aves,Mixed or unspecified forest,USA,North America,Count,Adults,Sample,per hectare,4.0,16.0,1.0,False,"Census methods used: (1) Timed censuses, two observers moved at 50m/6 min along transect lines, 100m apart, and recorded all birds seen or heard within 50m on either side of the line, (2) Territory mapping, (3) Mist-net captures and (4) detaile observations.",16,96,168,-71.75,44.0
6747,13,1955,1967,13,0,0,1960.0,1960.0,0,0,0,,,False,Clethrionomys gapperi,Mammalia,Mixed or unspecified forest,USA,North America,Count,All Individuals,Sample,None,3.0,13.0,1.0,False,None,449,10547,11168,-91.83333333333333,47.833333333333336
6748,13,1955,1967,13,0,3,1964.0,1964.0,0,0,0,,,False,Peromyscus maniculatus,Mammalia,Mixed or unspecified forest,USA,North America,Count,All Individuals,Sample,None,3.0,13.0,1.0,False,None,449,10547,427,-91.83333333333333,47.833333333333336
6749,13,1955,1967,13,0,0,,,0,0,0,,,False,Microtus pennsylvanicus,Mammalia,Mixed or unspecified forest,USA,North America,Count,All Individuals,Sample,None,3.0,13.0,1.0,False,None,449,10547,11169,-91.83333333333333,47.833333333333336
6750,13,1955,1967,13,0,0,1962.0,1962.0,0,0,0,,,False,Tamias striatus,Mammalia,Mixed or unspecified forest,USA,North America,Count,All Individuals,Sample,None,3.0,13.0,1.0,False,None,449,10547,11170,-91.83333333333333,47.833333333333336
6751,13,1955,1967,13,0,0,,,0,0,0,,,False,Sorex cinereus,Mammalia,Mixed or unspecified forest,USA,North America,Count,All Individuals,Sample,None,3.0,13.0,1.0,False,None,449,10547,11171,-91.83333333333333,47.833333333333336
6752,13,1955,1967,13,0,0,1960.0,1960.0,0,0,0,,,False,Clethrionomys gapperi,Mammalia,Mixed or unspecified forest,USA,North America,Count,All Individuals,Sample,None,3.0,13.0,1.0,False,None,449,10548,11168,-91.83333333333333,47.833333333333336
6753,13,1955,1967,13,0,0,1962.0,1962.0,0,0,0,,,False,Peromyscus maniculatus,Mammalia,Mixed or unspecified forest,USA,North America,Count,All Individuals,Sample,None,3.0,13.0,1.0,False,None,449,10548,427,-91.83333333333333,47.833333333333336
6754,12,1955,1967,13,1,0,1960.0,1960.0,0,0,0,,,False,Microtus pennsylvanicus,Mammalia,Mixed or unspecified forest,USA,North America,Count,All Individuals,Sample,None,3.0,13.0,1.0,False,None,449,10548,11169,-91.83333333333333,47.833333333333336
6755,13,1955,1967,13,0,0,1960.0,1960.0,0,0,0,,,False,Clethrionomys gapperi,Mammalia,Mixed or unspecified forest,USA,North America,Count,All Individuals,Sample,None,3.0,13.0,1.0,False,None,449,10549,11168,-91.83333333333333,47.833333333333336
6756,13,1955,1967,13,0,0,1960.0,1960.0,0,0,0,,,False,Peromyscus maniculatus,Mammalia,Mixed or unspecified forest,USA,North America,Count,All Individuals,Sample,None,3.0,13.0,1.0,False,None,449,10549,427,-91.83333333333333,47.833333333333336
6757,13,1955,1967,13,0,0,,,0,0,0,,,False,Microtus pennsylvanicus,Mammalia,Mixed or unspecified forest,USA,North America,Count,All Individuals,Sample,None,3.0,13.0,1.0,False,None,449,10549,11169,-91.83333333333333,47.833333333333336
6758,13,1955,1967,13,0,0,1960.0,1960.0,0,0,0,,,False,Haliotis kamtschatkana,Gastropoda,Mixed or unspecified forest,USA,North America,Count,All Individuals,Sample,None,3.0,13.0,1.0,False,None,449,10549,11178,-91.83333333333333,47.833333333333336
6759,12,1955,1967,13,1,0,1962.0,1960.0,0,0,0,,,False,Sorex cinereus,Mammalia,Mixed or unspecified forest,USA,North America,Count,All Individuals,Sample,None,3.0,13.0,1.0,False,None,449,10549,11171,-91.83333333333333,47.833333333333336
6760,12,1955,1967,13,1,0,,,0,0,0,,,False,Zapus hudsonius,Mammalia,Mixed or unspecified forest,USA,North America,Count,All Individuals,Sample,None,3.0,13.0,1.0,False,None,449,10549,11172,-91.83333333333333,47.833333333333336
6761,12,1955,1967,13,1,0,,,0,0,0,,,False,Tamias striatus,Mammalia,Mixed or unspecified forest,USA,North America,Count,All Individuals,Sample,None,3.0,13.0,1.0,False,None,449,10548,11170,-91.83333333333333,47.833333333333336
6762,13,1955,1967,13,0,0,1962.0,1962.0,0,0,0,,,False,Sorex cinereus,Mammalia,Mixed or unspecified forest,USA,North America,Count,All Individuals,Sample,None,3.0,13.0,1.0,False,None,449,10548,11171,-91.83333333333333,47.833333333333336
6763,13,1955,1967,13,0,0,,,0,0,0,,,False,Zapus hudsonius,Mammalia,Mixed or unspecified forest,USA,North America,Count,All Individuals,Sample,None,3.0,13.0,1.0,False,None,449,10548,11172,-91.83333333333333,47.833333333333336
6764,19,1969,1987,19,0,0,,1987.0,0,0,0,,,False,Drepanosiphum platanoidis,Insecta,Unspecified habitat or no information,UK - Scotland,Europe,Count,All Individuals,Sample,None,2.0,19.0,1.0,False,Caught each year in suction traps.,448,88,792,-2.9333333333333336,56.333333333333336
6765,19,1969,1987,19,0,0,1976.0,1976.0,0,0,0,,,False,Phyllaphis fagi,Insecta,Unspecified habitat or no information,UK - Scotland,Europe,Count,All Individuals,Sample,None,2.0,19.0,1.0,False,Caught each year in suction traps.,448,88,791,-2.9333333333333336,56.333333333333336
6768,121,1820,1940,121,0,28,1834.0,1834.0,0,0,0,,,False,Blissus leucopterus,Insecta,Grassland,USA,North America,Leaf area,Host plant damaged,Sample,None,3.0,121.0,1.0,False,None,451,10551,11173,-89.41666666666667,39.5
6769,10,1964,1973,10,0,0,,,0,0,0,,,False,Pan troglodytes,Mammalia,Mixed habitat,Tanzania,Africa,Count,All Individuals,Sample,None,4.0,10.0,1.0,False,The population structure in this study was complex because there was migration from other groups. Provisioning of bananas also took place to hasten the process of habituating the apes to human observers.,452,10552,11174,29.633333333333333,-4.666666666666667
6770,21,1959,1979,21,0,0,,,0,0,0,,,False,Stenella attenuata,Mammalia,Marine,Multiple or International jurisdiction,Not applicable,Count (millions),All Individuals,Sample,None,2.0,21.0,1.0,False,None,453,10553,11162,-105.0,5.0
6771,13,1968,1980,13,0,0,,,0,0,0,,,False,Thunnus albacares,Osteichthyes,Marine,Multiple or International jurisdiction,Not applicable,Harvest,Tonnes,Harvest,None,-1.0,13.0,1.0,False,None,453,10553,10482,-105.0,5.0
6772,26,1955,1980,26,0,0,,,0,0,0,,,False,Clupea harengus,Osteichthyes,Marine,Canada,North America,Harvest,Tonnes,Harvest,None,-1.0,26.0,1.0,False,None,454,10554,52,-70.0,60.0
6773,26,1955,1980,26,0,0,1979.0,1979.0,0,0,0,,,False,Mallotus villosus,Osteichthyes,Marine,Canada,North America,Harvest,Tonnes,Harvest,None,-1.0,26.0,1.0,False,None,454,10554,53,-70.0,60.0
6774,26,1955,1980,26,0,0,,,0,0,0,,,False,Gadus morhua,Osteichthyes,Marine,Canada,North America,Harvest,Tonnes,Harvest,None,-1.0,26.0,1.0,False,None,454,10554,104,-70.0,60.0
6775,19,1962,1980,19,0,0,,,0,0,0,,,False,Gadus morhua,Osteichthyes,Marine,Multiple or International jurisdiction,Not applicable,Harvest,Tonnes,Harvest,None,-1.0,19.0,1.0,False,Age 4 and over individuals only,454,10078,104,-52.0,50.0
6776,12,1969,1980,12,0,0,1979.0,1979.0,0,0,0,,,False,Clupea harengus,Osteichthyes,Marine,Multiple or International jurisdiction,Not applicable,Harvest,Tonnes,Harvest,None,-1.0,12.0,1.0,False,Age 2 and over individuals only,454,10465,52,-63.0,47.0
6777,11,1970,1980,11,0,0,,,0,0,0,,,False,Clupea harengus,Osteichthyes,Marine,Multiple or International jurisdiction,Not applicable,Harvest,Tonnes,Harvest,None,-1.0,11.0,1.0,False,Age 2 and over individuals only,454,10144,52,-59.0,49.416666666666664
6778,31,1950,1980,31,0,0,,,0,0,0,,,False,Gadus morhua,Osteichthyes,Marine,Multiple or International jurisdiction,Not applicable,Harvest,Tonnes,Harvest,None,-1.0,31.0,1.0,False,Age 4 and over individuals only,454,10084,104,-63.5,47.5
6779,12,1969,1980,12,0,0,,1980.0,0,0,0,,,False,Clupea harengus,Osteichthyes,Coastal,Canada,North America,Harvest,Tonnes,Harvest,None,-1.0,12.0,1.0,False,Age 2 and over individuals only,454,10555,52,-55.25,45.88333333333333
6780,12,1969,1980,12,0,0,,1980.0,0,0,0,,,False,Clupea harengus,Osteichthyes,Coastal,Canada,North America,Harvest,Tonnes,Harvest,None,-1.0,12.0,1.0,False,Age 2 and over individuals only,454,10556,52,-50.75,45.78333333333333
6781,12,1969,1980,12,0,0,,1980.0,0,0,0,,,False,Clupea harengus,Osteichthyes,Marine,Canada,North America,Harvest,Tonnes,Harvest,None,-1.0,12.0,1.0,False,Age 2 and over individuals only,454,10557,52,-50.75,45.5
6783,15,1966,1980,15,0,0,,,0,0,0,,,False,Pandalus borealis,Crustacea,Coastal,Canada,North America,Harvest,Tonnes,Harvest,None,-1.0,15.0,1.0,False,Age 2 and over individuals only,454,10559,11176,-55.0,65.0
6784,15,1966,1980,15,0,0,,,0,0,0,,,False,Pandalus borealis,Crustacea,Coastal,Canada,North America,Harvest,Tonnes,Harvest,None,-1.0,15.0,1.0,False,None,454,10560,11176,-60.0,45.0
6863,23,1967,1992,26,3,0,,,0,0,0,,,False,Euxoa nigricans,Insecta,Urban/Suburban,Czech Republic,Europe,Count,All Individuals,Sample,None,-1.0,26.0,1.0,False,None,465,10579,10782,14.5,50.333333333333336
6864,23,1967,1992,26,3,0,1987.0,1987.0,0,0,0,,,False,Euxoa aquilina,Insecta,Urban/Suburban,Czech Republic,Europe,Count,All Individuals,Sample,None,-1.0,26.0,1.0,False,None,465,10579,11206,14.5,50.333333333333336
6865,26,1967,1992,26,0,0,,,0,0,0,,,False,Agrotis segetum,Insecta,Urban/Suburban,Czech Republic,Europe,Count,All Individuals,Sample,None,-1.0,26.0,1.0,False,None,465,10579,10788,14.5,50.333333333333336
6866,23,1967,1992,26,3,0,,,0,0,0,,,False,Agrotis clavis,Insecta,Urban/Suburban,Czech Republic,Europe,Count,All Individuals,Sample,None,-1.0,26.0,1.0,False,None,465,10579,10780,14.5,50.333333333333336
6867,26,1967,1992,26,0,0,1972.0,1972.0,0,0,0,,,False,Agrotis ipsilon,Insecta,Urban/Suburban,Czech Republic,Europe,Count,All Individuals,Sample,None,-1.0,26.0,1.0,False,None,465,10579,10789,14.5,50.333333333333336
6868,26,1967,1992,26,0,0,,,0,0,0,,,False,Agrotis exclamationis,Insecta,Urban/Suburban,Czech Republic,Europe,Count,All Individuals,Sample,None,-1.0,26.0,1.0,False,None,465,10579,241,14.5,50.333333333333336
6869,26,1967,1992,26,0,0,1977.0,1977.0,0,0,0,,,False,Ochropleura plecta,Insecta,Urban/Suburban,Czech Republic,Europe,Count,All Individuals,Sample,None,-1.0,26.0,1.0,False,None,465,10579,10797,14.5,50.333333333333336
6870,26,1967,1992,26,0,0,,,0,0,0,,,False,Noctua pronuba,Insecta,Urban/Suburban,Czech Republic,Europe,Count,All Individuals,Sample,None,-1.0,26.0,1.0,False,None,465,10579,10807,14.5,50.333333333333336
6871,23,1967,1992,26,3,0,,,0,0,0,,,False,Noctua comes,Insecta,Urban/Suburban,Czech Republic,Europe,Count,All Individuals,Sample,None,-1.0,26.0,1.0,False,None,465,10579,10812,14.5,50.333333333333336
6872,23,1967,1992,26,3,0,,,0,0,0,,,False,Noctua fimbrista,Insecta,Urban/Suburban,Czech Republic,Europe,Count,All Individuals,Sample,None,-1.0,26.0,1.0,False,None,465,10579,10810,14.5,50.333333333333336
6873,23,1967,1992,26,3,0,,,0,0,0,,,False,Noctua janthina,Insecta,Urban/Suburban,Czech Republic,Europe,Count,All Individuals,Sample,None,-1.0,26.0,1.0,False,None,465,10579,10815,14.5,50.333333333333336
6874,23,1967,1992,26,3,0,,,0,0,0,,,False,Opigena polygona,Insecta,Urban/Suburban,Czech Republic,Europe,Count,All Individuals,Sample,None,-1.0,26.0,1.0,False,None,465,10579,11211,14.5,50.333333333333336
6875,22,1967,1992,26,4,1,1991.0,1991.0,0,0,0,,,False,Graphiphora augur,Insecta,Urban/Suburban,Czech Republic,Europe,Count,All Individuals,Sample,None,-1.0,26.0,1.0,False,None,465,10579,10784,14.5,50.333333333333336
6876,26,1967,1992,26,0,0,1974.0,1974.0,0,0,0,,,False,Xestia c-nigrum,Insecta,Urban/Suburban,Czech Republic,Europe,Count,All Individuals,Sample,None,-1.0,26.0,1.0,False,None,465,10579,10801,14.5,50.333333333333336
6877,23,1967,1992,26,3,0,,,0,0,0,,,False,Xestia ditrapezium,Insecta,Urban/Suburban,Czech Republic,Europe,Count,All Individuals,Sample,None,-1.0,26.0,1.0,False,None,465,10579,10804,14.5,50.333333333333336
6878,23,1967,1992,26,3,0,,,0,0,0,,,False,Xestia triangulum,Insecta,Urban/Suburban,Czech Republic,Europe,Count,All Individuals,Sample,None,-1.0,26.0,1.0,False,None,465,10579,10793,14.5,50.333333333333336
6879,23,1967,1992,26,3,0,,,0,0,0,,,False,Xestia baja,Insecta,Urban/Suburban,Czech Republic,Europe,Count,All Individuals,Sample,None,-1.0,26.0,1.0,False,None,465,10579,10795,14.5,50.333333333333336
6880,23,1967,1992,26,3,0,1986.0,1986.0,0,0,0,,,False,Xestia xanthographa,Insecta,Urban/Suburban,Czech Republic,Europe,Count,All Individuals,Sample,None,-1.0,26.0,1.0,False,None,465,10579,10799,14.5,50.333333333333336
6881,23,1967,1992,26,3,0,,,0,0,0,,,False,Paradiarsia glareosa,Insecta,Urban/Suburban,Czech Republic,Europe,Count,All Individuals,Sample,None,-1.0,26.0,1.0,False,None,465,10579,10803,14.5,50.333333333333336
6882,26,1967,1992,26,0,0,1987.0,1987.0,0,0,0,,,False,Discestra trifolii,Insecta,Urban/Suburban,Czech Republic,Europe,Count,All Individuals,Sample,None,-1.0,26.0,1.0,False,None,465,10579,11212,14.5,50.333333333333336
6883,23,1967,1992,26,3,0,,,0,0,0,,,False,Heliophobus reticulatus,Insecta,Urban/Suburban,Czech Republic,Europe,Count,All Individuals,Sample,None,-1.0,26.0,1.0,False,None,465,10579,11213,14.5,50.333333333333336
6884,23,1967,1992,26,3,0,,,0,0,0,,,False,Polia bombycina,Insecta,Urban/Suburban,Czech Republic,Europe,Count,All Individuals,Sample,None,-1.0,26.0,1.0,False,None,465,10579,10819,14.5,50.333333333333336
6885,26,1967,1992,26,0,0,,,0,0,0,,,False,Mamestra brassicae,Insecta,Urban/Suburban,Czech Republic,Europe,Count,All Individuals,Sample,None,-1.0,26.0,1.0,False,None,465,10579,10813,14.5,50.333333333333336
6886,23,1967,1992,26,3,0,1990.0,1990.0,0,0,0,,,False,Mamestra persicariae,Insecta,Urban/Suburban,Czech Republic,Europe,Count,All Individuals,Sample,None,-1.0,26.0,1.0,False,None,465,10579,11214,14.5,50.333333333333336
6887,23,1967,1992,26,3,0,,,0,0,0,,,False,Mamestra w-latinum,Insecta,Urban/Suburban,Czech Republic,Europe,Count,All Individuals,Sample,None,-1.0,26.0,1.0,False,None,465,10579,11215,14.5,50.333333333333336
6888,23,1967,1992,26,3,0,,,0,0,0,,,False,Mamestra thalassina,Insecta,Urban/Suburban,Czech Republic,Europe,Count,All Individuals,Sample,None,-1.0,26.0,1.0,False,None,465,10579,11216,14.5,50.333333333333336
6889,26,1967,1992,26,0,0,1977.0,1977.0,0,0,0,,,False,Mamestra suasa,Insecta,Urban/Suburban,Czech Republic,Europe,Count,All Individuals,Sample,None,-1.0,26.0,1.0,False,None,465,10579,11217,14.5,50.333333333333336
6890,26,1967,1992,26,0,0,,,0,0,0,,,False,Mamestra oleracea,Insecta,Urban/Suburban,Czech Republic,Europe,Count,All Individuals,Sample,None,-1.0,26.0,1.0,False,None,465,10579,11218,14.5,50.333333333333336
6891,23,1967,1992,26,3,0,,,0,0,0,,,False,Tholera decimalis,Insecta,Urban/Suburban,Czech Republic,Europe,Count,All Individuals,Sample,None,-1.0,26.0,1.0,False,None,465,10579,10831,14.5,50.333333333333336
6892,23,1967,1992,26,3,0,,,0,0,0,,,False,Xylomiges conspicillaris,Insecta,Urban/Suburban,Czech Republic,Europe,Count,All Individuals,Sample,None,-1.0,26.0,1.0,False,None,465,10579,11219,14.5,50.333333333333336
6893,22,1968,1992,25,3,0,,1976.0,0,0,0,,,False,Orthosia cruda,Insecta,Urban/Suburban,Czech Republic,Europe,Count,All Individuals,Sample,None,-1.0,26.0,1.0,False,None,465,10579,401,14.5,50.333333333333336
6894,22,1968,1992,25,3,0,,,0,0,0,,,False,Orthosia gracilis,Insecta,Urban/Suburban,Czech Republic,Europe,Count,All Individuals,Sample,None,-1.0,26.0,1.0,False,None,465,10579,10845,14.5,50.333333333333336
6895,22,1968,1992,25,3,0,1982.0,1982.0,0,0,0,,,False,Orthosia stabillis,Insecta,Urban/Suburban,Czech Republic,Europe,Count,All Individuals,Sample,None,-1.0,26.0,1.0,False,None,465,10579,10835,14.5,50.333333333333336
6896,22,1968,1992,25,3,0,1989.0,1989.0,0,0,0,,,False,Orthosia incerta,Insecta,Urban/Suburban,Czech Republic,Europe,Count,All Individuals,Sample,None,-1.0,26.0,1.0,False,None,465,10579,10839,14.5,50.333333333333336
6897,23,1967,1992,26,3,0,,,0,0,0,,,False,Orthosia gothica,Insecta,Urban/Suburban,Czech Republic,Europe,Count,All Individuals,Sample,None,-1.0,26.0,1.0,False,None,465,10579,10826,14.5,50.333333333333336
6898,23,1967,1992,26,3,0,,,0,0,0,,,False,Mythimna conigera,Insecta,Urban/Suburban,Czech Republic,Europe,Count,All Individuals,Sample,None,-1.0,26.0,1.0,False,None,465,10579,10849,14.5,50.333333333333336
6899,23,1967,1992,26,3,0,,,0,0,0,,,False,Mythimna ferrago,Insecta,Urban/Suburban,Czech Republic,Europe,Count,All Individuals,Sample,None,-1.0,26.0,1.0,False,None,465,10579,10846,14.5,50.333333333333336
6900,23,1967,1992,26,3,0,1980.0,1980.0,0,0,0,,,False,Mythimna albipuncta,Insecta,Urban/Suburban,Czech Republic,Europe,Count,All Individuals,Sample,None,-1.0,26.0,1.0,False,None,465,10579,11220,14.5,50.333333333333336
6901,23,1967,1992,26,3,0,1983.0,1983.0,0,0,0,,,False,Mythimna pallens,Insecta,Urban/Suburban,Czech Republic,Europe,Count,All Individuals,Sample,None,-1.0,26.0,1.0,False,None,465,10579,10837,14.5,50.333333333333336
6902,26,1967,1992,26,0,0,1978.0,1978.0,0,0,0,,,False,Mythimna l-album,Insecta,Urban/Suburban,Czech Republic,Europe,Count,All Individuals,Sample,None,-1.0,26.0,1.0,False,None,465,10579,11221,14.5,50.333333333333336
6903,23,1967,1992,26,3,0,,1992.0,0,0,0,,,False,Mythimna comma,Insecta,Urban/Suburban,Czech Republic,Europe,Count,All Individuals,Sample,None,-1.0,26.0,1.0,False,None,465,10579,10843,14.5,50.333333333333336
6904,26,1967,1992,26,0,2,,,0,0,0,,,False,Cucullia fraudatrix,Insecta,Urban/Suburban,Czech Republic,Europe,Count,All Individuals,Sample,None,-1.0,26.0,1.0,False,None,465,10579,11222,14.5,50.333333333333336
6905,23,1967,1992,26,3,0,,,0,0,0,,,False,Cucullia umbratica,Insecta,Urban/Suburban,Czech Republic,Europe,Count,All Individuals,Sample,None,-1.0,26.0,1.0,False,None,465,10579,10888,14.5,50.333333333333336
6906,23,1967,1992,26,3,0,,,0,0,0,,,False,Eupsilia transversa,Insecta,Urban/Suburban,Czech Republic,Europe,Count,All Individuals,Sample,None,-1.0,26.0,1.0,False,None,465,10579,10906,14.5,50.333333333333336
6907,23,1967,1992,26,3,0,1974.0,1974.0,0,0,0,,,False,Agrochola circellaris,Insecta,Urban/Suburban,Czech Republic,Europe,Count,All Individuals,Sample,None,-1.0,26.0,1.0,False,None,465,10579,10904,14.5,50.333333333333336
6908,23,1967,1992,26,3,0,,,0,0,0,,,False,Agrochola macilentus,Insecta,Urban/Suburban,Czech Republic,Europe,Count,All Individuals,Sample,None,-1.0,26.0,1.0,False,None,465,10579,10901,14.5,50.333333333333336
6909,23,1967,1992,26,3,1,,1992.0,0,0,0,,,False,Agrochola nitidus,Insecta,Urban/Suburban,Czech Republic,Europe,Count,All Individuals,Sample,None,-1.0,26.0,1.0,False,None,465,10579,11223,14.5,50.333333333333336
6910,23,1967,1992,26,3,0,,,0,0,0,,,False,Agrochola litura,Insecta,Urban/Suburban,Czech Republic,Europe,Count,All Individuals,Sample,None,-1.0,26.0,1.0,False,None,465,10579,10911,14.5,50.333333333333336
6911,23,1967,1992,26,3,0,1980.0,1980.0,0,0,0,,,False,Agrochola lychnidis,Insecta,Urban/Suburban,Czech Republic,Europe,Count,All Individuals,Sample,None,-1.0,26.0,1.0,False,None,465,10579,10907,14.5,50.333333333333336
6912,23,1967,1992,26,3,0,,,0,0,0,,,False,Cirrhia icteritia,Insecta,Urban/Suburban,Czech Republic,Europe,Count,All Individuals,Sample,None,-1.0,26.0,1.0,False,None,465,10579,11224,14.5,50.333333333333336
6913,23,1967,1992,26,3,0,,,0,0,0,,,False,Cirrhia ocellaris,Insecta,Urban/Suburban,Czech Republic,Europe,Count,All Individuals,Sample,None,-1.0,26.0,1.0,False,None,465,10579,11225,14.5,50.333333333333336
6914,23,1967,1992,26,3,0,1980.0,1980.0,0,0,0,,,False,Apatele rumicis,Insecta,Urban/Suburban,Czech Republic,Europe,Count,All Individuals,Sample,None,-1.0,26.0,1.0,False,None,465,10579,11226,14.5,50.333333333333336
6915,23,1967,1992,26,3,0,,,0,0,0,,,False,Apatele psi,Insecta,Urban/Suburban,Czech Republic,Europe,Count,All Individuals,Sample,None,-1.0,26.0,1.0,False,None,465,10579,11227,14.5,50.333333333333336
6916,23,1967,1992,26,3,0,,,0,0,0,,,False,Thalpophila matura,Insecta,Urban/Suburban,Czech Republic,Europe,Count,All Individuals,Sample,None,-1.0,26.0,1.0,False,None,465,10579,10870,14.5,50.333333333333336
6917,26,1967,1992,26,0,0,,,0,0,0,,,False,Apamea monoglypha,Insecta,Urban/Suburban,Czech Republic,Europe,Count,All Individuals,Sample,None,-1.0,26.0,1.0,False,None,465,10579,10852,14.5,50.333333333333336
6918,23,1967,1992,26,3,0,,,0,0,0,,,False,Apamea lithoxylaea,Insecta,Urban/Suburban,Czech Republic,Europe,Count,All Individuals,Sample,None,-1.0,26.0,1.0,False,None,465,10579,10863,14.5,50.333333333333336
6919,23,1967,1992,26,3,0,,1992.0,0,0,0,,,False,Apamea lateritia,Insecta,Urban/Suburban,Czech Republic,Europe,Count,All Individuals,Sample,None,-1.0,26.0,1.0,False,None,465,10579,11229,14.5,50.333333333333336
6920,26,1967,1992,26,0,0,,,0,0,0,,,False,Apamea anceps,Insecta,Urban/Suburban,Czech Republic,Europe,Count,All Individuals,Sample,None,-1.0,26.0,1.0,False,None,465,10579,10861,14.5,50.333333333333336
6921,26,1967,1992,26,0,0,1982.0,1982.0,0,0,0,,,False,Apamea sordens,Insecta,Urban/Suburban,Czech Republic,Europe,Count,All Individuals,Sample,None,-1.0,26.0,1.0,False,None,465,10579,10858,14.5,50.333333333333336
6922,26,1967,1992,26,0,0,,,0,0,0,,,False,Mesapamea secalis,Insecta,Urban/Suburban,Czech Republic,Europe,Count,All Individuals,Sample,None,-1.0,26.0,1.0,False,None,465,10579,10856,14.5,50.333333333333336
6923,23,1967,1992,26,3,0,,,0,0,0,,,False,Oligia strigilis,Insecta,Urban/Suburban,Czech Republic,Europe,Count,All Individuals,Sample,None,-1.0,26.0,1.0,False,None,465,10579,11230,14.5,50.333333333333336
6924,23,1967,1992,26,3,0,1982.0,1982.0,0,0,0,,,False,Oligia latruncula,Insecta,Urban/Suburban,Czech Republic,Europe,Count,All Individuals,Sample,None,-1.0,26.0,1.0,False,None,465,10579,11231,14.5,50.333333333333336
6925,23,1967,1992,26,3,0,,,0,0,0,,,False,Oligia furuncula,Insecta,Urban/Suburban,Czech Republic,Europe,Count,All Individuals,Sample,None,-1.0,26.0,1.0,False,None,465,10579,11232,14.5,50.333333333333336
6926,23,1967,1992,26,3,0,,,0,0,0,,,False,Luperina testacea,Insecta,Urban/Suburban,Czech Republic,Europe,Count,All Individuals,Sample,None,-1.0,26.0,1.0,False,None,465,10579,794,14.5,50.333333333333336
6927,23,1967,1992,26,3,0,,1992.0,0,0,0,,,False,Amphipoea fucosa,Insecta,Urban/Suburban,Czech Republic,Europe,Count,All Individuals,Sample,None,-1.0,26.0,1.0,False,None,465,10579,11233,14.5,50.333333333333336
6928,23,1967,1992,26,3,0,,1992.0,0,0,0,,,False,Hydraecia micacea,Insecta,Urban/Suburban,Czech Republic,Europe,Count,All Individuals,Sample,None,-1.0,26.0,1.0,False,None,465,10579,10868,14.5,50.333333333333336
6929,23,1967,1992,26,3,0,,,0,0,0,,,False,Caradrina morpheus,Insecta,Urban/Suburban,Czech Republic,Europe,Count,All Individuals,Sample,None,-1.0,26.0,1.0,False,None,465,10579,10850,14.5,50.333333333333336
6930,23,1967,1992,26,3,0,,,0,0,0,,,False,Caradrina clavipalpis,Insecta,Urban/Suburban,Czech Republic,Europe,Count,All Individuals,Sample,None,-1.0,26.0,1.0,False,None,465,10579,10860,14.5,50.333333333333336
6931,23,1967,1992,26,3,0,,,0,0,0,,,False,Hoplodrina alsines,Insecta,Urban/Suburban,Czech Republic,Europe,Count,All Individuals,Sample,None,-1.0,26.0,1.0,False,None,465,10579,10851,14.5,50.333333333333336
6932,23,1967,1992,26,3,0,,,0,0,0,,,False,Hoplodrina blanda,Insecta,Urban/Suburban,Czech Republic,Europe,Count,All Individuals,Sample,None,-1.0,26.0,1.0,False,None,465,10579,10854,14.5,50.333333333333336
6933,23,1967,1992,26,3,0,1980.0,1980.0,0,0,0,,,False,Hoplodrina ambigua,Insecta,Urban/Suburban,Czech Republic,Europe,Count,All Individuals,Sample,None,-1.0,26.0,1.0,False,None,465,10579,10857,14.5,50.333333333333336
6934,23,1967,1992,26,3,0,,,0,0,0,,,False,Plastenis subtusa,Insecta,Urban/Suburban,Czech Republic,Europe,Count,All Individuals,Sample,None,-1.0,26.0,1.0,False,None,465,10579,11234,14.5,50.333333333333336
6935,23,1967,1992,26,3,0,,,0,0,0,,,False,Meristis trigrammica,Insecta,Urban/Suburban,Czech Republic,Europe,Count,All Individuals,Sample,None,-1.0,26.0,1.0,False,None,465,10579,11235,14.5,50.333333333333336
6936,23,1967,1992,26,3,0,,,0,0,0,,,False,Calymnia trapezina,Insecta,Urban/Suburban,Czech Republic,Europe,Count,All Individuals,Sample,None,-1.0,26.0,1.0,False,None,465,10579,11236,14.5,50.333333333333336
6937,23,1967,1992,26,3,0,,,0,0,0,,,False,Pyrrhia umbra,Insecta,Urban/Suburban,Czech Republic,Europe,Count,All Individuals,Sample,None,-1.0,26.0,1.0,False,None,465,10579,11237,14.5,50.333333333333336
6938,23,1967,1992,26,3,0,,,0,0,0,,,False,Axylia putris,Insecta,Urban/Suburban,Czech Republic,Europe,Count,All Individuals,Sample,None,-1.0,26.0,1.0,False,None,465,10579,10802,14.5,50.333333333333336
6939,26,1967,1992,26,0,0,,1992.0,0,0,0,,,False,Autographa gamma,Insecta,Urban/Suburban,Czech Republic,Europe,Count,All Individuals,Sample,None,-1.0,26.0,1.0,False,None,465,10579,10927,14.5,50.333333333333336
6940,26,1967,1992,26,0,0,,,0,0,0,,,False,Diachrysia chrysitis,Insecta,Urban/Suburban,Czech Republic,Europe,Count,All Individuals,Sample,None,-1.0,26.0,1.0,False,None,465,10579,10926,14.5,50.333333333333336
6941,23,1967,1992,26,3,2,,1976.0,0,0,0,,,False,Zanclognatha tarsicrinalis,Insecta,Urban/Suburban,Czech Republic,Europe,Count,All Individuals,Sample,None,-1.0,26.0,1.0,False,None,465,10579,11238,14.5,50.333333333333336
6942,23,1967,1992,26,3,0,,,0,0,0,,,False,Hypena proboscidalis,Insecta,Urban/Suburban,Czech Republic,Europe,Count,All Individuals,Sample,None,-1.0,26.0,1.0,False,None,465,10579,11239,14.5,50.333333333333336
6943,22,1968,1992,25,3,1,,1992.0,0,0,0,,,False,Alsophila aescularia,Insecta,Urban/Suburban,Czech Republic,Europe,Count,All Individuals,Sample,None,-1.0,26.0,1.0,False,None,465,10579,10944,14.5,50.333333333333336
6944,23,1967,1992,26,3,6,1980.0,1980.0,0,0,0,,,False,Operophtera brumata,Insecta,Urban/Suburban,Czech Republic,Europe,Count,All Individuals,Sample,None,-1.0,26.0,1.0,False,None,465,10579,399,14.5,50.333333333333336
6945,23,1967,1992,26,3,0,,,0,0,0,,,False,Pelurga comitata,Insecta,Urban/Suburban,Czech Republic,Europe,Count,All Individuals,Sample,None,-1.0,26.0,1.0,False,None,465,10579,11021,14.5,50.333333333333336
6946,23,1967,1992,26,3,0,,,0,0,0,,,False,Cosmorhoe ocellata,Insecta,Urban/Suburban,Czech Republic,Europe,Count,All Individuals,Sample,None,-1.0,26.0,1.0,False,None,465,10579,10987,14.5,50.333333333333336
6947,23,1967,1992,26,3,0,1980.0,1980.0,0,0,0,,,False,Eulithis prunata,Insecta,Urban/Suburban,Czech Republic,Europe,Count,All Individuals,Sample,None,-1.0,26.0,1.0,False,None,465,10579,10996,14.5,50.333333333333336
6948,23,1967,1992,26,3,0,1983.0,1976.0,0,0,0,,,False,Eulithis pyraliata,Insecta,Urban/Suburban,Czech Republic,Europe,Count,All Individuals,Sample,None,-1.0,26.0,1.0,False,None,465,10579,10994,14.5,50.333333333333336
6949,23,1967,1992,26,3,0,1981.0,1981.0,0,0,0,,,False,Cidaria fulvata,Insecta,Urban/Suburban,Czech Republic,Europe,Count,All Individuals,Sample,None,-1.0,26.0,1.0,False,None,465,10579,10997,14.5,50.333333333333336
6950,23,1967,1992,26,3,0,1988.0,1988.0,0,0,0,,,False,Thera juniperata,Insecta,Urban/Suburban,Czech Republic,Europe,Count,All Individuals,Sample,None,-1.0,26.0,1.0,False,None,465,10579,11004,14.5,50.333333333333336
6951,23,1967,1992,26,3,0,1990.0,1990.0,0,0,0,,,False,Pareulype berberata,Insecta,Urban/Suburban,Czech Republic,Europe,Count,All Individuals,Sample,None,-1.0,26.0,1.0,False,None,465,10579,11240,14.5,50.333333333333336
6952,23,1967,1992,26,3,1,1990.0,1990.0,0,0,0,,,False,Rheumaptera undulata,Insecta,Urban/Suburban,Czech Republic,Europe,Count,All Individuals,Sample,None,-1.0,26.0,1.0,False,None,465,10579,11011,14.5,50.333333333333336
6953,23,1967,1992,26,3,4,,,0,0,0,,,False,Eupithecia intricata,Insecta,Urban/Suburban,Czech Republic,Europe,Count,All Individuals,Sample,None,-1.0,26.0,1.0,False,None,465,10579,11242,14.5,50.333333333333336
6954,23,1967,1992,26,3,8,1985.0,1985.0,0,0,0,,,False,Eupithecia tripunctaria,Insecta,Urban/Suburban,Czech Republic,Europe,Count,All Individuals,Sample,None,-1.0,26.0,1.0,False,None,465,10579,11243,14.5,50.333333333333336
6955,23,1967,1992,26,3,1,,,0,0,0,,,False,Eupithecia succenturiata,Insecta,Urban/Suburban,Czech Republic,Europe,Count,All Individuals,Sample,None,-1.0,26.0,1.0,False,None,465,10579,11244,14.5,50.333333333333336
6956,23,1967,1992,26,3,0,,,0,0,0,,,False,Eupithecia centaureata,Insecta,Urban/Suburban,Czech Republic,Europe,Count,All Individuals,Sample,None,-1.0,26.0,1.0,False,None,465,10579,11245,14.5,50.333333333333336
6957,23,1967,1992,26,3,3,,1992.0,0,0,0,,,False,Eupithecia innotata,Insecta,Urban/Suburban,Czech Republic,Europe,Count,All Individuals,Sample,None,-1.0,26.0,1.0,False,None,465,10579,11246,14.5,50.333333333333336
6958,23,1967,1992,26,3,0,,,0,0,0,,,False,Camptogramma bilineata,Insecta,Urban/Suburban,Czech Republic,Europe,Count,All Individuals,Sample,None,-1.0,26.0,1.0,False,None,465,10579,10995,14.5,50.333333333333336
6959,23,1967,1992,26,3,0,,,0,0,0,,,False,Xanthorhoe ferrugata,Insecta,Urban/Suburban,Czech Republic,Europe,Count,All Individuals,Sample,None,-1.0,26.0,1.0,False,None,465,10579,10967,14.5,50.333333333333336
6960,23,1967,1992,26,3,0,,,0,0,0,,,False,Xanthorhoe fluctuata,Insecta,Urban/Suburban,Czech Republic,Europe,Count,All Individuals,Sample,None,-1.0,26.0,1.0,False,None,465,10579,10977,14.5,50.333333333333336
6961,23,1967,1992,26,3,0,1991.0,1991.0,0,0,0,,,False,Epirrhoe alternata,Insecta,Urban/Suburban,Czech Republic,Europe,Count,All Individuals,Sample,None,-1.0,26.0,1.0,False,None,465,10579,11003,14.5,50.333333333333336
6962,23,1967,1992,26,3,0,,,0,0,0,,,False,Camptogramma bilineata,Insecta,Urban/Suburban,Czech Republic,Europe,Count,All Individuals,Sample,None,-1.0,26.0,1.0,False,None,465,10579,10995,14.5,50.333333333333336
6963,23,1967,1992,26,3,0,,,0,0,0,,,False,Aplocera plagiata,Insecta,Urban/Suburban,Czech Republic,Europe,Count,All Individuals,Sample,None,-1.0,26.0,1.0,False,None,465,10579,11015,14.5,50.333333333333336
6964,23,1967,1992,26,3,0,,,0,0,0,,,False,Idaes aversata,Insecta,Urban/Suburban,Czech Republic,Europe,Count,All Individuals,Sample,None,-1.0,26.0,1.0,False,None,465,10579,10963,14.5,50.333333333333336
6965,23,1967,1992,26,3,0,,,0,0,0,,,False,Timandra amata,Insecta,Urban/Suburban,Czech Republic,Europe,Count,All Individuals,Sample,None,-1.0,26.0,1.0,False,None,465,10579,11248,14.5,50.333333333333336
6966,23,1967,1992,26,3,0,,,0,0,0,,,False,Semiothisa alternaria,Insecta,Urban/Suburban,Czech Republic,Europe,Count,All Individuals,Sample,None,-1.0,26.0,1.0,False,None,465,10579,11249,14.5,50.333333333333336
6967,23,1967,1992,26,3,0,,,0,0,0,,,False,Semiothisa liturata,Insecta,Urban/Suburban,Czech Republic,Europe,Count,All Individuals,Sample,None,-1.0,26.0,1.0,False,None,465,10579,11042,14.5,50.333333333333336
6968,23,1967,1992,26,3,0,,,0,0,0,,,False,Semiothisa clathrata,Insecta,Urban/Suburban,Czech Republic,Europe,Count,All Individuals,Sample,None,-1.0,26.0,1.0,False,None,465,10579,11081,14.5,50.333333333333336
6969,23,1967,1992,26,3,0,,,0,0,0,,,False,Semiothisa wauaria,Insecta,Urban/Suburban,Czech Republic,Europe,Count,All Individuals,Sample,None,-1.0,26.0,1.0,False,None,465,10579,11089,14.5,50.333333333333336
6970,23,1967,1992,26,3,0,,,0,0,0,,,False,Opisthograptis luteolata,Insecta,Urban/Suburban,Czech Republic,Europe,Count,All Individuals,Sample,None,-1.0,26.0,1.0,False,None,465,10579,11070,14.5,50.333333333333336
6971,23,1967,1992,26,3,0,1990.0,1990.0,0,0,0,,,False,Ourapteryx sambucaria,Insecta,Urban/Suburban,Czech Republic,Europe,Count,All Individuals,Sample,None,-1.0,26.0,1.0,False,None,465,10579,11062,14.5,50.333333333333336
6972,23,1967,1992,26,3,2,1974.0,1974.0,0,0,0,,,False,Colotois pennaria,Insecta,Urban/Suburban,Czech Republic,Europe,Count,All Individuals,Sample,None,-1.0,26.0,1.0,False,None,465,10579,11061,14.5,50.333333333333336
6973,26,1967,1992,26,0,0,,,0,0,0,,,False,Biston betularia,Insecta,Urban/Suburban,Czech Republic,Europe,Count,All Individuals,Sample,None,-1.0,26.0,1.0,False,None,465,10579,11063,14.5,50.333333333333336
6974,23,1967,1992,26,3,4,,,0,0,0,,,False,Peribatodes rhomboidaria,Insecta,Urban/Suburban,Czech Republic,Europe,Count,All Individuals,Sample,None,-1.0,26.0,1.0,False,None,465,10579,11069,14.5,50.333333333333336
6975,23,1967,1992,26,3,0,,,0,0,0,,,False,Cleora cinctaria,Insecta,Urban/Suburban,Czech Republic,Europe,Count,All Individuals,Sample,None,-1.0,26.0,1.0,False,None,465,10579,11250,14.5,50.333333333333336
6976,23,1967,1992,26,3,0,,,0,0,0,,,False,Ectropis bistortata,Insecta,Urban/Suburban,Czech Republic,Europe,Count,All Individuals,Sample,None,-1.0,26.0,1.0,False,None,465,10579,11088,14.5,50.333333333333336
6977,23,1967,1992,26,3,0,,,0,0,0,,,False,Cabera pusaria,Insecta,Urban/Suburban,Czech Republic,Europe,Count,All Individuals,Sample,None,-1.0,26.0,1.0,False,None,465,10579,11044,14.5,50.333333333333336
6978,23,1967,1992,26,3,0,1982.0,1982.0,0,0,0,,,False,Ennomos autumnaria,Insecta,Urban/Suburban,Czech Republic,Europe,Count,All Individuals,Sample,None,-1.0,26.0,1.0,False,None,465,10579,11047,14.5,50.333333333333336
6979,23,1967,1992,26,3,1,1986.0,1986.0,0,0,0,,,False,Ennomos alniaria,Insecta,Urban/Suburban,Czech Republic,Europe,Count,All Individuals,Sample,None,-1.0,26.0,1.0,False,None,465,10579,11053,14.5,50.333333333333336
6980,23,1967,1992,26,3,8,1986.0,1986.0,0,0,0,,,False,Ennomoa fuscantaria,Insecta,Urban/Suburban,Czech Republic,Europe,Count,All Individuals,Sample,None,-1.0,26.0,1.0,False,None,465,10579,11056,14.5,50.333333333333336
6981,23,1967,1992,26,3,2,,,0,0,0,,,False,Dasychira pudibunda,Insecta,Urban/Suburban,Czech Republic,Europe,Count,All Individuals,Sample,None,-1.0,26.0,1.0,False,None,465,10579,10744,14.5,50.333333333333336
6982,23,1967,1992,26,3,0,,,0,0,0,,,False,Phragmatobia fuliginosa,Insecta,Urban/Suburban,Czech Republic,Europe,Count,All Individuals,Sample,None,-1.0,26.0,1.0,False,None,465,10579,10763,14.5,50.333333333333336
6983,23,1967,1992,26,3,0,1988.0,1988.0,0,0,0,,,False,Eilema complana,Insecta,Urban/Suburban,Czech Republic,Europe,Count,All Individuals,Sample,None,-1.0,26.0,1.0,False,None,465,10579,10773,14.5,50.333333333333336
6984,23,1967,1992,26,3,1,,,0,0,0,,,False,Eilema lurideola,Insecta,Urban/Suburban,Czech Republic,Europe,Count,All Individuals,Sample,None,-1.0,26.0,1.0,False,None,465,10579,10770,14.5,50.333333333333336
6985,23,1967,1992,26,3,0,,,0,0,0,,,False,Spilosoma lubricipeda,Insecta,Urban/Suburban,Czech Republic,Europe,Count,All Individuals,Sample,None,-1.0,26.0,1.0,False,None,465,10579,10765,14.5,50.333333333333336
6986,23,1967,1992,26,3,0,1991.0,1991.0,0,0,0,,,False,Spilosoma luteum,Insecta,Urban/Suburban,Czech Republic,Europe,Count,All Individuals,Sample,None,-1.0,26.0,1.0,False,None,465,10579,10768,14.5,50.333333333333336
6987,23,1967,1992,26,3,0,,,0,0,0,,,False,Notodonta dromedarius,Insecta,Urban/Suburban,Czech Republic,Europe,Count,All Individuals,Sample,None,-1.0,26.0,1.0,False,None,465,10579,10729,14.5,50.333333333333336
6988,23,1967,1992,26,3,0,,1976.0,0,0,0,,,False,Lophopteryx camelina,Insecta,Urban/Suburban,Czech Republic,Europe,Count,All Individuals,Sample,None,-1.0,26.0,1.0,False,None,465,10579,11251,14.5,50.333333333333336
6989,23,1967,1992,26,3,0,1987.0,1987.0,0,0,0,,,False,Pterostoma Palpina,Insecta,Urban/Suburban,Czech Republic,Europe,Count,All Individuals,Sample,None,-1.0,26.0,1.0,False,None,465,10579,10727,14.5,50.333333333333336
6990,23,1967,1992,26,3,0,1991.0,1991.0,0,0,0,,,False,Pygaera curtula,Insecta,Urban/Suburban,Czech Republic,Europe,Count,All Individuals,Sample,None,-1.0,26.0,1.0,False,None,465,10579,11252,14.5,50.333333333333336
6991,23,1967,1992,26,3,0,,,0,0,0,,,False,Laothoe populi,Insecta,Urban/Suburban,Czech Republic,Europe,Count,All Individuals,Sample,None,-1.0,26.0,1.0,False,None,465,10579,9997,14.5,50.333333333333336
6992,23,1967,1992,26,3,0,1988.0,1988.0,0,0,0,,,False,Celerio porcellus,Insecta,Urban/Suburban,Czech Republic,Europe,Count,All Individuals,Sample,None,-1.0,26.0,1.0,False,None,465,10579,11253,14.5,50.333333333333336
6993,23,1967,1992,26,3,0,,,0,0,0,,,False,Habrosyne pyritoides,Insecta,Urban/Suburban,Czech Republic,Europe,Count,All Individuals,Sample,None,-1.0,26.0,1.0,False,None,465,10579,10734,14.5,50.333333333333336
6994,23,1967,1992,26,3,0,,,0,0,0,,,False,Drepana falcataria,Insecta,Urban/Suburban,Czech Republic,Europe,Count,All Individuals,Sample,None,-1.0,26.0,1.0,False,None,465,10579,10750,14.5,50.333333333333336
6995,23,1967,1992,26,3,0,,,0,0,0,,,False,Cilix glaucata,Insecta,Urban/Suburban,Czech Republic,Europe,Count,All Individuals,Sample,None,-1.0,26.0,1.0,False,None,465,10579,10756,14.5,50.333333333333336
6996,23,1967,1992,26,3,1,1972.0,1972.0,0,0,0,,,False,Deilephila elpenor,Insecta,Urban/Suburban,Czech Republic,Europe,Count,All Individuals,Sample,None,-1.0,26.0,1.0,False,None,465,10579,10722,14.5,50.333333333333336
6997,9,1977,1985,9,0,0,,,0,0,0,,,False,Baccharis pilularis spp consanguinea,Angiospermopsida (Dicotyledoneae),Grassland,USA,North America,Count,All Individuals,Sample,None,-1.0,9.0,1.0,False,None,462,10574,11196,-122.33333333333333,37.5
7000,11,1970,1980,11,0,0,,,0,0,0,,,False,Lepus timidus,Mammalia,Coniferous forest,Sweden,Europe,Count,Individuals shot,Sample,per 10000 hectares,-1.0,11.0,1.0,False,"Small game: hunting statistics were obtained from 84 game preservation organisations that report to the Swedish Sportsmen's Association. For the mountain hare, statistics for the whole county were also used to calculate the population in this area.",457,10568,408,19.0,64.5
7001,11,1970,1980,11,0,0,,,0,0,0,,,False,Lagopus lagopus,Aves,Coniferous forest,Sweden,Europe,Count,Individuals shot,Sample,per 10000 hectares,-1.0,11.0,1.0,False,Small game: hunting statistics were obtained from 84 game preservation organisations that report to the Swedish Sportsmen's Association.,457,10568,11191,19.0,64.5
7002,11,1970,1980,11,0,0,,,0,0,0,,,False,Tetrao tetrix,Aves,Coniferous forest,Sweden,Europe,Count,Individuals shot,Sample,per 10000 hectares,-1.0,11.0,1.0,False,Small game: hunting statistics were obtained from 84 game preservation organisations that report to the Swedish Sportsmen's Association.,457,10568,411,19.0,64.5
7003,11,1970,1980,11,0,0,,,0,0,0,,,False,Tetrao urogallus,Aves,Coniferous forest,Sweden,Europe,Count,Individuals shot,Sample,per 10000 hectares,-1.0,11.0,1.0,False,Small game: hunting statistics were obtained from 84 game preservation organisations that report to the Swedish Sportsmen's Association.,457,10568,11192,19.0,64.5
7004,11,1970,1980,11,0,0,,,0,0,0,,,False,Bonasa bonasia,Aves,Coniferous forest,Sweden,Europe,Count,Individuals shot,Sample,per 10000 hectares,-1.0,11.0,1.0,False,Small game: hunting statistics were obtained from 84 game preservation organisations that report to the Swedish Sportsmen's Association.,457,10568,1,19.0,64.5
7005,11,1970,1980,11,0,0,,,0,0,0,,,False,Vulpes vulpes,Mammalia,Coniferous forest,Sweden,Europe,Count,Individuals shot,Sample,per 10000 hectares,-1.0,11.0,1.0,False,Hunting statistics were obtained from 84 game preservation organisations that report to the Swedish Sportsmen's Association.,457,10568,403,19.0,64.5
7006,11,1970,1980,11,0,5,,,0,0,0,,,False,Aegolius funereus,Aves,Coniferous forest,Sweden,Europe,Count,Individuals shot,Sample,per 10000 hectares,-1.0,11.0,1.0,False,Data on the nimber of ringed specimens were obtained from the Bird Ringing Office of the Swedish Museum of Natural History. The ringing refers to the county and comprised of birds on breeding grounds.,457,10569,11193,18.0,65.0
7007,18,1963,1980,18,0,0,,,0,0,0,,,False,Lepus timidus,Mammalia,Coniferous forest,Sweden,Europe,Count,Individuals shot,Sample,per 10000 hectares,-1.0,18.0,1.0,False,Hunting statistics fot the county were used.,457,10569,408,18.0,65.0
7008,10,1971,1980,10,0,1,,,0,0,0,,,False,Muridae,Mammalia,Coniferous forest,Sweden,Europe,Count,Individuals shot,Sample,per 10000 hectares,-1.0,10.0,1.0,False,"Voles: surveyed each spring and autumn. Species: Clethrionomys glareolus, C. rufocanus and Microtus agrestis. Catches were carried out, with the use of about 2800 snap traps for three consecutive nights in 64 regularly distributed 1-ha-plots within the main study area covering a wide range of habitats. This data is for voles in the autumn.",457,10568,11201,19.0,64.5
7009,12,1971,1982,12,0,2,,1982.0,0,0,0,,,False,Clethrionomys glareolus,Mammalia,Coniferous forest,Sweden,Europe,Count,All Individuals,per quadrat,None,-1.0,12.0,1.0,False,Small Quadrat snap-trapping method.,458,10570,51,15.583333333333334,63.25
7022,16,1967,1982,16,0,0,,,0,0,0,,,False,Salmo trutta,Osteichthyes,Fluvial,UK - England,Europe,Count,All Individuals,Sample,per m^2,-1.0,17.0,1.0,False,young fish (<1yr) m^-2 - Aug/Sep. The number of samples was unclear.,447,10545,11165,-2.8833333333333333,54.333333333333336
7023,17,1967,1983,17,0,0,,,0,0,0,,,False,Salmo trutta,Osteichthyes,Fluvial,UK - England,Europe,Count,All Individuals,Sample,per m^2,-1.0,17.0,1.0,False,older fish (>1yr) m^-2 - May/June. The number of samples was unclear.,447,10545,11165,-2.8833333333333333,54.333333333333336
7024,16,1967,1982,16,0,0,,,0,0,0,,,False,Salmo trutta,Osteichthyes,Fluvial,UK - England,Europe,Count,All Individuals,Sample,per m^2,-1.0,16.0,1.0,False,older fish (>1yr) m^-2 - Aug/Sep. The number of samples was unclear.,447,10545,11165,-2.8833333333333333,54.333333333333336
7025,17,1967,1983,17,0,0,,,0,0,0,,,False,Salmo trutta,Osteichthyes,Fluvial,UK - England,Europe,Count,All Individuals,Sample,per m^2,-1.0,17.0,1.0,False,young fish (<1yr) m^-2 - May/June. The number of samples was unclear.,447,10545,11165,-2.8833333333333333,54.333333333333336
7026,64,1916,1981,66,2,0,,,29,0,29,1945.0,1973.0,False,Panulirus interruptus,Crustacea,Coastal,USA,North America,Harvest,Tonnes,Harvest,None,-1.0,66.0,1.0,False,None,455,10561,11177,-122.0,36.0
7027,17,1964,1982,19,2,0,,,0,0,0,,,False,Haliotis kamtschatkana,Gastropoda,Coastal,USA,North America,Harvest,Tonnes,Harvest,None,-1.0,19.0,1.0,False,None,455,10563,11178,-150.0,60.0
7028,11,1970,1980,11,0,0,,,0,0,0,,,False,Haliotis kamtschatkana,Gastropoda,Coastal,Canada,North America,Harvest,Tonnes,Harvest,None,-1.0,11.0,1.0,False,None,455,10564,11178,-125.0,51.0
7029,36,1945,1981,37,1,0,1971.0,1971.0,0,0,0,,,False,Haliotis corrugata,Gastropoda,Coastal,USA,North America,Harvest,Tonnes,Harvest,None,-1.0,37.0,1.0,False,None,455,10561,11179,-122.0,36.0
7030,61,1916,1981,66,5,0,1942.0,1942.0,0,0,0,,,False,Haliotis rufescens,Gastropoda,Coastal,USA,North America,Harvest,Tonnes,Harvest,None,-1.0,66.0,1.0,False,None,455,10561,11180,-122.0,36.0
7031,16,1965,1981,17,1,0,,,0,0,0,,,False,Haliotis sorensenii,Gastropoda,Coastal,USA,North America,Harvest,Tonnes,Harvest,None,-1.0,17.0,1.0,False,None,455,10561,11181,-122.0,36.0
7032,14,1967,1981,15,1,0,,,0,0,0,,,False,Haliotis cracherodii,Gastropoda,Coastal,USA,North America,Harvest,Tonnes,Harvest,None,-1.0,15.0,1.0,False,None,455,10561,11182,-122.0,36.0
7033,31,1950,1981,32,1,0,,1979.0,0,0,0,,,False,Haliotis fulgens,Gastropoda,Coastal,USA,North America,Harvest,Tonnes,Harvest,None,-1.0,32.0,1.0,False,None,455,10561,11183,-122.0,36.0
7034,15,1960,1974,15,0,0,1965.0,1965.0,0,0,0,,,False,Siliqua patula,Bivalvia,Coastal,Canada,North America,Harvest,Tonnes,Harvest,None,-1.0,15.0,1.0,False,None,455,10564,11184,-125.0,51.0
7035,32,1916,1947,32,0,0,1943.0,1943.0,0,0,0,,,False,Tivela stultorum.,Bivalvia,Coastal,USA,North America,Harvest,Tonnes,Harvest,None,-1.0,32.0,1.0,False,None,455,10561,11185,-122.0,36.0
7036,32,1916,1947,32,0,0,1940.0,1940.0,0,0,0,,,False,Mya arenaria,Bivalvia,Coastal,USA,North America,Harvest,Tonnes,Harvest,None,-1.0,32.0,1.0,False,None,455,10561,11186,-122.0,36.0
7037,31,1916,1947,32,1,0,1940.0,1940.0,0,0,0,,,False,Clinocardium nuttallii,Bivalvia,Coastal,USA,North America,Harvest,Tonnes,Harvest,None,-1.0,32.0,1.0,False,None,455,10561,11187,-122.0,36.0
7039,17,1948,1964,17,0,0,,,0,0,0,,,False,Ficedula hypoleuca,Aves,Deciduous forest,UK - England,Europe,Count,Occupied nest boxes,Census,None,-1.0,17.0,1.0,False,None,444,123,730,-2.5833333333333335,51.75
7040,15,1963,1977,15,0,0,,,0,0,0,,,False,Haematopus ostralegus,Aves,Island,UK - Wales,Europe,Count,Pairs,Sample,None,-1.0,15.0,1.0,False,The total of 61 in 1969 resulted from the double occupation of some territories due to the temporary removal experiment in that year.,445,18,9,-5.15,51.7
7041,18,1961,1978,18,0,0,,,0,0,0,,,False,Lagopus lagopus scoticus,Aves,Heath or Moor,UK - Scotland,Europe,Count,Hens,Sample,None,-1.0,18.0,1.0,False,None,446,10544,410,-2.5,56.983333333333334
7042,18,1961,1978,18,0,0,,,0,0,0,,,False,Lagopus lagopus scoticus,Aves,Heath or Moor,UK - Scotland,Europe,Count,Cocks,Sample,None,-1.0,18.0,1.0,False,None,446,10544,410,-2.5,56.983333333333334
7043,13,1952,1985,34,21,0,,,0,0,0,,,False,Buteo lagopus,Aves,Coastal,USA,North America,Count,Breeding pairs,Sample,None,-1.0,34.0,1.0,False,None,464,10576,763,-153.0,67.0
7044,13,1959,1985,27,14,0,,,0,0,0,,,False,Falco rusticolus,Aves,Coastal,USA,North America,Count,Breeding pairs,Sample,None,-1.0,27.0,1.0,False,None,464,10576,11198,-153.0,67.0
7045,16,1951,1985,35,19,0,,,0,0,0,,,False,Falco peregrinus,Aves,Coastal,USA,North America,Count,Breeding pairs,Sample,None,-1.0,35.0,1.0,False,None,464,10576,11199,-153.0,67.0
7046,14,1951,1985,35,21,0,,,0,0,0,,,False,Falco peregrinus,Aves,Coastal,USA,North America,Count,Breeding pairs,Sample,None,-1.0,35.0,1.0,False,None,464,10577,11199,-144.0,65.5
7047,15,1971,1985,15,0,0,,,0,0,0,,,False,Aquila chrysaetos,Aves,Coastal,USA,North America,Count,Breeding pairs,Sample,None,-1.0,15.0,1.0,False,None,464,10578,11200,-116.5,45.5
7048,25,1948,1973,26,1,0,,,0,0,0,,,False,Lynx rufus,Mammalia,Unspecified habitat or no information,USA,North America,Count,All Individuals,Sample,None,-1.0,26.0,1.0,False,None,466,79,91,-108.0,43.0
7049,11,1939,1949,11,0,0,,,0,0,0,,,False,Crotalus viridis lutosus,Reptilia,Unspecified habitat or no information,USA,North America,Count,All Individuals,Sample,None,-1.0,11.0,1.0,False,None,468,10597,11319,-112.5,40.416666666666664
7050,11,1939,1949,11,0,0,,,0,0,0,,,False,Masticophis taeniatus taeniatus,Reptilia,Unspecified habitat or no information,USA,North America,Count,All Individuals,Sample,None,-1.0,11.0,1.0,False,None,468,10597,11320,-112.5,40.416666666666664
7051,17,1944,1968,25,8,0,,,0,0,0,,,False,Corvus frugilegus,Aves,Agricultural,UK - England,Europe,Count,Nests,Sample,None,-1.0,25.0,1.0,False,None,469,10598,10716,-3.0,53.5
7052,25,1935,1959,25,0,0,,,0,0,0,,,False,Chortoicetes terminifera,Insecta,Agricultural,Australia,Australia,Count,All Individuals,Sample,None,-1.0,25.0,1.0,False,None,470,10599,11321,147.5,-33.0
7053,25,1935,1959,25,0,0,,,0,0,0,,,False,Chortoicetes terminifera,Insecta,Agricultural,Australia,Australia,Count,All Individuals,Sample,None,-1.0,25.0,1.0,False,None,470,10600,11321,151.66666666666666,-32.5
7054,25,1935,1959,25,0,0,,,0,0,0,,,False,Chortoicetes terminifera,Insecta,Agricultural,Australia,Australia,Count,All Individuals,Sample,None,-1.0,25.0,1.0,False,None,470,10601,11321,151.41666666666666,-31.666666666666668
7055,25,1935,1959,25,0,0,,,0,0,0,,,False,Chortoicetes terminifera,Insecta,Agricultural,Australia,Australia,Count,All Individuals,Sample,None,-1.0,25.0,1.0,False,None,470,10602,11321,148.5,-33.0
7056,25,1935,1959,25,0,0,,,0,0,0,,,False,Chortoicetes terminifera,Insecta,Agricultural,Australia,Australia,Count,All Individuals,Sample,None,-1.0,25.0,1.0,False,None,470,10603,11321,151.0,-29.0
7057,25,1935,1959,25,0,0,,,0,0,0,,,False,Chortoicetes terminifera,Insecta,Agricultural,Australia,Australia,Count,All Individuals,Sample,None,-1.0,25.0,1.0,False,None,470,10604,11321,147.5,-34.0
7058,25,1935,1959,25,0,0,,,0,0,0,,,False,Chortoicetes terminifera,Insecta,Agricultural,Australia,Australia,Count,All Individuals,Sample,None,-1.0,25.0,1.0,False,None,470,10605,11321,147.5,-30.0
7059,16,1958,1986,29,13,0,,,0,0,0,,,False,Syncerus caffer,Mammalia,Grassland,Tanzania,Africa,Count,All Individuals,Sample,None,-1.0,29.0,1.0,False,None,473,10499,10706,35.583333333333336,-3.1666666666666665
7060,26,1961,1986,26,0,0,,,0,0,0,,,False,Connochaetes taurinus,Mammalia,Grassland,Tanzania,Africa,Count,All Individuals,Sample,None,-1.0,26.0,1.0,False,None,473,10499,10705,35.583333333333336,-3.1666666666666665
7061,48,1900,1948,49,1,0,,1942.0,8,0,8,1929.0,1936.0,False,Phoca groenlandica,Mammalia,Marine,Canada,North America,Count,All Individuals,Sample,None,-1.0,49.0,1.0,False,The data is for about 90% Harp seals and 10% Hood seals. TaxonID is for Harp seals.,474,10612,430,-53.166666666666664,49.7
7062,20,1962,1986,25,5,0,1985.0,1985.0,0,0,0,,,False,Aleurotrachelus jelinekii,Insecta,Specified plants as habitat,UK - England,Europe,Count,Adults,per leaf,None,3.0,25.0,1.0,False,None,475,10527,11120,-0.6416666666666667,51.40416666666667
7063,12,1953,1964,12,0,0,,,0,0,0,,,False,Dendragapus obscurus,Aves,Mixed habitat,USA,North America,Count,Adults,Sample,None,-1.0,12.0,1.0,False,None,476,10613,11322,-119.73333333333333,47.666666666666664
7064,12,1953,1964,12,0,0,,,0,0,0,,,False,Dendragapus obscurus,Aves,Grassland,USA,North America,Count,Adults,Sample,None,-1.0,12.0,1.0,False,The relatively small sample size in 1953 resulted from a rather poor location of the check point at the start of the season. In all other years the author believes well over 50% of the birds shot were examined.,476,10614,11322,-119.73333333333333,48.53333333333333
7066,12,1921,1950,30,18,0,,,0,0,0,,,False,Accipiter nisus,Aves,Agricultural,UK - Northern Ireland,Europe,Count,Occupied sites,Census,None,3.0,30.0,1.0,False,100%=22 pairs. From 1956-66 the number of pairs fell from 22 to 6.,478,10616,197,-6.05,54.516666666666666
7067,57,1938,1994,57,0,10,1973.0,1973.0,6,5,1,1967.0,1972.0,True,Oncorhynchus gorbuscha,Osteichthyes,Fluvial,USA,North America,Count,All Individuals,Sample,None,-1.0,57.0,1.0,False,None,479,10617,10225,-121.96666666666667,45.61666666666667
7068,38,1957,1994,38,0,14,1974.0,1974.0,0,0,0,,,False,Oncorhynchus gorbuscha,Osteichthyes,Fluvial,USA,North America,Count,All Individuals,Sample,None,-1.0,38.0,1.0,False,None,479,10618,10225,-121.16666666666667,45.61666666666667
7069,9,1959,1984,26,17,0,,,0,0,0,,,False,Loxodonta africana,Mammalia,Grassland,Tanzania,Africa,Count,All Individuals,Sample,None,-1.0,26.0,1.0,False,"Sampling area is a mixed ecosystem of savannah, woodland and water bodies.",480,10619,10707,35.75,-3.5
7070,9,1959,1984,26,17,0,,,0,0,0,,,False,Syncerus caffer,Mammalia,Grassland,Tanzania,Africa,Count,All Individuals,Sample,None,-1.0,26.0,1.0,False,"Sampling area is a mixed ecosystem of savannah, woodland and water bodies.",480,10619,10706,35.75,-3.5
7071,9,1959,1984,26,17,0,,,0,0,0,,,False,Hippopotamus amphibius,Mammalia,Grassland,Tanzania,Africa,Count,All Individuals,Sample,None,-1.0,26.0,1.0,False,"Sampling area is a mixed ecosystem of savannah, woodland and water bodies.",480,10619,11324,35.75,-3.5
7072,9,1959,1984,26,17,0,,,0,0,0,,,False,Equus burchelli,Mammalia,Grassland,Tanzania,Africa,Count,All Individuals,Sample,None,-1.0,26.0,1.0,False,"Sampling area is a mixed ecosystem of savannah, woodland and water bodies.",480,10619,11325,35.75,-3.5
7073,9,1959,1984,26,17,0,,,0,0,0,,,False,Aepyceros melampus,Mammalia,Grassland,Tanzania,Africa,Count,All Individuals,Sample,None,-1.0,26.0,1.0,False,"Sampling area is a mixed ecosystem of savannah, woodland and water bodies.",480,10619,11326,35.75,-3.5
7074,9,1959,1984,26,17,0,,,0,0,0,,,False,Diceros bicornis,Mammalia,Grassland,Tanzania,Africa,Count,All Individuals,Sample,None,-1.0,26.0,1.0,False,"Sampling area is a mixed ecosystem of savannah, woodland and water bodies.",480,10619,11327,35.75,-3.5
7075,9,1959,1984,26,17,0,,,0,0,0,,,False,Giraffa camelopardalis,Mammalia,Grassland,Tanzania,Africa,Count,All Individuals,Sample,None,-1.0,26.0,1.0,False,"Sampling area is a mixed ecosystem of savannah, woodland and water bodies.",480,10619,10711,35.75,-3.5
7076,9,1959,1984,26,17,1,,,0,0,0,,,False,Connochaetes taurinus,Mammalia,Grassland,Tanzania,Africa,Count,All Individuals,Sample,None,-1.0,26.0,1.0,False,"Sampling area is a mixed ecosystem of savannah, woodland and water bodies.",480,10619,10705,35.75,-3.5
7077,9,1959,1984,26,17,0,,,0,0,0,,,False,Kobus ellipsiprymnus,Mammalia,Grassland,Tanzania,Africa,Count,All Individuals,Sample,None,-1.0,26.0,1.0,False,"Sampling area is a mixed ecosystem of savannah, woodland and water bodies.",480,10619,10709,35.75,-3.5
7078,9,1959,1984,26,17,0,,,0,0,0,,,False,Tragelaphus scriptus,Mammalia,Grassland,Tanzania,Africa,Count,All Individuals,Sample,None,-1.0,26.0,1.0,False,"Sampling area is a mixed ecosystem of savannah, woodland and water bodies.",480,10619,11328,35.75,-3.5
7079,9,1959,1984,26,17,0,,,0,0,0,,,False,Redunca redunca,Mammalia,Grassland,Tanzania,Africa,Count,All Individuals,Sample,None,-1.0,26.0,1.0,False,"Sampling area is a mixed ecosystem of savannah, woodland and water bodies.",480,10619,11329,35.75,-3.5
7080,9,1959,1984,26,17,0,,,0,0,0,,,False,Papio hamadryas,Mammalia,Grassland,Tanzania,Africa,Count,All Individuals,Sample,None,-1.0,26.0,1.0,False,"Sampling area is a mixed ecosystem of savannah, woodland and water bodies.",480,10619,11330,35.75,-3.5
7081,9,1959,1984,26,17,1,,,0,0,0,,,False,Phacochoerus aethiopicus,Mammalia,Grassland,Tanzania,Africa,Count,All Individuals,Sample,None,-1.0,26.0,1.0,False,"Sampling area is a mixed ecosystem of savannah, woodland and water bodies.",480,10619,11331,35.75,-3.5
7082,16,1978,1993,16,0,4,1986.0,1986.0,0,0,0,,,False,Alopex lagopus,Mammalia,Grassland,Sweden,Europe,Count,Adults,Sample,None,-1.0,16.0,1.0,False,"Census technique: den inventories in the breeding season to allow a large proportion of the population to be censused. Total of 206 dens. A quality index was used, category 0  were never inhabited and were excluded from all calculations.",481,10620,74,15.0,63.5
7083,20,1974,1993,20,0,6,1983.0,1983.0,0,0,0,,,False,Alopex lagopus,Mammalia,Grassland,Sweden,Europe,Count,Adults,Sample,None,-1.0,20.0,1.0,False,"Census technique: den inventories in the breeding season to allow a large proportion of the population to be censused. Total of 206 dens. A quality index was used, category 0  were never inhabited and were excluded from all calculations.",481,10569,74,18.0,65.0
7084,20,1974,1993,20,0,7,1983.0,1983.0,0,0,0,,,False,Alopex lagopus,Mammalia,Grassland,Sweden,Europe,Count,Adults,Sample,None,-1.0,20.0,1.0,False,"Census technique: den inventories in the breeding season to allow a large proportion of the population to be censused. Total of 206 dens. A quality index was used, category 0  were never inhabited and were excluded from all calculations.",481,10621,74,21.0,67.0
7085,10,1960,1970,11,1,0,1967.0,1967.0,0,0,0,,,False,Sorex araneus,Mammalia,Coniferous forest,UK - Wales,Europe,Count,All Individuals,Sample,None,-1.0,11.0,1.0,False,The populations of the small mammals decreased as the canopy closed and the ground vegetation was reduced.,482,10622,11332,-4.383333333333334,53.13333333333333
7086,10,1960,1970,11,1,0,1968.0,1968.0,0,0,0,,,False,Cryptotis parva,Mammalia,Coniferous forest,UK - Wales,Europe,Count,All Individuals,Sample,None,-1.0,11.0,1.0,False,The populations of the small mammals decreased as the canopy closed and the ground vegetation was reduced.,482,10622,11333,-4.383333333333334,53.13333333333333
7087,8,1960,1970,11,3,0,,,0,0,0,,,False,Apodemus sylvaticus,Mammalia,Coniferous forest,UK - Wales,Europe,Count,All Individuals,Sample,None,-1.0,11.0,1.0,False,The populations of the small mammals decreased as the canopy closed and the ground vegetation was reduced.,482,10622,50,-4.383333333333334,53.13333333333333
7088,22,1938,1959,22,0,1,,,0,0,0,,,False,Ondatra zibethicus,Mammalia,Coastal,Canada,North America,Count,All Individuals,Sample,None,-1.0,22.0,1.0,False,None,467,10590,79,-108.0,56.0
7089,22,1938,1959,22,0,1,,,0,0,0,,,False,Ondatra zibethicus,Mammalia,Coastal,Canada,North America,Count,All Individuals,Sample,None,-1.0,22.0,1.0,False,None,467,10591,79,-105.0,57.0
7090,22,1938,1959,22,0,1,,,0,0,0,,,False,Ondatra zibethicus,Mammalia,Coastal,Canada,North America,Count,All Individuals,Sample,None,-1.0,22.0,1.0,False,None,467,10592,79,-109.0,58.5
7091,22,1938,1959,22,0,1,,,0,0,0,,,False,Ondatra zibethicus,Mammalia,Coastal,Canada,North America,Count,All Individuals,Sample,None,-1.0,22.0,1.0,False,None,467,10593,79,-103.0,56.0
7092,22,1938,1959,22,0,0,1945.0,1945.0,0,0,0,,,False,Ondatra zibethicus,Mammalia,Wetland,Canada,North America,Count,All Individuals,Sample,None,-1.0,22.0,1.0,False,None,467,10594,79,-107.5,54.0
7093,22,1938,1959,22,0,2,,,0,0,0,,,False,Ondatra zibethicus,Mammalia,Wetland,Canada,North America,Count,All Individuals,Sample,None,-1.0,22.0,1.0,False,None,467,10595,79,-105.75,53.5
7094,22,1938,1959,22,0,3,,,0,0,0,,,False,Ondatra zibethicus,Mammalia,Wetland,Canada,North America,Count,All Individuals,Sample,None,-1.0,22.0,1.0,False,Unusual numbers seen in 1946 and 1953.,467,10596,79,-102.5,54.0
7095,29,1964,1993,30,1,4,1979.0,1979.0,0,0,0,,,False,Alopex lagopus,Mammalia,Montane,Finland,Europe,Count,All Individuals,Sample,None,-1.0,30.0,1.0,False,"At the beginning of the study only a few dens were checked (1-7), estimates were based on tracks in the snow. From 1985, 15 - 27 dens were checked out of the total of 40.",483,10623,74,21.0,69.0
7096,30,1964,1993,30,0,2,1984.0,1984.0,0,0,0,,,False,Muridae,Mammalia,Montane,Finland,Europe,Count,All Individuals,per 100 trap nights,None,-1.0,30.0,1.0,False,Small mammal trapping data from above the tree line.,483,10623,11201,21.0,69.0
7097,14,1954,1989,36,22,0,,,0,0,0,,,False,Rangifer tarandus,Mammalia,Montane,Norway,Europe,Count,All Individuals,Sample,None,-1.0,36.0,1.0,False,The 3 winter figures between 54 and 65 were converted to summer figures.,484,10624,11334,7.5,60.25
7098,37,1944,1980,37,0,0,,,3,0,3,1973.0,1975.0,False,Lepus europaeus,Mammalia,Agricultural,UK - England,Europe,Count,Individuals shot,Sample,per km^2,-1.0,37.0,1.0,False,Myxomatosis epidemic in 1954.,485,10625,407,-1.0,52.5
7099,37,1944,1980,37,0,0,1955.0,1955.0,0,0,0,,,False,Oryctolagus cuniculus,Mammalia,Agricultural,UK - England,Europe,Count,Individuals shot,Sample,per km^2,-1.0,37.0,1.0,False,Myxomatosis epidemic in 1954.,485,10625,406,-1.0,52.5
7100,34,1944,1977,34,0,0,1955.0,1955.0,0,0,0,,,False,Oryctolagus cuniculus,Mammalia,Agricultural,UK - England,Europe,Count,Individuals shot,Sample,per km^2,-1.0,34.0,1.0,False,Myxomatosis epidemic in 1954.,485,10626,406,-1.0,52.5
7101,34,1944,1977,34,0,0,,1977.0,0,0,0,,,False,Lepus europaeus,Mammalia,Agricultural,UK - England,Europe,Count,Individuals shot,Sample,per km^2,-1.0,34.0,1.0,False,Myxomatosis epidemic in 1954.,485,10626,407,-1.0,52.5
7102,20,1961,1980,20,0,0,,,0,0,0,,,False,Lepus europaeus,Mammalia,Unspecified habitat or no information,United Kingdom,Europe,Mean Count,Individuals shot,Sample,per km^2,-1.0,20.0,1.0,False,Myxomatosis epidemic in 1954.,485,367,407,-1.5,54.0
7103,16,1961,1976,16,0,0,,,0,0,0,,,False,Lepus europaeus,Mammalia,Unspecified habitat or no information,Denmark,Europe,Mean Count,Individuals shot,Sample,per km^2,-1.0,16.0,1.0,False,Myxomatosis epidemic in 1954.,485,10637,407,10.0,57.0
7104,24,1967,1990,24,0,0,,,0,0,0,,,False,Salmo trutta,Osteichthyes,Fluvial,UK - England,Europe,Harvest,Not Specified,Harvest,per m^2,-1.0,24.0,1.0,False,None,486,10545,11165,-2.8833333333333333,54.333333333333336
7105,9,1962,1970,9,0,0,,,0,0,0,,,False,Ceraticelus atriceps,Arachnida,Coniferous forest,Canada,North America,Count,All Individuals,per 10ft^2 foliage,None,-1.0,9.0,1.0,False,None,487,10627,11335,-68.16666666666667,47.5
7106,9,1962,1970,9,0,0,,,0,0,0,,,False,Dictyna phylax,Arachnida,Coniferous forest,Canada,North America,Count,All Individuals,per 10ft^2 foliage,None,-1.0,9.0,1.0,False,None,487,10627,11336,-68.16666666666667,47.5
7107,9,1962,1970,9,0,0,,,0,0,0,,,False,Theridion montanum,Arachnida,Coniferous forest,Canada,North America,Count,All Individuals,per 10ft^2 foliage,None,-1.0,9.0,1.0,False,None,487,10627,11337,-68.16666666666667,47.5
7108,9,1962,1970,9,0,0,,,0,0,0,,,False,Grammonata angusta,Arachnida,Coniferous forest,Canada,North America,Count,All Individuals,per 10ft^2 foliage,None,-1.0,9.0,1.0,False,None,487,10627,11338,-68.16666666666667,47.5
7109,9,1962,1970,9,0,0,,,0,0,0,,,False,Pityohyphantes costatus,Arachnida,Coniferous forest,Canada,North America,Count,All Individuals,per 10ft^2 foliage,None,-1.0,9.0,1.0,False,None,487,10627,11339,-68.16666666666667,47.5
7110,9,1962,1970,9,0,0,,,0,0,0,,,False,Philodromus placidus,Arachnida,Coniferous forest,Canada,North America,Count,All Individuals,per 10ft^2 foliage,None,-1.0,9.0,1.0,False,None,487,10627,11340,-68.16666666666667,47.5
7111,12,1960,1971,12,0,0,,,0,0,0,,,False,Choristoneura fumiferana,Insecta,Coniferous forest,Canada,North America,Count,Adults,per 25 traps,None,-1.0,12.0,1.0,False,None,488,10627,11341,-68.16666666666667,47.5
7112,12,1960,1971,12,0,0,1966.0,1966.0,0,0,0,,,False,Choristoneura fumiferana,Insecta,Coniferous forest,Canada,North America,Count,Larvae,per branch,None,-1.0,12.0,1.0,False,None,488,10627,11341,-68.16666666666667,47.5
7113,13,1959,1971,13,0,0,,,0,0,0,,,False,Choristoneura fumiferana,Insecta,Coniferous forest,Canada,North America,Count,Males,per trap night,None,-1.0,13.0,1.0,False,None,488,10627,11341,-68.16666666666667,47.5
7115,80,1900,1979,80,0,3,1930.0,1930.0,1,1,0,1929.0,1929.0,True,Arctocephalus pusillus,Mammalia,Coastal,South Africa,Africa,Count,Individuals caught,Sample,None,-1.0,80.0,1.0,False,None,490,10328,11342,20.0,-35.0
7116,25,1960,1984,25,0,0,1983.0,1983.0,0,0,0,,,False,Salmo salar,Osteichthyes,Marine,Multiple or International jurisdiction,Not applicable,Count,All Individuals,Sample,None,-1.0,25.0,1.0,False,"Data for 1970, includes 2t caught on long-line by one of 2 Greenland vessels in the Labrador Sea early in 1970.",492,10630,48,-53.0,65.0
7117,10,1968,1977,10,0,0,,,0,0,0,,,False,Euphydryas chalcedona,Insecta,Grassland,USA,North America,Count,All Individuals,Census (estimated),None,-1.0,10.0,1.0,False,None,493,10631,11344,-122.13333333333334,37.333333333333336
7118,10,1968,1977,10,0,0,,,0,0,0,,,False,Euphydryas chalcedona,Insecta,Grassland,USA,North America,Count,All Individuals,Census (estimated),None,-1.0,10.0,1.0,False,None,493,10632,11344,-122.13333333333334,37.333333333333336
7119,28,1932,1959,28,0,3,1943.0,1943.0,0,0,0,,,False,Orthoptera,Insecta,Grassland,Canada,North America,Count,All Individuals,Sample,per yard^2,-1.0,28.0,1.0,False,"Taxon ID 11345 comprises taxon ID's  11346, 11347, 11348 & 11349",494,10633,11345,-104.63333333333334,50.5
7120,8,1955,1964,10,2,0,,,0,0,0,,,False,Lagopus lagopus alleni,Aves,Mixed habitat,Canada,North America,Count,Pairs,Sample,per km^2,-1.0,10.0,1.0,False,None,495,10634,11350,-53.5,47.5
7121,11,1977,1987,11,0,0,1986.0,1986.0,0,0,0,,,False,Lygaeus equestris,Insecta,Specified plants as habitat,Sweden,Europe,Count,Adults,Sample,per m^2,-1.0,11.0,1.0,False,"There were two generations in 1989, only generation 1 is shown, value for gen 2 is -0.2.",496,10635,11351,17.5,59.0
7122,8,1973,1981,9,1,0,,,0,0,0,,,False,Evechinus chloroticus,Echinoidea,Coastal,New Zealand,Australia,Count,All Individuals,Sample,per m^2,-1.0,9.0,1.0,False,None,497,10636,11352,174.81666666666666,-36.3
9179,9,1973,1984,12,3,0,,,0,0,0,,,False,Oryctolagus cuniculus,Mammalia,Mixed habitat,UK - England,Europe,Count,Occupied sites,Sample,None,2.0,12.0,1.0,False,None,498,10638,406,-2.0,54.5
9180,9,1973,1984,12,3,0,,,0,0,0,,,False,Oryctolagus cuniculus,Mammalia,Mixed habitat,UK - England,Europe,Count,Occupied sites,Sample,None,2.0,12.0,1.0,False,None,498,10639,406,-2.0,52.5
9181,8,1973,1984,12,4,0,,,0,0,0,,,False,Oryctolagus cuniculus,Mammalia,Mixed habitat,UK - England,Europe,Count,Occupied sites,Sample,None,2.0,12.0,1.0,False,None,498,10640,406,0.0,53.0
9182,9,1973,1984,12,3,0,,,0,0,0,,,False,Oryctolagus cuniculus,Mammalia,Mixed habitat,UK - England,Europe,Count,Occupied sites,Sample,None,2.0,12.0,1.0,False,None,498,10641,406,0.0,51.5
9183,9,1973,1984,12,3,0,,,0,0,0,,,False,Oryctolagus cuniculus,Mammalia,Mixed habitat,UK - Wales,Europe,Count,Occupied sites,Sample,None,2.0,12.0,1.0,False,None,498,10642,406,-3.5,52.5
9184,8,1973,1984,12,4,0,,,0,0,0,,,False,Oryctolagus cuniculus,Mammalia,Mixed habitat,UK - England,Europe,Count,Occupied sites,Sample,None,2.0,12.0,1.0,False,None,498,10643,406,-2.5,51.5
9185,17,1971,1987,17,0,1,1982.0,1982.0,0,0,0,,,False,Calathus melanocephalus,Insecta,Heath or Moor,Netherlands,Europe,Count,Individuals caught,per year,None,3.0,17.0,1.0,False,90% of adult Calathus melanocephalus do not cover more than 2ha during the entire reproductive season.,499,10644,11353,6.366666666666666,52.81666666666667
9186,17,1971,1987,17,0,0,1982.0,1982.0,0,0,0,,,False,Calathus melanocephalus,Insecta,Heath or Moor,Netherlands,Europe,Count,Individuals caught,per year,None,3.0,17.0,1.0,False,90% of adult Calathus melanocephalus do not cover more than 2ha during the entire reproductive season.,499,10645,11353,6.366666666666666,52.81666666666667
9187,16,1972,1987,16,0,0,1983.0,1983.0,0,0,0,,,False,Calathus melanocephalus,Insecta,Heath or Moor,Netherlands,Europe,Count,Individuals caught,per year,None,3.0,16.0,1.0,False,90% of adult Calathus melanocephalus do not cover more than 2ha during the entire reproductive season.,499,10646,11353,6.366666666666666,52.81666666666667
9188,27,1959,1985,27,0,0,1969.0,1969.0,0,0,0,,,False,Calathus melanocephalus,Insecta,Heath or Moor,Netherlands,Europe,Count,Individuals caught,Sample,None,3.0,27.0,1.0,False,"Sampling area=15, 2ha sites. 90% of adult Calathus melanocephalus do not cover more than 2ha during the entire reproductive season.",499,10647,11353,6.366666666666666,52.81666666666667
9189,27,1959,1985,27,0,0,,,0,0,0,,,False,Pterostichus vericolor,Insecta,Heath or Moor,Netherlands,Europe,Count,Individuals caught,Sample,None,3.0,27.0,1.0,False,"Sampling area=15, 12ha sites. 90% of adult Pterostichus versicolor cover no more than 12ha.",499,10647,11354,6.366666666666666,52.81666666666667
9190,11,1968,1978,11,0,0,,,0,0,0,,,False,Nebria brevicollis,Insecta,Deciduous forest,Netherlands,Europe,Count,All Individuals,Sample,per km^2,-1.0,11.0,1.0,False,30 pitfalls were emptied approximately daily. A part of the experimental area was fenced in 1976 and 1977 ( about 360m^2).,500,10648,11355,6.5,52.81666666666667
9191,41,1939,1988,50,9,0,1960.0,1960.0,0,0,0,,,False,Panaxia dominula-dominula,Insecta,Wetland,UK - England,Europe,Count,Individuals caught,Sample,None,4.0,50.0,1.0,False,None,501,10649,11356,-1.3166666666666667,51.75
9192,41,1939,1988,50,9,4,1960.0,1960.0,0,0,0,,,False,Panaxia dominula-medionigra,Insecta,Wetland,UK - England,Europe,Count,Individuals caught,Sample,None,4.0,50.0,1.0,False,None,501,10649,11357,-1.3166666666666667,51.75
9193,41,1939,1988,50,9,27,1949.0,1949.0,0,0,0,,,False,Panaxia dominula-bimacula,Insecta,Wetland,UK - England,Europe,Count,Individuals caught,Sample,None,4.0,50.0,1.0,False,None,501,10649,11358,-1.3166666666666667,51.75
9194,30,1958,1987,30,0,0,1977.0,1977.0,0,0,0,,,False,Alopex lagopus,Mammalia,Grassland,Iceland,Europe,Count,Individuals killed,Sample,None,2.0,30.0,1.0,False,None,503,10650,74,-15.0,64.5
9195,30,1958,1987,30,0,0,,,0,0,0,,,False,Alopex lagopus,Mammalia,Grassland,Iceland,Europe,Count,Individuals killed,Sample,None,-1.0,30.0,1.0,False,None,503,10651,74,-16.0,66.5
9196,30,1958,1987,30,0,0,,,0,0,0,,,False,Alopex lagopus,Mammalia,Grassland,Iceland,Europe,Count,Individuals killed,Sample,None,-1.0,30.0,1.0,False,None,503,10652,74,-16.0,65.5
9197,19,1960,1978,19,0,0,,,0,0,0,,,False,Parus caeruleus,Aves,Deciduous forest,Belgium,Europe,Count,Pairs,Sample,per 10 hectares,-1.0,19.0,1.0,False,None,504,10653,208,3.7,50.96666666666667
9200,32,1947,1978,32,0,0,,,0,0,0,,,False,Parus major,Aves,Deciduous forest,UK - England,Europe,Count,Breeding pairs,Census,None,4.0,32.0,1.0,False,None,505,153,207,1.0833333333333333,51.63333333333333
9201,13,1956,1968,13,0,0,,,0,0,0,,,False,Parus major,Aves,Deciduous forest,Netherlands,Europe,Count,Breeding pairs,Sample,per 10 hectares,3.0,13.0,1.0,False,None,506,10654,207,4.766666666666667,51.583333333333336
9202,10,1959,1968,10,0,0,,,0,0,0,,,False,Parus major,Aves,Mixed or unspecified forest,Netherlands,Europe,Count,Breeding pairs,Sample,per 10 hectares,3.0,10.0,1.0,False,None,506,343,207,5.833333333333333,52.166666666666664
9203,13,1956,1968,13,0,0,,,0,0,0,,,False,Parus major,Aves,Coniferous forest,Netherlands,Europe,Count,Breeding pairs,Sample,per 10 hectares,3.0,13.0,1.0,False,None,506,343,207,5.833333333333333,52.166666666666664
9204,13,1956,1968,13,0,0,,,0,0,0,,,False,Parus major,Aves,Mixed or unspecified forest,Netherlands,Europe,Count,Breeding pairs,Sample,None,3.0,13.0,1.0,False,Pine and Oak woodland mainly consisted of pine with small oaks in undergrowth.,506,10655,207,5.0,53.266666666666666
9205,13,1956,1968,13,0,0,,,0,0,0,,,False,Parus major,Aves,Mixed or unspecified forest,Netherlands,Europe,Count,Breeding pairs,Sample,None,3.0,13.0,1.0,False,Pines were thinned out in 3 winters resulting in the rapid growth of the oaks.,506,10655,207,5.0,53.266666666666666
9206,15,1964,1978,15,0,0,,,0,0,0,,,False,Parus major,Aves,Mixed or unspecified forest,United Kingdom,Europe,Count,All Individuals,Sample,None,3.0,15.0,1.0,False,None,507,367,207,-1.5,54.0
9207,17,1962,1978,17,0,0,,,0,0,0,,,False,Parus major,Aves,Agricultural,United Kingdom,Europe,Count,All Individuals,Sample,None,3.0,17.0,1.0,False,None,507,367,207,-1.5,54.0
9208,16,1964,1979,16,0,0,,,0,0,0,,,False,Tetrao urogallus,Aves,Coniferous forest,Finland,Europe,Count,All Individuals,Sample,None,3.0,16.0,1.0,False,None,508,10656,11192,22.5,63.0
9209,16,1964,1979,16,0,0,,,0,0,0,,,False,Tetrao urogallus,Aves,Coniferous forest,Finland,Europe,Count,All Individuals,Sample,None,3.0,16.0,1.0,False,None,508,10656,11192,22.5,63.0
9210,22,1953,1980,28,6,5,1966.0,1966.0,0,0,0,,,False,Parus montanus,Aves,Mixed or unspecified forest,Switzerland,Europe,Count,Individuals caught,Sample,None,2.0,28.0,1.0,False,None,509,10657,211,7.5,46.25
9211,22,1953,1980,28,6,2,1970.0,1970.0,0,0,0,,,False,Parus afer,Aves,Mixed or unspecified forest,Switzerland,Europe,Count,Individuals caught,Sample,None,2.0,28.0,1.0,False,None,509,10657,209,7.5,46.25
9212,12,1908,1959,52,40,0,,,0,0,0,,,False,Ovibos moschatus,Mammalia,Wetland,Canada,North America,Count,All Individuals,Census,None,2.0,53.0,1.0,False,"The best range for muskoxen lies beneath the 100ft contour on the island. There was a different observer each year. Two readings were made in the following years: 1926 (25 & 30), 1937 (80+ & 100) and 1958 (80 & 40+). In 1922 data was recorded as ""very numerous"", in 1956 as 34+, 1958 as 40+, 1959 as 60-80 & 1960 as 52-.",510,10658,11359,-85.0,76.0
9213,88,1821,1913,93,5,0,1848.0,1848.0,0,0,0,,,False,Ondatra zibethicus,Mammalia,Mixed habitat,Canada,North America,Count,Skins exported,Sample,None,1.0,93.0,1.0,False,"Figures for Winnipeg missing from 1903,04,09 & 10. Records missing 1892-1896.",511,10659,79,-105.0,55.0
9214,79,1849,1927,79,0,0,1872.0,1872.0,0,0,0,,,False,Ondatra zibethicus,Mammalia,Coniferous forest,Canada,North America,Count,Fur returns,Sample,None,1.0,79.0,1.0,False,None,511,10661,79,-116.0,64.0
9215,38,1919,1956,38,0,0,,,4,0,4,1948.0,1951.0,False,Ondatra zibethicus,Mammalia,Unspecified habitat or no information,Canada,North America,Count,Skins exported,Sample,None,-1.0,38.0,1.0,False,None,565,80,79,-98.0,60.0
9216,20,1919,1938,20,0,0,,,0,0,0,,,False,Ondatra zibethicus,Mammalia,Unspecified habitat or no information,Canada,North America,Count,Skins exported,Sample,None,-1.0,20.0,1.0,False,"'1919' means season 1919-20, etc.",511,10662,79,-65.0,47.0
9217,20,1919,1938,20,0,0,,,0,0,0,,,False,Ondatra zibethicus,Mammalia,Unspecified habitat or no information,Canada,North America,Count,Skins exported,Sample,None,-1.0,20.0,1.0,False,"'1919' means season 1919-20, etc.",511,28,79,-73.0,52.0
9218,39,1919,1957,39,0,0,,,5,0,5,1948.0,1952.0,False,Ondatra zibethicus,Mammalia,Unspecified habitat or no information,Canada,North America,Count,Skins exported,Sample,None,-1.0,39.0,1.0,False,None,565,26,79,-88.0,52.0
9219,20,1919,1938,20,0,0,,,0,0,0,,,False,Ondatra zibethicus,Mammalia,Unspecified habitat or no information,Canada,North America,Count,Skins exported,Sample,None,-1.0,20.0,1.0,False,"'1919' means season 1919-20, etc.",511,21,79,-98.0,55.0
9220,20,1919,1938,20,0,0,1936.0,1936.0,0,0,0,,,False,Ondatra zibethicus,Mammalia,Unspecified habitat or no information,Canada,North America,Count,Skins exported,Sample,None,-1.0,20.0,1.0,False,"'1919' means season 1919-20, etc.",511,29,79,-104.0,55.0
9221,20,1919,1938,20,0,0,,,0,0,0,,,False,Ondatra zibethicus,Mammalia,Unspecified habitat or no information,Canada,North America,Count,Skins exported,Sample,None,-1.0,20.0,1.0,False,"'1919' means season 1919-20, etc.",511,19,79,-115.0,55.0
9222,20,1919,1938,20,0,0,,,0,0,0,,,False,Ondatra zibethicus,Mammalia,Unspecified habitat or no information,Canada,North America,Count,Skins exported,Sample,None,-1.0,20.0,1.0,False,"'1919' means season 1919-20, etc.",511,24,79,-100.0,67.0
9223,20,1919,1938,20,0,0,,,0,0,0,,,False,Ondatra zibethicus,Mammalia,Unspecified habitat or no information,Canada,North America,Count,Skins exported,Sample,None,-1.0,20.0,1.0,False,"'1919' means season 1919-20, etc.",511,10663,79,-110.0,60.0
9224,20,1919,1938,20,0,0,,,0,0,0,,,False,Ondatra zibethicus,Mammalia,Unspecified habitat or no information,Canada,North America,Count,Skins exported,Sample,None,-1.0,20.0,1.0,False,"'1919' means season 1919-20, etc.",511,30,79,-155.0,65.0
9225,20,1919,1938,20,0,0,,,0,0,0,,,False,Ondatra zibethicus,Mammalia,Unspecified habitat or no information,Canada,North America,Count,Skins exported,Sample,None,-1.0,20.0,1.0,False,"'1919' means season 1919-20, etc.",511,20,79,-125.0,55.0
9226,11,1965,1975,11,0,0,,,0,0,0,,,False,Bonasa umbellus,Aves,Mixed or unspecified forest,Canada,North America,Count,Territories,Census,None,3.0,11.0,1.0,False,Includes perennial and transient sites.,513,10664,417,-118.0,52.0
9227,11,1968,1978,11,0,0,,,0,0,0,,,False,Pinus resinosa,Coniferopsida,Coniferous forest,USA,North America,Count,Cones,Sample,per acre,2.0,11.0,1.0,False,"Cones were counted on eight randomly selected branches on ten randomly selected trees. From 1967- 70, ten different trees were selected every year, but from 1971- 78 the same ten trees were used.",514,10665,799,-91.16666666666667,46.25
9228,10,1969,1978,10,0,0,,,0,0,0,,,False,Conophthorus resinosae,Insecta,Coniferous forest,USA,North America,Count,All Individuals,Sample,per acre,2.0,10.0,1.0,False,"Cones were counted on eight randomly selected branches on ten randomly selected trees. From 1967- 70, ten different trees were selected every year, but from 1971- 78 the same ten trees were used.",514,10665,798,-91.16666666666667,46.25
9229,9,1978,1986,9,0,0,,,0,0,0,,,False,Geospiza conirostris,Aves,Island,Ecuador,South America,Count,Breeding males,Census,None,3.0,9.0,1.0,False,Data for 1984 and 1985 are extrapolated based on known survival and the pertail breeding activity in 1984.,515,10532,800,-90.0,0.5
9230,25,1826,1850,25,0,0,1849.0,1849.0,0,0,0,,,False,Castor canadensis,Mammalia,Unspecified habitat or no information,USA,North America,Count,Individuals traded,Sample,None,2.0,25.0,1.0,False,None,516,10666,54,-118.0,48.7
9231,10,1974,1983,10,0,0,,,0,0,0,,,False,Wiseana cervinata,Insecta,Agricultural,New Zealand,Australia,Count,Larvae,Sample,per m^2,2.0,10.0,1.0,False,None,517,10667,801,171.76666666666668,-43.9
9232,37,1953,1989,37,0,0,1963.0,1963.0,0,0,0,,,False,Bupalus piniaria,Insecta,Coniferous forest,UK - England,Europe,Count,Pupae,Sample,per m^2,3.0,37.0,1.0,False,None,518,10668,47,-2.0,52.666666666666664
9233,12,1965,1976,12,0,0,,,0,0,0,,,False,Spilonota ocellana,Insecta,Specified plants as habitat,Canada,North America,Count,Eggs,per tree,None,2.0,12.0,1.0,False,The study trees consisted of two McIntosh per orchard quadrant. Eggs were counted on 200 randomly selected leaf clusters picked from each sample tree in Sept.,577,10669,802,-64.5,45.06666666666667
9234,12,1965,1976,12,0,0,,,0,0,0,,,False,Spilonota ocellana,Insecta,Specified plants as habitat,Canada,North America,Count,Eggs,per tree,None,2.0,12.0,1.0,False,The study trees consisted of one Delicious per orchard quadrant. Eggs were counted on 200 randomly selected leaf clusters picked from each sample tree in Sept.,577,10669,802,-64.5,45.06666666666667
9235,12,1965,1976,12,0,0,,,0,0,0,,,False,Laspeyresia pomonella,Insecta,Specified plants as habitat,Canada,North America,Count,All Individuals,Census,None,-1.0,12.0,1.0,False,The study trees consisted of two McIntosh per orchard quadrant.,520,10669,803,-64.5,45.06666666666667
9236,12,1965,1976,12,0,2,1974.0,1974.0,0,0,0,,,False,Laspeyresia pomonella,Insecta,Specified plants as habitat,Canada,North America,Count,All Individuals,Census,None,-1.0,12.0,1.0,False,The study trees consisted of one Delicious per orchard quadrant.,520,10669,803,-64.5,45.06666666666667
9237,15,1960,1974,15,0,0,,1974.0,0,0,0,,,False,Euphydryas editha,Insecta,Grassland,USA,North America,Count,All Individuals,Census,None,-1.0,15.0,1.0,False,None,521,10670,804,-122.13333333333334,37.333333333333336
9238,15,1960,1974,15,0,0,,,0,0,0,,,False,Euphydryas editha,Insecta,Grassland,USA,North America,Count,All Individuals,Census,None,-1.0,15.0,1.0,False,None,521,10670,804,-122.13333333333334,37.333333333333336
9239,14,1960,1974,15,1,0,1971.0,1971.0,0,0,0,,,False,Euphydryas editha,Insecta,Grassland,USA,North America,Count,All Individuals,Census,None,-1.0,15.0,1.0,False,None,521,10670,804,-122.13333333333334,37.333333333333336
9240,10,1960,1969,10,0,0,,,0,0,0,,,False,Lagopus mutus,Aves,Heath or Moor,USA,North America,Count,All Individuals,Sample,None,4.0,10.0,1.0,False,None,522,10671,734,-152.0,62.0
9241,10,1960,1969,10,0,0,,,0,0,0,,,False,Lagopus lagopus,Aves,Island,Norway,Europe,Count,All Individuals,Sample,None,4.0,10.0,1.0,False,None,523,10672,11191,17.5,69.25
9242,10,1966,1975,10,0,0,,,0,0,0,,,False,Salmo salar,Osteichthyes,Fluvial,UK - Scotland,Europe,Count,All Individuals,Sample,per m^2,4.0,10.0,1.0,False,"Numbers of fish were measured in parts of September and October, varying from 1-12 Sep to 7-29 Oct.",524,10673,48,-3.6666666666666665,56.416666666666664
9243,10,1966,1975,10,0,0,,,0,0,0,,,False,Salmo trutta,Osteichthyes,Fluvial,UK - Scotland,Europe,Count,All Individuals,Sample,per m^2,3.0,10.0,1.0,False,"Numbers of fish were measured in parts of September and October, varying from 1-12 Sep to 7-29 Oct.",524,10673,11165,-3.6666666666666665,56.416666666666664
9244,10,1969,1978,10,0,0,,,0,0,0,,,False,Lagopus lagopus scoticus,Aves,Unspecified habitat or no information,UK - Scotland,Europe,Count,All Individuals,Sample,None,3.0,10.0,1.0,False,"Gaps in the graph reflect minor changes in the area from which eggs were taken. For the change of area, counts have been averegaed from two samples.",525,10674,410,-2.466666666666667,56.96666666666667
9245,19,1960,1978,19,0,0,,,0,0,0,,,False,Phoca vitulina,Mammalia,Coastal,Multiple or International jurisdiction,Europe,Count,All Individuals,Census,None,4.0,19.0,1.0,False,None,526,10675,11883,7.5,54.0
9246,19,1960,1978,19,0,0,,,0,0,0,,,False,Phoca vitulina,Mammalia,Coastal,Germany,Europe,Count,All Individuals,Census,None,4.0,19.0,1.0,False,None,526,10676,11883,8.5,54.5
9247,19,1960,1978,19,0,0,,,0,0,0,,,False,Phoca vitulina,Mammalia,Coastal,Germany,Europe,Count,All Individuals,Census,None,4.0,19.0,1.0,False,None,526,10677,11883,8.0,53.75
9248,19,1960,1978,19,0,0,,,0,0,0,,,False,Phoca vitulina,Mammalia,Coastal,Netherlands,Europe,Count,All Individuals,Census,None,4.0,19.0,1.0,False,None,526,10678,11883,6.0,53.5
9249,19,1960,1978,19,0,0,,,0,0,0,,,False,Phoca vitulina,Mammalia,Island,Germany,Europe,Count,All Individuals,Census,None,4.0,19.0,1.0,False,None,526,10679,11883,7.866666666666667,54.15
9250,10,1960,1969,10,0,0,,,0,0,0,,,False,Caiman crocodilus,Reptilia,Mixed or unspecified forest,Brazil,South America,Count,Exported hides,Sample,None,1.0,10.0,1.0,False,Population count also includes Melanosuchus niger (Taxon ID 11902). Most skins came from the Pantanal area in the headwaters of the Paraguay River.,527,10680,11887,-57.0,-18.0
9251,15,1950,1965,16,1,0,1957.0,1957.0,0,0,0,,,False,Caiman crocodilus,Reptilia,Mixed or unspecified forest,Brazil,South America,Count,Exported hides,Sample,None,1.0,16.0,1.0,False,None,527,10681,11887,-65.0,-5.0
9252,10,1960,1969,10,0,0,,,0,0,0,,,False,Hydrochaerus hydrochaeris,Mammalia,Mixed or unspecified forest,Brazil,South America,Count,Exported hides,Sample,None,1.0,10.0,1.0,False,None,527,10843,11884,-57.0,-5.0
9253,10,1960,1969,10,0,0,,,0,0,0,,,False,Pteronura brasiliensis,Mammalia,Mixed or unspecified forest,Brazil,South America,Count,Exported hides,Sample,None,1.0,10.0,1.0,False,None,527,10680,11885,-57.0,-18.0
9254,27,1946,1973,28,1,0,1965.0,1965.0,0,0,0,,,False,Pteronura brasiliensis,Mammalia,Mixed or unspecified forest,Peru,South America,Count,Exported hides,Sample,None,1.0,28.0,1.0,False,None,527,10682,11885,-72.0,-3.0
9255,14,1959,1972,14,0,0,,,0,0,0,,,False,Lontra longicaudis,Mammalia,Mixed or unspecified forest,Peru,South America,Count,Exported hides,Sample,None,1.0,14.0,1.0,False,None,527,10682,11886,-72.0,-3.0
9256,11,1927,1937,11,0,1,,,0,0,0,,,False,Loxia curvirostra,Aves,Unspecified habitat or no information,Finland,Europe,Count,Pairs,Sample,per 120km^2,3.0,11.0,1.0,False,None,528,10683,11888,27.0,65.0
9257,14,1963,1981,19,5,0,,,0,0,0,,,False,Podiceps cristatus,Aves,Coastal,Finland,Europe,Count,Pairs,Sample,None,2.0,19.0,1.0,False,None,529,10684,11889,25.4,64.83333333333333
9258,14,1963,1981,19,5,0,,,0,0,0,,,False,Anser anser,Aves,Coastal,Finland,Europe,Count,Pairs,Sample,None,2.0,19.0,1.0,False,None,529,10684,11890,25.4,64.83333333333333
9259,14,1963,1981,19,5,0,,,0,0,0,,,False,Anas platyrhynchos,Aves,Coastal,Finland,Europe,Count,Pairs,Sample,None,2.0,19.0,1.0,False,None,529,10684,28,25.4,64.83333333333333
9260,14,1963,1981,19,5,0,,,0,0,0,,,False,Anas acuta,Aves,Coastal,Finland,Europe,Count,Pairs,Sample,None,2.0,19.0,1.0,False,None,529,10684,742,25.4,64.83333333333333
9261,14,1963,1981,19,5,0,,,0,0,0,,,False,Anas penelope,Aves,Coastal,Finland,Europe,Count,Pairs,Sample,None,2.0,19.0,1.0,False,None,529,10684,11893,25.4,64.83333333333333
9262,14,1963,1981,19,5,0,,,0,0,0,,,False,Anas crecca,Aves,Coastal,Finland,Europe,Count,Pairs,Sample,None,2.0,19.0,1.0,False,None,529,10684,744,25.4,64.83333333333333
9263,14,1963,1981,19,5,0,,,0,0,0,,,False,Anas querquedula,Aves,Coastal,Finland,Europe,Count,Pairs,Sample,None,2.0,19.0,1.0,False,None,529,10684,11891,25.4,64.83333333333333
9264,14,1963,1981,19,5,0,,,0,0,0,,,False,Anas clypeata,Aves,Coastal,Finland,Europe,Count,Pairs,Sample,None,2.0,19.0,1.0,False,None,529,10684,743,25.4,64.83333333333333
9265,13,1963,1981,19,6,0,,,0,0,0,,,False,Aythya marila,Aves,Coastal,Finland,Europe,Count,Pairs,Sample,None,2.0,19.0,1.0,False,None,529,10684,11892,25.4,64.83333333333333
9266,14,1963,1981,19,5,0,,,0,0,0,,,False,Aythya fuligula,Aves,Coastal,Finland,Europe,Count,Pairs,Sample,None,2.0,19.0,1.0,False,None,529,10684,29,25.4,64.83333333333333
9267,13,1963,1981,19,6,0,,,0,0,0,,,False,Bucephala clangula,Aves,Coastal,Finland,Europe,Count,Pairs,Sample,None,2.0,19.0,1.0,False,None,529,10684,36,25.4,64.83333333333333
9268,14,1963,1981,19,5,0,,,0,0,0,,,False,Mergus serrator,Aves,Coastal,Finland,Europe,Count,Pairs,Sample,None,2.0,19.0,1.0,False,None,529,10684,37,25.4,64.83333333333333
9269,13,1963,1981,19,6,0,,,0,0,0,,,False,Mergus merganser,Aves,Coastal,Finland,Europe,Count,Pairs,Sample,None,2.0,19.0,1.0,False,None,529,10684,38,25.4,64.83333333333333
9270,19,1954,1980,27,8,0,,1980.0,0,0,0,,,False,Podiceps cristatus,Aves,Coastal,Finland,Europe,Count,Pairs,Sample,None,2.0,27.0,1.0,False,None,529,10685,11889,25.116666666666667,65.0
9271,19,1954,1980,27,8,0,,,0,0,0,,,False,Anas platyrhynchos,Aves,Coastal,Finland,Europe,Count,Pairs,Sample,None,2.0,27.0,1.0,False,None,529,10685,28,25.116666666666667,65.0
9272,19,1954,1980,27,8,0,,,0,0,0,,,False,Anas acuta,Aves,Coastal,Finland,Europe,Count,Pairs,Sample,None,2.0,27.0,1.0,False,None,529,10685,742,25.116666666666667,65.0
9273,19,1954,1980,27,8,0,,,0,0,0,,,False,Anas penelope,Aves,Coastal,Finland,Europe,Count,Pairs,Sample,None,2.0,27.0,1.0,False,None,529,10685,11893,25.116666666666667,65.0
9274,19,1954,1980,27,8,0,,,0,0,0,,,False,Anas crecca,Aves,Coastal,Finland,Europe,Count,Pairs,Sample,None,2.0,27.0,1.0,False,None,529,10685,744,25.116666666666667,65.0
9275,18,1954,1980,27,9,0,,,0,0,0,,,False,Anas querquedula,Aves,Coastal,Finland,Europe,Count,Pairs,Sample,None,2.0,27.0,1.0,False,None,529,10685,11891,25.116666666666667,65.0
9276,19,1954,1980,27,8,0,,,0,0,0,,,False,Anas clypeata,Aves,Coastal,Finland,Europe,Count,Pairs,Sample,None,2.0,27.0,1.0,False,None,529,10685,743,25.116666666666667,65.0
9277,19,1954,1980,27,8,0,,,0,0,0,,,False,Aythya fuligula,Aves,Coastal,Finland,Europe,Count,Pairs,Sample,None,2.0,27.0,1.0,False,None,529,10685,29,25.116666666666667,65.0
9278,19,1954,1980,27,8,0,,,0,0,0,,,False,Mergus serrator,Aves,Coastal,Finland,Europe,Count,Pairs,Sample,None,2.0,27.0,1.0,False,None,529,10685,37,25.116666666666667,65.0
9279,19,1961,1979,19,0,0,,,0,0,0,,,False,Ardea purpurea,Aves,Unspecified habitat or no information,Netherlands,Europe,Count,Pairs,Census,None,4.0,19.0,1.0,False,The fluctuations in the number of  breeding pairs in Nieuwkoop are representative for the changes in the size of the entire Purple heron population on the Netherlands. In Nieuwkoop the nests were counted in June and labelled.,530,10686,11894,4.766666666666667,52.15
9280,19,1961,1979,19,0,0,,,0,0,0,,,False,Ardea purpurea,Aves,Unspecified habitat or no information,Netherlands,Europe,Count,Pairs,Census,None,4.0,19.0,1.0,False,The nests were coumted in the breeding season.,530,10687,11894,5.05,52.13333333333333
9281,14,1964,1977,14,0,0,,,0,0,0,,,False,Tetrao urogallus,Aves,Unspecified habitat or no information,Finland,Europe,Count,All Individuals,Sample,per km^2,2.0,14.0,1.0,False,Route censuses are made annually in August.,531,10688,11192,27.0,64.0
9282,14,1964,1977,14,0,0,,,0,0,0,,,False,Tetrao tetrix,Aves,Unspecified habitat or no information,Finland,Europe,Count,All Individuals,Sample,per km^2,2.0,14.0,1.0,False,Route censuses are made annually in August.,531,10688,411,27.0,64.0
9283,14,1964,1977,14,0,0,,,0,0,0,,,False,Bonasa bonasia,Aves,Unspecified habitat or no information,Finland,Europe,Count,All Individuals,Sample,per km^2,2.0,14.0,1.0,False,Route censuses are made annually in August.,531,10688,1,27.0,64.0
9284,14,1964,1977,14,0,0,,,0,0,0,,,False,Lagopus lagopus,Aves,Unspecified habitat or no information,Finland,Europe,Count,All Individuals,Sample,per km^2,2.0,14.0,1.0,False,Route censuses are made annually in August.,531,10688,11191,27.0,64.0
9287,13,1963,1975,13,0,0,,,0,0,0,,,False,Lepus timidus,Mammalia,Coniferous forest,Sweden,Europe,Count,All Individuals,Sample,None,1.0,13.0,1.0,False,None,533,10568,408,19.0,64.5
9288,13,1963,1975,13,0,0,,1975.0,0,0,0,,,False,Lagopus lagopus,Aves,Coniferous forest,Sweden,Europe,Count,All Individuals,Sample,None,1.0,13.0,1.0,False,None,533,10568,11191,19.0,64.5
9289,13,1963,1975,13,0,0,,,0,0,0,,,False,Vulpes vulpes,Mammalia,Coniferous forest,Sweden,Europe,Count,All Individuals,Sample,None,1.0,13.0,1.0,False,None,533,10568,403,19.0,64.5
9290,13,1963,1975,13,0,0,,,0,0,0,,,False,Aegolius funereus,Aves,Coniferous forest,Sweden,Europe,Count,All Individuals,Sample,None,1.0,13.0,1.0,False,None,533,10568,11193,19.0,64.5
9291,13,1963,1975,13,0,0,,,0,0,0,,,False,Asio otus,Aves,Coniferous forest,Sweden,Europe,Count,All Individuals,Sample,None,1.0,13.0,1.0,False,None,533,10568,11195,19.0,64.5
9292,16,1970,1985,16,0,0,1978.0,1978.0,0,0,0,,,False,Clethrionomys glareolus,Mammalia,Unspecified habitat or no information,Finland,Europe,Count,All Individuals,per 100 trap nights,None,3.0,16.0,1.0,False,None,534,10690,51,27.0,68.0
9293,16,1970,1985,16,0,0,1979.0,1979.0,0,0,0,,,False,Microtus oeconomus,Mammalia,Unspecified habitat or no information,Finland,Europe,Count,All Individuals,per 100 trap nights,None,3.0,16.0,1.0,False,None,534,10690,391,27.0,68.0
9294,16,1951,1966,16,0,0,,,0,0,0,,,False,Clethrionomys glareolus,Mammalia,Unspecified habitat or no information,Russian Federation,Europe,Count,All Individuals,per 100 trap nights,None,3.0,16.0,1.0,False,None,534,10691,51,37.63333333333333,54.18333333333333
9295,16,1951,1966,16,0,0,1959.0,1959.0,0,0,0,,,False,Microtus arvalis,Mammalia,Unspecified habitat or no information,Russian Federation,Europe,Count,All Individuals,per 100 trap nights,None,3.0,16.0,1.0,False,None,534,10691,11897,37.63333333333333,54.18333333333333
9296,10,1979,1988,10,0,0,,,0,0,0,,,False,Baizongia pistaciae,Insecta,Specified plants as habitat,Israel,Asia,Count,Galls,per tree,None,4.0,10.0,1.0,False,"Observations began in 1980, but figures for 1979 were obtained by counting old galls. Sampling was carried out once a year in autumn.",535,10692,11898,35.0,32.733333333333334
9297,10,1979,1988,10,0,0,,,0,0,0,,,False,Baizongia pistaciae,Insecta,Specified plants as habitat,Israel,Asia,Count,Galls,per tree,None,4.0,10.0,1.0,False,"Observations began in 1980, but figures for 1979 were obtained by counting old galls. Sampling was carried out once a year in autumn.",535,10693,11898,34.833333333333336,31.583333333333332
9298,11,1977,1987,11,0,0,,,0,0,0,,,False,Vincetoxicum hirundinaria,Angiospermopsida (Dicotyledoneae),Unspecified habitat or no information,Sweden,Europe,Count,Seed pods,per pod,None,3.0,11.0,1.0,False,None,536,10694,11899,18.666666666666668,59.63333333333333
9299,11,1977,1987,11,0,0,1982.0,1982.0,0,0,0,,,False,Vincetoxicum hirundinaria,Angiospermopsida (Dicotyledoneae),Unspecified habitat or no information,Sweden,Europe,Count,Seed pods,per pod,None,3.0,11.0,1.0,False,None,536,10635,11899,17.5,59.0
9300,11,1977,1987,11,0,0,,,0,0,0,,,False,Lygaeus equestris,Insecta,Specified plants as habitat,Sweden,Europe,Count,Adults,per pod,None,3.0,11.0,1.0,False,"L. equestris populations were estimated twice yearly. First, the adult breeding population was estimated when host plants were in full bloom, usually just before midsummer. This estimate is referred to as Parental.",536,10694,11351,18.666666666666668,59.63333333333333
9301,11,1977,1987,11,0,0,1986.0,1986.0,0,0,0,,,False,Lygaeus equestris,Insecta,Specified plants as habitat,Sweden,Europe,Count,Adults,per pod,None,3.0,11.0,1.0,False,"L. equestris populations were estimated twice yearly. First, the adult breeding population was estimated when host plants were in full bloom, usually just before midsummer. This estimate is referred to as Parental.",536,10635,11351,17.5,59.0
9303,9,1955,1963,9,0,0,,,0,0,0,,,False,Tipula paludosa,Insecta,Agricultural,UK - England,Europe,Count,Adults,Sample,None,2.0,9.0,1.0,False,Light traps were used to catch adults from May to November.,538,10696,11900,-1.9,54.983333333333334
9304,10,1954,1963,10,0,0,,,0,0,0,,,False,Tipula paludosa,Insecta,Agricultural,UK - England,Europe,Count,Larvae,Sample,per 1.9m^2,2.0,10.0,1.0,False,Total taken by the St. Ives method from a sample of 20 separate ft^2(0.1m^2) of turf on a fixed area in late November/early Dec.,538,10697,11900,-1.75,55.083333333333336
9305,10,1954,1963,10,0,0,,,0,0,0,,,False,Tipula paludosa,Insecta,Agricultural,UK - England,Europe,Count,Larvae,Sample,per 1.9m^2,2.0,10.0,1.0,False,Total taken by the St. Ives method from a sample of 20 separate ft^2(0.1m^2) of turf on a fixed area in late November/early Dec.,538,10696,11900,-1.9,54.983333333333334
9306,10,1954,1963,10,0,0,1959.0,1959.0,0,0,0,,,False,Tipula paludosa,Insecta,Agricultural,UK - England,Europe,Count,Larvae,Sample,per 1.9m^2,2.0,10.0,1.0,False,Total taken by the St. Ives method from a sample of 20 separate ft^2(0.1m^2) of turf on a fixed area in late November/early Dec.,538,10698,11900,-1.7,53.05
9307,10,1954,1963,10,0,0,1959.0,1959.0,0,0,0,,,False,Tipula paludosa,Insecta,Agricultural,UK - England,Europe,Count,Larvae,Sample,per 1.9m^2,2.0,10.0,1.0,False,Total taken by the St. Ives method from a sample of 20 separate ft^2(0.1m^2) of turf on a fixed area in late November/early Dec.,538,10699,11900,-2.0166666666666666,54.88333333333333
9308,33,1954,1986,33,0,0,1959.0,1959.0,0,0,0,,,False,Lymantria dispar,Insecta,Unspecified habitat or no information,"Yugoslavia, Slovenia, Croatia, Bosnia-Herzegovina and Macedonia",Europe,Count,Egg masses,Sample,per hectare,2.0,33.0,1.0,False,None,539,10700,11901,20.0,43.0
9309,22,1910,1931,22,0,0,1922.0,1922.0,0,0,0,,,False,Lymantria dispar,Insecta,Unspecified habitat or no information,USA,North America,Count,Egg masses,Sample,per hectare,2.0,22.0,1.0,False,None,539,10701,11901,-71.0,43.0
9310,16,1970,1985,16,0,0,,,0,0,0,,,False,Troglodytes troglodytes,Aves,Agricultural,UK - England,Europe,Count,Territories,Sample,None,2.0,16.0,1.0,False,None,540,10702,132,-0.6666666666666666,51.8
9311,16,1970,1985,16,0,0,,,0,0,0,,,False,Prunella modularis,Aves,Agricultural,UK - England,Europe,Count,Territories,Sample,None,2.0,16.0,1.0,False,None,540,10702,69,-0.6666666666666666,51.8
9312,16,1970,1985,16,0,0,,,0,0,0,,,False,Erithacus rubecula,Aves,Agricultural,UK - England,Europe,Count,Territories,Sample,None,2.0,16.0,1.0,False,None,540,10702,219,-0.6666666666666666,51.8
9313,16,1970,1985,16,0,0,,,0,0,0,,,False,Turdus merula,Aves,Agricultural,UK - England,Europe,Count,Territories,Sample,None,2.0,16.0,1.0,False,None,540,10702,217,-0.6666666666666666,51.8
9314,16,1970,1985,16,0,0,,,0,0,0,,,False,Turdus philomelos,Aves,Agricultural,UK - England,Europe,Count,Territories,Sample,None,2.0,16.0,1.0,False,None,540,10702,216,-0.6666666666666666,51.8
9315,16,1970,1985,16,0,4,,,0,0,0,,,False,Troglodytes troglodytes,Aves,Agricultural,UK - England,Europe,Count,Territories,Sample,None,2.0,16.0,1.0,False,None,540,10703,132,-0.6666666666666666,51.8
9316,16,1970,1985,16,0,0,,,0,0,0,,,False,Prunella modularis,Aves,Agricultural,UK - England,Europe,Count,Territories,Sample,None,2.0,16.0,1.0,False,None,540,10703,69,-0.6666666666666666,51.8
9317,16,1970,1985,16,0,0,,,0,0,0,,,False,Erithacus rubecula,Aves,Agricultural,UK - England,Europe,Count,Territories,Sample,None,2.0,16.0,1.0,False,None,540,10703,219,-0.6666666666666666,51.8
9318,16,1970,1985,16,0,0,,,0,0,0,,,False,Turdus merula,Aves,Agricultural,UK - England,Europe,Count,Territories,Sample,None,2.0,16.0,1.0,False,None,540,10703,217,-0.6666666666666666,51.8
9319,16,1970,1985,16,0,7,1976.0,1976.0,0,0,0,,,False,Turdus philomelos,Aves,Agricultural,UK - England,Europe,Count,Territories,Sample,None,2.0,16.0,1.0,False,None,540,10703,216,-0.6666666666666666,51.8
9320,16,1970,1985,16,0,0,,,0,0,0,,,False,Parus caeruleus,Aves,Agricultural,UK - England,Europe,Count,Territories,Sample,None,2.0,16.0,1.0,False,None,540,10702,208,-0.6666666666666666,51.8
9321,16,1970,1985,16,0,0,,,0,0,0,,,False,Parus major,Aves,Agricultural,UK - England,Europe,Count,Territories,Sample,None,2.0,16.0,1.0,False,None,540,10702,207,-0.6666666666666666,51.8
9322,16,1970,1985,16,0,0,,,0,0,0,,,False,Fringilla coelebs,Aves,Agricultural,UK - England,Europe,Count,Territories,Sample,None,2.0,16.0,1.0,False,None,540,10702,232,-0.6666666666666666,51.8
9323,16,1970,1985,16,0,0,,,0,0,0,,,False,Carduelis chloris,Aves,Agricultural,UK - England,Europe,Count,Territories,Sample,None,2.0,16.0,1.0,False,None,540,10702,229,-0.6666666666666666,51.8
9324,16,1970,1985,16,0,0,,,0,0,0,,,False,Emberiza citrinella,Aves,Agricultural,UK - England,Europe,Count,Territories,Sample,None,2.0,16.0,1.0,False,None,540,10702,435,-0.6666666666666666,51.8
9325,16,1970,1985,16,0,0,,,0,0,0,,,False,Parus caeruleus,Aves,Agricultural,UK - England,Europe,Count,Territories,Sample,None,2.0,16.0,1.0,False,None,540,10703,208,-0.6666666666666666,51.8
9326,16,1970,1985,16,0,1,,,0,0,0,,,False,Parus major,Aves,Agricultural,UK - England,Europe,Count,Territories,Sample,None,2.0,16.0,1.0,False,None,540,10703,207,-0.6666666666666666,51.8
9327,16,1970,1985,16,0,1,,,0,0,0,,,False,Fringilla coelebs,Aves,Agricultural,UK - England,Europe,Count,Territories,Sample,None,2.0,16.0,1.0,False,None,540,10703,232,-0.6666666666666666,51.8
9328,16,1970,1985,16,0,6,1981.0,1981.0,0,0,0,,,False,Carduelis chloris,Aves,Agricultural,UK - England,Europe,Count,Territories,Sample,None,2.0,16.0,1.0,False,None,540,10703,229,-0.6666666666666666,51.8
9329,16,1970,1985,16,0,0,,,0,0,0,,,False,Emberiza citrinella,Aves,Agricultural,UK - England,Europe,Count,Territories,Sample,None,2.0,16.0,1.0,False,None,540,10703,435,-0.6666666666666666,51.8
9330,21,1971,1992,22,1,0,,,0,0,0,,,False,Phalacrocorax carbo,Aves,Island,France,Europe,Count,Breeding pairs,Sample,None,3.0,22.0,1.0,False,None,471,10606,23,-1.1666666666666667,49.5
9331,23,1968,1992,25,2,0,,,0,0,0,,,False,Phalacrocorax carbo,Aves,Island,France,Europe,Count,Breeding pairs,Sample,None,3.0,25.0,1.0,False,None,471,10607,23,-1.8333333333333335,48.88333333333333
9332,15,1969,1991,23,8,0,,,0,0,0,,,False,Phalacrocorax carbo,Aves,Coastal,UK - England,Europe,Unknown,Pairs,Sample,Unknown,3.0,23.0,1.0,False,None,471,10608,23,-1.5,55.25
9333,14,1969,1992,24,10,0,,,0,0,0,,,False,Phalacrocorax carbo,Aves,Coastal,UK - Wales,Europe,Unknown,Pairs,Sample,Unknown,3.0,24.0,1.0,False,None,471,10609,23,-4.083333333333333,52.5
9334,8,1985,1992,8,0,0,,,0,0,0,,,False,Phalacrocorax carbo,Aves,Coastal,Norway,Europe,Unknown,Pairs,Sample,Unknown,-1.0,8.0,1.0,False,None,472,10610,23,12.0,69.5
9335,8,1985,1992,8,0,0,,,0,0,0,,,False,Phalacrocorax carbo,Aves,Coastal,Norway,Europe,Unknown,Pairs,Sample,Unknown,-1.0,8.0,1.0,False,None,472,10611,23,25.5,70.0
9336,13,1980,1992,13,0,0,,,0,0,0,,,False,Phalacrocorax carbo,Aves,Coastal,Norway,Europe,Unknown,Pairs,Sample,Unknown,-1.0,13.0,1.0,False,None,472,106,23,13.5,66.0
9337,13,1980,1992,13,0,0,1986.0,1986.0,0,0,0,,,False,Mallotus villosus,Osteichthyes,Coastal,Multiple or International jurisdiction,Europe,Harvest,Tonnes,Harvest,None,-1.0,13.0,1.0,False,None,472,16,53,35.0,71.0
9338,30,1959,1988,30,0,9,1966.0,1966.0,0,0,0,,,False,Bonasa bonasia,Aves,Coniferous forest,Russian Federation,Europe,Count,All Individuals,Sample,per 1000ha^2,4.0,30.0,1.0,False,Sink dominated landscape,1,1,1,57.0,62.0
9339,17,1980,1996,17,0,0,1985.0,1985.0,0,0,0,,,False,Keratella quadrata,Rotifera,Limnetic,Multiple or International jurisdiction,Europe,Count,All Individuals,Sample,per m^3,4.0,17.0,1.0,False,Sampled in May each year,541,10705,11903,26.633333333333333,55.61666666666667
9340,17,1980,1996,17,0,2,1987.0,1987.0,0,0,0,,,False,Asplanchna priodonta,Rotifera,Limnetic,Multiple or International jurisdiction,Europe,Count,All Individuals,Sample,per m^3,4.0,17.0,1.0,False,Sampled in May each year,541,10705,11904,26.633333333333333,55.61666666666667
9341,17,1980,1996,17,0,6,1988.0,1988.0,0,0,0,,,False,Conochilus unicornis,Rotifera,Limnetic,Multiple or International jurisdiction,Europe,Count,All Individuals,Sample,per m^3,4.0,17.0,1.0,False,Sampled in May each year,541,10705,11905,26.633333333333333,55.61666666666667
9342,17,1980,1996,17,0,2,1994.0,1994.0,0,0,0,,,False,Bosmina longirostris,Crustacea,Limnetic,Multiple or International jurisdiction,Europe,Count,All Individuals,Sample,per m^3,4.0,17.0,1.0,False,Sampled in May each year,541,10705,11906,26.633333333333333,55.61666666666667
9343,17,1980,1996,17,0,7,1995.0,1995.0,0,0,0,,,False,Daphnia cucullata,Crustacea,Limnetic,Multiple or International jurisdiction,Europe,Count,All Individuals,Sample,per m^3,4.0,17.0,1.0,False,Sampled in May each year,541,10705,11907,26.633333333333333,55.61666666666667
9344,16,1981,1996,16,0,0,,,0,0,0,,,False,Eudiaptomas gracilioides and Eudiaptomas gracilis.,Crustacea,Limnetic,Multiple or International jurisdiction,Europe,Count,All Individuals,Sample,per m^3,4.0,17.0,1.0,False,Sampled in May each year,541,10705,11908,26.633333333333333,55.61666666666667
9345,17,1980,1996,17,0,12,1987.0,1987.0,0,0,0,,,False,Limnocalanus macrurus,Crustacea,Limnetic,Multiple or International jurisdiction,Europe,Count,All Individuals,Sample,per m^3,4.0,17.0,1.0,False,Sampled in May each year,541,10705,11909,26.633333333333333,55.61666666666667
9346,17,1980,1996,17,0,5,,,0,0,0,,,False,Heterocope appendiculata,Crustacea,Limnetic,Multiple or International jurisdiction,Europe,Count,All Individuals,Sample,per m^3,4.0,17.0,1.0,False,Sampled in May each year,541,10705,11910,26.633333333333333,55.61666666666667
9347,17,1980,1996,17,0,0,1994.0,1994.0,0,0,0,,,False,Mesocyclops oithonoides,Crustacea,Limnetic,Multiple or International jurisdiction,Europe,Count,All Individuals,Sample,per m^3,4.0,17.0,1.0,False,Sampled in May each year,541,10705,11911,26.633333333333333,55.61666666666667
9348,17,1980,1996,17,0,2,1994.0,1994.0,0,0,0,,,False,Mesocyclops leuckartii,Crustacea,Limnetic,Multiple or International jurisdiction,Europe,Count,All Individuals,Sample,per m^3,4.0,17.0,1.0,False,Sampled in May each year,541,10705,11912,26.633333333333333,55.61666666666667
9349,18,1979,1996,18,0,9,1986.0,1986.0,0,0,0,,,False,Asterionella formosa,Bacillariophyceae,Limnetic,Multiple or International jurisdiction,Europe,Count,Cells,per litre,None,4.0,18.0,1.0,False,Sampled in May each year,542,10705,793,26.633333333333333,55.61666666666667
9350,18,1979,1996,18,0,6,,,0,0,0,,,False,Diatoma elongatum,Bacillariophyceae,Limnetic,Multiple or International jurisdiction,Europe,Count,Cells,per litre,None,4.0,18.0,1.0,False,Sampled in May each year,542,10705,11913,26.633333333333333,55.61666666666667
9351,18,1979,1996,18,0,3,1990.0,1990.0,0,0,0,,,False,Fragilaria crotonensis,Bacillariophyceae,Limnetic,Multiple or International jurisdiction,Europe,Count,Cells,per litre,None,4.0,18.0,1.0,False,Sampled in May each year,542,10705,11914,26.633333333333333,55.61666666666667
9352,18,1979,1996,18,0,7,1985.0,1985.0,0,0,0,,,False,Synedra acus,Bacillariophyceae,Limnetic,Multiple or International jurisdiction,Europe,Count,Cells,per litre,None,4.0,18.0,1.0,False,Sampled in May each year,542,10705,11915,26.633333333333333,55.61666666666667
9353,18,1979,1996,18,0,9,1984.0,1984.0,0,0,0,,,False,Aphanizomenon flos-aquae,Cyanophyceae,Limnetic,Multiple or International jurisdiction,Europe,Count,Cells,per litre,None,4.0,18.0,1.0,False,Sampled in July each year,542,10705,11916,26.633333333333333,55.61666666666667
9354,18,1979,1996,18,0,5,1984.0,1984.0,0,0,0,,,False,Cryptomonas ovata,Cryptophyceae,Limnetic,Multiple or International jurisdiction,Europe,Count,Cells,per litre,None,4.0,18.0,1.0,False,Sampled in July each year,542,10705,11917,26.633333333333333,55.61666666666667
9355,26,1933,1970,38,12,0,1950.0,1950.0,0,0,0,,,False,Halichoerus grypus,Mammalia,Marine,Finland,Europe,Count,All Individuals,Sample,None,3.0,38.0,1.0,False,Grey seals constituted about 40% of the total harvest while ringed seals made up the remaining 60%. NB: an insignificant numbers of seals caught in fishing nets was not included in the statistics. From 1970 hunting grey seals was prohibited.,543,10706,735,23.0,59.0
9356,15,1959,1973,15,0,0,,1973.0,0,0,0,,,False,Apodemus flavicollis,Mammalia,Coniferous forest,Germany,Europe,Count,Individuals in owl pellets,Sample,None,3.0,15.0,1.0,False,None,544,10707,11918,13.416666666666666,52.53333333333333
9357,15,1959,1973,15,0,0,,,0,0,0,,,False,Microtus arvalis,Mammalia,Coniferous forest,Germany,Europe,Count,Individuals in owl pellets,Sample,None,3.0,15.0,1.0,False,None,544,10707,11897,13.416666666666666,52.53333333333333
9358,15,1959,1973,15,0,0,,1973.0,0,0,0,,,False,Rattus norvegicus,Mammalia,Coniferous forest,Germany,Europe,Count,Individuals in owl pellets,Sample,None,3.0,15.0,1.0,False,None,544,10707,11919,13.416666666666666,52.53333333333333
9359,15,1959,1973,15,0,0,1969.0,1969.0,0,0,0,,,False,Sorex,Mammalia,Coniferous forest,Germany,Europe,Count,Individuals in owl pellets,Sample,None,3.0,15.0,1.0,False,None,544,10707,11920,13.416666666666666,52.53333333333333
9366,11,1977,1987,11,0,0,,,0,0,0,,,False,Microtus rossiaemeridionalis,Mammalia,Mixed habitat,Finland,Europe,Count,All Individuals,Census (estimated),None,3.0,11.0,1.0,False,"Data ID 3580 has been given taxon ID 11923, however it is data for Microtus epiroticus and Microtus agrestis.(NB M. epiroticus is a synonym for M. rossiaemeridionalis.)",547,10714,11923,23.083333333333332,63.1
9367,11,1977,1987,11,0,0,,,0,0,0,,,False,Clethrionomys glareolus,Mammalia,Mixed habitat,Finland,Europe,Count,All Individuals,Census (estimated),None,3.0,11.0,1.0,False,None,547,10714,51,23.083333333333332,63.1
9368,11,1977,1987,11,0,0,,,0,0,0,,,False,Sorex araneus,Mammalia,Mixed habitat,Finland,Europe,Count,All Individuals,Census (estimated),None,3.0,11.0,1.0,False,None,547,10714,11332,23.083333333333332,63.1
9369,11,1977,1987,11,0,0,,1987.0,0,0,0,,,False,Aegolius funereus,Aves,Mixed habitat,Finland,Europe,Count,Pairs,Census,None,4.0,11.0,1.0,False,None,547,10714,11193,23.083333333333332,63.1
9370,69,1825,1934,110,41,0,1831.0,1831.0,0,0,0,,,False,Lynx canadensis,Mammalia,Unspecified habitat or no information,Canada,North America,Count,All Individuals,Sample,None,1.0,110.0,1.0,False,None,548,10715,75,-125.0,53.0
9371,114,1821,1934,114,0,0,1831.0,1831.0,0,0,0,,,False,Lynx canadensis,Mammalia,Unspecified habitat or no information,Canada,North America,Count,All Individuals,Sample,None,1.0,114.0,1.0,False,None,548,10661,75,-116.0,64.0
9372,108,1821,1934,114,6,0,1831.0,1831.0,0,0,0,,,False,Lynx canadensis,Mammalia,Unspecified habitat or no information,Canada,North America,Count,All Individuals,Sample,None,1.0,114.0,1.0,False,None,548,10716,75,-113.0,55.0
9373,108,1821,1934,114,6,0,1842.0,1842.0,0,0,0,,,False,Lynx canadensis,Mammalia,Unspecified habitat or no information,Canada,North America,Count,All Individuals,Sample,None,1.0,114.0,1.0,False,None,548,10717,75,-105.0,53.0
9374,73,1821,1898,78,5,0,1840.0,1840.0,0,0,0,,,False,Lynx canadensis,Mammalia,Unspecified habitat or no information,Canada,North America,Count,All Individuals,Sample,None,1.0,78.0,1.0,False,None,548,10718,75,-111.0,52.0
9375,97,1821,1933,113,16,0,1842.0,1842.0,0,0,0,,,False,Lynx canadensis,Mammalia,Unspecified habitat or no information,Canada,North America,Count,All Individuals,Sample,None,1.0,113.0,1.0,False,None,548,10719,75,-101.0,50.0
9376,103,1821,1939,119,16,0,1833.0,1833.0,0,0,0,,,False,Lynx canadensis,Mammalia,Unspecified habitat or no information,Canada,North America,Count,All Individuals,Sample,None,1.0,119.0,1.0,False,None,548,10720,75,-94.0,57.0
9377,66,1852,1939,88,22,0,1861.0,1861.0,0,0,0,,,False,Lynx canadensis,Mammalia,Unspecified habitat or no information,Canada,North America,Count,All Individuals,Sample,None,1.0,88.0,1.0,False,None,548,10721,75,-82.0,52.0
9378,57,1852,1939,88,31,0,1918.0,1918.0,0,0,0,,,False,Lynx canadensis,Mammalia,Unspecified habitat or no information,Canada,North America,Count,All Individuals,Sample,None,1.0,88.0,1.0,False,None,548,10722,75,-85.0,48.0
9379,60,1839,1939,101,41,0,1918.0,1913.0,0,0,0,,,False,Lynx canadensis,Mammalia,Unspecified habitat or no information,Canada,North America,Count,All Individuals,Sample,None,1.0,101.0,1.0,False,None,548,10723,75,-40.0,70.0
9380,10,1971,1980,10,0,0,,,0,0,0,,,False,Selasphorus platycercus,Aves,Grassland,USA,North America,Count,Nests,Sample,None,4.0,10.0,1.0,False,"Nesting studies: along 2.4km long corridor of conifers bordering the major watercourse, a 1km long corridor of conifers bordering one of its tributaries, and an area of aspen forest (0.5km^2).",549,10724,11924,-106.98333333333333,38.96666666666667
9381,37,1953,1989,37,0,0,1958.0,1958.0,0,0,0,,,False,Bupalus piniaria,Insecta,Specified plants as habitat,UK - Scotland,Europe,Count,Pupae,Sample,per m^2,3.0,37.0,1.0,False,"The Forestry Commission divides each forest into compartments (5-10ha). Within a forest, about one in four compartments are surveyed, between Jan and March. The sampling method changed in 1962.",550,10725,47,-2.8333333333333335,56.416666666666664
9382,37,1953,1989,37,0,0,1978.0,1978.0,0,0,0,,,False,Bupalus piniaria,Insecta,Specified plants as habitat,UK - Scotland,Europe,Count,Pupae,Sample,per m^2,3.0,37.0,1.0,False,"The Forestry Commission divides each forest into compartments (5-10ha). Within a forest, about one in four compartments are surveyed, between Jan and March. The sampling method changed in 1962.",550,10726,47,-4.25,57.53333333333333
9386,10,1966,1976,11,1,0,,,0,0,0,,,False,Peromyscus ,Mammalia,Deciduous forest,Canada,North America,Count,All Individuals,per trap night,None,3.0,11.0,1.0,False,"Sampling period varies each year. NB up to four samples in each year.Where > 1 sample per year, counts are averaged.",552,10728,11927,-73.0,45.0
9387,10,1966,1976,11,1,1,,,0,0,0,,,False,Clethrionomys gapperi,Mammalia,Deciduous forest,Canada,North America,Count,All Individuals,per trap night,None,3.0,11.0,1.0,False,"Sampling period varies each year. NB up to four samples in each year.Where > 1 sample per year, counts are averaged.",552,10728,11168,-73.0,45.0
9388,10,1966,1976,11,1,1,,,0,0,0,,,False,Napaeozapus insignis,Mammalia,Deciduous forest,Canada,North America,Count,All Individuals,per trap night,None,3.0,11.0,1.0,False,"Sampling period varies each year. NB up to four samples in each year.Where > 1 sample per year, counts are averaged.",552,10728,11928,-73.0,45.0
9389,10,1966,1976,11,1,2,1973.0,1973.0,0,0,0,,,False,Tamias striatus,Mammalia,Deciduous forest,Canada,North America,Count,All Individuals,per trap night,None,3.0,11.0,1.0,False,"Sampling period varies each year. NB up to four samples in each year.Where > 1 sample per year, counts are averaged.",552,10728,11170,-73.0,45.0
9390,10,1966,1976,11,1,2,1973.0,1973.0,0,0,0,,,False,Blarina brevicauda,Mammalia,Deciduous forest,Canada,North America,Count,All Individuals,per trap night,None,3.0,11.0,1.0,False,"Sampling period varies each year. NB up to four samples in each year.Where > 1 sample per year, counts are averaged.",552,10728,11929,-73.0,45.0
9391,48,1946,1993,48,0,8,1959.0,1959.0,0,0,0,,,False,Canis lupus,Mammalia,Mixed or unspecified forest,Poland,Europe,Count,All Individuals,Census (estimated),None,4.0,48.0,1.0,False,1947-49 and 1951-57 are reconstructed numbers.,553,10729,89,24.0,52.75
9392,14,1980,1993,14,0,0,,,0,0,0,,,False,Canis lupus,Mammalia,Mixed or unspecified forest,Poland,Europe,Count,All Individuals,Census (estimated),None,4.0,14.0,1.0,False,None,553,10730,89,24.0,52.75
9393,48,1946,1993,48,0,5,1961.0,1961.0,0,0,0,,,False,Canis lupus,Mammalia,Mixed or unspecified forest,Belarus,Europe,Count,All Individuals,Census (estimated),None,4.0,48.0,1.0,False,In Belarussia 16 wolves were shot each year.,553,10731,89,24.0,52.75
9394,12,1976,1988,13,1,0,1983.0,1983.0,0,0,0,,,False,Salmo salar,Osteichthyes,Fluvial,Norway,Europe,Count,All Individuals,Sample,None,4.0,13.0,1.0,False,Count of fish ascending river to spawn.,554,10516,48,6.0,58.833333333333336
9395,15,1960,1975,16,1,0,,,0,0,0,,,False,Branta bernicla bernicla,Aves,Wetland,United Kingdom,Europe,Count,All Individuals,Census (estimated),None,3.0,16.0,1.0,False,None,555,367,11930,-1.5,54.0
9396,15,1960,1975,16,1,0,,,0,0,0,,,False,Branta bernicla bernicla,Aves,Wetland,Multiple or International jurisdiction,Europe,Count,All Individuals,Census (estimated),None,3.0,16.0,1.0,False,None,555,10732,11930,2.0,47.0
9397,15,1960,1975,16,1,0,,,0,0,0,,,False,Branta bernicla bernicla,Aves,Wetland,Netherlands,Europe,Count,All Individuals,Census (estimated),None,3.0,16.0,1.0,False,None,555,10733,11930,6.0,53.0
9398,12,1963,1975,13,1,0,,,0,0,0,,,False,Branta bernicla bernicla,Aves,Wetland,Germany,Europe,Count,All Individuals,Census (estimated),None,2.0,16.0,1.0,False,None,555,10734,11930,9.0,51.0
9399,15,1960,1975,16,1,0,,,0,0,0,,,False,Branta bernicla bernicla,Aves,Wetland,Denmark,Europe,Count,All Individuals,Census (estimated),None,2.0,16.0,1.0,False,None,555,10637,11930,10.0,57.0
9400,15,1960,1975,16,1,0,,,0,0,0,,,False,Branta bernicla bernicla,Aves,Wetland,Multiple or International jurisdiction,Europe,Count,All Individuals,Census (estimated),None,2.0,16.0,1.0,False,None,555,10735,11930,5.0,49.0
9401,11,1956,1966,11,0,0,,,0,0,0,,,False,Lynx lynx,Mammalia,Unspecified habitat or no information,Sweden,Europe,Count,Individuals killed,Sample,None,1.0,11.0,1.0,False,None,557,10744,11931,17.0,63.0
9402,41,1866,1906,41,0,0,1886.0,1886.0,0,0,0,,,False,Canis lupus,Mammalia,Unspecified habitat or no information,Finland,Europe,Count,Individuals killed,Sample,None,1.0,41.0,1.0,False,"For the period 1866-1870, 1871-1875, and 1876-1878 only annual averages of the entire periods are given.",558,10688,89,27.0,64.0
9403,41,1866,1906,41,0,0,1894.0,1894.0,0,0,0,,,False,Lynx lynx,Mammalia,Unspecified habitat or no information,Finland,Europe,Count,Individuals killed,Sample,None,1.0,41.0,1.0,False,"For the period 1866-1870, 1871-1875, and 1876-1878 only annual averages of the entire periods are given.",558,10688,11931,27.0,64.0
9404,67,1894,1961,68,1,9,1913.0,1913.0,0,0,0,,,False,Lynx lynx,Mammalia,Unspecified habitat or no information,Finland,Europe,Count,Individuals killed,Sample,None,2.0,68.0,1.0,False,None,558,10688,11931,27.0,64.0
9405,10,1955,1964,10,0,0,,,0,0,0,,,False,Lynx lynx,Mammalia,Unspecified habitat or no information,Estonia,Europe,Count,All Individuals,Sample,None,3.0,10.0,1.0,False,None,559,10745,11931,26.0,59.0
9406,10,1954,1963,10,0,0,,,0,0,0,,,False,Lynx lynx,Mammalia,Unspecified habitat or no information,Latvia,Europe,Count,All Individuals,Sample,None,2.0,10.0,1.0,False,The number of lynx killed each year is also given in the source. This varies from 18 to 81.,559,10746,11931,25.0,57.5
9407,17,1948,1964,17,0,0,,,0,0,0,,,False,Lynx lynx,Mammalia,Unspecified habitat or no information,Lithuania,Europe,Count,All Individuals,Sample,None,2.0,17.0,1.0,False,About 10 to 20 lynxes were shot each year.,559,10747,11931,24.0,56.0
9408,13,1950,1962,13,0,0,,,0,0,0,,,False,Lynx lynx,Mammalia,Unspecified habitat or no information,Romania,Europe,Count,All Individuals,Sample,None,2.0,13.0,1.0,False,Number of occuring lynxes.,560,10748,11931,25.5,47.0
9424,20,1966,1990,25,5,0,,,0,0,0,,,False,Panthera leo,Mammalia,Grassland,Tanzania,Africa,Count,Resident females >3yrs,Sample,None,5.0,25.0,1.0,False,None,404,10499,11091,35.583333333333336,-3.1666666666666665
9425,20,1970,1992,23,3,1,,1992.0,0,0,0,,,False,Lycaon pictus,Mammalia,Grassland,Tanzania,Africa,Count,Yearlings & adults,Sample,None,5.0,23.0,1.0,False,Number of yearlings/adult dogs in study packs/groups in the Serengeti plains. Data for 1979-1984 minimal values based on casual reports and photographs.,405,10500,11092,35.583333333333336,-3.1666666666666665
9428,14,1968,1982,15,1,0,,,0,0,0,,,False,Sus scrofa,Mammalia,Unspecified habitat or no information,Spain,Europe,Count,All Individuals,Sample,None,2.0,15.0,1.0,False,"Y axis units unclear, source states: ""numbers have been expressed as percentages, considering 100% as the annual maximum""",562,10755,11937,-4.0,40.0
9429,13,1965,1978,14,1,0,,,0,0,0,,,False,Sus scrofa,Mammalia,Unspecified habitat or no information,Russian Federation,Europe,Count,All Individuals,Sample,None,2.0,14.0,1.0,False,"Y axis units unclear, source states: ""numbers have been expressed as percentages, considering 100% as the annual maximum""",562,10756,11937,35.0,55.0
9430,11,1965,1975,11,0,0,,,0,0,0,,,False,Sus scrofa,Mammalia,Unspecified habitat or no information,Czech Republic and Slovakia,Europe,Count,All Individuals,Sample,None,2.0,11.0,1.0,False,"Y axis units unclear, source states: ""numbers have been expressed as percentages, considering 100% as the annual maximum""",562,10757,11937,18.0,49.0
9431,10,1965,1975,11,1,0,,,0,0,0,,,False,Sus scrofa,Mammalia,Unspecified habitat or no information,Switzerland,Europe,Count,All Individuals,Sample,None,2.0,11.0,1.0,False,"Y axis units unclear, source states: ""numbers have been expressed as percentages, considering 100% as the annual maximum""",562,10758,11937,8.0,47.0
9432,8,1933,1980,48,40,0,,1980.0,0,0,0,,,False,Pisidium ,Bivalvia,Limnetic,Denmark,Europe,Count,All Individuals,Sample,per m^2,4.0,48.0,1.0,False,"Six species of Pisidium have been identified: P. casertanum, P. subtruncatum, P.henslowanum, P. nitidum, P.milium and P. hibernicum.",563,10759,11938,12.0,56.0
9433,10,1933,1988,56,46,0,,1980.0,0,0,0,,,False,Pisidium ,Bivalvia,Limnetic,Denmark,Europe,Count,All Individuals,Sample,per m^2,4.0,56.0,1.0,False,"Six species of Pisidium have been identified: P. casertanum, P. subtruncatum, P.henslowanum, P. nitidum, P.milium and P. hibernicum.",563,10760,11938,12.0,56.0
9434,9,1933,1980,48,39,0,,,0,0,0,,,False,Pisidium ,Bivalvia,Limnetic,Denmark,Europe,Count,All Individuals,Sample,per m^2,4.0,48.0,1.0,False,"Six species of Pisidium have been identified: P. casertanum, P. subtruncatum, P.henslowanum, P. nitidum, P.milium and P. hibernicum.",563,10761,11938,12.0,56.0
9435,10,1933,1988,56,46,0,,,0,0,0,,,False,Pisidium ,Bivalvia,Limnetic,Denmark,Europe,Count,All Individuals,Sample,per m^2,4.0,56.0,1.0,False,"Six species of Pisidium have been identified: P. casertanum, P. subtruncatum, P.henslowanum, P. nitidum, P.milium and P. hibernicum.",563,10762,11938,12.0,56.0
9436,29,1966,1994,29,0,0,,,0,0,0,,,False,Spiza americana,Aves,Unspecified habitat or no information,USA,North America,Count,All Individuals,Sample,None,2.0,29.0,1.0,False,"Breeding Bird Surveys were conducted at the peak of the nesting season, early June (desert and southern states - May). Each route is 24.5 miles long and had 50 stops where the observer spent 3 minutes recording all birds heard or seen within 0.25 miles.",564,10763,764,-100.0,45.0
9437,29,1966,1994,29,0,0,,,0,0,0,,,False,Spiza americana,Aves,Unspecified habitat or no information,USA,North America,Count,All Individuals,Sample,None,2.0,29.0,1.0,False,"Breeding Bird Surveys were conducted at the peak of the nesting season, early June (desert and southern states - May). Each route is 24.5 miles long and had 50 stops where the observer spent 3 minutes recording all birds heard or seen within 0.25 miles.",564,10764,764,-95.65,36.575
9438,29,1966,1994,29,0,0,,,0,0,0,,,False,Spiza americana,Aves,Unspecified habitat or no information,USA,North America,Count,All Individuals,Sample,None,2.0,29.0,1.0,False,"Breeding Bird Surveys were conducted at the peak of the nesting season, early June (desert and southern states - May). Each route is 24.5 miles long and had 50 stops where the observer spent 3 minutes recording all birds heard or seen within 0.25 miles.",564,10765,764,-95.65,36.575
9439,29,1966,1994,29,0,0,,,0,0,0,,,False,Spiza americana,Aves,Unspecified habitat or no information,USA,North America,Count,All Individuals,Sample,None,2.0,29.0,1.0,False,"Breeding Bird Surveys were conducted at the peak of the nesting season, early June (desert and southern states - May). Each route is 24.5 miles long and had 50 stops where the observer spent 3 minutes recording all birds heard or seen within 0.25 miles.",564,42,764,-89.0,39.0
9440,28,1967,1994,28,0,0,,,0,0,0,,,False,Spiza americana,Aves,Unspecified habitat or no information,USA,North America,Count,All Individuals,Sample,None,2.0,28.0,1.0,False,"Breeding Bird Surveys were conducted at the peak of the nesting season, early June (desert and southern states - May). Each route is 24.5 miles long and had 50 stops where the observer spent 3 minutes recording all birds heard or seen within 0.25 miles.",564,47,764,-97.0,31.0
9441,28,1967,1994,28,0,0,,,0,0,0,,,False,Spiza americana,Aves,Unspecified habitat or no information,USA,North America,Count,All Individuals,Sample,None,2.0,28.0,1.0,False,"Breeding Bird Surveys were conducted at the peak of the nesting season, early June (desert and southern states - May). Each route is 24.5 miles long and had 50 stops where the observer spent 3 minutes recording all birds heard or seen within 0.25 miles.",564,34,764,-98.0,34.0
9442,28,1967,1994,28,0,0,,,0,0,0,,,False,Spiza americana,Aves,Unspecified habitat or no information,USA,North America,Count,All Individuals,Sample,None,2.0,28.0,1.0,False,"Breeding Bird Surveys were conducted at the peak of the nesting season, early June (desert and southern states - May). Each route is 24.5 miles long and had 50 stops where the observer spent 3 minutes recording all birds heard or seen within 0.25 miles.",564,45,764,-97.0,39.0
9443,28,1967,1994,28,0,0,,,0,0,0,,,False,Spiza americana,Aves,Unspecified habitat or no information,USA,North America,Count,All Individuals,Sample,None,2.0,28.0,1.0,False,"Breeding Bird Surveys were conducted at the peak of the nesting season, early June (desert and southern states - May). Each route is 24.5 miles long and had 50 stops where the observer spent 3 minutes recording all birds heard or seen within 0.25 miles.",564,65,764,-97.0,36.0
9444,28,1967,1994,28,0,0,,,0,0,0,,,False,Spiza americana,Aves,Unspecified habitat or no information,USA,North America,Count,All Individuals,Sample,None,2.0,28.0,1.0,False,"Breeding Bird Surveys were conducted at the peak of the nesting season, early June (desert and southern states - May). Each route is 24.5 miles long and had 50 stops where the observer spent 3 minutes recording all birds heard or seen within 0.25 miles.",564,44,764,-94.0,42.0
9445,28,1967,1994,28,0,0,,,0,0,0,,,False,Spiza americana,Aves,Grassland,USA,North America,Count,All Individuals,Sample,None,2.0,28.0,1.0,False,"Breeding Bird Surveys were conducted at the peak of the nesting season, early June (desert and southern states - May). Each route is 24.5 miles long and had 50 stops where the observer spent 3 minutes recording all birds heard or seen within 0.25 miles.",564,10766,764,-95.65,36.575
9446,28,1967,1994,28,0,0,,,0,0,0,,,False,Spiza americana,Aves,Grassland,USA,North America,Count,All Individuals,Sample,None,2.0,28.0,1.0,False,"Breeding Bird Surveys were conducted at the peak of the nesting season, early June (desert and southern states - May). Each route is 24.5 miles long and had 50 stops where the observer spent 3 minutes recording all birds heard or seen within 0.25 miles.",564,10767,764,-95.65,36.575
9447,19,1965,1983,19,0,0,,,0,0,0,,,False,Parus major,Aves,Deciduous forest,Hungary,Europe,Count,Breeding pairs,Sample,per 10 hectares,4.0,19.0,1.0,False,None,463,10575,207,18.916666666666668,47.53333333333333
9448,19,1965,1983,19,0,0,,,0,0,0,,,False,Parus caeruleus,Aves,Deciduous forest,Hungary,Europe,Count,Breeding pairs,Sample,per 10 hectares,4.0,19.0,1.0,False,None,463,10575,208,18.916666666666668,47.53333333333333
9449,18,1965,1983,19,1,0,1982.0,1982.0,0,0,0,,,False,Ficedula albicollis,Aves,Deciduous forest,Hungary,Europe,Count,Breeding pairs,Sample,per 10 hectares,4.0,19.0,1.0,False,None,463,10575,11197,18.916666666666668,47.53333333333333
9450,10,1977,1986,10,0,0,,,0,0,0,,,False,Falco tinnunculus,Aves,Agricultural,Finland,Europe,Count,Breeding pairs,Sample,None,3.0,10.0,1.0,False,None,461,10573,11194,22.916666666666668,63.083333333333336
9451,10,1977,1986,10,0,0,,,0,0,0,,,False,Asio otus,Aves,Agricultural,Finland,Europe,Count,Breeding pairs,Sample,None,3.0,10.0,1.0,False,None,461,10573,11195,22.916666666666668,63.083333333333336
9452,15,1970,1984,15,0,0,,,0,0,0,,,False,Vulpes vulpes,Mammalia,Coniferous forest,Sweden,Europe,Count,Individuals killed,Sample,per 1000 hectares,2.0,15.0,1.0,False,Low mange infestation,460,10572,403,20.0,65.5
9453,15,1970,1984,15,0,0,,,0,0,0,,,False,Vulpes vulpes,Mammalia,Coniferous forest,Sweden,Europe,Count,Individuals killed,Sample,per 1000 hectares,2.0,15.0,1.0,False,Medium mange infestation,460,10572,403,20.0,65.5
9454,15,1970,1984,15,0,0,,,0,0,0,,,False,Vulpes vulpes,Mammalia,Coniferous forest,Sweden,Europe,Count,Individuals killed,Sample,per 1000 hectares,2.0,15.0,1.0,False,High mange infestation,460,10572,403,20.0,65.5
9455,15,1970,1984,15,0,0,,,0,0,0,,,False,Lepus timidus,Mammalia,Coniferous forest,Sweden,Europe,Count,Individuals killed,Sample,per 1000 hectares,2.0,15.0,1.0,False,Low mange infestation,460,10572,408,20.0,65.5
9456,15,1970,1984,15,0,0,,,0,0,0,,,False,Lepus timidus,Mammalia,Coniferous forest,Sweden,Europe,Count,Individuals killed,Sample,per 1000 hectares,2.0,15.0,1.0,False,Medium mange infestation,460,10572,408,20.0,65.5
9457,15,1970,1984,15,0,0,,,0,0,0,,,False,Lepus timidus,Mammalia,Coniferous forest,Sweden,Europe,Count,Individuals killed,Sample,per 1000 hectares,2.0,15.0,1.0,False,High mange infestation,460,10572,408,20.0,65.5
9458,15,1959,1973,15,0,0,,,0,0,0,,,False,Panulirus interruptus,Crustacea,Coastal,Mexico,North America,Harvest,Tonnes,Harvest,None,2.0,15.0,1.0,False,None,455,10562,11177,-114.0,27.0
9459,16,1914,1929,16,0,0,1927.0,1927.0,0,0,0,,,False,Bonasa umbellus,Aves,Mixed or unspecified forest,Canada,North America,Count,Nests,Sample,None,3.0,16.0,1.0,False,None,565,10769,417,-99.0,49.5
9460,26,1927,1956,30,4,0,1944.0,1936.0,0,0,0,,,False,Bonasa umbellus,Aves,Mixed or unspecified forest,USA,North America,Count,All Individuals,Sample,per mile^2,3.0,30.0,1.0,False,None,565,152,417,-92.5,46.75
9461,11,1932,1942,11,0,0,,,0,0,0,,,False,Lepus americanus,Mammalia,Unspecified habitat or no information,USA,North America,Count,All Individuals,Sample,per mile^2,3.0,11.0,1.0,False,None,565,10770,416,-94.5,46.25
9462,13,1932,1944,13,0,0,1939.0,1939.0,0,0,0,,,False,Lepus americanus,Mammalia,Unspecified habitat or no information,Canada,North America,Count,All Individuals,Sample,None,3.0,13.0,1.0,False,None,565,10771,416,-84.11666666666666,49.06666666666667
9463,18,1942,1959,18,0,0,1956.0,1956.0,0,0,0,,,False,Lepus americanus,Mammalia,Unspecified habitat or no information,USA,North America,Count,Hare pellets,Sample,None,3.0,18.0,1.0,False,None,565,10772,416,-80.16666666666667,38.333333333333336
9464,13,1946,1959,14,1,0,1954.0,1954.0,0,0,0,,,False,Lepus americanus,Mammalia,Unspecified habitat or no information,USA,North America,Count,All Individuals,Sample,per mile^2,3.0,14.0,1.0,False,None,565,152,416,-92.5,46.75
9465,18,1937,1954,18,0,0,,,0,0,0,,,False,Bonasa umbellus,Aves,Unspecified habitat or no information,USA,North America,Count,Individuals killed,Sample,None,2.0,18.0,1.0,False,None,565,51,417,-85.0,44.0
9466,16,1939,1958,20,4,0,,,0,0,0,,,False,Bonasa umbellus,Aves,Unspecified habitat or no information,USA,North America,Count,Individuals killed,Sample,None,2.0,20.0,1.0,False,None,565,52,417,-95.0,46.0
9467,12,1947,1958,12,0,0,,,0,0,0,,,False,Bonasa umbellus,Aves,Unspecified habitat or no information,USA,North America,Count,Individuals killed,Sample,None,2.0,12.0,1.0,False,None,565,48,417,-69.0,45.0
9468,20,1932,1951,20,0,0,,,0,0,0,,,False,Bonasa umbellus,Aves,Unspecified habitat or no information,USA,North America,Count,Individuals killed,Sample,None,2.0,20.0,1.0,False,None,565,61,417,-73.0,41.0
9469,37,1915,1954,40,3,0,1947.0,1945.0,0,0,0,,,False,Bonasa umbellus,Aves,Unspecified habitat or no information,USA,North America,Count,Individuals killed,Sample,None,2.0,40.0,1.0,False,None,565,67,417,-78.0,41.0
9470,33,1923,1957,35,2,0,,,0,0,0,,,False,Bonasa umbellus,Aves,Unspecified habitat or no information,USA,North America,Count,Individuals killed,Sample,None,2.0,35.0,1.0,False,None,565,37,417,-73.0,42.0
9471,21,1932,1958,27,6,0,1949.0,1943.0,0,0,0,,,False,Bonasa umbellus,Aves,Unspecified habitat or no information,Canada,North America,Count,Individuals killed,Sample,None,2.0,27.0,1.0,False,None,565,21,417,-98.0,55.0
9472,29,1930,1958,29,0,0,,,0,0,0,,,False,Bonasa umbellus,Aves,Unspecified habitat or no information,Canada,North America,Count,Individuals killed,Sample,None,2.0,29.0,1.0,False,None,565,22,417,-67.0,47.0
9473,18,1937,1954,18,0,0,,,0,0,0,,,False,Tympanuchus phasianellus and Tympanuchus cupido,Aves,Unspecified habitat or no information,USA,North America,Count,Individuals killed,Sample,None,2.0,18.0,1.0,False,None,565,51,11939,-85.0,44.0
9474,18,1931,1957,27,9,0,1954.0,1954.0,0,0,0,,,False,Tympanuchus phasianellus and Tympanuchus cupido,Aves,Unspecified habitat or no information,USA,North America,Count,Individuals killed,Sample,None,2.0,27.0,1.0,False,None,565,78,11939,-90.0,44.0
9475,11,1948,1958,11,0,0,,,0,0,0,,,False,Tympanuchus phasianellus,Aves,Unspecified habitat or no information,USA,North America,Count,Individuals killed,Sample,None,2.0,11.0,1.0,False,None,565,52,11940,-95.0,46.0
9476,16,1932,1952,21,5,0,,,0,0,0,,,False,Tympanuchus cupido and Tympanuchus pallidicinctus,Aves,Unspecified habitat or no information,Canada,North America,Count,Individuals killed,Sample,None,2.0,21.0,1.0,False,None,565,21,11941,-98.0,55.0
9477,20,1938,1958,21,1,0,,,0,0,0,,,False,Tympanuchus phasianellus,Aves,Unspecified habitat or no information,USA,North America,Count,Individuals killed,Sample,None,2.0,21.0,1.0,False,None,565,63,11940,-100.0,47.0
9478,11,1948,1958,11,0,0,,,0,0,0,,,False,Tympanuchus phasianellus,Aves,Unspecified habitat or no information,Canada,North America,Count,Individuals killed,Sample,None,2.0,11.0,1.0,False,None,565,29,11940,-104.0,55.0
9479,8,1949,1958,10,2,0,,,0,0,0,,,False,Tympanuchus phasianellus,Aves,Unspecified habitat or no information,Canada,North America,Count,Individuals killed,Sample,None,2.0,10.0,1.0,False,None,565,21,11940,-98.0,55.0
9480,17,1935,1958,24,7,0,,1956.0,0,0,0,,,False,Dendragapus canadensis,Aves,Unspecified habitat or no information,Canada,North America,Count,Individuals killed,Sample,None,2.0,24.0,1.0,False,None,565,21,11942,-98.0,55.0
9481,10,1949,1958,10,0,0,,,0,0,0,,,False,Perdix perdix,Aves,Unspecified habitat or no information,Canada,North America,Count,Individuals killed,Sample,None,2.0,10.0,1.0,False,None,565,29,409,-104.0,55.0
9482,21,1932,1958,27,6,0,1949.0,1949.0,0,0,0,,,False,Perdix perdix,Aves,Unspecified habitat or no information,Canada,North America,Count,Individuals killed,Sample,None,2.0,27.0,1.0,False,None,565,21,409,-98.0,55.0
9483,18,1937,1954,18,0,0,,,0,0,0,,,False,Lepus americanus,Mammalia,Unspecified habitat or no information,USA,North America,Count,Individuals killed,Sample,None,2.0,18.0,1.0,False,None,565,51,416,-85.0,44.0
9484,17,1942,1958,17,0,0,,,0,0,0,,,False,Lepus americanus,Mammalia,Unspecified habitat or no information,USA,North America,Count,Individuals killed,Sample,None,2.0,17.0,1.0,False,None,565,52,416,-95.0,46.0
9485,12,1947,1958,12,0,0,,,0,0,0,,,False,Lepus americanus,Mammalia,Unspecified habitat or no information,USA,North America,Count,Individuals killed,Sample,None,2.0,12.0,1.0,False,None,565,48,416,-69.0,45.0
9486,19,1932,1951,20,1,0,,,0,0,0,,,False,Lepus americanus,Mammalia,Unspecified habitat or no information,USA,North America,Count,Individuals killed,Sample,None,2.0,20.0,1.0,False,None,565,61,416,-73.0,41.0
9487,24,1930,1957,28,4,0,1937.0,1937.0,0,0,0,,,False,Lepus americanus,Mammalia,Unspecified habitat or no information,USA,North America,Count,Individuals killed,Sample,None,2.0,28.0,1.0,False,None,565,67,416,-78.0,41.0
9488,32,1923,1955,33,1,0,,,0,0,0,,,False,Lepus americanus,Mammalia,Unspecified habitat or no information,USA,North America,Count,Individuals killed,Sample,None,2.0,33.0,1.0,False,None,565,37,416,-73.0,42.0
9489,44,1914,1957,44,0,0,,,10,0,10,1943.0,1952.0,False,Mustela vison,Mammalia,Unspecified habitat or no information,Canada,North America,Count,Pelts,Sample,None,2.0,44.0,1.0,False,See Main ID 445. Ostensibly same data from different source.,565,29,78,-104.0,55.0
9490,34,1924,1957,34,0,0,,,0,0,0,,,False,Mustela vison,Mammalia,Unspecified habitat or no information,Canada,North America,Count,Pelts,Sample,None,2.0,34.0,1.0,False,See Main ID 437. Ostensibly same data from different source.,565,21,78,-98.0,55.0
9491,44,1914,1957,44,0,0,1936.0,1936.0,0,0,0,,,False,Ondatra zibethicus,Mammalia,Unspecified habitat or no information,Canada,North America,Count,Pelts,Sample,None,2.0,44.0,1.0,False,See Main ID 9220. Ostensibly same data from different source. Note year shift.,565,29,79,-104.0,55.0
9492,34,1924,1957,34,0,0,,,0,0,0,,,False,Ondatra zibethicus,Mammalia,Unspecified habitat or no information,Canada,North America,Count,Pelts,Sample,None,2.0,34.0,1.0,False,See Main ID 9219. Ostensibly same data from different source.,565,21,79,-98.0,55.0
9493,39,1919,1957,39,0,0,1947.0,1947.0,0,0,0,,,False,Vulpes ,Mammalia,Unspecified habitat or no information,Canada,North America,Count,Pelts,Sample,None,2.0,39.0,1.0,False,None,565,20,405,-125.0,55.0
9494,39,1919,1957,39,0,0,1927.0,1927.0,0,0,0,,,False,Vulpes ,Mammalia,Unspecified habitat or no information,Canada,North America,Count,Pelts,Sample,None,2.0,39.0,1.0,False,None,565,19,405,-115.0,55.0
9495,44,1914,1957,44,0,0,1920.0,1920.0,0,0,0,,,False,Vulpes ,Mammalia,Unspecified habitat or no information,Canada,North America,Count,Pelts,Sample,None,2.0,44.0,1.0,False,None,565,29,405,-104.0,55.0
9496,39,1919,1957,39,0,0,1947.0,1947.0,0,0,0,,,False,Vulpes ,Mammalia,Unspecified habitat or no information,Canada,North America,Count,Pelts,Sample,None,2.0,39.0,1.0,False,None,565,21,405,-98.0,55.0
9497,39,1919,1957,39,0,0,1953.0,1953.0,5,5,0,1948.0,1952.0,True,Vulpes ,Mammalia,Unspecified habitat or no information,Canada,North America,Count,Pelts,Sample,None,2.0,39.0,1.0,False,None,565,26,405,-88.0,52.0
9498,34,1924,1957,34,0,0,1951.0,1951.0,0,0,0,,,False,Vulpes ,Mammalia,Unspecified habitat or no information,Canada,North America,Count,Pelts,Sample,None,2.0,34.0,1.0,False,None,565,22,405,-67.0,47.0
9499,39,1919,1957,39,0,0,1953.0,1953.0,5,5,0,1948.0,1952.0,True,Vulpes ,Mammalia,Unspecified habitat or no information,Canada,North America,Count,Pelts,Sample,None,2.0,39.0,1.0,False,None,565,25,405,-63.0,45.0
9500,44,1914,1957,44,0,0,1952.0,1952.0,9,5,4,1943.0,1951.0,True,Canis latrans,Mammalia,Unspecified habitat or no information,Canada,North America,Count,Pelts,Sample,None,2.0,44.0,1.0,False,See Main ID 248. Ostensibly same data from different source.,565,29,59,-104.0,55.0
9501,39,1919,1957,39,0,0,1948.0,1948.0,0,0,0,,,False,Canis latrans,Mammalia,Unspecified habitat or no information,Canada,North America,Count,Pelts,Sample,None,2.0,39.0,1.0,False,See Main ID 245. Ostensibly same data from different source.,565,21,59,-98.0,55.0
9502,39,1919,1957,39,0,0,1951.0,1951.0,3,3,0,1948.0,1950.0,True,Canis latrans,Mammalia,Unspecified habitat or no information,Canada,North America,Count,Pelts,Sample,None,2.0,39.0,1.0,False,None,565,10773,59,-105.0,55.0
9503,34,1924,1957,34,0,0,1946.0,1946.0,0,0,0,,,False,Martes pennanti,Mammalia,Unspecified habitat or no information,Canada,North America,Count,Pelts,Sample,None,2.0,34.0,1.0,False,See Main ID 281. Similar data from different source.,565,21,55,-98.0,55.0
9504,11,1948,1958,11,0,0,,,0,0,0,,,False,Accipiter ,Aves,Unspecified habitat or no information,Canada,North America,Count,All Individuals,Sample,None,2.0,11.0,1.0,False,None,565,20,11943,-125.0,55.0
9505,11,1948,1958,11,0,0,,,0,0,0,,,False,Strigiformes ,Aves,Unspecified habitat or no information,Canada,North America,Count,All Individuals,Sample,None,2.0,11.0,1.0,False,None,565,20,11944,-125.0,55.0
9506,22,1929,1950,22,0,0,1940.0,1940.0,0,0,0,,,False,Accipiter gentilis,Aves,Unspecified habitat or no information,USA,North America,Count,All Individuals,Sample,None,2.0,22.0,1.0,False,None,565,67,11945,-78.0,41.0
9507,18,1937,1958,22,4,0,,,0,0,0,,,False,Bubo virginianus,Aves,Unspecified habitat or no information,USA,North America,Count,All Individuals,Sample,None,2.0,22.0,1.0,False,None,565,67,163,-78.0,41.0
9508,10,1981,1990,10,0,0,,,0,0,0,,,False,Chromatomyia suikazurae,Insecta,Specified plants as habitat,Japan,Asia,Count,All Individuals,per leaf,None,4.0,10.0,1.0,False,"Sampled each February, free from parasitioid attack. The study site is a natural deciduous forest. A 100*100m quadrat containing 76 plants of Lonicera gracilipes was established. L. japonica were present at the forest margin near the study area, but their density was much lower than that of L. gracilipes.",589,10780,11973,135.78333333333333,35.083333333333336
9509,10,1981,1990,10,0,0,,,0,0,0,,,False,Chromatomyia suikazurae,Insecta,Specified plants as habitat,Japan,Asia,Count,All Individuals,per leaf,None,4.0,10.0,1.0,False,"Sampled each April, subject to intense parasitioid attack. The study site is a natural deciduous forest. A 100*100m quadrat containing 76 plants of Lonicera gracilipes was established. L. japonica were present at the forest margin near the study area, but their density was much lower than that of L. gracilipes.",589,10780,11973,135.78333333333333,35.083333333333336
9510,12,1938,1949,12,0,0,,1949.0,0,0,0,,,False,Sciurus ,Mammalia,Coniferous forest,Russian Federation,Europe,Count,All Individuals,Sample,per 100km transect,4.0,12.0,1.0,False,None,566,1,12025,57.0,62.0
9511,21,1922,1942,21,0,0,1941.0,1941.0,0,0,0,,,False,Lepus timidus,Mammalia,Unspecified habitat or no information,Russian Federation,Asia,Count,All Individuals,Sample,None,1.0,21.0,1.0,False,None,566,10774,408,55.0,62.0
9512,21,1922,1942,21,0,0,,,0,0,0,,,False,Lynx lynx,Mammalia,Unspecified habitat or no information,Russian Federation,Asia,Count,All Individuals,Sample,None,1.0,21.0,1.0,False,None,566,10774,11931,55.0,62.0
9513,22,1933,1955,23,1,0,,,0,0,0,,,False,Sciurus ,Mammalia,Unspecified habitat or no information,Russian Federation,Asia,Count,All Individuals,Sample,None,1.0,23.0,1.0,False,None,566,10775,12025,104.0,50.5
9514,23,1933,1955,23,0,0,1942.0,1942.0,0,0,0,,,False,Sciurus ,Mammalia,Unspecified habitat or no information,Kazakhstan,Asia,Count,All Individuals,Sample,None,1.0,23.0,1.0,False,None,566,10776,12025,63.5,54.733333333333334
9515,25,1884,1908,25,0,0,,,0,0,0,,,False,Lepus timidus,Mammalia,Unspecified habitat or no information,Russian Federation,Europe,Count,All Individuals,Sample,None,-1.0,25.0,1.0,False,Data taken from a printout from Turchin.,566,10777,408,30.083333333333332,59.53333333333333
9516,12,1928,1939,12,0,0,,,0,0,0,,,False,Mustela erminea,Mammalia,Unspecified habitat or no information,Russian Federation,Europe,Count,Pelts,Census,None,1.0,12.0,1.0,False,Population infected with skrjabingylosis,566,10778,11925,52.0,55.0
9520,12,1913,1924,12,0,0,1919.0,1919.0,0,0,0,,,False,Vulpes ,Mammalia,Grassland,Canada,North America,Count,All Individuals,Sample,None,2.0,12.0,1.0,False,"Coloured fox (red, cross and silver) fur returns (Revillons Freres records).",24,118,405,-67.0,58.0
9521,14,1962,1975,14,0,0,,,0,0,0,,,False,Perdix perdix,Aves,Agricultural,United Kingdom,Europe,Count,All Individuals,Sample,Unknown,4.0,14.0,1.0,False,None,18,10752,409,-1.5,54.0
9522,14,1962,1975,14,0,0,,,0,0,0,,,False,Alectoris rufa,Aves,Agricultural,United Kingdom,Europe,Count,All Individuals,Sample,Unknown,4.0,14.0,1.0,False,None,18,10752,129,-1.5,54.0
9523,14,1962,1975,14,0,0,,,0,0,0,,,False,Vanellus vanellus,Aves,Agricultural,United Kingdom,Europe,Count,All Individuals,Sample,Unknown,4.0,14.0,1.0,False,None,18,10752,65,-1.5,54.0
9524,14,1962,1975,14,0,0,,,0,0,0,,,False,Gallinula chloropus,Aves,Agricultural,United Kingdom,Europe,Count,All Individuals,Sample,Unknown,4.0,14.0,1.0,False,None,18,10752,130,-1.5,54.0
9525,14,1962,1975,14,0,0,,,0,0,0,,,False,Carduelis carduelis,Aves,Agricultural,United Kingdom,Europe,Count,All Individuals,Sample,Unknown,4.0,14.0,1.0,False,None,18,10752,131,-1.5,54.0
9526,14,1962,1975,14,0,0,,,0,0,0,,,False,Carduelis carduelis,Aves,Mixed habitat,United Kingdom,Europe,Count,All Individuals,Sample,Unknown,4.0,14.0,1.0,False,None,18,10754,131,-1.5,54.0
9527,14,1962,1975,14,0,0,,,0,0,0,,,False,Troglodytes troglodytes,Aves,Agricultural,United Kingdom,Europe,Count,All Individuals,Sample,Unknown,4.0,14.0,1.0,False,None,18,10752,132,-1.5,54.0
9528,12,1964,1975,12,0,0,,,0,0,0,,,False,Troglodytes troglodytes,Aves,Mixed or unspecified forest,United Kingdom,Europe,Count,All Individuals,Sample,Unknown,4.0,12.0,1.0,False,None,18,10753,132,-1.5,54.0
9529,14,1962,1975,14,0,0,,,0,0,0,,,False,Motacilla alba,Aves,Agricultural,United Kingdom,Europe,Count,All Individuals,Sample,Unknown,4.0,14.0,1.0,False,None,18,10752,133,-1.5,54.0
9599,10,1965,1974,10,0,2,1973.0,1973.0,0,0,0,,,False,Laspeyresia pomonella,Insecta,Deciduous forest,UK - England,Europe,Count,Larvae emerging from fruit,Sample,None,3.0,10.0,1.0,False,"Larvae emerging. The study trees consisted of two McIntosh and one Delicious per orchard quadrant..  Start and End dates relate to generation numbers, not calendar dates.",520,10699,803,-2.0166666666666666,54.88333333333333
9601,12,1965,1976,12,0,0,,,0,0,0,,,False,Laspeyresia pomonella,Insecta,Deciduous forest,UK - England,Europe,Count,Neonate Larvae,Sample,None,3.0,12.0,1.0,False,"Neonate larvae. The study trees consisted of two McIntosh and one Delicious per orchard quadrant..  Start and End dates relate to generation numbers, not calendar dates.",520,10699,803,-2.0166666666666666,54.88333333333333
9602,12,1965,1976,12,0,0,,,0,0,0,,,False,Laspeyresia pomonella,Insecta,Deciduous forest,UK - England,Europe,Count,Larvae entering fruit,Sample,None,3.0,12.0,1.0,False,"Larvae entering Fruit. The study trees consisted of two McIntosh and one Delicious per orchard quadrant..  Start and End dates relate to generation numbers, not calendar dates.",520,10699,803,-2.0166666666666666,54.88333333333333
9603,12,1965,1976,12,0,0,,,0,0,0,,,False,Laspeyresia pomonella,Insecta,Deciduous forest,UK - England,Europe,Count,Larvae emerging from fruit,Sample,None,3.0,12.0,1.0,False,"Larvae emerging. The study trees consisted of two McIntosh and one Delicious per orchard quadrant..  Start and End dates relate to generation numbers, not calendar dates.",520,10699,803,-2.0166666666666666,54.88333333333333
9604,10,1965,1974,10,0,0,1971.0,1971.0,0,0,0,,,False,Laspeyresia pomonella,Insecta,Deciduous forest,UK - England,Europe,Count,Neonate Larvae,Sample,None,3.0,10.0,1.0,False,"Neonate Larvae. The study trees consisted of two McIntosh and one Delicious per orchard quadrant..  Start and End dates relate to generation numbers, not calendar dates.",520,10699,803,-2.0166666666666666,54.88333333333333
9605,10,1965,1974,10,0,0,1971.0,1971.0,0,0,0,,,False,Laspeyresia pomonella,Insecta,Deciduous forest,UK - England,Europe,Count,Larvae entering fruit,Sample,None,3.0,10.0,1.0,False,"Larvae entering Fruit. The study trees consisted of two McIntosh and one Delicious per orchard quadrant..  Start and End dates relate to generation numbers, not calendar dates.",520,10699,803,-2.0166666666666666,54.88333333333333
9640,14,1975,1988,14,0,0,,,0,0,0,,,False,Myzocallis boerneri,Insecta,Deciduous forest,UK - England,Europe,Count,All Individuals,Sample,None,3.0,14.0,1.0,False,Adults,448,10546,11167,1.2833333333333332,52.9
9641,28,1945,1972,28,0,0,1958.0,1958.0,0,0,0,,,False,Choristoneura fumiferana,Insecta,Coniferous forest,Canada,North America,Count,All Individuals,Sample,None,3.0,28.0,1.0,False,Larvae,588,10627,11341,-68.16666666666667,47.5
9683,10,1967,1976,10,0,0,1973.0,1973.0,0,0,0,,,False,Laspeyresia pomonella,Insecta,Deciduous forest,Unknown,Unknown,Count,All Individuals,Sample,None,3.0,10.0,1.0,False,Number larvae emerging. The study trees consisted of two McIntosh and one Delicious per orchard quadrant.,520,10784,803,,
9685,40,1940,1979,40,0,0,,,6,0,6,1969.0,1974.0,False,Rubeola or Morbilli,Unknown,Unspecified habitat or no information,United Kingdom,Europe,Count,Individuals Infected,Sample,None,3.0,40.0,1.0,False,None,593,10788,12029,-1.5,52.5
9686,40,1940,1979,40,0,0,1965.0,1965.0,0,0,0,,,False,Bordetella pertussis,Unknown,Unspecified habitat or no information,United Kingdom,Europe,Count,Individuals Infected,Sample,None,3.0,40.0,1.0,False,None,593,10788,12030,-1.5,52.5
9688,60,1881,1940,60,0,0,1895.0,1895.0,0,0,0,,,False,Panolis flammea,Insecta,Coniferous forest,Germany,Europe,Count,All Individuals,Census,None,3.0,60.0,1.0,False,Estimates made in December,26,119,44,11.5,52.45
9689,49,1881,1930,50,1,0,1890.0,1890.0,0,0,0,,,False,Hyloicus pinastri,Insecta,Coniferous forest,Germany,Europe,Count,All Individuals,Census,None,3.0,50.0,1.0,False,Estimates made in December,26,119,45,11.5,52.45
9690,59,1881,1940,60,1,0,1890.0,1890.0,0,0,0,,,False,Dendrolimus pini,Insecta,Coniferous forest,Germany,Europe,Count,All Individuals,Census,None,3.0,60.0,1.0,False,Estimates made in December,26,119,46,11.5,52.45
9691,58,1881,1940,60,2,0,1892.0,1892.0,0,0,0,,,False,Bupalus piniaria,Insecta,Coniferous forest,Germany,Europe,Count,All Individuals,Census,None,3.0,60.0,1.0,False,Estimates made in December,26,119,47,11.5,52.45
9692,25,1820,1844,25,0,0,,,0,0,0,,,False,Meles meles,Mammalia,Unspecified habitat or no information,Multiple or International jurisdiction,Europe,Count,All Individuals,Sample,None,1.0,25.0,1.0,False,None,590,10783,12017,10.0,50.0
9693,25,1820,1844,25,0,0,,,0,0,0,,,False,Felidae,Mammalia,Unspecified habitat or no information,Multiple or International jurisdiction,Europe,Count,All Individuals,Sample,None,1.0,25.0,1.0,False,"Tabulated as ""cat""",590,10783,12033,10.0,50.0
9694,25,1820,1844,25,0,0,,,0,0,0,,,False,Mustela erminea,Mammalia,Unspecified habitat or no information,Multiple or International jurisdiction,Europe,Count,All Individuals,Sample,None,1.0,25.0,1.0,False,None,590,10783,11925,10.0,50.0
9695,25,1820,1844,25,0,0,,,0,0,0,,,False,Martes foina,Mammalia,Unspecified habitat or no information,Multiple or International jurisdiction,Europe,Count,All Individuals,Sample,None,1.0,25.0,1.0,False,Includes Baum marten.,590,10783,12020,10.0,50.0
9696,25,1820,1844,25,0,0,,,0,0,0,,,False,Mustela putorius,Mammalia,Unspecified habitat or no information,Multiple or International jurisdiction,Europe,Count,All Individuals,Sample,None,1.0,25.0,1.0,False,None,590,10783,12026,10.0,50.0
9697,17,1822,1844,23,6,0,,1844.0,0,0,0,,,False,Martes zibellina,Mammalia,Unspecified habitat or no information,Multiple or International jurisdiction,Europe,Count,All Individuals,Sample,None,1.0,23.0,1.0,False,None,590,10783,12021,10.0,50.0
9698,25,1820,1844,25,0,0,1843.0,1843.0,0,0,0,,,False,Oryctolagus cuniculus,Mammalia,Unspecified habitat or no information,Multiple or International jurisdiction,Europe,Count,All Individuals,Sample,None,1.0,25.0,1.0,False,None,590,10783,406,10.0,50.0
9699,25,1820,1844,25,0,0,,,0,0,0,,,False,Sciurus ,Mammalia,Unspecified habitat or no information,Multiple or International jurisdiction,Europe,Count,All Individuals,Sample,None,1.0,25.0,1.0,False,None,590,10783,12025,10.0,50.0
9700,95,1752,1852,101,6,0,1782.0,1782.0,1,1,0,1781.0,1781.0,True,Castor canadensis,Mammalia,Unspecified habitat or no information,USA,North America,Count,All Individuals (see notes),Sample,None,1.0,101.0,1.0,False,Coat beaver skins worn by native Americans for 1 year prior to shipment. NB recording units change from individuals to pounds weight from 1833 onwards,590,10787,54,-100.0,45.0
9701,157,1752,1908,157,0,0,,,123,0,123,1781.0,1903.0,False,Castor canadensis,Mammalia,Unspecified habitat or no information,USA,North America,Count,All Individuals,Sample,None,1.0,157.0,1.0,False,"Tabulated as ""Parchment beaver""",590,10787,54,-100.0,45.0
9702,157,1753,1909,157,0,0,1908.0,1908.0,126,5,121,1782.0,1907.0,True,Martes americana,Mammalia,Unspecified habitat or no information,USA,North America,Count,All Individuals,Sample,None,1.0,157.0,1.0,False,None,590,10787,77,-100.0,45.0
9703,157,1752,1908,157,0,0,,,123,0,123,1781.0,1903.0,False,Lutra canadensis,Mammalia,Unspecified habitat or no information,USA,North America,Count,All Individuals,Sample,None,1.0,157.0,1.0,False,None,590,10787,82,-100.0,45.0
9704,157,1752,1908,157,0,0,1783.0,1783.0,2,2,0,1781.0,1782.0,True,Lynx canadensis,Mammalia,Unspecified habitat or no information,USA,North America,Count,All Individuals,Sample,None,1.0,157.0,1.0,False,None,590,10787,75,-100.0,45.0
9705,157,1752,1908,157,0,0,1783.0,1783.0,2,2,0,1781.0,1782.0,True,Vulpes ,Mammalia,Unspecified habitat or no information,USA,North America,Count,All Individuals,Sample,None,1.0,157.0,1.0,False,None,590,10787,405,-100.0,45.0
9706,157,1752,1908,157,0,0,1782.0,1782.0,1,1,0,1781.0,1781.0,True,Gulo gulo,Mammalia,Unspecified habitat or no information,USA,North America,Count,All Individuals,Sample,None,1.0,157.0,1.0,False,None,590,10787,90,-100.0,45.0
9707,157,1752,1908,157,0,0,,,123,0,123,1781.0,1903.0,False,Ursus ,Mammalia,Unspecified habitat or no information,USA,North America,Count,All Individuals,Sample,None,1.0,157.0,1.0,False,None,590,10787,12035,-100.0,45.0
9708,157,1752,1908,157,0,0,1776.0,1776.0,0,0,0,,,False,Canis lupus,Mammalia,Unspecified habitat or no information,USA,North America,Count,All Individuals,Sample,None,1.0,157.0,1.0,False,None,590,10787,89,-100.0,45.0
9709,147,1752,1908,157,10,0,,,113,0,113,1791.0,1903.0,False,Mustela vison,Mammalia,Unspecified habitat or no information,USA,North America,Count,All Individuals,Sample,None,1.0,157.0,1.0,False,None,590,10787,78,-100.0,45.0
9710,146,1752,1908,157,11,0,,,112,0,112,1792.0,1903.0,False,Ondatra zibethicus,Mammalia,Unspecified habitat or no information,USA,North America,Count,All Individuals,Sample,None,1.0,157.0,1.0,False,None,590,10787,79,-100.0,45.0
9711,127,1777,1908,132,5,0,1811.0,1811.0,0,0,0,,,False,Procyon Lotor,Mammalia,Unspecified habitat or no information,USA,North America,Count,All Individuals,Sample,None,1.0,132.0,1.0,False,None,590,10787,83,-100.0,45.0
9712,109,1752,1890,139,30,0,1782.0,1782.0,0,0,0,,,False,Cervus,Mammalia,Unspecified habitat or no information,USA,North America,Count,All Individuals,Sample,None,1.0,139.0,1.0,False,None,590,10787,12023,-100.0,45.0
9713,98,1788,1904,117,19,1,1823.0,1823.0,5,5,0,1818.0,1822.0,True,Lepus americanus,Mammalia,Unspecified habitat or no information,USA,North America,Count,All Individuals,Sample,None,1.0,117.0,1.0,False,None,590,10787,416,-100.0,45.0
9714,142,1767,1908,142,0,0,,,108,0,108,1796.0,1903.0,False,Martes pennanti,Mammalia,Unspecified habitat or no information,USA,North America,Count,All Individuals,Sample,None,1.0,142.0,1.0,False,None,590,10787,55,-100.0,45.0
9715,86,1804,1890,87,1,0,1819.0,1819.0,0,0,0,,,False,Cygnus ,Aves,Unspecified habitat or no information,USA,North America,Count,All Individuals,Sample,None,1.0,87.0,1.0,False,None,590,10787,12036,-100.0,45.0
9716,59,1832,1890,59,0,0,,,25,0,25,1861.0,1885.0,False,Castor canadensis,Mammalia,Unspecified habitat or no information,USA,North America,Count,Pounds,Sample,None,1.0,59.0,1.0,False,"Tabulated as ""castorum""",590,10787,54,-100.0,45.0
9717,66,1843,1908,66,0,0,1903.0,1903.0,31,5,26,1872.0,1902.0,True,Taxidea taxus,Mammalia,Unspecified habitat or no information,USA,North America,Count,All Individuals,Sample,None,1.0,66.0,1.0,False,None,590,10787,56,-100.0,45.0
9718,59,1849,1908,60,1,0,,1908.0,24,0,24,1879.0,1902.0,False,Mephitis mephitis,Mammalia,Unspecified habitat or no information,USA,North America,Count,All Individuals,Sample,None,1.0,60.0,1.0,False,None,590,10787,85,-100.0,45.0
9719,42,1849,1890,42,0,0,1869.0,1869.0,0,0,0,,,False,Otariidae,Mammalia,Unspecified habitat or no information,USA,North America,Count,All Individuals,Sample,None,1.0,42.0,1.0,False,"Tabulated as ""Hair seal""",590,10787,12037,-100.0,45.0
9720,18,1873,1890,18,0,0,1883.0,1883.0,0,0,0,,,False,Callorhinus ursinus,Mammalia,Unspecified habitat or no information,USA,North America,Count,All Individuals,Sample,None,1.0,18.0,1.0,False,None,590,10787,12028,-100.0,45.0
9721,129,1763,1891,129,0,0,1823.0,1823.0,31,5,26,1792.0,1822.0,True,Castor canadensis,Mammalia,Unspecified habitat or no information,Multiple or International jurisdiction,North America,Count,All Individuals,Sample,None,1.0,129.0,1.0,False,See MainID 200. Ostensibly same data from different source. Also see MainID 9735,590,82,54,-100.0,45.0
9722,129,1763,1891,129,0,0,1808.0,1808.0,16,5,11,1792.0,1807.0,True,Ursus ,Mammalia,Unspecified habitat or no information,Multiple or International jurisdiction,North America,Count,All Individuals,Sample,None,1.0,129.0,1.0,False,None,590,82,12035,-100.0,45.0
9723,129,1763,1891,129,0,0,1810.0,1810.0,18,5,13,1792.0,1809.0,True,Lutra canadensis,Mammalia,Unspecified habitat or no information,Multiple or International jurisdiction,North America,Count,All Individuals,Sample,None,1.0,129.0,1.0,False,None,590,82,82,-100.0,45.0
9724,129,1763,1891,129,0,0,,,95,0,95,1792.0,1886.0,False,Martes pennanti,Mammalia,Unspecified habitat or no information,Multiple or International jurisdiction,North America,Count,All Individuals,Sample,None,1.0,129.0,1.0,False,See MainID 293. Ostensibly same data from different source.,590,82,55,-100.0,45.0
9725,127,1763,1891,129,2,0,1808.0,1808.0,16,5,11,1792.0,1807.0,True,Martes americana,Mammalia,Unspecified habitat or no information,Multiple or International jurisdiction,North America,Count,All Individuals,Sample,None,1.0,129.0,1.0,False,None,590,82,77,-100.0,45.0
9726,108,1763,1891,129,21,0,1814.0,1806.0,9,0,9,1792.0,1800.0,False,Canis lupus,Mammalia,Unspecified habitat or no information,Multiple or International jurisdiction,North America,Count,All Individuals,Sample,None,1.0,129.0,1.0,False,None,590,82,89,-100.0,45.0
9727,97,1763,1891,129,32,0,1806.0,1806.0,14,5,9,1792.0,1805.0,True,Gulo gulo,Mammalia,Unspecified habitat or no information,Multiple or International jurisdiction,North America,Count,All Individuals,Sample,None,1.0,129.0,1.0,False,None,590,82,90,-100.0,45.0
9728,128,1763,1891,129,1,0,1814.0,1810.0,14,1,13,1792.0,1809.0,True,Lynx canadensis,Mammalia,Unspecified habitat or no information,Multiple or International jurisdiction,North America,Count,All Individuals,Sample,None,1.0,129.0,1.0,False,None,590,82,75,-100.0,45.0
9729,127,1763,1891,129,2,0,1809.0,1809.0,17,5,12,1792.0,1808.0,True,Mustela vison,Mammalia,Unspecified habitat or no information,Multiple or International jurisdiction,North America,Count,All Individuals,Sample,None,1.0,129.0,1.0,False,None,590,82,78,-100.0,45.0
9730,129,1763,1891,129,0,0,1807.0,1807.0,15,5,10,1792.0,1806.0,True,Vulpes fulva,Mammalia,Unspecified habitat or no information,Multiple or International jurisdiction,North America,Count,All Individuals,Sample,None,1.0,129.0,1.0,False,None,590,82,72,-100.0,45.0
9731,128,1763,1891,129,1,0,1811.0,1811.0,19,5,14,1792.0,1810.0,True,Procyon Lotor,Mammalia,Unspecified habitat or no information,Multiple or International jurisdiction,North America,Count,All Individuals,Sample,None,1.0,129.0,1.0,False,None,590,82,83,-100.0,45.0
9732,127,1763,1891,129,2,0,1793.0,1793.0,1,1,0,1792.0,1792.0,True,Ondatra zibethicus,Mammalia,Unspecified habitat or no information,Multiple or International jurisdiction,North America,Count,All Individuals,Sample,None,1.0,129.0,1.0,False,None,590,82,79,-100.0,45.0
9733,79,1763,1856,94,15,0,1792.0,1792.0,0,0,0,,,False,Cervus elaphus canadensis,Mammalia,Unspecified habitat or no information,Multiple or International jurisdiction,North America,Count,All Individuals,Sample,None,1.0,94.0,1.0,False,None,590,82,126,-100.0,45.0
9734,109,1763,1872,110,1,0,1812.0,1812.0,20,5,15,1792.0,1811.0,True,Cervidae,Mammalia,Unspecified habitat or no information,Multiple or International jurisdiction,North America,Count,All Individuals,Sample,None,1.0,110.0,1.0,False,None,590,82,12038,-100.0,45.0
9735,44,1766,1833,68,24,0,1801.0,1801.0,0,0,0,,,False,Castor canadensis,Mammalia,Unspecified habitat or no information,Multiple or International jurisdiction,North America,Count,Pounds,Sample,None,1.0,68.0,1.0,False,"Tabulated as ""castorum"". See also MainIDs 200 & 9721",590,82,54,-100.0,45.0
9736,23,1812,1848,37,14,0,1824.0,1818.0,0,0,0,,,False,Cygnus ,Aves,Unspecified habitat or no information,Multiple or International jurisdiction,North America,Count,All Individuals,Sample,None,1.0,37.0,1.0,False,None,590,82,12036,-100.0,45.0
9737,40,1849,1891,43,3,0,,,6,0,6,1881.0,1886.0,False,Didelphis virginiana,Mammalia,Unspecified habitat or no information,Multiple or International jurisdiction,North America,Count,All Individuals,Sample,None,1.0,43.0,1.0,False,"Species called ""American opossum"" in source document",590,82,80,-100.0,45.0
9738,43,1849,1891,43,0,0,,,9,0,9,1878.0,1886.0,False,Callorhinus ursinus,Mammalia,Unspecified habitat or no information,Multiple or International jurisdiction,North America,Count,All Individuals,Sample,None,1.0,43.0,1.0,False,None,590,82,12028,-100.0,45.0
9739,34,1858,1891,34,0,0,,,0,0,0,,,False,Mephitis mephitis,Mammalia,Unspecified habitat or no information,Multiple or International jurisdiction,North America,Count,All Individuals,Sample,None,1.0,34.0,1.0,False,None,590,82,85,-100.0,45.0
9740,21,1871,1891,21,0,0,,,0,0,0,,,False,Enhydra lutris,Mammalia,Unspecified habitat or no information,Multiple or International jurisdiction,North America,Count,All Individuals,Sample,None,1.0,21.0,1.0,False,None,590,82,11922,-100.0,45.0
9741,49,1843,1891,49,0,0,,,15,0,15,1872.0,1886.0,False,Lynx rufus,Mammalia,Unspecified habitat or no information,Multiple or International jurisdiction,North America,Count,All Individuals,Sample,None,1.0,49.0,1.0,False,"Tabulated as ""cat, common""",590,82,91,-100.0,45.0
9742,13,1983,1995,13,0,0,1993.0,1993.0,0,0,0,,,False,Colias hyale,Insecta,Unspecified habitat or no information,Belgium,Europe,Count,All Individuals,Sample,None,3.0,13.0,1.0,False,Numbers of butterflies reported.,594,10790,772,4.0,51.0
9743,14,1983,1996,14,0,0,1988.0,1988.0,0,0,0,,,False,Colias crocea,Insecta,Unspecified habitat or no information,Belgium,Europe,Count,All Individuals,Sample,None,3.0,14.0,1.0,False,Numbers of butterflies reported.,594,10790,773,4.0,51.0
9744,12,1984,1995,12,0,0,,,0,0,0,,,False,Vanessa atalanta,Insecta,Unspecified habitat or no information,Belgium,Europe,Count,All Individuals,Sample,None,3.0,12.0,1.0,False,Numbers of butterflies reported.,594,10790,249,4.0,51.0
9745,14,1983,1996,14,0,0,,,0,0,0,,,False,Agrius convolvuli,Insecta,Unspecified habitat or no information,Belgium,Europe,Count,All Individuals,Sample,None,3.0,14.0,1.0,False,Numbers of butterflies reported.,594,10790,12039,4.0,51.0
9746,12,1983,1996,14,2,0,,1996.0,0,0,0,,,False,Acherontia atropos,Insecta,Unspecified habitat or no information,Belgium,Europe,Count,All Individuals,Sample,None,3.0,14.0,1.0,False,Numbers of butterflies reported.,594,10790,12040,4.0,51.0
9747,13,1983,1995,13,0,0,,,0,0,0,,,False,Macroglossum stellatarum,Insecta,Unspecified habitat or no information,Belgium,Europe,Count,All Individuals,Sample,None,3.0,13.0,1.0,False,Numbers of butterflies reported.,594,10790,12041,4.0,51.0
9748,14,1983,1996,14,0,0,,,0,0,0,,,False,Agrotis ipsilon,Insecta,Unspecified habitat or no information,Belgium,Europe,Count,All Individuals,Sample,None,3.0,14.0,1.0,False,Numbers of butterflies reported.,594,10790,10789,4.0,51.0
9749,12,1983,1995,13,1,0,,,0,0,0,,,False,Peridroma saucia,Insecta,Unspecified habitat or no information,Belgium,Europe,Count,All Individuals,Sample,None,3.0,13.0,1.0,False,Numbers of butterflies reported.,594,10790,12042,4.0,51.0
9750,12,1984,1995,12,0,0,,,0,0,0,,,False,Plutella xylostella,Insecta,Unspecified habitat or no information,Belgium,Europe,Count,All Individuals,Sample,None,3.0,12.0,1.0,False,Numbers of butterflies reported.,594,10790,12007,4.0,51.0
9751,12,1983,1995,13,1,0,,1990.0,0,0,0,,,False,Nomophila noctuella,Insecta,Unspecified habitat or no information,Belgium,Europe,Count,All Individuals,Sample,None,3.0,13.0,1.0,False,Numbers of butterflies reported.,594,10790,12043,4.0,51.0
9752,12,1983,1995,13,1,0,,,0,0,0,,,False,Udea ferrugalis,Insecta,Unspecified habitat or no information,Belgium,Europe,Count,All Individuals,Sample,None,3.0,13.0,1.0,False,Numbers of butterflies reported.,594,10790,12044,4.0,51.0
9753,12,1984,1996,13,1,2,,,0,0,0,,,False,Issoria lathonia,Insecta,Unspecified habitat or no information,Belgium,Europe,Count,All Individuals,Sample,None,3.0,13.0,1.0,False,Numbers of butterflies reported.,594,10790,12045,4.0,51.0
9754,12,1984,1995,12,0,0,,,0,0,0,,,False,Stegania trimaculata,Insecta,Unspecified habitat or no information,Belgium,Europe,Count,All Individuals,Sample,None,3.0,12.0,1.0,False,Numbers of butterflies reported.,594,10790,12046,4.0,51.0
9755,12,1983,1996,14,2,0,,1988.0,0,0,0,,,False,Hemaris fuciformis,Insecta,Unspecified habitat or no information,Belgium,Europe,Count,All Individuals,Sample,None,3.0,14.0,1.0,False,Numbers of butterflies reported.,594,10790,12047,4.0,51.0
9756,11,1984,1995,12,1,0,,,0,0,0,,,False,Proserpinus proserpina,Insecta,Unspecified habitat or no information,Belgium,Europe,Count,All Individuals,Sample,None,3.0,13.0,1.0,False,Numbers of butterflies reported.,594,10790,12048,4.0,51.0
9757,8,1985,1995,11,3,0,,,0,0,0,,,False,Hyles euphorbiae,Insecta,Unspecified habitat or no information,Belgium,Europe,Count,All Individuals,Sample,None,3.0,11.0,1.0,False,Numbers of butterflies reported.,594,10790,12049,4.0,51.0
9758,12,1984,1995,12,0,0,,,0,0,0,,,False,Mythimna albipuncta,Insecta,Unspecified habitat or no information,Belgium,Europe,Count,All Individuals,Sample,None,3.0,12.0,1.0,False,Numbers of butterflies reported.,594,10790,11220,4.0,51.0
9759,10,1983,1995,13,3,0,,,0,0,0,,,False,Mythimna l-album,Insecta,Unspecified habitat or no information,Belgium,Europe,Count,All Individuals,Sample,None,3.0,13.0,1.0,False,Numbers of butterflies reported.,594,10790,11221,4.0,51.0
9760,14,1983,1996,14,0,0,,,0,0,0,,,False,Hoplodrina ambigua,Insecta,Unspecified habitat or no information,Belgium,Europe,Count,All Individuals,Sample,None,3.0,14.0,1.0,False,Numbers of butterflies reported.,594,10790,10857,4.0,51.0
9761,14,1983,1996,14,0,0,1993.0,1993.0,0,0,0,,,False,Cryphia algae,Insecta,Unspecified habitat or no information,Belgium,Europe,Count,All Individuals,Sample,None,3.0,14.0,1.0,False,Numbers of butterflies reported.,594,10790,12050,4.0,51.0
9762,13,1983,1996,14,1,0,,,0,0,0,,,False,Macdunnoughia confusa,Insecta,Unspecified habitat or no information,Belgium,Europe,Count,All Individuals,Sample,None,3.0,14.0,1.0,False,Numbers of butterflies reported.,594,10790,12051,4.0,51.0
9763,10,1983,1996,14,4,0,,,0,0,0,,,False,Autographa bractea,Insecta,Unspecified habitat or no information,Belgium,Europe,Count,All Individuals,Sample,None,3.0,14.0,1.0,False,Numbers of butterflies reported.,594,10790,10929,4.0,51.0
9764,12,1984,1995,12,0,0,,,0,0,0,,,False,Vanessa cardui,Insecta,Unspecified habitat or no information,Belgium,Europe,Count,All Individuals,Sample,None,3.0,12.0,1.0,False,Numbers of butterflies reported.,594,10790,248,4.0,51.0
9765,13,1984,1996,13,0,0,,,0,0,0,,,False,Autographa gamma,Insecta,Unspecified habitat or no information,Belgium,Europe,Count,All Individuals,Sample,None,3.0,13.0,1.0,False,Numbers of butterflies reported.,594,10790,10927,4.0,51.0
9766,12,1984,1995,12,0,0,,,0,0,0,,,False,Rheumaptera cervinalis,Insecta,Unspecified habitat or no information,Belgium,Europe,Count,All Individuals,Sample,None,3.0,12.0,1.0,False,Numbers of butterflies reported.,594,10790,12052,4.0,51.0
9767,28,1948,1975,28,0,2,1954.0,1954.0,0,0,0,,,False,Pseudocalanus elongatus,Crustacea,Marine,Multiple or International jurisdiction,Not applicable,Count,Not Specified,Sample,None,2.0,28.0,1.0,False,"Data taken from annual inventories, but details not supplied",596,10792,10694,-16.0,62.0
9768,28,1948,1975,28,0,2,1958.0,1958.0,0,0,0,,,False,Pseudocalanus elongatus,Crustacea,Marine,Multiple or International jurisdiction,Not applicable,Count,Not Specified,Sample,None,2.0,28.0,1.0,False,"Data taken from annual inventories, but details not supplied",596,10793,10694,-4.0,61.0
9769,28,1948,1975,28,0,0,1957.0,1957.0,0,0,0,,,False,Pseudocalanus elongatus,Crustacea,Marine,Multiple or International jurisdiction,Not applicable,Count,Not Specified,Sample,None,2.0,28.0,1.0,False,"Data taken from annual inventories, but details not supplied",596,10794,10694,0.0,60.0
9770,28,1948,1975,28,0,3,1959.0,1959.0,0,0,0,,,False,Pseudocalanus elongatus,Crustacea,Marine,Multiple or International jurisdiction,Not applicable,Count,Not Specified,Sample,None,2.0,28.0,1.0,False,"Data taken from annual inventories, but details not supplied",596,10795,10694,4.0,61.0
9771,28,1948,1975,28,0,3,1960.0,1960.0,0,0,0,,,False,Pseudocalanus elongatus,Crustacea,Marine,Multiple or International jurisdiction,Not applicable,Count,Not Specified,Sample,None,2.0,28.0,1.0,False,"Data taken from annual inventories, but details not supplied",596,10796,10694,-14.0,57.0
9772,28,1948,1975,28,0,2,1958.0,1958.0,0,0,0,,,False,Pseudocalanus elongatus,Crustacea,Marine,Multiple or International jurisdiction,Not applicable,Count,Not Specified,Sample,None,2.0,28.0,1.0,False,"Data taken from annual inventories, but details not supplied",596,10797,10694,-7.0,57.0
9773,28,1948,1975,28,0,1,1953.0,1953.0,0,0,0,,,False,Pseudocalanus elongatus,Crustacea,Marine,Multiple or International jurisdiction,Not applicable,Count,Not Specified,Sample,None,2.0,28.0,1.0,False,"Data taken from annual inventories, but details not supplied",596,10798,10694,-0.0,57.0
9774,28,1948,1975,28,0,0,1956.0,1956.0,0,0,0,,,False,Pseudocalanus elongatus,Crustacea,Marine,Multiple or International jurisdiction,Not applicable,Count,Not Specified,Sample,None,2.0,28.0,1.0,False,"Data taken from annual inventories, but details not supplied",596,10799,10694,6.0,57.0
9775,28,1948,1975,28,0,0,1960.0,1960.0,0,0,0,,,False,Pseudocalanus elongatus,Crustacea,Marine,Multiple or International jurisdiction,Not applicable,Count,Not Specified,Sample,None,2.0,28.0,1.0,False,"Data taken from annual inventories, but details not supplied",596,10800,10694,-14.0,53.0
9776,28,1948,1975,28,0,2,1954.0,1954.0,0,0,0,,,False,Pseudocalanus elongatus,Crustacea,Marine,Multiple or International jurisdiction,Not applicable,Count,Not Specified,Sample,None,2.0,28.0,1.0,False,"Data taken from annual inventories, but details not supplied",596,10801,10694,-8.0,50.0
9777,27,1948,1975,28,1,2,1959.0,1959.0,0,0,0,,,False,Pseudocalanus elongatus,Crustacea,Marine,Multiple or International jurisdiction,Not applicable,Count,Not Specified,Sample,None,2.0,28.0,1.0,False,"Data taken from annual inventories, but details not supplied",596,10802,10694,1.0,54.0
9778,28,1948,1975,28,0,0,1961.0,1961.0,0,0,0,,,False,Pseudocalanus elongatus,Crustacea,Marine,Multiple or International jurisdiction,Not applicable,Count,Not Specified,Sample,None,2.0,28.0,1.0,False,"Data taken from annual inventories, but details not supplied",596,10803,10694,5.0,54.0
9779,28,1948,1975,28,0,2,1955.0,1955.0,0,0,0,,,False,Hyperiidea,Crustacea,Marine,Multiple or International jurisdiction,Not applicable,Count,Not Specified,Sample,None,2.0,28.0,1.0,False,"Data taken from annual inventories, but details not supplied",596,10792,12054,-16.0,62.0
9780,28,1948,1975,28,0,0,1954.0,1954.0,0,0,0,,,False,Hyperiidea,Crustacea,Marine,Multiple or International jurisdiction,Not applicable,Count,Not Specified,Sample,None,2.0,28.0,1.0,False,"Data taken from annual inventories, but details not supplied",596,10793,12054,-4.0,61.0
9781,28,1948,1975,28,0,1,1961.0,1961.0,0,0,0,,,False,Hyperiidea,Crustacea,Marine,Multiple or International jurisdiction,Not applicable,Count,Not Specified,Sample,None,2.0,28.0,1.0,False,"Data taken from annual inventories, but details not supplied",596,10794,12054,0.0,60.0
9782,28,1948,1975,28,0,1,1959.0,1959.0,0,0,0,,,False,Hyperiidea,Crustacea,Marine,Multiple or International jurisdiction,Not applicable,Count,Not Specified,Sample,None,2.0,28.0,1.0,False,"Data taken from annual inventories, but details not supplied",596,10795,12054,4.0,61.0
9783,28,1948,1975,28,0,0,1954.0,1954.0,0,0,0,,,False,Hyperiidea,Crustacea,Marine,Multiple or International jurisdiction,Not applicable,Count,Not Specified,Sample,None,2.0,28.0,1.0,False,"Data taken from annual inventories, but details not supplied",596,10796,12054,-14.0,57.0
9784,28,1948,1975,28,0,2,1957.0,1957.0,0,0,0,,,False,Hyperiidea,Crustacea,Marine,Multiple or International jurisdiction,Not applicable,Count,Not Specified,Sample,None,2.0,28.0,1.0,False,"Data taken from annual inventories, but details not supplied",596,10797,12054,-7.0,57.0
9785,28,1948,1975,28,0,2,1954.0,1954.0,0,0,0,,,False,Hyperiidea,Crustacea,Marine,Multiple or International jurisdiction,Not applicable,Count,Not Specified,Sample,None,2.0,28.0,1.0,False,"Data taken from annual inventories, but details not supplied",596,10798,12054,-0.0,57.0
9786,28,1948,1975,28,0,0,1958.0,1958.0,0,0,0,,,False,Hyperiidea,Crustacea,Marine,Multiple or International jurisdiction,Not applicable,Count,Not Specified,Sample,None,2.0,28.0,1.0,False,"Data taken from annual inventories, but details not supplied",596,10799,12054,6.0,57.0
9787,28,1948,1975,28,0,1,1954.0,1954.0,0,0,0,,,False,Hyperiidea,Crustacea,Marine,Multiple or International jurisdiction,Not applicable,Count,Not Specified,Sample,None,2.0,28.0,1.0,False,"Data taken from annual inventories, but details not supplied",596,10800,12054,-14.0,53.0
9788,28,1948,1975,28,0,0,1964.0,1964.0,0,0,0,,,False,Hyperiidea,Crustacea,Marine,Multiple or International jurisdiction,Not applicable,Count,Not Specified,Sample,None,2.0,28.0,1.0,False,"Data taken from annual inventories, but details not supplied",596,10801,12054,-8.0,50.0
9789,28,1948,1975,28,0,0,1956.0,1956.0,0,0,0,,,False,Hyperiidea,Crustacea,Marine,Multiple or International jurisdiction,Not applicable,Count,Not Specified,Sample,None,2.0,28.0,1.0,False,"Data taken from annual inventories, but details not supplied",596,10802,12054,1.0,54.0
9790,28,1948,1975,28,0,1,1956.0,1956.0,0,0,0,,,False,Hyperiidea,Crustacea,Marine,Multiple or International jurisdiction,Not applicable,Count,Not Specified,Sample,None,2.0,28.0,1.0,False,"Data taken from annual inventories, but details not supplied",596,10803,12054,5.0,54.0
9793,77,1907,1992,86,9,8,1925.0,1925.0,0,0,0,,,False,Pterocles namaqua,Aves,Largely unvegetated,South Africa,Africa,Count,Individuals killed,Sample,None,3.0,86.0,1.0,False,Data are for winter population abundance indices ( mean daily hunting bag). An apparent population decline between 1950 and 1992 may be an artifact of increased sandgrouse dispersion in response to and increased number of artificial watering points on the estate and the surrounding area.,599,10805,12055,24.083333333333332,-28.75
9794,32,1911,1951,41,9,0,,,0,0,0,,,False,Tetrao urogallus,Aves,Unspecified habitat or no information,Finland,Europe,Count,All Individuals,Sample,None,2.0,41.0,1.0,False,None,600,10688,11192,27.0,64.0
9795,32,1911,1951,41,9,0,,,0,0,0,,,False,Tetrao tetrix,Aves,Unspecified habitat or no information,Finland,Europe,Count,All Individuals,Sample,None,2.0,41.0,1.0,False,None,600,10688,411,27.0,64.0
9796,32,1911,1951,41,9,0,,,0,0,0,,,False,Bonasa bonasia,Aves,Unspecified habitat or no information,Finland,Europe,Count,All Individuals,Sample,None,2.0,41.0,1.0,False,None,600,10688,1,27.0,64.0
9797,32,1911,1951,41,9,0,,,0,0,0,,,False,Lagopus lagopus,Aves,Unspecified habitat or no information,Finland,Europe,Count,All Individuals,Sample,None,2.0,41.0,1.0,False,None,600,10688,11191,27.0,64.0
9799,20,1964,1983,20,0,0,1975.0,1975.0,0,0,0,,,False,Tetrao urogallus,Aves,Unspecified habitat or no information,Finland,Europe,Count,All Individuals,Sample,None,3.0,20.0,1.0,False,None,603,10690,11192,27.0,68.0
9800,20,1964,1983,20,0,0,1975.0,1975.0,0,0,0,,,False,Tetrao tetrix,Aves,Unspecified habitat or no information,Finland,Europe,Count,All Individuals,Sample,None,3.0,20.0,1.0,False,None,603,10690,411,27.0,68.0
9801,20,1964,1983,20,0,1,1975.0,1975.0,0,0,0,,,False,Bonasa bonasia,Aves,Unspecified habitat or no information,Finland,Europe,Count,All Individuals,Sample,None,3.0,20.0,1.0,False,None,603,10690,1,27.0,68.0
9802,20,1964,1983,20,0,0,1971.0,1971.0,0,0,0,,,False,Tetrao urogallus,Aves,Unspecified habitat or no information,Finland,Europe,Count,All Individuals,Sample,None,3.0,20.0,1.0,False,None,603,10812,11192,27.0,65.0
9803,20,1964,1983,20,0,1,1974.0,1974.0,0,0,0,,,False,Tetrao tetrix,Aves,Unspecified habitat or no information,Finland,Europe,Count,All Individuals,Sample,None,3.0,20.0,1.0,False,None,603,10812,411,27.0,65.0
9804,20,1964,1983,20,0,2,1975.0,1975.0,0,0,0,,,False,Bonasa bonasia,Aves,Unspecified habitat or no information,Finland,Europe,Count,All Individuals,Sample,None,3.0,20.0,1.0,False,None,603,10812,1,27.0,65.0
9805,20,1964,1983,20,0,1,1970.0,1970.0,0,0,0,,,False,Tetrao urogallus,Aves,Unspecified habitat or no information,Finland,Europe,Count,All Individuals,Sample,None,3.0,20.0,1.0,False,None,603,10656,11192,22.5,63.0
9806,20,1964,1983,20,0,1,1982.0,1982.0,0,0,0,,,False,Tetrao tetrix,Aves,Unspecified habitat or no information,Finland,Europe,Count,All Individuals,Sample,None,3.0,20.0,1.0,False,None,603,10656,411,22.5,63.0
9807,20,1964,1983,20,0,0,1982.0,1982.0,0,0,0,,,False,Bonasa bonasia,Aves,Unspecified habitat or no information,Finland,Europe,Count,All Individuals,Sample,None,3.0,20.0,1.0,False,None,603,10656,1,22.5,63.0
9808,20,1964,1983,20,0,0,1969.0,1969.0,0,0,0,,,False,Tetrao urogallus,Aves,Unspecified habitat or no information,Finland,Europe,Count,All Individuals,Sample,None,3.0,20.0,1.0,False,None,603,10683,11192,27.0,65.0
9809,20,1964,1983,20,0,0,1969.0,1969.0,0,0,0,,,False,Tetrao tetrix,Aves,Unspecified habitat or no information,Finland,Europe,Count,All Individuals,Sample,None,3.0,20.0,1.0,False,None,603,10683,411,27.0,65.0
9810,20,1964,1983,20,0,1,1975.0,1975.0,0,0,0,,,False,Bonasa bonasia,Aves,Unspecified habitat or no information,Finland,Europe,Count,All Individuals,Sample,None,3.0,20.0,1.0,False,None,603,10683,1,27.0,65.0
9811,20,1964,1983,20,0,0,1970.0,1970.0,0,0,0,,,False,Tetrao urogallus,Aves,Unspecified habitat or no information,Finland,Europe,Count,All Individuals,Sample,None,3.0,20.0,1.0,False,None,603,10813,11192,27.5,63.0
9812,20,1964,1983,20,0,0,1969.0,1969.0,0,0,0,,,False,Tetrao tetrix,Aves,Unspecified habitat or no information,Finland,Europe,Count,All Individuals,Sample,None,3.0,20.0,1.0,False,None,603,10813,411,27.5,63.0
9813,20,1964,1983,20,0,0,1969.0,1969.0,0,0,0,,,False,Bonasa bonasia,Aves,Unspecified habitat or no information,Finland,Europe,Count,All Individuals,Sample,None,3.0,20.0,1.0,False,None,603,10813,1,27.5,63.0
9814,20,1964,1983,20,0,1,1974.0,1974.0,0,0,0,,,False,Tetrao urogallus,Aves,Unspecified habitat or no information,Finland,Europe,Count,All Individuals,Sample,None,3.0,20.0,1.0,False,None,603,10814,11192,30.0,63.0
9815,20,1964,1983,20,0,0,1976.0,1976.0,0,0,0,,,False,Tetrao tetrix,Aves,Unspecified habitat or no information,Finland,Europe,Count,All Individuals,Sample,None,3.0,20.0,1.0,False,None,603,10814,411,30.0,63.0
9816,20,1964,1983,20,0,0,1976.0,1976.0,0,0,0,,,False,Bonasa bonasia,Aves,Unspecified habitat or no information,Finland,Europe,Count,All Individuals,Sample,None,3.0,20.0,1.0,False,None,603,10814,1,30.0,63.0
9817,20,1964,1983,20,0,0,1971.0,1971.0,0,0,0,,,False,Tetrao urogallus,Aves,Unspecified habitat or no information,Finland,Europe,Count,All Individuals,Sample,None,3.0,20.0,1.0,False,None,603,10815,11192,28.0,62.0
9818,20,1964,1983,20,0,2,1971.0,1971.0,0,0,0,,,False,Tetrao tetrix,Aves,Unspecified habitat or no information,Finland,Europe,Count,All Individuals,Sample,None,3.0,20.0,1.0,False,None,603,10815,411,28.0,62.0
9819,20,1964,1983,20,0,1,1975.0,1975.0,0,0,0,,,False,Bonasa bonasia,Aves,Unspecified habitat or no information,Finland,Europe,Count,All Individuals,Sample,None,3.0,20.0,1.0,False,None,603,10815,1,28.0,62.0
9820,20,1964,1983,20,0,1,1970.0,1970.0,0,0,0,,,False,Tetrao urogallus,Aves,Unspecified habitat or no information,Finland,Europe,Count,All Individuals,Sample,None,3.0,20.0,1.0,False,None,603,10816,11192,24.5,61.5
9821,20,1964,1983,20,0,0,1970.0,1970.0,0,0,0,,,False,Tetrao tetrix,Aves,Unspecified habitat or no information,Finland,Europe,Count,All Individuals,Sample,None,3.0,20.0,1.0,False,None,603,10816,411,24.5,61.5
9822,20,1964,1983,20,0,0,1970.0,1970.0,0,0,0,,,False,Bonasa bonasia,Aves,Unspecified habitat or no information,Finland,Europe,Count,All Individuals,Sample,None,3.0,20.0,1.0,False,None,603,10816,1,24.5,61.5
9823,20,1964,1983,20,0,0,1970.0,1970.0,0,0,0,,,False,Tetrao urogallus,Aves,Unspecified habitat or no information,Finland,Europe,Count,All Individuals,Sample,None,3.0,20.0,1.0,False,None,603,10817,11192,22.5,61.0
9824,20,1964,1983,20,0,0,1976.0,1976.0,0,0,0,,,False,Tetrao tetrix,Aves,Unspecified habitat or no information,Finland,Europe,Count,All Individuals,Sample,None,3.0,20.0,1.0,False,None,603,10817,411,22.5,61.0
9825,20,1964,1983,20,0,0,1976.0,1976.0,0,0,0,,,False,Bonasa bonasia,Aves,Unspecified habitat or no information,Finland,Europe,Count,All Individuals,Sample,None,3.0,20.0,1.0,False,None,603,10817,1,22.5,61.0
9826,20,1964,1983,20,0,0,1974.0,1974.0,0,0,0,,,False,Tetrao urogallus,Aves,Unspecified habitat or no information,Finland,Europe,Count,All Individuals,Sample,None,3.0,20.0,1.0,False,None,603,10818,11192,28.0,61.0
9827,20,1964,1983,20,0,0,1974.0,1974.0,0,0,0,,,False,Tetrao tetrix,Aves,Unspecified habitat or no information,Finland,Europe,Count,All Individuals,Sample,None,3.0,20.0,1.0,False,None,603,10818,411,28.0,61.0
9828,20,1964,1983,20,0,0,1974.0,1974.0,0,0,0,,,False,Bonasa bonasia,Aves,Unspecified habitat or no information,Finland,Europe,Count,All Individuals,Sample,None,3.0,20.0,1.0,False,None,603,10818,1,28.0,61.0
9829,20,1964,1983,20,0,1,1974.0,1974.0,0,0,0,,,False,Tetrao urogallus,Aves,Unspecified habitat or no information,Finland,Europe,Count,All Individuals,Sample,None,3.0,20.0,1.0,False,None,603,10819,11192,25.0,60.5
9830,20,1964,1983,20,0,1,1974.0,1974.0,0,0,0,,,False,Tetrao tetrix,Aves,Unspecified habitat or no information,Finland,Europe,Count,All Individuals,Sample,None,3.0,20.0,1.0,False,None,603,10819,411,25.0,60.5
9831,20,1964,1983,20,0,1,1974.0,1974.0,0,0,0,,,False,Bonasa bonasia,Aves,Unspecified habitat or no information,Finland,Europe,Count,All Individuals,Sample,None,3.0,20.0,1.0,False,None,603,10819,1,25.0,60.5
9832,56,1849,1904,56,0,0,1869.0,1869.0,0,0,0,,,False,Lepus americanus,Mammalia,Unspecified habitat or no information,USA,North America,Count,All Individuals,Sample,None,1.0,56.0,1.0,False,None,604,10787,416,-100.0,45.0
9835,29,1941,1969,29,0,0,1954.0,1954.0,0,0,0,,,False,Tetrapturus audax,Osteichthyes,Marine,USA,North America,Count,Females,Sample,None,3.0,29.0,1.0,False,None,606,10807,12057,-118.33333333333333,33.35
9836,29,1941,1969,29,0,0,,,0,0,0,,,False,Tetrapturus audax,Osteichthyes,Marine,USA,North America,Count,Females,Sample,None,3.0,29.0,1.0,False,None,606,10808,12057,-117.91666666666667,33.5
9837,17,1952,1969,18,1,0,,,0,0,0,,,False,Tetrapturus audax,Osteichthyes,Marine,USA,North America,Count,Females,Sample,None,3.0,18.0,1.0,False,None,606,10809,12057,-117.16666666666667,32.75
9838,14,1956,1969,14,0,0,,,0,0,0,,,False,Tetrapturus audax,Osteichthyes,Marine,Multiple or International jurisdiction,Not applicable,Count,Females,per 100 hooks,None,3.0,14.0,1.0,False,None,606,10482,12057,-130.0,50.0
9839,14,1956,1969,14,0,4,,,0,0,0,,,False,Tetrapturus audax,Osteichthyes,Marine,Multiple or International jurisdiction,Not applicable,Count,Females,per 100 hooks,None,3.0,14.0,1.0,False,None,606,10810,12057,-135.0,30.0
9840,14,1956,1969,14,0,1,,,0,0,0,,,False,Makaira nigricans,Osteichthyes,Marine,Multiple or International jurisdiction,Not applicable,Count,Females,per 100 hooks,None,3.0,14.0,1.0,False,None,606,10482,12058,-130.0,50.0
9841,13,1968,1980,13,0,0,,,0,0,0,,,False,Martes martes,Mammalia,Coniferous forest,Finland,Europe,Count,Tracks,Sample,per 100m transect,3.0,13.0,1.0,False,None,607,10811,12059,29.5,67.75
9842,12,1968,1980,13,1,0,,,0,0,0,,,False,Martes martes,Mammalia,Coniferous forest,Finland,Europe,Count,Tracks,Sample,per 100m transect,3.0,13.0,1.0,False,None,607,10811,12059,29.5,67.75
9843,10,1968,1980,13,3,0,,,0,0,0,,,False,Martes martes,Mammalia,Coniferous forest,Finland,Europe,Count,Tracks,Sample,per 100m transect,3.0,13.0,1.0,False,None,607,10811,12059,29.5,67.75
9844,13,1968,1980,13,0,0,1976.0,1976.0,0,0,0,,,False,Vulpes vulpes,Mammalia,Coniferous forest,Finland,Europe,Count,Tracks,Sample,per 100m transect,3.0,13.0,1.0,False,None,607,10811,403,29.5,67.75
9845,12,1968,1980,13,1,0,,1980.0,0,0,0,,,False,Vulpes vulpes,Mammalia,Wetland,Finland,Europe,Count,Tracks,Sample,per 100m transect,3.0,13.0,1.0,False,None,607,10811,403,29.5,67.75
9846,13,1968,1980,13,0,0,,1980.0,0,0,0,,,False,Vulpes vulpes,Mammalia,Coniferous forest,Finland,Europe,Count,Tracks,Sample,per 100m transect,3.0,13.0,1.0,False,None,607,10811,403,29.5,67.75
9847,13,1968,1980,13,0,0,,1980.0,0,0,0,,,False,Vulpes vulpes,Mammalia,Coniferous forest,Finland,Europe,Count,Tracks,Sample,per 100m transect,3.0,13.0,1.0,False,None,607,10811,403,29.5,67.75
9848,9,1968,1978,11,2,0,,,0,0,0,,,False,Vulpes vulpes,Mammalia,Deciduous forest,Finland,Europe,Count,Tracks,Sample,per 100m transect,3.0,13.0,1.0,False,None,607,10811,403,29.5,67.75
9849,13,1968,1980,13,0,0,,1980.0,0,0,0,,,False,Mustela erminea,Mammalia,Coniferous forest,Finland,Europe,Count,Tracks,Sample,per 100m transect,3.0,13.0,1.0,False,None,607,10811,11925,29.5,67.75
9850,12,1968,1979,12,0,0,1976.0,1976.0,0,0,0,,,False,Mustela erminea,Mammalia,Coniferous forest,Finland,Europe,Count,Tracks,Sample,per 100m transect,3.0,13.0,1.0,False,None,607,10811,11925,29.5,67.75
9851,8,1969,1978,10,2,0,,,0,0,0,,,False,Mustela erminea,Mammalia,Coniferous forest,Finland,Europe,Count,Tracks,Sample,per 100m transect,3.0,13.0,1.0,False,None,607,10811,11925,29.5,67.75
9852,8,1969,1978,10,2,0,,,0,0,0,,,False,Mustela erminea,Mammalia,Deciduous forest,Finland,Europe,Count,Tracks,Sample,per 100m transect,3.0,13.0,1.0,False,None,607,10811,11925,29.5,67.75
9853,8,1968,1980,13,5,0,,,0,0,0,,,False,Mustela erminea,Mammalia,Wetland,Finland,Europe,Count,Tracks,Sample,per 100m transect,3.0,13.0,1.0,False,None,607,10811,11925,29.5,67.75
9854,11,1950,1961,12,1,0,,,0,0,0,,,False,Clethrionomys rufocanus,Mammalia,Montane,Finland,Europe,Count,All Individuals,per 100 trap nights,None,4.0,12.0,1.0,False,None,609,10623,393,21.0,69.0
9855,18,1960,1977,18,0,0,,,0,0,0,,,False,Alauda arvensis,Aves,Unspecified habitat or no information,Sweden,Europe,Count,All Individuals,Sample,None,2.0,18.0,1.0,False,"To standardize over the entire sampling period, values are: no. birds of given species ringed per 100000 birds of any species ringed in each year.",610,10744,63,17.0,63.0
9856,18,1960,1977,18,0,0,,,0,0,0,,,False,Hirundo rustica,Aves,Unspecified habitat or no information,Sweden,Europe,Count,All Individuals,Sample,None,2.0,18.0,1.0,False,"To standardize over the entire sampling period, values are: no. birds of given species ringed per 100000 birds of any species ringed in each year.",610,10744,11115,17.0,63.0
9857,18,1960,1977,18,0,0,,,0,0,0,,,False,Delichon urbica,Aves,Unspecified habitat or no information,Sweden,Europe,Count,All Individuals,Sample,None,2.0,18.0,1.0,False,"To standardize over the entire sampling period, values are: no. birds of given species ringed per 100000 birds of any species ringed in each year.",610,10744,12061,17.0,63.0
9858,18,1960,1977,18,0,0,,,0,0,0,,,False,Anthus trivialis,Aves,Unspecified habitat or no information,Sweden,Europe,Count,All Individuals,Sample,None,2.0,18.0,1.0,False,"To standardize over the entire sampling period, values are: no. birds of given species ringed per 100000 birds of any species ringed in each year.",610,10744,11159,17.0,63.0
9859,18,1960,1977,18,0,0,,,0,0,0,,,False,Anthus pratensis,Aves,Unspecified habitat or no information,Sweden,Europe,Count,All Individuals,Sample,None,2.0,18.0,1.0,False,"To standardize over the entire sampling period, values are: no. birds of given species ringed per 100000 birds of any species ringed in each year.",610,10744,61,17.0,63.0
9860,18,1960,1977,18,0,0,,,0,0,0,,,False,Motacilla flava,Aves,Unspecified habitat or no information,Sweden,Europe,Count,All Individuals,Sample,None,2.0,18.0,1.0,False,"To standardize over the entire sampling period, values are: no. birds of given species ringed per 100000 birds of any species ringed in each year.",610,10744,136,17.0,63.0
9861,18,1960,1977,18,0,0,,,0,0,0,,,False,Motacilla alba,Aves,Unspecified habitat or no information,Sweden,Europe,Count,All Individuals,Sample,None,2.0,18.0,1.0,False,"To standardize over the entire sampling period, values are: no. birds of given species ringed per 100000 birds of any species ringed in each year.",610,10744,133,17.0,63.0
9862,18,1960,1977,18,0,0,,,0,0,0,,,False,Troglodytes troglodytes,Aves,Unspecified habitat or no information,Sweden,Europe,Count,All Individuals,Sample,None,2.0,18.0,1.0,False,"To standardize over the entire sampling period, values are: no. birds of given species ringed per 100000 birds of any species ringed in each year.",610,10744,132,17.0,63.0
9863,18,1960,1977,18,0,0,,,0,0,0,,,False,Prunella modularis,Aves,Unspecified habitat or no information,Sweden,Europe,Count,All Individuals,Sample,None,2.0,18.0,1.0,False,"To standardize over the entire sampling period, values are: no. birds of given species ringed per 100000 birds of any species ringed in each year.",610,10744,69,17.0,63.0
9864,18,1960,1977,18,0,0,,,0,0,0,,,False,Erithacus rubecula,Aves,Unspecified habitat or no information,Sweden,Europe,Count,All Individuals,Sample,None,2.0,18.0,1.0,False,"To standardize over the entire sampling period, values are: no. birds of given species ringed per 100000 birds of any species ringed in each year.",610,10744,219,17.0,63.0
9865,18,1960,1977,18,0,0,,,0,0,0,,,False,Luscinia luscinia,Aves,Unspecified habitat or no information,Sweden,Europe,Count,All Individuals,Sample,None,2.0,18.0,1.0,False,"To standardize over the entire sampling period, values are: no. birds of given species ringed per 100000 birds of any species ringed in each year.",610,10744,12062,17.0,63.0
9866,18,1960,1977,18,0,0,,,0,0,0,,,False,Phoenicurus phoenicurus,Aves,Unspecified habitat or no information,Sweden,Europe,Count,All Individuals,Sample,None,2.0,18.0,1.0,False,"To standardize over the entire sampling period, values are: no. birds of given species ringed per 100000 birds of any species ringed in each year.",610,10744,11161,17.0,63.0
9867,18,1960,1977,18,0,0,,,0,0,0,,,False,Turdus merula,Aves,Unspecified habitat or no information,Sweden,Europe,Count,All Individuals,Sample,None,2.0,18.0,1.0,False,"To standardize over the entire sampling period, values are: no. birds of given species ringed per 100000 birds of any species ringed in each year.",610,10744,217,17.0,63.0
9868,18,1960,1977,18,0,0,,,0,0,0,,,False,Turdus philomelos,Aves,Unspecified habitat or no information,Sweden,Europe,Count,All Individuals,Sample,None,2.0,18.0,1.0,False,"To standardize over the entire sampling period, values are: no. birds of given species ringed per 100000 birds of any species ringed in each year.",610,10744,216,17.0,63.0
9869,18,1960,1977,18,0,0,,,0,0,0,,,False,Turdus iliacus,Aves,Unspecified habitat or no information,Sweden,Europe,Count,All Individuals,Sample,None,2.0,18.0,1.0,False,"To standardize over the entire sampling period, values are: no. birds of given species ringed per 100000 birds of any species ringed in each year.",610,10744,11150,17.0,63.0
9870,18,1960,1977,18,0,0,,,0,0,0,,,False,Acrocephalus schoenobaenus,Aves,Unspecified habitat or no information,Sweden,Europe,Count,All Individuals,Sample,None,2.0,18.0,1.0,False,"To standardize over the entire sampling period, values are: no. birds of given species ringed per 100000 birds of any species ringed in each year.",610,10744,135,17.0,63.0
9871,18,1960,1977,18,0,0,,,0,0,0,,,False,Acrocephalus scirpaceus,Aves,Unspecified habitat or no information,Sweden,Europe,Count,All Individuals,Sample,None,2.0,18.0,1.0,False,"To standardize over the entire sampling period, values are: no. birds of given species ringed per 100000 birds of any species ringed in each year.",610,10744,388,17.0,63.0
9872,18,1960,1977,18,0,0,,,0,0,0,,,False,Hippolais icterina,Aves,Unspecified habitat or no information,Sweden,Europe,Count,All Individuals,Sample,None,2.0,18.0,1.0,False,"To standardize over the entire sampling period, values are: no. birds of given species ringed per 100000 birds of any species ringed in each year.",610,10744,12063,17.0,63.0
9873,18,1960,1977,18,0,0,,,0,0,0,,,False,Sylvia curruca,Aves,Unspecified habitat or no information,Sweden,Europe,Count,All Individuals,Sample,None,2.0,18.0,1.0,False,"To standardize over the entire sampling period, values are: no. birds of given species ringed per 100000 birds of any species ringed in each year.",610,10744,222,17.0,63.0
9874,18,1960,1977,18,0,0,,,0,0,0,,,False,Sylvia communis,Aves,Unspecified habitat or no information,Sweden,Europe,Count,All Individuals,Sample,None,2.0,18.0,1.0,False,"To standardize over the entire sampling period, values are: no. birds of given species ringed per 100000 birds of any species ringed in each year.",610,10744,134,17.0,63.0
9875,18,1960,1977,18,0,0,,,0,0,0,,,False,Sylvia borin,Aves,Unspecified habitat or no information,Sweden,Europe,Count,All Individuals,Sample,None,2.0,18.0,1.0,False,"To standardize over the entire sampling period, values are: no. birds of given species ringed per 100000 birds of any species ringed in each year.",610,10744,221,17.0,63.0
9876,18,1960,1977,18,0,0,,,0,0,0,,,False,Sylvia atricapilla,Aves,Unspecified habitat or no information,Sweden,Europe,Count,All Individuals,Sample,None,2.0,18.0,1.0,False,"To standardize over the entire sampling period, values are: no. birds of given species ringed per 100000 birds of any species ringed in each year.",610,10744,220,17.0,63.0
9877,18,1960,1977,18,0,0,,,0,0,0,,,False,Phylloscopus sibilatrix,Aves,Unspecified habitat or no information,Sweden,Europe,Count,All Individuals,Sample,None,2.0,18.0,1.0,False,"To standardize over the entire sampling period, values are: no. birds of given species ringed per 100000 birds of any species ringed in each year.",610,10744,11160,17.0,63.0
9878,18,1960,1977,18,0,0,,,0,0,0,,,False,Phylloscopus collybita,Aves,Unspecified habitat or no information,Sweden,Europe,Count,All Individuals,Sample,None,2.0,18.0,1.0,False,"To standardize over the entire sampling period, values are: no. birds of given species ringed per 100000 birds of any species ringed in each year.",610,10744,224,17.0,63.0
9879,18,1960,1977,18,0,0,,,0,0,0,,,False,Phylloscopus trochilus,Aves,Unspecified habitat or no information,Sweden,Europe,Count,All Individuals,Sample,None,2.0,18.0,1.0,False,"To standardize over the entire sampling period, values are: no. birds of given species ringed per 100000 birds of any species ringed in each year.",610,10744,223,17.0,63.0
9880,18,1960,1977,18,0,0,,,0,0,0,,,False,Muscicapa striata,Aves,Unspecified habitat or no information,Sweden,Europe,Count,All Individuals,Sample,None,2.0,18.0,1.0,False,"To standardize over the entire sampling period, values are: no. birds of given species ringed per 100000 birds of any species ringed in each year.",610,10744,226,17.0,63.0
9881,18,1960,1977,18,0,0,,,0,0,0,,,False,Ficedula hypoleuca,Aves,Unspecified habitat or no information,Sweden,Europe,Count,All Individuals,Sample,None,2.0,18.0,1.0,False,"To standardize over the entire sampling period, values are: no. birds of given species ringed per 100000 birds of any species ringed in each year.",610,10744,730,17.0,63.0
9882,18,1960,1977,18,0,0,,,0,0,0,,,False,Lanius collurio,Aves,Unspecified habitat or no information,Sweden,Europe,Count,All Individuals,Sample,None,2.0,18.0,1.0,False,"To standardize over the entire sampling period, values are: no. birds of given species ringed per 100000 birds of any species ringed in each year.",610,10744,12064,17.0,63.0
9883,18,1960,1977,18,0,0,,,0,0,0,,,False,Fringilla coelebs,Aves,Unspecified habitat or no information,Sweden,Europe,Count,All Individuals,Sample,None,2.0,18.0,1.0,False,"To standardize over the entire sampling period, values are: no. birds of given species ringed per 100000 birds of any species ringed in each year.",610,10744,232,17.0,63.0
9884,18,1960,1977,18,0,0,,,0,0,0,,,False,Carduelis cannabina,Aves,Unspecified habitat or no information,Sweden,Europe,Count,All Individuals,Sample,None,2.0,18.0,1.0,False,"To standardize over the entire sampling period, values are: no. birds of given species ringed per 100000 birds of any species ringed in each year.",610,10744,389,17.0,63.0
9885,18,1960,1977,18,0,0,,,0,0,0,,,False,Carpodacus erythrinus,Aves,Unspecified habitat or no information,Sweden,Europe,Count,All Individuals,Sample,None,2.0,18.0,1.0,False,"To standardize over the entire sampling period, values are: no. birds of given species ringed per 100000 birds of any species ringed in each year.",610,10744,12065,17.0,63.0
9886,18,1960,1977,18,0,0,,,0,0,0,,,False,Pyrrhula pyrrhula,Aves,Unspecified habitat or no information,Sweden,Europe,Count,All Individuals,Sample,None,2.0,18.0,1.0,False,"To standardize over the entire sampling period, values are: no. birds of given species ringed per 100000 birds of any species ringed in each year.",610,10744,231,17.0,63.0
9887,18,1960,1977,18,0,0,,,0,0,0,,,False,Emberiza citrinella,Aves,Unspecified habitat or no information,Sweden,Europe,Count,All Individuals,Sample,None,2.0,18.0,1.0,False,"To standardize over the entire sampling period, values are: no. birds of given species ringed per 100000 birds of any species ringed in each year.",610,10744,435,17.0,63.0
9888,18,1960,1977,18,0,0,,,0,0,0,,,False,Emberiza schoeniclus,Aves,Unspecified habitat or no information,Sweden,Europe,Count,All Individuals,Sample,None,2.0,18.0,1.0,False,"To standardize over the entire sampling period, values are: no. birds of given species ringed per 100000 birds of any species ringed in each year.",610,10744,71,17.0,63.0
9890,32,1920,1951,32,0,0,,,0,0,0,,,False,Vulpes ,Mammalia,Unspecified habitat or no information,Canada,North America,Count,Pelts,Sample,None,1.0,32.0,1.0,False,None,612,80,405,-98.0,60.0
9891,32,1920,1951,32,0,0,,,0,0,0,,,False,Vulpes ,Mammalia,Unspecified habitat or no information,Canada,North America,Count,Pelts,Sample,None,1.0,32.0,1.0,False,None,612,10822,405,-80.0,50.0
9892,32,1920,1951,32,0,0,1929.0,1929.0,0,0,0,,,False,Vulpes ,Mammalia,Unspecified habitat or no information,Canada,North America,Count,Pelts,Sample,None,1.0,32.0,1.0,False,Values for 1923 and 1926 are means of two values for those years,612,10773,405,-105.0,55.0
9893,36,1900,1935,36,0,0,,,2,0,2,1929.0,1930.0,False,Lanius excubitor,Aves,Unspecified habitat or no information,USA,North America,Count,All Individuals,per census,None,2.0,36.0,1.0,False,None,613,10823,12067,-70.78333333333333,43.0
9894,30,1936,1965,30,0,4,1943.0,1943.0,0,0,0,,,False,Clethrionomys rufocanus,Mammalia,Coniferous forest,Russian Federation,Europe,Count,All Individuals,per 100 trap nights,None,2.0,30.0,1.0,False,"Data originally from Koshkina, TV. 1966. On the periodical changes in the numbers of voles. Bull. Mosc. Soc. Nat. Biol. Sec 71, 14-26.",615,10825,393,35.0,67.5
9895,21,1946,1966,21,0,0,1957.0,1957.0,0,0,0,,,False,Lemmus trimucronatus,Mammalia,Unspecified habitat or no information,USA,North America,Count,All Individuals,Sample,per acre,3.0,21.0,1.0,False,"Data originally from Schultz, A.M. in  Van Dyne, G.M. (ed.) The ecosystem concept in natural resource management. Academic Press N.Y. pp 77-93.",615,10826,12068,-156.5,71.0
9896,26,1970,1995,26,0,0,,,0,0,0,,,False,Ixoreus naevius,Aves,Unspecified habitat or no information,Multiple or International jurisdiction,North America,Count,All Individuals,per BBS route,None,3.0,26.0,1.0,False,Breeding Bird Survey.,616,10827,12069,-120.0,50.0
9897,26,1970,1995,26,0,0,,,0,0,0,,,False,Ixoreus naevius,Aves,Unspecified habitat or no information,Multiple or International jurisdiction,North America,Count,All Individuals,per CBC party-hour,None,3.0,26.0,1.0,False,Data from 19 National Audubon Society's Christmas Bird Counts.,616,10827,12069,-120.0,50.0
9898,26,1952,1977,26,0,0,1966.0,1966.0,0,0,0,,,False,Anas platyrhynchos,Aves,Grassland,Canada,North America,Count,Breeding pairs,Sample,None,3.0,26.0,1.0,False,None,617,10828,28,-101.7,49.56666666666667
9899,26,1952,1977,26,0,0,1965.0,1965.0,0,0,0,,,False,Anas americana,Aves,Grassland,Canada,North America,Count,Breeding pairs,Sample,None,3.0,26.0,1.0,False,None,617,10828,751,-101.7,49.56666666666667
9900,26,1952,1977,26,0,0,,,0,0,0,,,False,Anas strepera,Aves,Grassland,Canada,North America,Count,Breeding pairs,Sample,None,3.0,26.0,1.0,False,None,617,10828,741,-101.7,49.56666666666667
9901,26,1952,1977,26,0,0,1965.0,1965.0,0,0,0,,,False,Anas crecca,Aves,Grassland,Canada,North America,Count,Breeding pairs,Sample,None,3.0,26.0,1.0,False,None,617,10828,744,-101.7,49.56666666666667
9902,26,1952,1977,26,0,0,1961.0,1961.0,0,0,0,,,False,Anas discors,Aves,Grassland,Canada,North America,Count,Breeding pairs,Sample,None,3.0,26.0,1.0,False,None,617,10828,746,-101.7,49.56666666666667
9903,26,1952,1977,26,0,1,1968.0,1968.0,0,0,0,,,False,Anas acuta,Aves,Grassland,Canada,North America,Count,Breeding pairs,Sample,None,3.0,26.0,1.0,False,None,617,10828,742,-101.7,49.56666666666667
9904,26,1952,1977,26,0,0,,,0,0,0,,,False,Anas clypeata,Aves,Grassland,Canada,North America,Count,Breeding pairs,Sample,None,3.0,26.0,1.0,False,None,617,10828,743,-101.7,49.56666666666667
9905,26,1952,1977,26,0,1,1959.0,1959.0,0,0,0,,,False,Aythya affinis,Aves,Grassland,Canada,North America,Count,Breeding pairs,Sample,None,3.0,26.0,1.0,False,None,617,10828,749,-101.7,49.56666666666667
9906,26,1952,1977,26,0,7,1959.0,1959.0,0,0,0,,,False,Aythya americana,Aves,Grassland,Canada,North America,Count,Breeding pairs,Sample,None,3.0,26.0,1.0,False,None,617,10828,747,-101.7,49.56666666666667
9907,26,1952,1977,26,0,2,1961.0,1961.0,0,0,0,,,False,Aythya valisinera,Aves,Grassland,Canada,North America,Count,Breeding pairs,Sample,None,3.0,26.0,1.0,False,None,617,10828,748,-101.7,49.56666666666667
9908,26,1952,1977,26,0,23,,,0,0,0,,,False,Bucephala albeola,Aves,Grassland,Canada,North America,Count,Breeding pairs,Sample,None,3.0,26.0,1.0,False,None,617,10828,12070,-101.7,49.56666666666667
9909,26,1952,1977,26,0,17,1971.0,1971.0,0,0,0,,,False,Oxyura jamaicensis,Aves,Grassland,Canada,North America,Count,Breeding pairs,Sample,None,3.0,26.0,1.0,False,None,617,10828,745,-101.7,49.56666666666667
9910,26,1952,1977,26,0,9,1959.0,1959.0,0,0,0,,,False,Aythya collaris,Aves,Grassland,Canada,North America,Count,Breeding pairs,Sample,None,3.0,26.0,1.0,False,None,617,10828,750,-101.7,49.56666666666667
9911,15,1977,1991,15,0,0,,,0,0,0,,,False,Lagopus lagopus scoticus,Aves,Unspecified habitat or no information,UK - England,Europe,Count,Hens,Sample,per km^2,4.0,15.0,1.0,False,None,618,10829,410,-2.066666666666667,54.38333333333333
9922,19,1973,1991,19,0,0,,,0,0,0,,,False,Aegolius funereus,Aves,Mixed or unspecified forest,Finland,Europe,Count,Nests,per 100 nest boxes,None,3.0,19.0,1.0,False,None,620,10714,11193,23.083333333333332,63.1
9924,13,1978,1990,13,0,1,,1990.0,0,0,0,,,False,Aegolius funereus,Aves,Mixed or unspecified forest,Finland,Europe,Count,Nests,per 100 nest boxes,None,3.0,13.0,1.0,False,None,620,10831,11193,22.916666666666668,62.75
9927,14,1977,1990,14,0,0,,,0,0,0,,,False,Strix uralensis,Aves,Mixed or unspecified forest,Finland,Europe,Count,Nests,per 100 nest boxes,None,3.0,14.0,1.0,False,None,620,10832,12072,22.916666666666668,62.75
9929,14,1977,1990,14,0,9,,1990.0,0,0,0,,,False,Surnia ulula,Aves,Mixed or unspecified forest,Finland,Europe,Count,Nests,per 100 nest boxes,None,3.0,14.0,1.0,False,None,620,10832,12073,22.916666666666668,62.75
9930,14,1977,1990,14,0,7,,1990.0,0,0,0,,,False,Surnia ulula,Aves,Mixed or unspecified forest,Finland,Europe,Count,Territories,Sample,None,3.0,14.0,1.0,False,None,620,10832,12073,22.916666666666668,62.75
9932,20,1973,1992,20,0,0,1979.0,1979.0,0,0,0,,,False,Buteo lagopus,Aves,Unspecified habitat or no information,Finland,Europe,Count,Nestlings,Sample,None,-1.0,20.0,1.0,False,"Data from the records of the Bird Ringing Office, Zoological Museum, Helsinki.",621,10833,763,24.0,68.0
9933,20,1973,1992,20,0,0,1980.0,1980.0,0,0,0,,,False,Buteo lagopus,Aves,Mixed or unspecified forest,Finland,Europe,Count,Nestlings,Sample,None,-1.0,20.0,1.0,False,"Data from the records of the Bird Ringing Office, Zoological Museum, Helsinki.",621,10834,763,27.5,69.5
9934,23,1943,1965,23,0,0,,,0,0,0,,,False,Erinaceus europaeus,Mammalia,Mixed habitat,UK - England,Europe,Count,Individuals killed,Sample,per 100 acres,2.0,23.0,1.0,False,None,622,10835,12074,-0.3333333333333333,51.916666666666664
9935,13,1947,1959,13,0,0,,,0,0,0,,,False,Erinaceus europaeus,Mammalia,Mixed habitat,UK - England,Europe,Count,Individuals killed,Sample,per 100 acres,2.0,13.0,1.0,False,None,622,356,12074,-1.8833333333333333,50.916666666666664
9936,23,1943,1965,23,0,0,,,0,0,0,,,False,Mustela nivalis nivalis,Mammalia,Mixed habitat,UK - England,Europe,Count,Individuals killed,Sample,per 100 acres,2.0,23.0,1.0,False,None,622,10835,11926,-0.3333333333333333,51.916666666666664
9937,13,1947,1959,13,0,0,,,0,0,0,,,False,Mustela nivalis nivalis,Mammalia,Mixed habitat,UK - England,Europe,Count,Individuals killed,Sample,per 100 acres,2.0,13.0,1.0,False,None,622,356,11926,-1.8833333333333333,50.916666666666664
9938,23,1943,1965,23,0,0,1961.0,1961.0,0,0,0,,,False,Mustela erminea,Mammalia,Mixed habitat,UK - England,Europe,Count,Individuals killed,Sample,per 100 acres,2.0,23.0,1.0,False,None,622,10835,11925,-0.3333333333333333,51.916666666666664
9939,13,1947,1959,13,0,0,1956.0,1956.0,0,0,0,,,False,Mustela erminea,Mammalia,Mixed habitat,UK - England,Europe,Count,Individuals killed,Sample,per 100 acres,2.0,13.0,1.0,False,None,622,356,11925,-1.8833333333333333,50.916666666666664
9940,13,1947,1959,13,0,0,,,0,0,0,,,False,Oryctolagus cuniculus,Mammalia,Mixed habitat,UK - England,Europe,Count,Individuals killed,Sample,per 100 acres,2.0,13.0,1.0,False,None,622,356,406,-1.8833333333333333,50.916666666666664
9941,9,1958,1967,10,1,0,,,0,0,0,,,False,Apanteles bordagei,Insecta,Specified plants as habitat,Tanzania,Africa,Count,All Individuals,per 100 mined leaves,None,3.0,10.0,1.0,False,None,623,10841,12075,37.333333333333336,-3.033333333333333
9942,9,1958,1967,10,1,1,,,0,0,0,,,False,Cirrospilus variegatus,Insecta,Specified plants as habitat,Tanzania,Africa,Count,All Individuals,per 100 mined leaves,None,3.0,10.0,1.0,False,None,623,10841,12076,37.333333333333336,-3.033333333333333
9943,9,1958,1967,10,1,0,,,0,0,0,,,False,Achrysocharis ritchiei,Insecta,Specified plants as habitat,Tanzania,Africa,Count,All Individuals,per 100 mined leaves,None,3.0,10.0,1.0,False,None,623,10841,12077,37.333333333333336,-3.033333333333333
9944,9,1958,1967,10,1,1,,1967.0,0,0,0,,,False,Unknown Insect sp280,Insecta,Specified plants as habitat,Tanzania,Africa,Count,All Individuals,per 100 mined leaves,None,3.0,10.0,1.0,False,None,623,10841,12078,37.333333333333336,-3.033333333333333
9945,9,1958,1967,10,1,0,,,0,0,0,,,False,Elasmus leucopterae,Insecta,Specified plants as habitat,Tanzania,Africa,Count,All Individuals,per 100 mined leaves,None,3.0,10.0,1.0,False,None,623,10841,12079,37.333333333333336,-3.033333333333333
9946,9,1958,1967,10,1,0,,1967.0,0,0,0,,,False,Pediobius coffeicola,Insecta,Specified plants as habitat,Tanzania,Africa,Count,All Individuals,per 100 mined leaves,None,3.0,10.0,1.0,False,None,623,10841,12080,37.333333333333336,-3.033333333333333
9947,15,1975,1989,15,0,0,1988.0,1988.0,0,0,0,,,False,Operophtera brumata,Insecta,Deciduous forest,Germany,Europe,Count,Females,per cm sticky trap,None,3.0,15.0,1.0,False,None,624,10836,399,7.616666666666667,51.96666666666667
9948,29,1961,1989,29,0,0,1967.0,1967.0,0,0,0,,,False,Operophtera brumata,Insecta,Deciduous forest,Germany,Europe,Count,Females,per cm sticky trap,None,3.0,29.0,1.0,False,None,624,10837,399,8.0,51.95
9949,30,1960,1989,30,0,0,1967.0,1967.0,0,0,0,,,False,Operophtera brumata,Insecta,Deciduous forest,Germany,Europe,Count,Females,per cm sticky trap,None,3.0,30.0,1.0,False,None,624,10838,399,9.67,51.5
9950,30,1960,1989,30,0,0,1967.0,1967.0,0,0,0,,,False,Operophtera brumata,Insecta,Deciduous forest,Germany,Europe,Count,Females,per cm sticky trap,None,3.0,30.0,1.0,False,None,624,10839,399,9.67,51.48
9951,25,1965,1989,25,0,0,1975.0,1975.0,0,0,0,,,False,Operophtera brumata,Insecta,Deciduous forest,Germany,Europe,Count,Females,per cm sticky trap,None,3.0,25.0,1.0,False,None,624,10840,399,9.216666666666667,52.2
9953,68,1864,1939,76,8,1,1873.0,1873.0,0,0,0,,,False,Lagopus mutus,Aves,Unspecified habitat or no information,Iceland,Europe,Count,Individuals exported,Sample,None,3.0,76.0,1.0,False,None,626,10057,734,-18.0,65.0
9954,20,1955,1974,20,0,0,1966.0,1966.0,0,0,0,,,False,Lemmus trimucronatus,Mammalia,Unspecified habitat or no information,USA,North America,Count,All Individuals,Sample,per hectare,3.0,27.0,1.0,False,"Due to inconsistencies in the labelling of the X-axis on the source document, there may be errors in this dataset. See: http://ftjlb.iab.uaf.edu/lemmus/abunds.gif",627,10826,12068,-156.5,71.0
9955,5,1959,1963,5,0,0,,,0,0,0,,,False,Microtus californicus,Mammalia,Island,USA,North America,Count,All Individuals,Sample,per acre,3.0,54.0,1.0,False,None,597,10804,11093,-122.33333333333333,37.916666666666664
9982,13,1968,1980,13,0,0,,,0,0,0,,,False,Vulpes vulpes,Mammalia,Mixed habitat,Finland,Europe,Count,Tracks,Sample,per 100m transect,4.0,13.0,1.0,False,None,607,10811,403,29.5,67.75
9983,13,1968,1980,13,0,0,1979.0,1979.0,0,0,0,,,False,Mustela erminea,Mammalia,Mixed habitat,Finland,Europe,Count,Tracks,Sample,per 100m transect,4.0,13.0,1.0,False,None,607,10811,11925,29.5,67.75
9984,13,1968,1980,13,0,0,,,0,0,0,,,False,Martes martes,Mammalia,Mixed habitat,Finland,Europe,Count,Tracks,Sample,per 100m transect,4.0,13.0,1.0,False,None,607,10811,12059,29.5,67.75
9985,13,1968,1980,13,0,4,,1980.0,0,0,0,,,False,Mustela rixosa,Mammalia,Mixed habitat,Finland,Europe,Count,Tracks,Sample,per 100m transect,4.0,13.0,1.0,False,None,607,10811,12060,29.5,67.75
9988,11,1971,1981,11,0,0,,,0,0,0,,,False,Sprattus sprattus,Osteichthyes,Marine,Multiple or International jurisdiction,Europe,Count,Tonnes,Sample,None,-1.0,11.0,1.0,False,None,629,10845,116,35.0,45.0
9989,42,1900,1941,42,0,0,1909.0,1909.0,0,0,0,,,False,Lymantria monacha,Insecta,Coniferous forest,Germany,Europe,Count,All Individuals,Sample,None,1.0,42.0,1.0,False,"Data adapted from Wellenstein, G. 1942. Die Nonne in Ostpreussen.",700,2085,10739,11.0,51.0
9990,20,1959,1978,20,0,0,,,0,0,0,,,False,Grus canadensis,Aves,Unspecified habitat or no information,USA,North America,Not Specified,Not Specified,Not Specified,Not Specified,-1.0,20.0,1.0,False,None,701,56,2001,-110.0,42.0
9995,21,1955,1975,21,0,0,1973.0,1973.0,0,0,0,,,False,Tamias minimus,Mammalia,Unspecified habitat or no information,USA,North America,Not Specified,Not Specified,Not Specified,Not Specified,-1.0,21.0,1.0,False,None,703,2001,2006,-95.25,47.166666666666664
9996,21,1955,1975,21,0,4,1965.0,1965.0,0,0,0,,,False,Spermophilus franklinii,Mammalia,Unspecified habitat or no information,USA,North America,Not Specified,Not Specified,Not Specified,Not Specified,-1.0,21.0,1.0,False,None,703,2001,2007,-95.25,47.166666666666664
9997,21,1955,1975,21,0,0,,1975.0,0,0,0,,,False,Spermophilus tridecemlineatus,Mammalia,Unspecified habitat or no information,USA,North America,Not Specified,Not Specified,Not Specified,Not Specified,-1.0,21.0,1.0,False,None,703,2001,2008,-95.25,47.166666666666664
9998,27,1963,1989,27,0,0,,,0,0,0,,,False,Arvicola terrestris,Mammalia,Unspecified habitat or no information,Germany,Europe,Count,All Individuals,Sample,None,-1.0,27.0,1.0,False,None,704,2002,2009,9.216666666666667,48.78333333333333
9999,28,1953,1980,28,0,0,1967.0,1967.0,0,0,0,,,False,Arvicola terrestris,Mammalia,Unspecified habitat or no information,Switzerland,Europe,Count,Tails,Sample,None,-1.0,28.0,1.0,False,None,705,2003,2009,6.6,46.9666666666667
10000,106,1538,1643,106,0,0,1576.0,1576.0,9,5,4,1567.0,1575.0,True,Arvicola terrestris,Mammalia,Unspecified habitat or no information,Switzerland,Europe,Count,All Individuals,Sample,None,-1.0,106.0,1.0,False,Data is for fieldmice and watervoles.,706,2083,2009,7.533333333333333,47.21666666666667
10001,107,1861,1972,112,5,0,1920.0,1886.0,0,0,0,,,False,Schistocerca gregaria,Insecta,Unspecified habitat or no information,-,Africa,Count,Territories infested by swarms,Sample,None,-1.0,112.0,1.0,False,Incomplete records before 1925. Gregarious phase.,707,2004,2010,15.0,10.0
10002,22,1937,1958,22,0,0,1951.0,1951.0,0,0,0,,,False,Hypantria cunea,Insecta,Unspecified habitat or no information,Canada,North America,Not Specified,Not Specified,Not Specified,Not Specified,-1.0,22.0,1.0,False,None,585,80,2012,-98.0,60.0
10004,18,1977,1994,18,0,0,,,0,0,0,,,False,Inachis io,Insecta,Unspecified habitat or no information,Unknown,Unknown,Harvest,All Individuals,Harvest,None,-1.0,18.0,1.0,False,UK Butterfly Monitoring Scheme,708,10784,258,,
10005,54,1938,1991,54,0,0,1950.0,1950.0,0,0,0,,,False,Arvicola terrestris,Mammalia,Unspecified habitat or no information,Switzerland,Europe,Count,Individuals caught,Sample,None,-1.0,54.0,1.0,False,Area of vole potential habitat 20.7 km^2,709,2005,2009,6.516666666666667,46.81666666666667
10006,30,1960,1989,30,0,0,1971.0,1971.0,0,0,0,,,False,Arvicola terrestris,Mammalia,Unspecified habitat or no information,Switzerland,Europe,Count,Individuals caught,Sample,None,-1.0,30.0,1.0,False,Area of vole potential habitat 37 km^2,709,2006,2009,6.216666666666667,46.583333333333336
10007,41,1940,1980,41,0,0,1972.0,1972.0,3,3,0,1969.0,1971.0,True,Arvicola terrestris,Mammalia,Unspecified habitat or no information,Switzerland,Europe,Count,Individuals caught,Sample,None,-1.0,41.0,1.0,False,Area of vole potential habitat 2.5 km^2,709,2007,2009,6.333333333333333,46.666666666666664
10008,27,1953,1979,27,0,0,1967.0,1967.0,0,0,0,,,False,Arvicola terrestris,Mammalia,Unspecified habitat or no information,Switzerland,Europe,Count,Individuals caught,Sample,None,-1.0,27.0,1.0,False,Area of vole potential habitat 83.8 km^2. Data from Debrot (1981).,709,2008,2009,6.6,46.983333333333334
10009,20,1941,1960,20,0,0,1949.0,1949.0,0,0,0,,,False,Arvicola terrestris,Mammalia,Unspecified habitat or no information,Switzerland,Europe,Count,Individuals caught,Sample,None,-1.0,20.0,1.0,False,Area of vole potential habitat 8.2 km^2,709,2009,2009,7.066666666666666,46.61666666666667
10010,42,1951,1992,42,0,0,1956.0,1956.0,0,0,0,,,False,Arvicola terrestris,Mammalia,Unspecified habitat or no information,Switzerland,Europe,Count,Individuals caught,Sample,None,-1.0,42.0,1.0,False,Area of vole potential habitat 78.9 km^2,709,2010,2009,7.133333333333334,46.46666666666667
10011,49,1944,1992,49,0,0,1956.0,1956.0,0,0,0,,,False,Arvicola terrestris,Mammalia,Unspecified habitat or no information,Switzerland,Europe,Count,Individuals caught,Sample,None,-1.0,49.0,1.0,False,Area of vole potential habitat 33.3 km^2,709,2011,2009,7.2,46.483333333333334
10012,25,1958,1982,25,0,0,1979.0,1979.0,0,0,0,,,False,Arvicola terrestris,Mammalia,Unspecified habitat or no information,Switzerland,Europe,Count,Individuals caught,Sample,None,-1.0,25.0,1.0,False,Area of vole potential habitat 2.0 km^2. Data from Felber (1983).,709,2012,2009,7.716666666666667,47.4
10013,25,1958,1982,25,0,0,,,0,0,0,,,False,Arvicola terrestris,Mammalia,Unspecified habitat or no information,Switzerland,Europe,Count,Individuals caught,Sample,None,-1.0,25.0,1.0,False,Area of vole potential habitat 2.3 km^2. Data from Felber (1983).,709,2013,2009,7.716666666666667,47.416666666666664
10014,24,1969,1992,24,0,16,1982.0,1982.0,0,0,0,,,False,Lemmus lemmus,Mammalia,Unspecified habitat or no information,Norway,Europe,Harvest,Catch,per 100 trap nights,None,-1.0,24.0,1.0,False,after Framstad et al. 1993,710,10624,2014,7.5,60.25
10015,11,1973,1983,11,0,0,,,0,0,0,,,False,Neomys fodiens,Mammalia,Unspecified habitat or no information,Russian Federation,Asia,Count,All Individuals,per 100 trap nights,None,-1.0,11.0,1.0,False,None,711,2014,2015,92.21666666666667,58.45
10016,11,1973,1983,11,0,0,,,0,0,0,,,False,Neomys fodiens,Mammalia,Unspecified habitat or no information,Russian Federation,Asia,Count,All Individuals,per 100 trap nights,None,-1.0,11.0,1.0,False,None,711,2015,2015,92.21666666666667,58.45
10017,11,1973,1983,11,0,0,,,0,0,0,,,False,Sorex caecutiens,Mammalia,Unspecified habitat or no information,Russian Federation,Asia,Count,All Individuals,per 100 trap nights,None,-1.0,11.0,1.0,False,None,711,2014,2016,92.21666666666667,58.45
10018,11,1973,1983,11,0,0,,,0,0,0,,,False,Sorex caecutiens,Mammalia,Unspecified habitat or no information,Russian Federation,Asia,Count,All Individuals,per 100 trap nights,None,-1.0,11.0,1.0,False,None,711,2015,2016,92.21666666666667,58.45
10019,11,1973,1983,11,0,0,,,0,0,0,,,False,Sorex daphaenodon,Mammalia,Unspecified habitat or no information,Russian Federation,Asia,Count,All Individuals,per 100 trap nights,None,-1.0,11.0,1.0,False,None,711,2015,2017,92.21666666666667,58.45
10020,11,1973,1983,11,0,0,,,0,0,0,,,False,Sorex minutus,Mammalia,Unspecified habitat or no information,Russian Federation,Asia,Count,All Individuals,per 100 trap nights,None,-1.0,11.0,1.0,False,None,711,2014,2018,92.21666666666667,58.45
10021,11,1973,1983,11,0,0,,,0,0,0,,,False,Sorex isodon,Mammalia,Unspecified habitat or no information,Russian Federation,Asia,Count,All Individuals,per 100 trap nights,None,-1.0,11.0,1.0,False,None,711,2014,2019,92.21666666666667,58.45
10022,11,1973,1983,11,0,0,,,0,0,0,,,False,Sorex isodon,Mammalia,Unspecified habitat or no information,Russian Federation,Asia,Count,All Individuals,per 100 trap nights,None,-1.0,11.0,1.0,False,None,711,2015,2019,92.21666666666667,58.45
10023,11,1973,1983,11,0,0,,,0,0,0,,,False,Sorex minutus,Mammalia,Unspecified habitat or no information,Russian Federation,Asia,Count,All Individuals,per 100 trap nights,None,-1.0,11.0,1.0,False,None,711,2015,2018,92.21666666666667,58.45
10024,11,1973,1983,11,0,0,,,0,0,0,,,False,Sorex minutissimus,Mammalia,Unspecified habitat or no information,Russian Federation,Asia,Count,All Individuals,per 100 trap nights,None,-1.0,11.0,1.0,False,None,711,2014,2020,92.21666666666667,58.45
10025,11,1973,1983,11,0,0,,,0,0,0,,,False,Sorex minutissimus,Mammalia,Unspecified habitat or no information,Russian Federation,Asia,Count,All Individuals,per 100 trap nights,None,-1.0,11.0,1.0,False,None,711,2015,2020,92.21666666666667,58.45
10026,11,1973,1983,11,0,0,,,0,0,0,,,False,Sorex roboratus,Mammalia,Unspecified habitat or no information,Russian Federation,Asia,Count,All Individuals,per 100 trap nights,None,-1.0,11.0,1.0,False,None,711,2015,2021,92.21666666666667,58.45
10027,11,1973,1983,11,0,0,,,0,0,0,,,False,Sorex tundrensis,Mammalia,Unspecified habitat or no information,Russian Federation,Asia,Count,All Individuals,per 100 trap nights,None,-1.0,11.0,1.0,False,None,711,2014,2022,92.21666666666667,58.45
10028,11,1973,1983,11,0,0,,,0,0,0,,,False,Sorex tundrensis,Mammalia,Unspecified habitat or no information,Russian Federation,Asia,Count,All Individuals,per 100 trap nights,None,-1.0,11.0,1.0,False,None,711,2015,2022,92.21666666666667,58.45
10029,40,1894,1933,40,0,0,,1933.0,5,0,5,1923.0,1927.0,False,Tetrao tetrix,Aves,Unspecified habitat or no information,Finland,Europe,Count,All Individuals,Sample,None,-1.0,40.0,1.0,False,None,712,2017,411,25.5,60.75
10030,39,1836,1874,39,0,0,1844.0,1844.0,0,0,0,,,False,Tetrao tetrix,Aves,Unspecified habitat or no information,Finland,Europe,Count,All Individuals,Sample,None,-1.0,39.0,1.0,False,According to the shooting journal of J.J. Maexmontan.,712,2016,411,22.25,60.45
10031,28,1937,1964,28,0,0,,,0,0,0,,,False,Mustela ervalis,Mammalia,Unspecified habitat or no information,Russian Federation,Asia,Not Specified,Not Specified,Not Specified,Not Specified,-1.0,28.0,1.0,False,None,713,2018,2023,-160.0,55.0
10032,17,1974,1990,17,0,0,,,0,0,0,,,False,Anormenis nigrolimbata,Insecta,Unspecified habitat or no information,Panama,South America,Count,All Individuals,Sample,None,-1.0,17.0,1.0,False,None,714,10660,2024,79.83333333333333,9.166666666666666
10033,17,1974,1990,17,0,0,,,0,0,0,,,False,Unknown Insect sp328,Insecta,Unspecified habitat or no information,Panama,South America,Count,All Individuals,Sample,None,-1.0,17.0,1.0,False,None,714,10660,2025,79.83333333333333,9.166666666666666
10034,17,1974,1990,17,0,0,,,0,0,0,,,False,Flatoisdinus occidentalis,Insecta,Unspecified habitat or no information,Panama,South America,Count,All Individuals,Sample,None,-1.0,17.0,1.0,False,None,714,10660,2026,79.83333333333333,9.166666666666666
10035,17,1974,1990,17,0,0,,,0,0,0,,,False,Unknown Insect sp327,Insecta,Unspecified habitat or no information,Panama,South America,Count,All Individuals,Sample,None,-1.0,17.0,1.0,False,None,714,10660,2027,79.83333333333333,9.166666666666666
10036,33,1945,1977,33,0,0,1962.0,1962.0,0,0,0,,,False,Cancer magister,Crustacea,Unspecified habitat or no information,USA,North America,Not Specified,Not Specified,Not Specified,Not Specified,-1.0,33.0,1.0,False,None,701,2019,736,-122.0,38.0
10039,60,1921,1980,60,0,0,1942.0,1942.0,0,0,0,,,False,Lagopus lagopus scoticus,Aves,Unspecified habitat or no information,UK - Scotland,Europe,Count,Individuals shot,Sample,None,-1.0,60.0,1.0,False,None,716,2021,410,-4.5,57.5
10040,60,1921,1980,60,0,0,1941.0,1941.0,0,0,0,,,False,Lagopus lagopus scoticus,Aves,Unspecified habitat or no information,UK - Scotland,Europe,Count,Individuals shot,Sample,None,-1.0,60.0,1.0,False,None,716,2022,410,-4.0,55.5
10041,21,1955,1975,21,0,0,,,0,0,0,,,False,Tamiasciurus hudsonicus,Mammalia,Unspecified habitat or no information,USA,North America,Not Specified,Not Specified,Not Specified,Not Specified,-1.0,21.0,1.0,False,None,703,2001,87,-95.25,47.166666666666664
10042,21,1955,1975,21,0,0,,,0,0,0,,,False,Tamias striatus,Mammalia,Unspecified habitat or no information,USA,North America,Not Specified,Not Specified,Not Specified,Not Specified,-1.0,21.0,1.0,False,None,703,2001,11170,-95.25,47.166666666666664
10043,18,1929,1946,18,0,0,,,0,0,0,,,False,Colinus virginianus,Aves,Unspecified habitat or no information,USA,North America,Not Specified,Not Specified,Not Specified,Not Specified,-1.0,18.0,1.0,False,None,718,2024,733,-89.71666666666667,43.31666666666667
10044,29,1950,1978,29,0,0,,,0,0,0,,,False,Clethrionomys glareolus,Mammalia,Unspecified habitat or no information,Russian Federation,Europe,Not Specified,All Individuals,Not Specified,Not Specified,-1.0,29.0,1.0,False,None,719,2026,51,37.416666666666664,54.88333333333333
10045,27,1966,1992,27,0,1,,,0,0,0,,,False,Clethrionomys glareolus,Mammalia,Unspecified habitat or no information,Finland,Europe,Not Specified,Not Specified,Not Specified,Not Specified,-1.0,27.0,1.0,False,None,719,2023,51,28.416666666666668,64.15
10046,23,1936,1958,23,0,2,,,0,0,0,,,False,Clethrionomys glareolus,Mammalia,Unspecified habitat or no information,Russian Federation,Europe,Not Specified,Not Specified,Not Specified,Not Specified,-1.0,23.0,1.0,False,None,719,2027,51,50.0,55.0
10047,27,1966,1992,27,0,1,,,0,0,0,,,False,Microtus agrestis,Mammalia,Unspecified habitat or no information,Finland,Europe,Not Specified,Not Specified,Not Specified,Not Specified,-1.0,27.0,1.0,False,None,719,2023,390,28.416666666666668,64.15
10048,62,1731,1792,62,0,0,1791.0,1791.0,31,5,26,1760.0,1790.0,True,Falco rusticolus,Aves,Unspecified habitat or no information,Greenland,North America,Not Specified,Not Specified,Not Specified,Not Specified,-1.0,62.0,1.0,False,None,720,2029,11198,-40.0,73.0
10049,23,1968,1990,23,0,0,,,0,0,0,,,False,Rangifer tarandus,Mammalia,Unspecified habitat or no information,Finland,Europe,Not Specified,Not Specified,Not Specified,Not Specified,-1.0,23.0,1.0,False,None,721,2030,11334,24.916666666666668,67.4
10050,23,1968,1990,23,0,0,,,0,0,0,,,False,Rangifer tarandus,Mammalia,Unspecified habitat or no information,Finland,Europe,Not Specified,Not Specified,Not Specified,Not Specified,-1.0,23.0,1.0,False,None,721,2031,11334,26.0,68.0
10051,23,1968,1990,23,0,0,,,0,0,0,,,False,Rangifer tarandus,Mammalia,Unspecified habitat or no information,Finland,Europe,Not Specified,Not Specified,Not Specified,Not Specified,-1.0,23.0,1.0,False,None,721,2032,11334,28.0,69.75
10053,32,1958,1989,32,0,0,,,0,0,0,,,False,Alopex lagopus,Mammalia,Unspecified habitat or no information,Finland,Europe,Not Specified,Not Specified,Not Specified,Not Specified,-1.0,32.0,1.0,False,None,723,2023,74,28.416666666666668,64.15
10054,31,1956,1986,31,0,0,,,0,0,0,,,False,Clethrionomys glareolus,Mammalia,Unspecified habitat or no information,Russian Federation,Europe,Not Specified,Not Specified,Not Specified,Not Specified,-1.0,31.0,1.0,False,None,724,2034,51,36.833333333333336,55.666666666666664
10055,21,1957,1977,21,0,0,1971.0,1971.0,0,0,0,,,False,Clethrionomys glareolus,Mammalia,Unspecified habitat or no information,Finland,Europe,Not Specified,Not Specified,Not Specified,Not Specified,-1.0,21.0,1.0,False,None,725,2035,51,30.0,63.0
10056,19,1974,1992,19,0,1,1979.0,1979.0,0,0,0,,,False,Clethrionomys glareolus,Mammalia,Mixed or unspecified forest,Russian Federation,Europe,Count,All Individuals,per 100 trap nights,None,-1.0,19.0,1.0,False,Trapping conducted between June and October.,726,2036,51,33.016666666666666,67.91666666666667
10057,19,1974,1992,19,0,0,1979.0,1979.0,0,0,0,,,False,Clethrionomys rufocanus,Mammalia,Mixed or unspecified forest,Russian Federation,Europe,Count,All Individuals,per 100 trap nights,None,-1.0,19.0,1.0,False,Trapping usually conducted at the beginning of September.,726,2084,393,33.016666666666666,67.91666666666667
10058,19,1974,1992,19,0,0,,,0,0,0,,,False,Clethrionomys rufocanus,Mammalia,Mixed or unspecified forest,Russian Federation,Europe,Count,All Individuals,per 100 trap nights,None,-1.0,19.0,1.0,False,Trapping conducted between June and October.,726,2036,393,33.016666666666666,67.91666666666667
10059,19,1974,1992,19,0,2,1989.0,1989.0,0,0,0,,,False,Microtus oeconomus,Mammalia,Mixed or unspecified forest,Russian Federation,Europe,Count,All Individuals,per 100 trap nights,None,-1.0,19.0,1.0,False,Trapping usually conducted at the beginning of September.,726,2084,391,33.016666666666666,67.91666666666667
10060,27,1953,1979,27,0,5,1959.0,1959.0,0,0,0,,,False,Mustela erminea,Mammalia,Unspecified habitat or no information,Switzerland,Europe,Not Specified,Not Specified,Not Specified,Not Specified,-1.0,27.0,1.0,False,None,705,2003,11925,6.6,46.9666666666667
10061,32,1958,1989,32,0,0,,,0,0,0,,,False,Bupalus piniaria,Insecta,Unspecified habitat or no information,Germany,Europe,Count,Overwintering pupae,Sample,per m^2,-1.0,32.0,1.0,False,None,727,2038,47,8.0,48.0
10062,17,1953,1969,17,0,0,,,0,0,0,,,False,Diprion Pini,Insecta,Unspecified habitat or no information,Germany,Europe,Count,Overwintering pupae,Sample,per m^2,-1.0,17.0,1.0,False,None,727,2037,2029,12.0,49.0
10063,32,1958,1989,32,0,0,,,0,0,0,,,False,Diprion Pini,Insecta,Unspecified habitat or no information,Germany,Europe,Count,Overwintering pupae,Sample,per m^2,-1.0,32.0,1.0,False,None,727,2038,2029,8.0,48.0
10064,32,1958,1989,32,0,0,,,0,0,0,,,False,Panolis flammea,Insecta,Unspecified habitat or no information,Germany,Europe,Count,Overwintering pupae,Sample,per m^2,-1.0,32.0,1.0,False,None,727,2038,44,8.0,48.0
10065,20,1950,1969,20,0,0,,,0,0,0,,,False,Panolis flammea,Insecta,Unspecified habitat or no information,Germany,Europe,Count,Overwintering pupae,Sample,per m^2,-1.0,20.0,1.0,False,None,727,2037,44,12.0,49.0
10069,20,1945,1967,23,3,0,,,0,0,0,,,False,Tetrao urogallus,Aves,Unspecified habitat or no information,Norway,Europe,Count,All Individuals,Sample,None,-1.0,23.0,1.0,False,None,729,2040,11192,9.216666666666667,63.06666666666667
10070,23,1945,1967,23,0,0,,,0,0,0,,,False,Lagopus mutus,Aves,Unspecified habitat or no information,Norway,Europe,Count,All Individuals,Sample,None,-1.0,23.0,1.0,False,None,729,2040,734,9.216666666666667,63.06666666666667
10071,22,1945,1966,22,0,0,,,0,0,0,,,False,Lepus timidus,Mammalia,Unspecified habitat or no information,Norway,Europe,Count,All Individuals,Sample,None,-1.0,22.0,1.0,False,None,729,2040,408,9.216666666666667,63.06666666666667
10085,32,1961,1992,32,0,0,,,0,0,0,,,False,Martes americana,Mammalia,Unspecified habitat or no information,Canada,North America,Count,All Individuals,Sample,None,-1.0,32.0,1.0,False,None,732,2054,77,-78.6,45.56666666666667
10086,11,1973,1983,11,0,0,,,0,0,0,,,False,Sorex araneus,Mammalia,Unspecified habitat or no information,Russian Federation,Asia,Count,All Individuals,per 100 trap nights,None,-1.0,11.0,1.0,False,None,711,2014,11332,92.21666666666667,58.45
10087,11,1973,1983,11,0,0,,,0,0,0,,,False,Sorex araneus,Mammalia,Unspecified habitat or no information,Russian Federation,Asia,Count,All Individuals,per 100 trap nights,None,-1.0,11.0,1.0,False,None,711,2015,11332,92.21666666666667,58.45
10088,41,1836,1876,41,0,0,,1876.0,6,0,6,1865.0,1870.0,False,Lepus timidus,Mammalia,Unspecified habitat or no information,Finland,Europe,Count,All Individuals,Sample,None,-1.0,41.0,1.0,False,According to the shooting journal of J.J. Maexmontan.,712,2016,408,22.25,60.45
10089,41,1894,1934,41,0,0,1930.0,1930.0,7,5,2,1923.0,1929.0,True,Lepus timidus,Mammalia,Unspecified habitat or no information,Finland,Europe,Count,All Individuals,Sample,None,-1.0,41.0,1.0,False,None,712,2017,408,25.5,60.75
10090,28,1961,1988,28,0,0,1975.0,1975.0,0,0,0,,,False,Clethrionomys glareolus,Mammalia,Unspecified habitat or no information,Sweden,Europe,Count,Trapped Individuals,Sample,None,-1.0,28.0,1.0,False,None,733,2055,51,16.5,61.5
10091,29,1960,1988,29,0,0,,,0,0,0,,,False,Tetraonidae,Aves,Unspecified habitat or no information,Sweden,Europe,Count,Trapped Individuals,Sample,None,-1.0,29.0,1.0,False,Includes taxon ID 1,733,2055,805,16.5,61.5
10092,29,1960,1988,29,0,0,,,0,0,0,,,False,Martes americana,Mammalia,Unspecified habitat or no information,Sweden,Europe,Count,Trapped Individuals,Sample,None,-1.0,29.0,1.0,False,None,733,2055,77,16.5,61.5
10093,29,1960,1988,29,0,0,,,0,0,0,,,False,Lepus timidus,Mammalia,Unspecified habitat or no information,Sweden,Europe,Count,Trapped Individuals,Sample,None,-1.0,29.0,1.0,False,None,733,2055,408,16.5,61.5
10094,29,1960,1988,29,0,0,1984.0,1984.0,0,0,0,,,False,Vulpes vulpes,Mammalia,Unspecified habitat or no information,Sweden,Europe,Count,Trapped Individuals,Sample,None,-1.0,29.0,1.0,False,None,733,2055,403,16.5,61.5
10096,23,1967,1989,23,0,1,,1989.0,0,0,0,,,False,Autographa gamma,Insecta,Unspecified habitat or no information,UK - England,Europe,Count,All Individuals,Sample,None,-1.0,23.0,1.0,False,None,714,2056,10927,0.75,51.2
10097,21,1967,1987,21,0,3,1978.0,1978.0,0,0,0,,,False,Autographa gamma,Insecta,Unspecified habitat or no information,UK - Wales,Europe,Count,All Individuals,Sample,None,-1.0,21.0,1.0,False,None,714,2057,10927,-4.133333333333334,53.21666666666667
10098,20,1967,1986,20,0,0,,,0,0,0,,,False,Autographa gamma,Insecta,Unspecified habitat or no information,UK - England,Europe,Count,All Individuals,Sample,None,-1.0,20.0,1.0,False,None,714,2058,10927,0.11666666666666667,53.5
10099,20,1965,1984,20,0,1,1983.0,1983.0,0,0,0,,,False,Autographa gamma,Insecta,Unspecified habitat or no information,UK - England,Europe,Count,All Individuals,Sample,None,-1.0,20.0,1.0,False,None,714,2059,10927,-1.0833333333333333,51.333333333333336
10100,28,1963,1990,28,0,0,,,0,0,0,,,False,Autographa gamma,Insecta,Unspecified habitat or no information,Czech Republic,Europe,Count,All Individuals,Sample,None,-1.0,28.0,1.0,False,None,714,2060,10927,16.666666666666668,49.2
10101,23,1967,1990,24,1,0,,,0,0,0,,,False,Autographa gamma,Insecta,Unspecified habitat or no information,Czech Republic,Europe,Count,All Individuals,Sample,None,-1.0,24.0,1.0,False,None,714,2061,10927,14.5,49.0
10108,42,1912,1953,42,0,0,,1953.0,7,0,7,1941.0,1947.0,False,Mustela ,Mammalia,Unspecified habitat or no information,USA,North America,Count,All Individuals,Sample,None,-1.0,42.0,1.0,False,None,737,32,88,-155.0,65.0
10109,35,1924,1958,35,0,0,1935.0,1935.0,0,0,0,,,False,Lepus timidus,Mammalia,Unspecified habitat or no information,Russian Federation,Asia,Count,Individuals caught,Sample,None,-1.0,35.0,1.0,False,None,738,2065,408,130.0,62.0
10110,21,1922,1942,21,0,0,,,0,0,0,,,False,Lynx canadensis,Mammalia,Unspecified habitat or no information,Russian Federation,Asia,Count,Individuals caught,Sample,None,-1.0,21.0,1.0,False,None,738,10774,75,55.0,62.0
10111,23,1932,1954,23,0,0,1938.0,1938.0,0,0,0,,,False,Lynx canadensis,Mammalia,Unspecified habitat or no information,Russian Federation,Asia,Count,Individuals caught,Sample,None,2.0,23.0,1.0,False,None,738,2065,75,130.0,62.0
10112,23,1932,1954,23,0,0,1939.0,1939.0,0,0,0,,,False,Vulpes vulpes,Mammalia,Unspecified habitat or no information,Russian Federation,Asia,Count,Individuals caught,Sample,None,-1.0,23.0,1.0,False,None,738,2065,403,130.0,62.0
10113,60,1921,1980,60,0,0,1939.0,1939.0,0,0,0,,,False,Lagopus lagopus,Aves,Unspecified habitat or no information,UK - England,Europe,Count,Individuals shot,Sample,None,-1.0,60.0,1.0,False,None,716,10638,11191,-2.0,54.5
10114,60,1921,1980,60,0,0,1931.0,1931.0,0,0,0,,,False,Lagopus lagopus,Aves,Unspecified habitat or no information,Unknown,Unknown,Count,Individuals shot,Sample,None,-1.0,60.0,1.0,False,Main study area (location unknown),716,10784,11191,,
10115,52,1879,1930,52,0,0,,,18,0,18,1908.0,1925.0,False,Vulpes ,Mammalia,Unspecified habitat or no information,USA,North America,Not Specified,All Individuals,Not Specified,Not Specified,-1.0,52.0,1.0,False,None,24,10787,405,-100.0,45.0
10117,21,1972,1992,21,0,0,,1992.0,0,0,0,,,False,Microtus agrestis,Mammalia,Unspecified habitat or no information,Finland,Europe,Not Specified,Not Specified,Not Specified,Not Specified,-1.0,21.0,1.0,False,None,719,2067,390,25.0,61.0
10118,23,1968,1990,23,0,0,,,0,0,0,,,False,Rangifer tarandus,Mammalia,Unspecified habitat or no information,Finland,Europe,Not Specified,Not Specified,Not Specified,Not Specified,-1.0,23.0,1.0,False,None,721,2068,11334,22.783333333333335,68.55
10120,20,1950,1969,20,0,0,1960.0,1960.0,0,0,0,,,False,Bupalus piniaria,Insecta,Unspecified habitat or no information,Germany,Europe,Count,Overwintering pupae,Sample,per m^2,3.0,20.0,1.0,False,None,727,2037,47,12.0,49.0
10121,23,1932,1954,23,0,0,1944.0,1944.0,0,0,0,,,False,Lepus americanus,Mammalia,Unspecified habitat or no information,Russian Federation,Asia,Not Specified,Not Specified,Not Specified,Not Specified,-1.0,23.0,1.0,False,None,740,2065,416,130.0,62.0
10122,23,1932,1954,23,0,0,1938.0,1938.0,0,0,0,,,False,Canis lupus,Mammalia,Unspecified habitat or no information,Russian Federation,Asia,Not Specified,Not Specified,Not Specified,Not Specified,-1.0,23.0,1.0,False,None,740,2065,89,130.0,62.0
10123,30,1912,1941,30,0,0,,,0,0,0,,,False,Parus major,Aves,Unspecified habitat or no information,Netherlands,Europe,Count,Breeding pairs,Census,None,-1.0,30.0,1.0,False,"Data from Kluijver, H.N. 1951 The population ecology of the great tit Parus m. major L. Ibid, 39:1-135.",39,2070,207,5.666666666666667,51.96666666666667
10124,38,1955,1992,38,0,0,,,4,0,4,1984.0,1987.0,False,Anas platyrhynchos,Aves,Unspecified habitat or no information,Canada,North America,Not Specified,Not Specified,Not Specified,Not Specified,-1.0,38.0,1.0,False,None,741,2071,28,-98.0,50.0
10125,26,1910,1935,26,0,0,1927.0,1927.0,0,0,0,,,False,Lepus americanus,Mammalia,Unspecified habitat or no information,Canada,North America,Count,All Individuals,Census,None,-1.0,26.0,1.0,False,None,59,80,416,-98.0,60.0
10126,19,1945,1966,22,3,0,,,0,0,0,,,False,Tetrao urogallus,Aves,Unspecified habitat or no information,Norway,Europe,Count,All Individuals,Sample,None,-1.0,22.0,1.0,False,None,729,2040,11192,9.216666666666667,63.06666666666667
10127,108,1871,1978,108,0,0,1946.0,1946.0,46,5,41,1900.0,1945.0,True,Lagopus lagopus scoticus,Aves,Unspecified habitat or no information,UK - Scotland,Europe,Count,All Individuals,Sample,None,-1.0,108.0,1.0,False,non-quasi cyclic moor,742,2082,410,-4.0,56.0
10128,103,1876,1978,103,0,0,1924.0,1924.0,19,5,14,1905.0,1923.0,True,Lagopus lagopus scoticus,Aves,Unspecified habitat or no information,UK - Scotland,Europe,Count,All Individuals,Sample,None,-1.0,103.0,1.0,False,quasi cyclic moor,742,2082,410,-4.0,56.0
10131,59,1910,1968,59,0,0,1942.0,1942.0,3,3,0,1939.0,1941.0,True,Gulo gulo,Mammalia,Unspecified habitat or no information,USA,North America,Not Specified,Not Specified,Not Specified,Not Specified,-1.0,59.0,1.0,False,None,744,32,90,-155.0,65.0
10134,28,1945,1972,28,0,0,1958.0,1958.0,0,0,0,,,False,Choristoneura fumiferana,Insecta,Unspecified habitat or no information,Canada,North America,Count,Larvae,Sample,per m^2,-1.0,28.0,1.0,False,None,745,22,11341,-67.0,47.0
10136,31,1962,1992,31,0,0,1983.0,1983.0,0,0,0,,,False,Clethrionomys rufocanus,Mammalia,Unspecified habitat or no information,Japan,Asia,Count,All Individuals,Sample,None,-1.0,31.0,1.0,False,None,746,2072,393,143.0,43.5
10137,31,1962,1992,31,0,0,1979.0,1979.0,0,0,0,,,False,Clethrionomys rufocanus,Mammalia,Unspecified habitat or no information,Japan,Asia,Count,All Individuals,Sample,None,-1.0,31.0,1.0,False,None,746,2073,393,143.0,43.5
10138,26,1921,1946,26,0,0,,,0,0,0,,,False,Unknown Insect sp321,Insecta,Unspecified habitat or no information,Unknown,Unknown,Count,Nests,Sample,Unknown,-1.0,26.0,1.0,False,Location unknown.,747,10784,11981,,
10139,43,1928,1970,43,0,0,,,9,0,9,1957.0,1965.0,False,Ardea cinerea,Aves,Unspecified habitat or no information,United Kingdom,Europe,Not Specified,Not Specified,Not Specified,Not Specified,-1.0,43.0,1.0,False,None,748,10788,24,-1.5,52.5
10140,25,1966,1990,25,0,0,1973.0,1973.0,0,0,0,,,False,Cerapteryx graminis,Insecta,Unspecified habitat or no information,UK - England,Europe,Count,All Individuals,Sample,None,-1.0,25.0,1.0,False,None,749,89,10823,0.85,51.083333333333336
10141,23,1967,1989,23,0,0,1988.0,1988.0,0,0,0,,,False,Autographa gamma,Insecta,Unspecified habitat or no information,UK - England,Europe,Count,All Individuals,Sample,None,-1.0,23.0,1.0,False,None,714,90,10927,-0.35,51.81666666666667
10142,23,1967,1989,23,0,1,,1989.0,0,0,0,,,False,Autographa gamma,Insecta,Unspecified habitat or no information,UK - England,Europe,Count,All Individuals,Sample,None,-1.0,23.0,1.0,False,None,714,89,10927,0.85,51.083333333333336
10143,21,1967,1987,21,0,0,,1987.0,0,0,0,,,False,Autographa gamma,Insecta,Unspecified habitat or no information,UK - England,Europe,Count,All Individuals,Sample,None,-1.0,21.0,1.0,False,None,714,10588,10927,-5.25,50.25
10144,24,1967,1990,24,0,0,,,0,0,0,,,False,Autographa gamma,Insecta,Unspecified habitat or no information,Czech Republic,Europe,Count,All Individuals,Sample,None,-1.0,24.0,1.0,False,None,714,2074,10927,14.416666666666666,50.083333333333336
10145,45,1902,1946,45,0,0,,,11,0,11,1931.0,1941.0,False,Lepus europaeus,Mammalia,Unspecified habitat or no information,Denmark,Europe,Count,Individuals shot,Sample,None,-1.0,45.0,1.0,False,Based upon shotting records from 22 districts.,750,10637,407,10.0,57.0
10146,40,1920,1959,40,0,3,1931.0,1931.0,0,0,0,,,False,Ondatra zibethicus,Mammalia,Unspecified habitat or no information,Canada,North America,Harvest,All Individuals,Harvest,None,-1.0,40.0,1.0,False,None,467,2075,79,-107.0,50.0
10147,44,1916,1959,44,0,0,1937.0,1937.0,0,0,0,,,False,Ondatra zibethicus,Mammalia,Unspecified habitat or no information,Canada,North America,Harvest,All Individuals,Harvest,None,-1.0,44.0,1.0,False,None,467,2076,79,-107.0,54.0
10148,44,1916,1959,44,0,1,,,10,0,10,1945.0,1954.0,False,Ondatra zibethicus,Mammalia,Unspecified habitat or no information,Canada,North America,Harvest,All Individuals,Harvest,None,-1.0,44.0,1.0,False,None,467,2077,79,-107.0,57.0
10149,52,1938,1989,52,0,0,,,18,0,18,1967.0,1984.0,False,Grus americana,Aves,Unspecified habitat or no information,USA,North America,Count,All Individuals,Census,None,-1.0,52.0,1.0,False,None,751,140,412,-97.0,27.833333333333332
10152,46,1949,1994,46,0,9,1971.0,1971.0,0,0,0,,,False,Clethrionomys rufocanus,Mammalia,Unspecified habitat or no information,Finland,Europe,Not Specified,Not Specified,Not Specified,Not Specified,-1.0,46.0,1.0,False,None,719,10623,393,21.0,69.0
10153,21,1972,1992,21,0,0,,1992.0,0,0,0,,,False,Clethrionomys glareolus,Mammalia,Unspecified habitat or no information,Finland,Europe,Not Specified,Not Specified,Not Specified,Not Specified,-1.0,21.0,1.0,False,None,719,10690,51,27.0,68.0
10156,38,1955,1992,38,0,0,,,4,0,4,1984.0,1987.0,False,Bucephala albeola,Aves,Unspecified habitat or no information,Canada,North America,Not Specified,Not Specified,Not Specified,Not Specified,-1.0,38.0,1.0,False,None,741,2071,12070,-98.0,50.0
10158,38,1955,1992,38,0,0,,,4,0,4,1984.0,1987.0,False,Oxyura jamaicensis,Aves,Unspecified habitat or no information,Canada,North America,Not Specified,Not Specified,Not Specified,Not Specified,-1.0,38.0,1.0,False,None,741,2071,745,-98.0,50.0
10159,79,1866,1944,79,0,0,1924.0,1924.0,29,5,24,1895.0,1923.0,True,Lagopus lagopus scoticus,Aves,Heath or moor,UK - Scotland,Europe,Count,Individuals shot,Sample,None,-1.0,79.0,1.0,False,None,753,2080,410,-4.0,56.833333333333336
10160,77,1866,1943,78,1,0,1918.0,1874.0,0,0,0,,,False,Lagopus lagopus scoticus,Aves,Heath or moor,UK - Scotland,Europe,Count,Individuals shot,Sample,None,-1.0,78.0,1.0,False,None,753,2080,410,-4.0,56.833333333333336
10161,82,1866,1947,82,0,0,1884.0,1884.0,0,0,0,,,False,Lagopus lagopus scoticus,Aves,Heath or moor,UK - Scotland,Europe,Count,Individuals shot,Sample,None,-1.0,83.0,1.0,False,"There were two points on the graph for 1923, therefore entered as 1923.1 and 1923.2",753,2080,410,-4.0,56.833333333333336
10162,77,1866,1942,77,0,0,1873.0,1873.0,0,0,0,,,False,Lagopus lagopus scoticus,Aves,Heath or moor,UK - Scotland,Europe,Count,Individuals shot,Sample,None,-1.0,77.0,1.0,False,None,753,2080,410,-4.0,56.833333333333336
10163,27,1960,1986,27,0,0,,,0,0,0,,,False,Parus major,Aves,Unspecified habitat or no information,UK - England,Europe,Count,All Individuals,Census,None,-1.0,27.0,1.0,False,None,754,8,207,-1.3333333333333333,51.7
10164,29,1947,1975,29,0,0,1955.0,1955.0,0,0,0,,,False,Phylopertha horticola,Insecta,Unspecified habitat or no information,UK - England,Europe,Not Specified,Not Specified,Not Specified,Not Specified,-1.0,29.0,1.0,False,None,583,2081,11982,-1.5,53.0
10165,26,1954,1979,26,0,0,1959.0,1959.0,0,0,0,,,False,Lymantria dispar,Insecta,Unspecified habitat or no information,"Yugoslavia, Slovenia, Croatia, Bosnia-Herzegovina and Macedonia",Europe,Not Specified,Not Specified,Not Specified,Not Specified,-1.0,26.0,1.0,False,None,587,10700,11901,20.0,43.0
10166,73,1909,1983,75,2,0,1919.0,1919.0,0,0,0,,,False,Lynx canadensis,Mammalia,Unspecified habitat or no information,USA,North America,Count,Pelts,Sample,None,-1.0,75.0,1.0,False,None,755,32,75,-155.0,65.0
20527,56,1937,1992,56,0,0,,,22,0,22,1966.0,1987.0,False,Diomedea exulans,Aves,Coastal,New Zealand,Australasia,Count,All Individuals,Sample,None,-1.0,56.0,1.0,False, Supplied by B. Brook (Uni. of Adelaide) ID: 20004,762,10846,11096,170.75,45.78
20530,21,1970,1990,21,0,0,,,0,0,0,,,False,Pluvialis squatarola,Aves,Unspecified habitat or no information,United Kingdom,Europe,Count,All Individuals,Census,None,-1.0,21.0,1.0,False, Supplied by B. Brook (Uni. of Adelaide) ID: 20022,762,10847,13,-3.2,54.675
20531,43,1928,1970,43,0,0,,,9,0,9,1957.0,1965.0,False,Ardea sp1,Aves,Unspecified habitat or no information,UK - England,Europe,Count,All Individuals,Sample,None,-1.0,43.0,1.0,False, Supplied by B. Brook (Uni. of Adelaide) ID: 20025,762,2081,12085,-1.5,53.0
20532,22,1964,1985,22,0,0,,,0,0,0,,,False,Falco peregrinus,Aves,Unspecified habitat or no information,Germany,Europe,Count,All Individuals,Sample,None,-1.0,22.0,1.0,False, Supplied by B. Brook (Uni. of Adelaide) ID: 20038,762,10848,11199,10.4537465,51.0992505
20533,12,1980,1991,12,0,0,,,0,0,0,,,False,Picoides borealis,Aves,Unspecified habitat or no information,USA,North America,Count,All Individuals,Sample,None,-1.0,12.0,1.0,False, Supplied by B. Brook (Uni. of Adelaide) ID: 20052,762,10849,12086,-79.42,35.17
20534,63,1904,1989,86,23,0,,,1,0,1,1984.0,1984.0,False,Milvus milvus,Aves,Unspecified habitat or no information,Unknown,Unknown,Count,All Individuals,Sample,None,-1.0,86.0,1.0,False, Supplied by B. Brook (Uni. of Adelaide) ID: 20054,762,10784,11095,,
20535,29,1946,1974,29,0,0,,,0,0,0,,,False,Charadrius hiaticula,Aves,Unspecified habitat or no information,UK - England,Europe,Count,All Individuals,Sample,None,-1.0,29.0,1.0,False, Supplied by B. Brook (Uni. of Adelaide) ID: 20056,762,10850,12,-1.625,55.615
20536,21,1970,1990,21,0,0,,,0,0,0,,,False,Arenaria interpres,Aves,Unspecified habitat or no information,Unknown,Unknown,Sample,All Individuals,Sample,None,-1.0,21.0,1.0,False, Supplied by B. Brook (Uni. of Adelaide) ID: 20070,762,10784,19,,
20537,58,1939,1996,58,0,0,,,24,0,24,1968.0,1991.0,False,Grus americana,Aves,Unspecified habitat or no information,Unknown,Unknown,Count,All Individuals,Sample,None,-1.0,58.0,1.0,False, Supplied by B. Brook (Uni. of Adelaide) ID: 20071,762,10784,412,,
20538,19,1969,1987,19,0,0,1976.0,1976.0,0,0,0,,,False,Phyllaphis fagi,Insecta,Unspecified habitat or no information,Unknown,Unknown,Count,All Individuals,Sample,None,-1.0,19.0,1.0,False, Supplied by B. Brook (Uni. of Adelaide) ID: 20076,762,10784,791,,
20539,27,1960,1986,27,0,0,1978.0,1978.0,0,0,0,,,False,Euphydryas editha,Insecta,Unspecified habitat or no information,Unknown,Unknown,Count,All Individuals,Sample,None,-1.0,27.0,1.0,False, Supplied by B. Brook (Uni. of Adelaide) ID: 20078,762,10784,804,,
20540,38,1949,1986,38,0,0,1957.0,1957.0,0,0,0,,,False,Zeiraphera diniana,Insecta,Unspecified habitat or no information,Unknown,Unknown,Count,All Individuals,Sample,None,-1.0,38.0,1.0,False, Supplied by B. Brook (Uni. of Adelaide) ID: 20084,762,10784,727,,
20541,60,1881,1940,60,0,0,1895.0,1895.0,0,0,0,,,False,Panolis flammea,Insecta,Unspecified habitat or no information,Unknown,Unknown,Count,All Individuals,Sample,None,-1.0,60.0,1.0,False, Supplied by B. Brook (Uni. of Adelaide) ID: 20090,762,10784,44,,
20542,50,1881,1930,50,0,0,1890.0,1890.0,0,0,0,,,False,Hyloicus pinastri,Insecta,Unspecified habitat or no information,Unknown,Unknown,Count,All Individuals,Sample,None,-1.0,50.0,1.0,False, Supplied by B. Brook (Uni. of Adelaide) ID: 20091,762,10784,45,,
20543,60,1881,1940,60,0,0,1890.0,1890.0,0,0,0,,,False,Dendrolimus pini,Insecta,Unspecified habitat or no information,Unknown,Unknown,Count,All Individuals,Sample,None,-1.0,60.0,1.0,False, Supplied by B. Brook (Uni. of Adelaide) ID: 20093,762,10784,46,,
20544,27,1945,1971,27,0,0,1958.0,1958.0,0,0,0,,,False,Choristoneura fumiferana,Insecta,Unspecified habitat or no information,Unknown,Unknown,Count,All Individuals,Sample,None,-1.0,27.0,1.0,False, Supplied by B. Brook (Uni. of Adelaide) ID: 20097,762,10784,11341,,
20545,17,1972,1993,22,5,0,,,0,0,0,,,False,Enhydra lutris,Mammalia,Unspecified habitat or no information,Unknown,Unknown,Count,All Individuals,Sample,None,-1.0,22.0,1.0,False, Supplied by B. Brook (Uni. of Adelaide) ID: 20112,762,10784,11922,,
20546,92,1834,1925,92,0,0,1857.0,1857.0,0,0,0,,,False,Vulpes fulva,Mammalia,Unspecified habitat or no information,Canada,North America,Count,All Individuals,Sample,None,-1.0,92.0,1.0,False, Supplied by B. Brook (Uni. of Adelaide) ID: 20116,762,10851,72,-61.5917,55.9167
20547,57,1847,1903,57,0,0,1868.0,1868.0,0,0,0,,,False,Lepus sp01,Mammalia,Unspecified habitat or no information,Unknown,Unknown,Count,All Individuals,Sample,None,-1.0,57.0,1.0,False, Supplied by B. Brook (Uni. of Adelaide) ID: 20126,762,10784,12087,,
20548,30,1963,1992,30,0,0,,,0,0,0,,,False,Panthera leo,Mammalia,Unspecified habitat or no information,Tanzania,Africa,Count,All Individuals,Sample,None,-1.0,30.0,1.0,False, Supplied by B. Brook (Uni. of Adelaide) ID: 20132,762,1025,11091,35.53333333333333,-3.183333333333333
20549,107,1821,1933,113,6,0,1841.0,1841.0,0,0,0,,,False,Lynx canadensis,Mammalia,Unspecified habitat or no information,Canada,North America,Count,All Individuals,Sample,None,-1.0,113.0,1.0,False, Supplied by B. Brook (Uni. of Adelaide) ID: 20136,762,10852,75,-85.75,62.25
20550,22,1947,1968,22,0,0,,,0,0,0,,,False,Ovibos moschatus,Mammalia,Unspecified habitat or no information,USA,North America,Count,All Individuals,Sample,None,-1.0,22.0,1.0,False, Supplied by B. Brook (Uni. of Adelaide) ID: 20148,762,10853,11359,-166.46,60.075
20551,23,1933,1955,23,0,0,,,0,0,0,,,False,Sciurus sp02,Mammalia,Unspecified habitat or no information,Russian Federation,Europe,Count,All Individuals,Sample,None,-1.0,23.0,1.0,False, Supplied by B. Brook (Uni. of Adelaide) ID: 20166,762,10756,12088,35.0,55.0
20552,81,1831,1911,81,0,0,,,47,0,47,1860.0,1906.0,False,Gulo gulo,Mammalia,Unspecified habitat or no information,Unknown,Unknown,Count,All Individuals,Sample,None,-1.0,81.0,1.0,False, Supplied by B. Brook (Uni. of Adelaide) ID: 20177,762,10784,90,,
20553,39,1959,1997,39,0,0,,,5,0,5,1988.0,1992.0,False,Ursus arctos horribilis,Mammalia,Unspecified habitat or no information,USA,North America,Count,All Individuals,Sample,None,-1.0,39.0,1.0,False, Supplied by B. Brook (Uni. of Adelaide) ID: 20179,762,10854,12089,-110.5,44.5
20554,18,1966,1995,30,12,0,,,0,0,0,,,False,Diceros bicornis,Mammalia,Savanna,Tanzania,Africa,Count,All Individuals,Census,None,-1.0,30.0,1.0,False, Supplied by B. Brook (Uni. of Adelaide) ID: 30001,762,1025,11327,35.53333333333333,-3.183333333333333
20555,28,1975,2002,28,0,0,,,0,0,0,,,False,Trichechus manatus latirostris,Mammalia,Marine,USA,North America,Count,All Individuals,Sample,None,-1.0,28.0,1.0,False, Supplied by B. Brook (Uni. of Adelaide) ID: 30002,762,10855,12090,-83.8583,27.69165
20556,19,1981,1999,19,0,0,,,0,0,0,,,False,Vipera berus,Reptilia,Grassland,Sweden,Europe,Count,All Individuals,Census,None,-1.0,19.0,1.0,False, Supplied by B. Brook (Uni. of Adelaide) ID: 30003,762,10856,12091,13.36,55.35
20557,27,1957,2002,46,19,0,1993.0,1987.0,0,0,0,,,False,Eumetopias jubatus,Mammalia,Marine,USA,North America,Count,All Individuals,Sample,None,-1.0,46.0,1.0,False, Supplied by B. Brook (Uni. of Adelaide) ID: 30004,762,10857,12092,-166.875,53.515
20558,14,1990,2003,14,0,0,,,0,0,0,,,False,Lichenostomus melanops cassidix,Aves,Evergreen forest,Australia,Australasia,Count,All Individuals,Census,None,-1.0,14.0,1.0,False, Supplied by B. Brook (Uni. of Adelaide) ID: 30005,762,10858,12093,145.5,-37.8
20559,12,1969,1980,12,0,0,,,0,0,0,,,False,Ovis dalli dalli,Mammalia,Montane,Canada,North America,Count,All Individuals,Census,None,-1.0,12.0,1.0,False, Supplied by B. Brook (Uni. of Adelaide) ID: 30006,762,10859,12094,-149.27,60.33
20560,17,1978,1994,17,0,0,,,0,0,0,,,False,Dipodomys merriami,Mammalia,Arid,USA,North America,Count,All Individuals,Sample,per hectare,-1.0,17.0,1.0,False, Supplied by B. Brook (Uni. of Adelaide) ID: 30007,762,10860,421,-111.95,33.8
20561,17,1978,1994,17,0,1,,,0,0,0,,,False,Dipodomys ordii,Mammalia,Arid,USA,North America,Count,All Individuals,Sample,per hectare,-1.0,17.0,1.0,False, Supplied by B. Brook (Uni. of Adelaide) ID: 30008,762,10860,420,-111.95,33.8
20562,17,1978,1994,17,0,1,1990.0,1990.0,0,0,0,,,False,Dipodomys spectabilis,Mammalia,Arid,USA,North America,Count,All Individuals,Sample,per hectare,-1.0,17.0,1.0,False, Supplied by B. Brook (Uni. of Adelaide) ID: 30009,762,10860,418,-111.95,33.8
20563,17,1978,1994,17,0,7,1984.0,1984.0,0,0,0,,,False,Perognathus flavus,Mammalia,Arid,USA,North America,Count,All Individuals,Sample,per hectare,-1.0,17.0,1.0,False, Supplied by B. Brook (Uni. of Adelaide) ID: 30010,762,10860,419,-111.95,33.8
20564,17,1978,1994,17,0,6,,,0,0,0,,,False,Chaetodipus penicillatus,Mammalia,Arid,USA,North America,Count,All Individuals,Sample,per hectare,-1.0,17.0,1.0,False, Supplied by B. Brook (Uni. of Adelaide) ID: 30011,762,10860,422,-111.95,33.8
20565,17,1978,1994,17,0,3,1992.0,1992.0,0,0,0,,,False,Neotoma albigula,Mammalia,Arid,USA,North America,Count,All Individuals,Sample,per hectare,-1.0,17.0,1.0,False, Supplied by B. Brook (Uni. of Adelaide) ID: 30012,762,10860,425,-111.95,33.8
20566,17,1978,1994,17,0,3,,,0,0,0,,,False,Onychomys leucogaster,Mammalia,Arid,USA,North America,Count,All Individuals,Sample,per hectare,-1.0,17.0,1.0,False, Supplied by B. Brook (Uni. of Adelaide) ID: 30013,762,10860,424,-111.95,33.8
20567,17,1978,1994,17,0,3,1993.0,1993.0,0,0,0,,,False,Onychomys torridus,Mammalia,Arid,USA,North America,Count,All Individuals,Sample,per hectare,-1.0,17.0,1.0,False, Supplied by B. Brook (Uni. of Adelaide) ID: 30014,762,10860,423,-111.95,33.8
20568,17,1978,1994,17,0,8,1993.0,1993.0,0,0,0,,,False,Peromyscus eremicus,Mammalia,Arid,USA,North America,Count,All Individuals,Sample,per hectare,-1.0,17.0,1.0,False, Supplied by B. Brook (Uni. of Adelaide) ID: 30015,762,10860,426,-111.95,33.8
20570,17,1978,1994,17,0,3,,,0,0,0,,,False,Reithrodontomys megalotis,Mammalia,Arid,USA,North America,Count,All Individuals,Sample,per hectare,-1.0,17.0,1.0,False, Supplied by B. Brook (Uni. of Adelaide) ID: 30017,762,10860,428,-111.95,33.8
20571,19,1976,1994,19,0,0,,,0,0,0,,,False,Geospiza fortis,Aves,Island,Ecuador,South America,Count,All Individuals,Census,None,-1.0,19.0,1.0,False, Supplied by B. Brook (Uni. of Adelaide) ID: 30018,762,10861,12095,-90.37,-0.42
20572,19,1976,1994,19,0,0,,,0,0,0,,,False,Geospiza scandens,Aves,Island,Ecuador,South America,Count,All Individuals,Census,None,-1.0,19.0,1.0,False, Supplied by B. Brook (Uni. of Adelaide) ID: 30019,762,10861,12096,-90.37,-0.42
20573,21,1964,1996,33,12,0,,,0,0,0,,,False,Mirounga angustirostris,Mammalia,Marine,USA,North America,Count,All Individuals,Census,None,-1.0,33.0,1.0,False, Supplied by B. Brook (Uni. of Adelaide) ID: 30020,762,10862,12097,-125.1,37.25
20574,33,1962,1994,33,0,0,,,0,0,0,,,False,Ceratotherium simum,Mammalia,Grassland,Zimbabwe,Africa,Count,All Individuals,Census,None,-1.0,33.0,1.0,False, Supplied by B. Brook (Uni. of Adelaide) ID: 30021,762,10863,12098,28.5,-20.5
20575,17,1981,1997,17,0,0,,,0,0,0,,,False,Nipponia nippon,Aves,Mixed or unspecified forest,China,Asia,Count,All Individuals,Census,None,-1.0,17.0,1.0,False, Supplied by B. Brook (Uni. of Adelaide) ID: 30022,762,10864,12099,107.5,33.22
20576,12,1977,1988,12,0,0,,,0,0,0,,,False,Crocidura russula,Mammalia,Urban/Suburban,Switzerland,Europe,Count,All Individuals,Sample,None,-1.0,12.0,1.0,False, Supplied by B. Brook (Uni. of Adelaide) ID: 30023,762,10865,12100,6.5,46.5
20577,55,1935,1997,63,8,0,,,21,0,21,1972.0,1992.0,False,Ursus thibetanus,Mammalia,Deciduous forest,Japan,Asia,Count,Individuals killed,Census,None,-1.0,63.0,1.0,False, Supplied by B. Brook (Uni. of Adelaide) ID: 30024,762,10866,12101,140.9,41.53
20578,36,1958,1993,36,0,0,,,2,0,2,1987.0,1988.0,False,Aythya fuligula,Aves,Wetland,Latvia,Europe,Count,Adults >= 1 year,Sample,None,-1.0,36.0,1.0,False, Supplied by B. Brook (Uni. of Adelaide) ID: 30025,762,10867,29,57.15,23.22
20579,71,1928,1998,71,0,0,,,37,0,37,1957.0,1993.0,False,Ardea cinerea,Aves,Wetland,UK - England,Europe,Count,Breeding Adults,Sample,None,-1.0,71.0,1.0,False, Supplied by B. Brook (Uni. of Adelaide) ID: 30026,762,10868,24,-2.135,50.885
20580,69,1922,1999,78,9,0,,,12,0,12,1983.0,1994.0,False,Rupicapra rupicapra,Mammalia,Montane,Switzerland,Europe,Count,All Individuals,Census,None,-1.0,78.0,1.0,False, Supplied by B. Brook (Uni. of Adelaide) ID: 30027,762,10869,12102,10.15,46.7
20581,116,1823,1939,117,1,0,,,60,0,60,1875.0,1934.0,False,Cygnus olor,Aves,Fluvial,UK - England,Europe,Count,All Individuals exc. Fledgelings,Sample,None,-1.0,117.0,1.0,False, Supplied by B. Brook (Uni. of Adelaide) ID: 30028,762,10870,25,-0.735,51.575
20582,34,1968,2001,34,0,0,,,0,0,0,,,False,Catharacta maccormicki,Aves,Polar,Antarctica,Antarctica,Count,Breeding Adults,Sample,None,-1.0,34.0,1.0,False, Supplied by B. Brook (Uni. of Adelaide) ID: 30029,762,10871,12103,140.0,-66.8
20583,28,1966,1993,28,0,0,,,0,0,0,,,False,Panthera tigris altaica,Mammalia,Mixed or unspecified forest,Russian Far East,Asia,Count,All Individuals,Census,None,-1.0,28.0,1.0,False, Supplied by B. Brook (Uni. of Adelaide) ID: 30030,762,10872,12104,136.05,46.415
20584,14,1975,1992,18,4,0,,,0,0,0,,,False,Emydoidea blandingii,Reptilia,Wetland,USA,North America,Not Specified,Not Specified,Not Specified,Not Specified,-1.0,18.0,1.0,False, Supplied by B. Brook (Uni. of Adelaide) ID: 30031,762,10873,12105,-84.0,42.47
20585,16,1975,1992,18,2,0,,,0,0,0,,,False,Chelydra serpentina,Reptilia,Wetland,USA,North America,Not Specified,Not Specified,Not Specified,Not Specified,-1.0,18.0,1.0,False, Supplied by B. Brook (Uni. of Adelaide) ID: 30032,762,10873,12106,-84.0,42.47
20586,16,1975,1992,18,2,0,,,0,0,0,,,False,Chrysemys picta marginata,Reptilia,Wetland,USA,North America,Not Specified,Not Specified,Not Specified,Not Specified,-1.0,18.0,1.0,False, Supplied by B. Brook (Uni. of Adelaide) ID: 30033,762,10873,12107,-84.0,42.47
20587,28,1970,1998,29,1,0,,,0,0,0,,,False,Anser caerulescens atlanticus,Aves,Unspecified habitat or no information,Not applicable,North America,Count,All Individuals,Sample,None,-1.0,29.0,1.0,False, Supplied by B. Brook (Uni. of Adelaide) ID: 30034,762,10874,12108,-108.91,44.985
20598,12,1982,1993,12,0,0,,,0,0,0,,,False,Rana dalmatina,Amphibia,Wetland,Sweden,Europe,Count,Eggs,Unknown,Unknown,-1.0,12.0,1.0,False, Supplied by B. Brook (Uni. of Adelaide) ID: 30045,762,10875,12109,15.9,56.13
20599,10,1980,1990,11,1,0,,,0,0,0,,,False,Bufo bufo,Amphibia,Wetland,Germany,Europe,Count,Trapped adults,Sample,None,-1.0,11.0,1.0,False, Supplied by B. Brook (Uni. of Adelaide) ID: 30046,762,10876,12110,9.165,52.58
20600,17,1956,1974,19,2,0,1970.0,1970.0,0,0,0,,,False,Triturus helveticus,Amphibia,Wetland,Multiple or International jurisdiction,Europe,Count,Trapped adults,Sample,None,-1.0,19.0,1.0,False, Supplied by B. Brook (Uni. of Adelaide) ID: 30047,762,10783,12111,10.0,50.0
20601,16,1979,1994,16,0,0,,,0,0,0,,,False,Notophthalmus viridescens,Amphibia,Wetland,USA,North America,Count,Marked females,Sample,None,-1.0,16.0,1.0,False, Supplied by B. Brook (Uni. of Adelaide) ID: 30048,762,10877,12112,-81.485,33.3
20602,15,1976,1990,15,0,0,,,0,0,0,,,False,Plethodon jordani,Amphibia,Wetland,USA,North America,Count,Adults,Sample,None,-1.0,15.0,1.0,False, Supplied by B. Brook (Uni. of Adelaide) ID: 30049,762,10878,12113,-83.2,35.55
20603,15,1976,1990,15,0,0,,,0,0,0,,,False,Plethodon glutinosus,Amphibia,Wetland,USA,North America,Count,Adults,Sample,None,-1.0,15.0,1.0,False, Supplied by B. Brook (Uni. of Adelaide) ID: 30050,762,10878,12114,-83.2,35.55
20604,12,1967,1979,13,1,0,,,0,0,0,,,False,Plethodon cinereus,Amphibia,Wetland,USA,North America,Count,Adults,Sample,None,-1.0,13.0,1.0,False, Supplied by B. Brook (Uni. of Adelaide) ID: 30051,762,10880,12115,-78.4,38.5
20605,16,1979,1994,16,0,0,1989.0,1989.0,0,0,0,,,False,Eurycea quadridigitata,Amphibia,Wetland,USA,North America,Count,Marked females,Sample,None,-1.0,16.0,1.0,False, Supplied by B. Brook (Uni. of Adelaide) ID: 30052,762,10877,12116,-81.485,33.3
20606,15,1976,1990,15,0,0,,,0,0,0,,,False,Desmognathus quadramaculatus,Amphibia,Wetland,USA,North America,Count,Adults,Sample,None,-1.0,15.0,1.0,False, Supplied by B. Brook (Uni. of Adelaide) ID: 30053,762,10879,12117,-83.27,35.05
20607,15,1976,1990,15,0,0,,,0,0,0,,,False,Desmognathus ochrophaeus,Amphibia,Wetland,USA,North America,Count,Adults,Sample,None,-1.0,15.0,1.0,False, Supplied by B. Brook (Uni. of Adelaide) ID: 30054,762,10879,12118,-83.27,35.05
20608,15,1976,1990,15,0,0,,,0,0,0,,,False,Desmognathus monticola,Amphibia,Wetland,USA,North America,Count,Adults,Sample,None,-1.0,15.0,1.0,False, Supplied by B. Brook (Uni. of Adelaide) ID: 30055,762,10879,12119,-83.27,35.05
20609,15,1976,1990,15,0,0,,,0,0,0,,,False,Desmognathus aeneus,Amphibia,Wetland,USA,North America,Count,Adults,Sample,None,-1.0,15.0,1.0,False, Supplied by B. Brook (Uni. of Adelaide) ID: 30056,762,10879,12120,-83.27,35.05
20610,15,1979,1994,16,1,0,1991.0,1988.0,0,0,0,,,False,Ambystoma tigrinum tigrinum,Amphibia,Wetland,USA,North America,Count,Marked females,Sample,None,-1.0,16.0,1.0,False, Supplied by B. Brook (Uni. of Adelaide) ID: 30057,762,10877,12121,-81.485,33.3
20611,16,1979,1994,16,0,0,,,0,0,0,,,False,Ambystoma talpoideum,Amphibia,Wetland,USA,North America,Count,Marked females,Sample,None,-1.0,16.0,1.0,False, Supplied by B. Brook (Uni. of Adelaide) ID: 30058,762,10877,12122,-81.485,33.3
20612,14,1981,1994,14,0,0,,,0,0,0,,,False,Ambystoma opacum,Amphibia,Wetland,USA,North America,Count,Marked females,Sample,None,-1.0,14.0,1.0,False, Supplied by B. Brook (Uni. of Adelaide) ID: 30059,762,10877,12123,-81.485,33.3
20613,16,1979,1994,16,0,0,1985.0,1985.0,0,0,0,,,False,Rana utricularia,Amphibia,Wetland,USA,North America,Count,Marked females,Sample,None,-1.0,16.0,1.0,False, Supplied by B. Brook (Uni. of Adelaide) ID: 30060,762,10877,12124,-81.485,33.3
20614,15,1979,1994,16,1,0,1993.0,1988.0,0,0,0,,,False,Rana clamitans,Amphibia,Wetland,USA,North America,Count,Females,Sample,None,-1.0,16.0,1.0,False, Supplied by B. Brook (Uni. of Adelaide) ID: 30061,762,10877,12125,-81.485,33.3
20615,15,1979,1994,16,1,0,,,0,0,0,,,False,Scaphiopus holbrooki,Amphibia,Wetland,USA,North America,Count,Marked females,Sample,None,-1.0,16.0,1.0,False, Supplied by B. Brook (Uni. of Adelaide) ID: 30062,762,10877,12126,-81.485,33.3
20616,16,1979,1994,16,0,0,,,0,0,0,,,False,Gastrophryne carolinensis,Amphibia,Wetland,USA,North America,Count,Marked females,Sample,None,-1.0,16.0,1.0,False, Supplied by B. Brook (Uni. of Adelaide) ID: 30063,762,10877,12127,-81.485,33.3
20617,15,1975,1989,15,0,0,,,0,0,0,,,False,Pseudacris regilla,Amphibia,Wetland,USA,North America,Count,Adults,Sample,None,-1.0,15.0,1.0,False, Supplied by B. Brook (Uni. of Adelaide) ID: 30064,762,10881,12128,-118.75,41.0
20618,16,1979,1994,16,0,0,1987.0,1987.0,0,0,0,,,False,Pseudacris ornata,Amphibia,Wetland,USA,North America,Count,Marked females,Sample,None,-1.0,16.0,1.0,False, Supplied by B. Brook (Uni. of Adelaide) ID: 30065,762,10877,12129,-81.485,33.3
20619,16,1979,1994,16,0,0,1987.0,1987.0,0,0,0,,,False,Pseudacris nigrita,Amphibia,Wetland,USA,North America,Count,Marked females,Sample,None,-1.0,16.0,1.0,False, Supplied by B. Brook (Uni. of Adelaide) ID: 30066,762,10877,12130,-81.485,33.3
20620,16,1979,1994,16,0,0,1987.0,1987.0,0,0,0,,,False,Pseudacris crucifer,Amphibia,Wetland,USA,North America,Count,Marked females,Sample,None,-1.0,16.0,1.0,False, Supplied by B. Brook (Uni. of Adelaide) ID: 30067,762,10877,12131,-81.485,33.3
20621,16,1979,1994,16,0,0,1988.0,1988.0,0,0,0,,,False,Bufo terrestris,Amphibia,Wetland,USA,North America,Count,Marked females,Sample,None,-1.0,16.0,1.0,False, Supplied by B. Brook (Uni. of Adelaide) ID: 30068,762,10877,12132,-81.485,33.3
20622,12,1971,1982,12,0,0,1980.0,1980.0,0,0,0,,,False,Bufo canorus,Amphibia,Wetland,USA,North America,Count,Marked females,Sample,None,-1.0,12.0,1.0,False, Supplied by B. Brook (Uni. of Adelaide) ID: 30069,762,10882,12133,-119.25,37.9
20624,11,1972,1989,18,7,0,,,0,0,0,,,False,Maculinea,Reptilia,Wetland,USA,North America,Count,Individuals trapped,Census (estimated),None,-1.0,18.0,1.0,False, Supplied by B. Brook (Uni. of Adelaide) ID: 30071,762,10883,12134,-81.5,33.25
20625,28,1963,1995,33,5,0,1985.0,1985.0,0,0,0,,,False,Aleurotrachelus jelinekii,Insecta,Specified plants as habitat,UK - England,Europe,Count,Eggs,per bush,None,-1.0,33.0,1.0,False, Supplied by B. Brook (Uni. of Adelaide) ID: 30072,762,10527,11120,-0.6416666666666667,51.40416666666667
20626,21,1975,1995,21,0,0,,,0,0,0,,,False,Myzocallis boerneri,Insecta,Deciduous forest,UK - England,Europe,Count,Adults,per 80 leaves,None,-1.0,21.0,1.0,False, Supplied by B. Brook (Uni. of Adelaide) ID: 30073,762,10546,11167,1.2833333333333332,52.9
20627,22,1972,1996,25,3,0,1978.0,1978.0,0,0,0,,,False,Maculinea arion,Insecta,Unspecified habitat or no information,United Kingdom,Europe,Not Specified,Not Specified,Not Specified,Not Specified,-1.0,25.0,1.0,False, Supplied by B. Brook (Uni. of Adelaide) ID: 30074,762,10847,12135,-3.2,54.675
20628,23,1974,1996,23,0,1,1983.0,1983.0,0,0,0,,,False,Tyria jacobaeae,Insecta,Unspecified habitat or no information,Germany,Europe,Not Specified,Not Specified,Not Specified,per m^2,-1.0,23.0,1.0,False, Supplied by B. Brook (Uni. of Adelaide) ID: 30075,762,10884,10762,28.81,51.075
20629,14,1983,1996,14,0,0,,,0,0,0,,,False,Euura lasiolepis,Insecta,Specified plants as habitat,USA,North America,Not Specified,Not Specified,per 1000 shoots,Not Specified,-1.0,14.0,1.0,False, Supplied by B. Brook (Uni. of Adelaide) ID: 30076,762,10885,12136,-111.65,35.2
20630,12,1946,1957,12,0,0,1951.0,1951.0,0,0,0,,,False,Acleris variana,Insecta,Coniferous forest,Unknown,Unknown,Count,Larvae,Sample,per 100 m^2 of foliage,-1.0,12.0,1.0,False, Supplied by B. Brook (Uni. of Adelaide) ID: 30078,762,10784,12137,,
20631,19,1970,1988,19,0,0,1979.0,1979.0,0,0,0,,,False,Epinotia tedella,Insecta,Coniferous forest,Denmark,Europe,Count,Larvae,Sample,per 100 m^2 of foliage,-1.0,19.0,1.0,False, Supplied by B. Brook (Uni. of Adelaide) ID: 30079,762,10637,12138,10.0,57.0
20633,14,1980,1993,14,0,0,,,0,0,0,,,False,Salvelinus confluentus,Osteichthyes,Fluvial,USA,North America,Not Specified,Not Specified,Not Specified,Not Specified,-1.0,14.0,1.0,False, Supplied by B. Brook (Uni. of Adelaide) ID: 30081,762,10886,12140,-113.6,48.25
20634,43,1952,1995,44,1,0,,,2,0,2,1981.0,1982.0,False,Peromyscus maniculatus,Mammalia,Mixed or unspecified forest,Canada,North America,Count,Trapped individuals,per 1000 trap nights,None,-1.0,44.0,1.0,False, Supplied by B. Brook (Uni. of Adelaide) ID: 30082,762,10887,427,-78.37,45.75
20635,43,1952,1995,44,1,0,1973.0,1973.0,0,0,0,,,False,Clethrionomys gapperi,Mammalia,Mixed or unspecified forest,Canada,North America,Count,Trapped individuals,per 1000 trap nights,None,-1.0,44.0,1.0,False, Supplied by B. Brook (Uni. of Adelaide) ID: 30083,762,10887,11168,-78.37,45.75
20636,43,1952,1995,44,1,0,,,2,0,2,1981.0,1982.0,False,Tamias striatus,Mammalia,Mixed or unspecified forest,Canada,North America,Count,Trapped individuals,per 1000 trap nights,None,-1.0,44.0,1.0,False, Supplied by B. Brook (Uni. of Adelaide) ID: 30084,762,10887,11170,-78.37,45.75
20637,43,1952,1995,44,1,8,1977.0,1977.0,0,0,0,,,False,Sorex cinereus,Mammalia,Mixed or unspecified forest,Canada,North America,Count,Trapped individuals,per 1000 trap nights,None,-1.0,44.0,1.0,False, Supplied by B. Brook (Uni. of Adelaide) ID: 30085,762,10887,11171,-78.37,45.75
20638,43,1952,1995,44,1,0,1964.0,1964.0,0,0,0,,,False,Tamiasciurus hudsonicus,Mammalia,Mixed or unspecified forest,Canada,North America,Count,Trapped individuals,per 1000 trap nights,None,-1.0,44.0,1.0,False, Supplied by B. Brook (Uni. of Adelaide) ID: 30086,762,10887,87,-78.37,45.75
20639,42,1952,1995,44,2,6,1964.0,1960.0,0,0,0,,,False,Napaeozapus insignis,Mammalia,Mixed or unspecified forest,Canada,North America,Count,Trapped individuals,per 1000 trap nights,None,-1.0,44.0,1.0,False, Supplied by B. Brook (Uni. of Adelaide) ID: 30087,762,10887,11928,-78.37,45.75
20640,41,1952,1995,44,3,0,1980.0,1980.0,0,0,0,,,False,Blarina brevicauda,Mammalia,Mixed or unspecified forest,Canada,North America,Count,Trapped individuals,per 1000 trap nights,None,-1.0,44.0,1.0,False, Supplied by B. Brook (Uni. of Adelaide) ID: 30088,762,10887,11929,-78.37,45.75
20641,41,1952,1995,44,3,16,1978.0,1966.0,0,0,0,,,False,Glaucomys sabrinus,Mammalia,Mixed or unspecified forest,Canada,North America,Count,Trapped individuals,per 1000 trap nights,None,-1.0,44.0,1.0,False, Supplied by B. Brook (Uni. of Adelaide) ID: 30089,762,10887,12141,-78.37,45.75
20642,23,1975,1997,23,0,0,,,0,0,0,,,False,Procyon Lotor,Mammalia,Unspecified habitat or no information,USA,North America,Not Specified,Not Specified,Not Specified,Not Specified,-1.0,23.0,1.0,False, Supplied by B. Brook (Uni. of Adelaide) ID: 30090,762,10888,83,-89.48335,39.73335
20643,14,1986,1999,14,0,0,,,0,0,0,,,False,Aix  sponsa,Aves,Mixed or unspecified forest,Canada,North America,Count,Occupied nest boxes,Sample,None,-1.0,14.0,1.0,False, Supplied by B. Brook (Uni. of Adelaide) ID: 30091,762,10889,12142,-75.9,45.35
20644,14,1986,1999,14,0,0,,,0,0,0,,,False,Lophodytes cucullatus,Aves,Mixed or unspecified forest,Canada,North America,Count,Occupied nest boxes,Sample,None,-1.0,14.0,1.0,False, Supplied by B. Brook (Uni. of Adelaide) ID: 30092,762,10889,12143,-75.9,45.35
20645,19,1967,1995,29,10,0,,,0,0,0,,,False,Eschrichtius robustus,Mammalia,Marine,USA,North America,Count,All Individuals,Sample,None,-1.0,29.0,1.0,False, Supplied by B. Brook (Uni. of Adelaide) ID: 30093,762,10862,12144,-125.1,37.25
20646,15,1981,1995,15,0,0,,,0,0,0,,,False,Vulpes macrotis mutica,Mammalia,Grassland,USA,North America,Count,All Individuals,Sample,None,-1.0,15.0,1.0,False, Supplied by B. Brook (Uni. of Adelaide) ID: 30094,762,10890,12145,-142.7,53.05
20647,11,1989,1999,11,0,0,,,0,0,0,,,False,Oreamnos americanus,Mammalia,Montane,Canada,North America,Count,All Individuals,Sample,None,-1.0,11.0,1.0,False, Supplied by B. Brook (Uni. of Adelaide) ID: 30095,762,10891,12146,-117.25,53.0
20648,13,1985,1997,13,0,0,,,0,0,0,,,False,Elaphurus davidianus,Mammalia,Grassland,China,Asia,Count,All Individuals,Census,None,-1.0,13.0,1.0,False, Supplied by B. Brook (Uni. of Adelaide) ID: 30096,762,10892,12147,121.75,31.92
20649,48,1955,2002,48,0,0,,,14,0,14,1984.0,1997.0,False,Anas platyrhynchos,Aves,Unspecified habitat or no information,Canada,North America,Count,All Individuals,Sample,None,-1.0,48.0,1.0,False, Supplied by B. Brook (Uni. of Adelaide) ID: 30097,762,2071,28,-98.0,50.0
20650,48,1955,2002,48,0,0,,,14,0,14,1984.0,1997.0,False,Anas strepera,Aves,Unspecified habitat or no information,Not applicable,North America,Count,All Individuals,Sample,None,-1.0,48.0,1.0,False, Supplied by B. Brook (Uni. of Adelaide) ID: 30098,762,10874,741,-108.91,44.985
20651,48,1955,2002,48,0,0,,,14,0,14,1984.0,1997.0,False,Anas americana,Aves,Unspecified habitat or no information,Not applicable,North America,Count,All Individuals,Sample,None,-1.0,48.0,1.0,False, Supplied by B. Brook (Uni. of Adelaide) ID: 30099,762,10874,751,-108.91,44.985
20652,48,1955,2002,48,0,0,,,14,0,14,1984.0,1997.0,False,Anas crecca,Aves,Unspecified habitat or no information,Not applicable,North America,Count,All Individuals,Sample,None,-1.0,48.0,1.0,False, Supplied by B. Brook (Uni. of Adelaide) ID: 30100,762,10874,744,-108.91,44.985
20653,48,1955,2002,48,0,0,,,14,0,14,1984.0,1997.0,False,Anas discors,Aves,Unspecified habitat or no information,Not applicable,North America,Count,All Individuals,Sample,None,-1.0,48.0,1.0,False, Supplied by B. Brook (Uni. of Adelaide) ID: 30101,762,10874,746,-108.91,44.985
20654,48,1955,2002,48,0,0,,,14,0,14,1984.0,1997.0,False,Anas clypeata,Aves,Unspecified habitat or no information,Not applicable,North America,Count,All Individuals,Sample,None,-1.0,48.0,1.0,False, Supplied by B. Brook (Uni. of Adelaide) ID: 30102,762,10874,743,-108.91,44.985
20655,48,1955,2002,48,0,0,,,14,0,14,1984.0,1997.0,False,Anas acuta,Aves,Unspecified habitat or no information,Not applicable,North America,Count,All Individuals,Sample,None,-1.0,48.0,1.0,False, Supplied by B. Brook (Uni. of Adelaide) ID: 30103,762,10874,742,-108.91,44.985
20656,48,1955,2002,48,0,0,,,14,0,14,1984.0,1997.0,False,Aythya americana,Aves,Unspecified habitat or no information,Not applicable,North America,Count,All Individuals,Sample,None,-1.0,48.0,1.0,False, Supplied by B. Brook (Uni. of Adelaide) ID: 30104,762,10874,747,-108.91,44.985
20657,48,1955,2002,48,0,0,,,14,0,14,1984.0,1997.0,False,Aythya valisinera,Aves,Unspecified habitat or no information,Not applicable,North America,Count,All Individuals,Sample,None,-1.0,48.0,1.0,False, Supplied by B. Brook (Uni. of Adelaide) ID: 30105,762,10874,748,-108.91,44.985
20658,48,1955,2002,48,0,0,,,14,0,14,1984.0,1997.0,False,Aythya affinis,Aves,Unspecified habitat or no information,Not applicable,North America,Count,All Individuals,Sample,None,-1.0,48.0,1.0,False, Supplied by B. Brook (Uni. of Adelaide) ID: 30106,762,10874,749,-108.91,44.985
20659,23,1975,1999,25,2,1,,,0,0,0,,,False,Phoca vitulina richardsi,Mammalia,Coastal,USA,North America,Count,All Individuals,Sample,None,-1.0,25.0,1.0,False, Supplied by B. Brook (Uni. of Adelaide) ID: 30107,762,10893,12148,-124.125,47.35
20660,25,1964,1989,26,1,0,,1989.0,0,0,0,,,False,Odocoileus hemionus,Mammalia,Coniferous forest,USA,North America,Count,All Individuals,Sample,None,-1.0,26.0,1.0,False, Supplied by B. Brook (Uni. of Adelaide) ID: 30108,762,10894,12149,-121.225,42.65
20661,17,1982,1998,17,0,0,,,0,0,0,,,False,Oncorhynchus kisutch,Osteichthyes,Fluvial,USA,North America,Count,All Individuals,Sample,None,-1.0,17.0,1.0,False, Supplied by B. Brook (Uni. of Adelaide) ID: 30109,762,10895,10104,-121.75,48.65
20662,20,1978,1997,20,0,0,,,0,0,0,,,False,Cinclus cinclus,Aves,Unspecified habitat or no information,Norway,Europe,Count,All Individuals,Sample,None,-1.0,20.0,1.0,False, Supplied by B. Brook (Uni. of Adelaide) ID: 30110,762,10896,12150,8.685,60.25
20663,29,1947,1975,29,0,0,1955.0,1955.0,0,0,0,,,False,Phyllopertha horticola,Insecta,Unspecified habitat or no information,UK - England,Europe,Count,Larvae,Sample,Unknown,-1.0,29.0,1.0,False, Supplied by B. Brook (Uni. of Adelaide) ID: 40011,762,10897,12151,-2.95,54.42
