stockid,n_obs,start,end,span,n_missing_years,n_zero,onset_year,censor_year,n_origins,n_pos,n_neg,first_origin,last_origin,event_in_eligible_window,var_used,stocklong,scientificname,commonname,areaid,region,family,FisheryType,salmon,n_zero_values
ACADREDGOMGB,111,1913,2023,111,0,0,1970.0,1970.0,28,5,23,1942.0,1969.0,True,SSB,Acadian redfish Gulf of Maine / Georges Bank,Sebastes fasciatus,Acadian redfish,USA-NMFS-5YZ,US East Coast,Sebastidae,Rockfish,False,0
ACMACKSARG,30,1990,2019,30,0,0,,,0,0,0,,,False,SSB,Argentine chub mackerel Southern Argentina,Scomber colias,Argentine chub mackerel,Argentina-CFP-ARG-S,South America,Scombridae,Forage Fish,False,0
AFLONCH,14,1998,2011,14,0,0,2004.0,2004.0,0,0,0,,,False,SSB,Alfonsino Chile,Beryx splendens,Alfonsino,multinational-SPRFMO-CHL,South America,Berycidae,Other Marine,False,0
ALBAIO,44,1975,2018,44,0,0,,,10,0,10,2004.0,2013.0,False,SSB,Albacore tuna Indian Ocean,Thunnus alalunga,Albacore tuna,multinational-IOTC-IO,Indian Ocean,Scombridae,Tuna and Marlin,False,0
ALBANPAC,25,1994,2018,25,0,0,,,0,0,0,,,False,SSB,Albacore tuna North Pacific Ocean,Thunnus alalunga,Albacore tuna,multinational-ISC-NPAC,Pacific Ocean,Scombridae,Tuna and Marlin,False,0
ALBASPAC,60,1960,2019,60,0,0,,,26,0,26,1989.0,2014.0,False,SSB,Albacore tuna South Pacific Ocean,Thunnus alalunga,Albacore tuna,multinational-WCPFC-SPAC,Pacific Ocean,Scombridae,Tuna and Marlin,False,0
ALPLAICBSAI,47,1975,2021,47,0,0,,,13,0,13,2004.0,2016.0,False,SSB,Alaska plaice Bering Sea and Aleutian Islands,Pleuronectes quadrituberculatus,Alaska plaice,USA-NMFS-BSAI,US Alaska,Pleuronectidae,Flatfish,False,0
ALSKABSAI,71,1950,2020,71,0,0,,,37,0,37,1979.0,2015.0,False,SSB,Alaska skate Bering Sea and Aleutian Islands,Bathyraja parmifera,Alaska skate,USA-NMFS-BSAI,US Alaska,Arhynchobatidae,Sharks Rays and Skates,False,0
AMPL23K,25,1979,2003,25,0,0,1992.0,1992.0,0,0,0,,,False,SSB,American plaice Labrador - NE Newfoundland,Hippoglossoides platessoides,American plaice,Canada-DFO-23K,Canada East Coast,Pleuronectidae,Flatfish,False,0
AMPL3LNO,48,1960,2007,48,0,0,1992.0,1992.0,3,3,0,1989.0,1991.0,True,SSB,American plaice Grand Banks,Hippoglossoides platessoides,American plaice,multinational-NAFO-3LNO,Canada East Coast,Pleuronectidae,Flatfish,False,0
AMPL3M,20,1988,2007,20,0,0,,,0,0,0,,,False,SSB,American plaice Flemish Cap,Hippoglossoides platessoides,American plaice,multinational-NAFO-3M,Canada East Coast,Pleuronectidae,Flatfish,False,0
AMPL4T,40,1976,2015,40,0,0,1997.0,1997.0,0,0,0,,,False,SSB,American plaice Southern Gulf of St. Lawrence,Hippoglossoides platessoides,American plaice,Canada-DFO-4T,Canada East Coast,Pleuronectidae,Flatfish,False,0
AMPL4VWX,40,1970,2009,40,0,0,,,6,0,6,1999.0,2004.0,False,SSB,American plaice Scotian Shelf and Bay of Fundy,Hippoglossoides platessoides,American plaice,Canada-DFO-4VWX,Canada East Coast,Pleuronectidae,Flatfish,False,0
AMPL5YZ,42,1980,2021,42,0,0,,,8,0,8,2009.0,2016.0,False,SSB,American plaice Gulf of Maine / Georges Bank,Hippoglossoides platessoides,American plaice,USA-NMFS-5YZ,US East Coast,Pleuronectidae,Flatfish,False,0
ANCHIXa,33,1989,2021,33,0,0,,,0,0,0,,,False,SSB,Anchovy Portugese Waters -East,Engraulis encrasicolus,Anchovy,multinational-ICES-IXa,European Union,Engraulidae,Forage Fish,False,0
ANCHMEDGSA1,8,2002,2009,8,0,0,,,0,0,0,,,False,SSB,Anchovy Northern Alboran Sea,Engraulis encrasicolus,Anchovy,multinational-GFCM-GSA1,Mediterranean-Black Sea,Engraulidae,Forage Fish,False,0
ANCHMEDGSA16,17,2005,2021,17,0,0,,,0,0,0,,,False,SSB,Anchovy South of Sicily,Engraulis encrasicolus,Anchovy,multinational-GFCM-GSA16,Mediterranean-Black Sea,Engraulidae,Forage Fish,False,0
ANCHMEDGSA17-18,23,2000,2022,23,0,0,,,0,0,0,,,False,SSB,"Anchovy Adriatic Sea (GSA 17,18)",Engraulis encrasicolus,Anchovy,multinational-GFCM-GSA17-18,Mediterranean-Black Sea,Engraulidae,Forage Fish,False,0
ANCHMEDGSA20,9,2000,2008,9,0,0,,,0,0,0,,,False,SSB,Anchovy Eastern Ionian Sea,Engraulis encrasicolus,Anchovy,multinational-GFCM-GSA20,Mediterranean-Black Sea,Engraulidae,Forage Fish,False,0
ANCHMEDGSA22-23,17,2000,2016,17,0,0,,,0,0,0,,,False,SSB,"Anchovy Aegean Sea and Crete Island (GSA 22,23)",Engraulis encrasicolus,Anchovy,multinational-GFCM-GSA22-23,Mediterranean-Black Sea,Engraulidae,Forage Fish,False,0
ANCHMEDGSA29,34,1988,2021,34,0,0,,,0,0,0,,,False,SSB,Anchovy Black Sea,Engraulis encrasicolus,Anchovy,multinational-GFCM-GSA29,Mediterranean-Black Sea,Engraulidae,Forage Fish,False,0
ANCHMEDGSA6,8,2002,2009,8,0,0,,,0,0,0,,,False,SSB,Anchovy Northern Spain,Engraulis encrasicolus,Anchovy,multinational-GFCM-GSA6,Mediterranean-Black Sea,Engraulidae,Forage Fish,False,0
ANCHMEDGSA7,20,2002,2021,20,0,0,,,0,0,0,,,False,SSB,Anchovy Gulf of Lions,Engraulis encrasicolus,Anchovy,multinational-GFCM-GSA7,Mediterranean-Black Sea,Engraulidae,Forage Fish,False,0
ANCHMEDGSA9-11,8,2009,2016,8,0,0,,,0,0,0,,,False,SSB,Anchovy Geographical Sub-Areas 9-11,Engraulis encrasicolus,Anchovy,multinational-GFCM-GSA9-11,Mediterranean-Black Sea,Engraulidae,Forage Fish,False,0
ANCHOBAYB,34,1987,2020,34,0,0,,,0,0,0,,,False,SSB,Anchovy Bay of Biscay,Engraulis encrasicolus,Anchovy,multinational-ICES-VIII,European Union,Engraulidae,Forage Fish,False,0
ANCHOSA,36,1984,2019,36,0,0,,,2,0,2,2013.0,2014.0,False,SSB,Anchovy South Africa,Engraulis encrasicolus,Anchovy,South Africa-DETMCM-SA,Southern Africa,Engraulidae,Forage Fish,False,0
ANCHOVYKILKACS,10,1995,2004,10,0,0,2003.0,2003.0,0,0,0,,,False,SSB,Anchovy kilka Iranian Caspian Sea,Clupeonella engrauliformis,Anchovy kilka,Iran-Iran-CS,Other,Clupeidae,Forage Fish,False,0
ANGLMEDGSA15-16,2,2009,2010,2,0,0,,,0,0,0,,,False,SSB,"Black bellied angler Malta Island and South of Sicily (GSA 15, 16)",Lophius budegassa,Black bellied angler,multinational-GFCM-GSA15-16,Mediterranean-Black Sea,Lophiidae,Other Marine,False,0
ANGLMEDGSA5,11,2003,2013,11,0,0,,,0,0,0,,,False,SSB,Black bellied angler Balearic Island,Lophius budegassa,Black bellied angler,multinational-GFCM-GSA5,Mediterranean-Black Sea,Lophiidae,Other Marine,False,0
ANGLMEDGSA6,10,2004,2013,10,0,0,,,0,0,0,,,False,SSB,Black bellied angler Northern Spain,Lophius budegassa,Black bellied angler,multinational-GFCM-GSA6,Mediterranean-Black Sea,Lophiidae,Other Marine,False,0
ANGLVIIIc-IXa,42,1980,2021,42,0,0,,,8,0,8,2009.0,2016.0,False,SSB,Black bellied angler ICES 8c-9a,Lophius budegassa,Black bellied angler,multinational-ICES-VIIIc-IXa,European Union,Lophiidae,Other Marine,False,0
APOLLNSJ,34,1980,2013,34,0,0,2006.0,2006.0,0,0,0,,,False,SSB,Walleye pollock Sea of Japan North,Theragra chalcogramma,Walleye pollock,Japan-FAJ-NSJ,Japan,Gadidae,Gadids,False,0
APOLLPJPN,33,1981,2013,33,0,0,,,0,0,0,,,False,SSB,Walleye pollock Pacific Coast of Japan,Theragra chalcogramma,Walleye pollock,Japan-FAJ-PJPN,Japan,Gadidae,Gadids,False,0
ARFLOUNDBSAI,45,1976,2020,45,0,0,,,11,0,11,2005.0,2015.0,False,SSB,Arrowtooth flounder Bering Sea and Aleutian Islands,Atheresthes stomias,Arrowtooth flounder,USA-NMFS-BSAI,US Alaska,Pleuronectidae,Flatfish,False,0
ARFLOUNDGA,45,1977,2021,45,0,0,,,11,0,11,2006.0,2016.0,False,SSB,Arrowtooth flounder Gulf of Alaska,Atheresthes stomias,Arrowtooth flounder,USA-NMFS-GA,US Alaska,Pleuronectidae,Flatfish,False,0
ARFLOUNDPCOAST,106,1916,2021,106,0,0,,,72,0,72,1945.0,2016.0,False,SSB,Arrowtooth flounder Pacific Coast,Atheresthes stomias,Arrowtooth flounder,USA-NMFS-PCOAST,US West Coast,Pleuronectidae,Flatfish,False,0
ARGANCHONARG,30,1990,2019,30,0,0,,,0,0,0,,,False,SSB,Argentine anchoita Northern Argentina,Engraulis anchoita,Argentine anchoita,Argentina-CFP-ARG-N,South America,Engraulidae,Forage Fish,False,0
ARGANCHOSARG,30,1990,2019,30,0,0,,,0,0,0,,,False,SSB,Argentine anchoita Southern Argentina,Engraulis anchoita,Argentine anchoita,Argentina-CFP-ARG-S,South America,Engraulidae,Forage Fish,False,0
ARGHAKENARG,33,1986,2018,33,0,0,,,0,0,0,,,False,SSB,Argentine hake Northern Argentina,Merluccius hubbsi,Argentine hake,Argentina-CFP-ARG-N,South America,Merlucciidae,Gadids,False,0
ARGHAKESARG,29,1990,2018,29,0,0,,,0,0,0,,,False,SSB,Argentine hake Southern Argentina,Merluccius hubbsi,Argentine hake,Argentina-CFP-ARG-S,South America,Merlucciidae,Gadids,False,0
ATBTUNAEATL,48,1968,2015,48,0,0,,,14,0,14,1997.0,2010.0,False,SSB,Atlantic bluefin tuna Eastern Atlantic,Thunnus thynnus,Atlantic bluefin tuna,multinational-ICCAT-EATL,Atlantic Ocean,Scombridae,Tuna and Marlin,False,0
ATBTUNAWATL,42,1974,2015,42,0,0,,,8,0,8,2003.0,2010.0,False,SSB,Atlantic bluefin tuna Western Atlantic,Thunnus thynnus,Atlantic bluefin tuna,multinational-ICCAT-WATL,Atlantic Ocean,Scombridae,Tuna and Marlin,False,0
ATHAL3NOPs4VWX5Zc,44,1970,2013,44,0,0,1993.0,1993.0,0,0,0,,,False,SSB,Atlantic halibut Scotian Shelf and Southern Grand Banks,Hippoglossus hippoglossus,Atlantic halibut,Canada-DFO-3NOPs4VWX5Zc,Canada East Coast,Pleuronectidae,Flatfish,False,0
ATKABSAI,44,1977,2020,44,0,0,,,10,0,10,2006.0,2015.0,False,SSB,Atka mackerel Bering Sea and Aleutian Islands,Pleurogrammus monopterygius,Atka mackerel,USA-NMFS-BSAI,US Alaska,Hexagrammidae,Other Marine,False,0
ATLCROAKMATLC,21,1988,2008,21,0,0,,,0,0,0,,,False,SSB,Atlantic croaker Mid-Atlantic Coast,Micropogonias undulatus,Atlantic croaker,USA-NMFS-MATLC,US East Coast,Sciaenidae,Other Marine,False,0
ATOOTHFISHRS,13,1995,2007,13,0,0,,,0,0,0,,,False,SSB,Antarctic toothfish Ross Sea,Dissostichus mawsoni,Antarctic toothfish,multinational-CCAMLR-RS,Other,Nototheniidae,Other Marine,False,0
AUROCKPCOAST,98,1916,2013,98,0,0,,,64,0,64,1945.0,2008.0,False,SSB,Aurora rockfish Pacific Coast,Sebastes aurora,Aurora rockfish,USA-NMFS-PCOAST,US West Coast,Sebastidae,Rockfish,False,0
AUSSALMONNZ,85,1929,2013,85,0,0,,,51,0,51,1958.0,2008.0,False,SSB,Australian salmon New Zealand,Arripis trutta,Australian salmon,New Zealand-MFish-NZ,New Zealand,Arripidae,Other Marine,False,0
AWOLF5YZ,52,1968,2019,52,0,0,2000.0,2000.0,3,3,0,1997.0,1999.0,True,SSB,Atlantic wolffish Gulf of Maine / Georges Bank,Anarhichas lupus,Atlantic wolffish,USA-NMFS-5YZ,US East Coast,Anarhichadidae,Other Marine,False,0
BGRDRNSWWA,61,1960,2020,61,0,0,,,27,0,27,1989.0,2015.0,False,SSB,Blue grenadier New South Wales to Western Australia,Macruronus novaezelandiae,Blue grenadier,Australia-AFMA-NSWWA,Australia,Merlucciidae,Gadids,False,0
BGROCKPCOAST,70,1950,2019,70,0,0,1995.0,1995.0,16,5,11,1979.0,1994.0,True,SSB,Blackgill rockfish Pacific Coast,Sebastes melanostomus,Blackgill rockfish,USA-NMFS-PCOAST,US West Coast,Sebastidae,Rockfish,False,0
BHEADSHARATL,62,1950,2011,62,0,0,,,28,0,28,1979.0,2006.0,False,SSB,Bonnethead shark Atlantic,Sphyrna tiburo,Bonnethead shark,USA-NMFS-ATL,US Southeast and Gulf,Sphyrnidae,Sharks Rays and Skates,False,0
BIGEYECWPAC,64,1952,2015,64,0,0,,,30,0,30,1981.0,2010.0,False,SSB,Bigeye tuna Central Western Pacific Ocean,Thunnus obesus,Bigeye tuna,multinational-WCPFC-CWPAC,Pacific Ocean,Scombridae,Tuna and Marlin,False,0
BIGEYEEPAC,42,1975,2016,42,0,0,,,8,0,8,2004.0,2011.0,False,SSB,Bigeye tuna Eastern Pacific,Thunnus obesus,Bigeye tuna,multinational-IATTC-EPAC,Pacific Ocean,Scombridae,Tuna and Marlin,False,0
BIGEYEIO,44,1975,2018,44,0,0,,,10,0,10,2004.0,2013.0,False,SSB,Bigeye tuna Indian Ocean,Thunnus obesus,Bigeye tuna,multinational-IOTC-IO,Indian Ocean,Scombridae,Tuna and Marlin,False,0
BIGHTREDSE,55,1960,2014,55,0,0,,,21,0,21,1989.0,2009.0,False,SSB,Bight redfish Southeast Australia,Centroberyx gerrardi,Bight redfish,Australia-AFMA-SE,Australia,Berycidae,Other Marine,False,0
BIGSKAPCOAST,104,1916,2019,104,0,0,,,70,0,70,1945.0,2014.0,False,SSB,Big skate Pacific Coast,Raja binoculata,Big skate,USA-NMFS-PCOAST,US West Coast,Rajidae,Sharks Rays and Skates,False,0
BKCDLFENI,87,1923,2009,87,0,0,2001.0,2001.0,49,5,44,1952.0,2000.0,True,SSB,Black cardinalfish East coast of North Island,Epigonus telescopus,Black cardinalfish,New Zealand-MFish-ENI,New Zealand,Epigonidae,Other Marine,False,0
BKINGCRABPI,28,1981,2008,28,0,0,1986.0,1986.0,0,0,0,,,False,SSB,Blue king crab Pribilof Islands,Paralithodes platypus,Blue king crab,USA-NMFS-PI,US Alaska,Lithodidae,Invertebrate,False,0
BKINGCRABSMI,41,1978,2018,41,0,0,2012.0,2012.0,5,5,0,2007.0,2011.0,True,SSB,Blue king crab Saint Matthews Island,Paralithodes platypus,Blue king crab,USA-NMFS-SMI,US Alaska,Lithodidae,Invertebrate,False,0
BLACKGROUPERGMSATL,23,1986,2008,23,0,0,,,0,0,0,,,False,SSB,Black grouper Gulf of Mexico and South Atlantic,Mycteroperca bonaci,Black grouper,USA-NMFS-GMSATL,US Southeast and Gulf,Serranidae,Other Marine,False,0
BLACKOREOPR,36,1974,2009,36,0,0,,,2,0,2,2003.0,2004.0,False,SSB,Black oreo Pukaki Rise,Allocyttus niger,Black oreo,New Zealand-MFish-PR,New Zealand,Oreosomatidae,Other Marine,False,0
BLACKOREOWECR,35,1973,2007,35,0,0,,,1,0,1,2002.0,2002.0,False,SSB,Black oreo West end of Chatham Rise,Allocyttus niger,Black oreo,New Zealand-MFish-WECR,New Zealand,Oreosomatidae,Other Marine,False,0
BLACKROCKCAL,104,1916,2019,104,0,0,1988.0,1988.0,43,5,38,1945.0,1987.0,True,SSB,Black rockfish California,Sebastes melanops,Black rockfish,USA-NMFS-CAL,US West Coast,Sebastidae,Rockfish,False,0
BLACKROCKORECOAST,128,1892,2019,128,0,0,,,94,0,94,1921.0,2014.0,False,SSB,Black rockfish Oregon Coast,Sebastes melanops,Black rockfish,USA-NMFS-ORECOAST,US West Coast,Sebastidae,Rockfish,False,0
BLACKROCKWASH,84,1940,2023,84,0,0,1992.0,1992.0,23,5,18,1969.0,1991.0,True,SSB,Black rockfish Washington,Sebastes melanops,Black rockfish,USA-NMFS-WASH,US West Coast,Sebastidae,Rockfish,False,0
BLINGVa-XIV,20,2000,2020,21,1,0,,,0,0,0,,,False,SSB,Blue ling ICES 5a-14,Molva dypterygia,Blue ling,multinational-ICES-Va-XIV,Europe non EU,Lotidae,Gadids,False,0
BLINGVb-VI-VII,26,1995,2020,26,0,0,,,0,0,0,,,False,SSB,Blue ling ICES 5b-6-7,Molva dypterygia,Blue ling,multinational-ICES-Vb-VI-VII,European Union,Lotidae,Gadids,False,0
BLRAYIXa,8,2008,2015,8,0,0,,,0,0,0,,,False,SSB,Blonde ray Portugese Waters -East,Raja brachyura,Blonde ray,multinational-ICES-IXa,European Union,Rajidae,Sharks Rays and Skates,False,0
BLSHARIO,50,1970,2019,50,0,0,,,16,0,16,1999.0,2014.0,False,SSB,Blue shark Indian Ocean,Prionace glauca,Blue shark,multinational-IOTC-IO,Indian Ocean,Carcharhinidae,Sharks Rays and Skates,False,0
BLSHARNPAC,46,1970,2015,46,0,0,,,12,0,12,1999.0,2010.0,False,SSB,Blue shark North Pacific,Prionace glauca,Blue shark,multinational-WCPFC-NPAC,Pacific Ocean,Carcharhinidae,Sharks Rays and Skates,False,0
BLTILESATLC,38,1974,2011,38,0,0,,,4,0,4,2003.0,2006.0,False,SSB,Blueline tilefish Southern Atlantic coast,Caulolatilus microps,Blueline tilefish,USA-NMFS-SATLC,US Southeast and Gulf,Malacanthidae,Other Marine,False,0
BLUEFISHATLC,38,1985,2022,38,0,0,,,4,0,4,2014.0,2017.0,False,SSB,Bluefish Atlantic Coast,Pomatomus saltatrix,Bluefish,USA-NMFS-ATLC,US East Coast,Pomatomidae,Other Marine,False,0
BLUEROCKCAL,92,1916,2007,92,0,0,1985.0,1985.0,40,5,35,1945.0,1984.0,True,SSB,Blue rockfish California,Sebastes mystinus,Blue rockfish,USA-NMFS-CAL,US West Coast,Sebastidae,Rockfish,False,0
BMACKECS,27,1992,2018,27,0,0,,,0,0,0,,,False,SSB,Spotted mackerel East China Sea,Scomber australasicus,Spotted mackerel,Japan-FAJ-ECS,Japan,Scombridae,Forage Fish,False,0
BMACKPJPN,24,1995,2018,24,0,0,,,0,0,0,,,False,SSB,Spotted mackerel Pacific Coast of Japan,Scomber australasicus,Spotted mackerel,Japan-FAJ-PJPN,Japan,Scombridae,Forage Fish,False,0
BMARLINPAC,48,1972,2019,48,0,0,,,14,0,14,2001.0,2014.0,False,SSB,Blue marlin Pacific Ocean,Makaira nigricans,Blue marlin,multinational-ISC-PAC,Pacific Ocean,Istiophoridae,Tuna and Marlin,False,0
BMDOGVI-VII,18,2001,2018,18,0,0,,,0,0,0,,,False,SSB,Blackmouth dogfish ICES 6-7,Galeus melastomus,Blackmouth dogfish,multinational-ICES-VI-VII,European Union,Scyliorhinidae,Sharks Rays and Skates,False,0
BMDOGVIII-IXa,18,1997,2014,18,0,0,,,0,0,0,,,False,SSB,Blackmouth dogfish ICES 8-9a,Galeus melastomus,Blackmouth dogfish,multinational-ICES-VIII-IXa,European Union,Scyliorhinidae,Sharks Rays and Skates,False,0
BNOSESHARATL,60,1950,2009,60,0,0,,,26,0,26,1979.0,2004.0,False,SSB,Blacknose shark Atlantic,Carcharhinus acronotus,Blacknose shark,USA-NMFS-ATL,US Southeast and Gulf,Carcharhinidae,Sharks Rays and Skates,False,0
BNSNZ,47,1975,2021,47,0,0,2011.0,2011.0,7,5,2,2004.0,2010.0,True,SSB,Bluenose New Zealand,Hyperoglyphe antarctica,Bluenose,New Zealand-MFish-NZ,New Zealand,Centrolophidae,Other Marine,False,0
BOARVI-VIII,29,1991,2019,29,0,0,,,0,0,0,,,False,SSB,Boarfish ICES 6-8,Capros aper,Boarfish,multinational-ICES-VI-VIII,European Union,Caproidae,Other Marine,False,0
BOCACCBCW,85,1936,2020,85,0,0,1992.0,1992.0,27,5,22,1965.0,1991.0,True,SSB,Bocaccio British Columbia Waters,Sebastes paucispinis,Bocaccio,Canada-DFO-BCW,Canada West Coast,Sebastidae,Rockfish,False,0
BOCACCSPCOAST,126,1892,2017,126,0,0,1997.0,1997.0,76,5,71,1921.0,1996.0,True,SSB,Bocaccio Southern Pacific Coast,Sebastes paucispinis,Bocaccio,USA-NMFS-SPCOAST,US West Coast,Sebastidae,Rockfish,False,0
BRILL2232,14,2001,2014,14,0,0,,,0,0,0,,,False,SSB,Brill Baltic Areas 22-32,Scophthalmus rhombus,Brill,multinational-ICES-22-32,European Union,Scophthalmidae,Flatfish,False,0
BRILLIIIa-IV-VIIde,8,2007,2014,8,0,0,,,0,0,0,,,False,SSB,Brill ICES 3a-4-7de,Scophthalmus rhombus,Brill,multinational-ICES-IIIa-IV-VIIde,European Union,Scophthalmidae,Flatfish,False,0
BRMSOJ,31,1980,2010,31,0,0,,,0,0,0,,,False,SSB,Yellow sea bream Sea of Japan,Dentex tumifrons,Yellow sea bream,Japan-FAJ-SOJ,Japan,Sparidae,Other Marine,False,0
BRNSHRIMPGM,34,1984,2017,34,0,0,,,0,0,0,,,False,SSB,Brown shrimp Gulf of Mexico,Farfantepenaeus aztecus,Brown shrimp,USA-NMFS-GM,US Southeast and Gulf,Penaeidae,Invertebrate,False,0
BSBASSMATLC,31,1989,2019,31,0,0,,,0,0,0,,,False,SSB,Black sea bass Mid-Atlantic Coast,Centropristis striata,Black sea bass,USA-NMFS-MATLC,US East Coast,Serranidae,Other Marine,False,0
BSBASSSATL,39,1978,2016,39,0,0,,,5,0,5,2007.0,2011.0,False,SSB,Black sea bass South Atlantic,Centropristis striata,Black sea bass,USA-NMFS-SATL,US Southeast and Gulf,Serranidae,Other Marine,False,0
BSQLOBSTERCSCH,37,1979,2015,37,0,0,,,3,0,3,2008.0,2010.0,False,SSB,Yellow squat lobster Central-Southern Chile,Cervimunida johni,Yellow squat lobster,Chile-SUBPESCA-CH-CS,South America,Munididae,Invertebrate,False,0
BSQLOBSTERNCH,31,1985,2015,31,0,0,,,0,0,0,,,False,SSB,Yellow squat lobster Northern Chile,Cervimunida johni,Yellow squat lobster,Chile-SUBPESCA-CH-N,South America,Munididae,Invertebrate,False,0
BTIPSHARATL,24,1981,2004,24,0,0,,,0,0,0,,,False,SSB,Blacktip shark Atlantic,Carcharhinus limbatus,Blacktip shark,USA-NMFS-ATL,US Southeast and Gulf,Carcharhinidae,Sharks Rays and Skates,False,0
BTIPSHARGM,30,1981,2010,30,0,0,,,0,0,0,,,False,SSB,Blacktip shark Gulf of Mexico,Carcharhinus limbatus,Blacktip shark,USA-NMFS-GM,US Southeast and Gulf,Carcharhinidae,Sharks Rays and Skates,False,0
BTSHRIMPNAUST,47,1969,2015,47,0,0,,,13,0,13,1998.0,2010.0,False,SSB,Brown tiger shrimp Northern Australia,Penaeus esculentus,Brown tiger shrimp,Australia-AFMA-NAUST,Australia,Penaeidae,Invertebrate,False,0
BUTTERGOMCHATT,31,1989,2019,31,0,0,,,0,0,0,,,False,SSB,Atlantic butterfish Gulf of Maine / Cape Hatteras,Peprilus triacanthus,Atlantic butterfish,USA-NMFS-5YCHATT,US East Coast,Stromateidae,Other Marine,False,0
BWHITMEDGSA1,3,2009,2011,3,0,0,,,0,0,0,,,False,SSB,Blue whiting Northern Alboran Sea,Micromesistius poutassou,Blue whiting,multinational-GFCM-GSA1,Mediterranean-Black Sea,Gadidae,Gadids,False,0
BWHITMEDGSA6,5,2009,2013,5,0,0,,,0,0,0,,,False,SSB,Blue whiting Northern Spain,Micromesistius poutassou,Blue whiting,multinational-GFCM-GSA6,Mediterranean-Black Sea,Gadidae,Gadids,False,0
BWHITMEDGSA9,5,2009,2013,5,0,0,,,0,0,0,,,False,SSB,Blue whiting Ligurian and North Tyrrhenian Sea,Micromesistius poutassou,Blue whiting,multinational-GFCM-GSA9,Mediterranean-Black Sea,Gadidae,Gadids,False,0
BWHITNEA,42,1981,2022,42,0,0,,,8,0,8,2010.0,2017.0,False,SSB,Blue whiting Northeast Atlantic,Micromesistius poutassou,Blue whiting,multinational-ICES-I-II-III-IV-V-VI-VII-VIII-IX-XII-XIV,European Union,Gadidae,Gadids,False,0
CABEZNCAL,104,1916,2019,104,0,0,,,70,0,70,1945.0,2014.0,False,SSB,Cabezon Northern California,Scorpaenichthys marmoratus,Cabezon,USA-NMFS-NCAL,US West Coast,Cottidae,Other Marine,False,0
CABEZORECOAST,50,1970,2019,50,0,0,,,16,0,16,1999.0,2014.0,False,SSB,Cabezon Oregon Coast,Scorpaenichthys marmoratus,Cabezon,USA-NMFS-ORECOAST,US West Coast,Cottidae,Other Marine,False,0
CABEZSCAL,104,1916,2019,104,0,0,,,70,0,70,1945.0,2014.0,False,SSB,Cabezon Southern California,Scorpaenichthys marmoratus,Cabezon,USA-NMFS-SCAL,US West Coast,Cottidae,Other Marine,False,0
CALSCORPSCAL,102,1916,2017,102,0,0,,,68,0,68,1945.0,2012.0,False,SSB,California scorpionfish Southern California,Scorpaena guttata,California scorpionfish,USA-NMFS-SCAL,US West Coast,Scorpaenidae,Other Marine,False,0
CAPEIIa-V-XIV,36,1979,2014,36,0,0,,,2,0,2,2008.0,2009.0,False,SSB,Capelin ICES 2a-5-14,Mallotus villosus,Capelin,multinational-ICES-IIa-V-XIV,Europe non EU,Osmeridae,Forage Fish,False,0
CAPENOR,33,1989,2021,33,0,0,2016.0,2016.0,0,0,0,,,False,SSB,Capelin Barents Sea,Mallotus villosus,Capelin,multinational-ICES-I,Europe non EU,Osmeridae,Forage Fish,False,0
CHAKESA,121,1900,2020,121,0,0,1958.0,1958.0,29,5,24,1929.0,1957.0,True,SSB,Shallow water cape hake South Africa,Merluccius capensis,Shallow water cape hake,South Africa-DETMCM-SA,Southern Africa,Merlucciidae,Gadids,False,0
CHERRCHVX,22,1991,2012,22,0,0,,,0,0,0,,,False,SSB,Chilean herring Central-Southern Chile,Clupea bentincki,Chilean herring,Chile-SUBPESCA-CH-CS,South America,Clupeidae,Forage Fish,False,0
CHILISPCOAST,126,1892,2017,126,0,0,,,92,0,92,1921.0,2012.0,False,SSB,Chilipepper Southern Pacific Coast,Sebastes goodei,Chilipepper,USA-NMFS-SPCOAST,US West Coast,Sebastidae,Rockfish,False,0
CHROCKCPCOAST,120,1900,2019,120,0,0,,,86,0,86,1929.0,2014.0,False,SSB,China rockfish Central Pacific Coast,Sebastes nebulosus,China rockfish,USA-NMFS-CPCOAST,US West Coast,Sebastidae,Rockfish,False,0
CHROCKNPCOAST,120,1900,2019,120,0,0,,,86,0,86,1929.0,2014.0,False,SSB,China rockfish Northern Pacific Coast,Sebastes nebulosus,China rockfish,USA-NMFS-NPCOAST,US West Coast,Sebastidae,Rockfish,False,0
CHROCKSPCOAST,120,1900,2019,120,0,0,1995.0,1995.0,66,5,61,1929.0,1994.0,True,SSB,China rockfish Southern Pacific Coast,Sebastes nebulosus,China rockfish,USA-NMFS-SPCOAST,US West Coast,Sebastidae,Rockfish,False,0
CHTRACCH,53,1970,2022,53,0,0,2008.0,2008.0,9,5,4,1999.0,2007.0,True,SSB,Chilean jack mackerel Chilean EEZ and offshore,Trachurus murphyi,Chilean jack mackerel,multinational-SPRFMO-CH,South America,Carangidae,Forage Fish,False,0
CKRAYIIIa-IV,24,1991,2014,24,0,0,,,0,0,0,,,False,SSB,Cuckoo ray ICES 3a-4,Leucoraja naevus,Cuckoo ray,multinational-ICES-IIIa-IV,European Union,Rajidae,Sharks Rays and Skates,False,0
CKRAYIXa,17,1998,2015,18,1,0,,,0,0,0,,,False,SSB,Cuckoo ray Portugese Waters -East,Leucoraja naevus,Cuckoo ray,multinational-ICES-IXa,European Union,Rajidae,Sharks Rays and Skates,False,0
CKRAYVI-VII,11,2005,2015,11,0,0,,,0,0,0,,,False,SSB,Cuckoo ray ICES 6-7,Leucoraja naevus,Cuckoo ray,multinational-ICES-VI-VII,European Union,Rajidae,Sharks Rays and Skates,False,0
CKRAYVIIIc,16,1999,2015,17,1,0,,,0,0,0,,,False,SSB,Cuckoo ray Bay of Biscay -South,Leucoraja naevus,Cuckoo ray,multinational-ICES-VIIIc,European Union,Rajidae,Sharks Rays and Skates,False,0
CMACKPCOAST,34,1983,2016,34,0,0,1999.0,1999.0,0,0,0,,,False,SSB,Pacific chub mackerel Pacific Coast,Scomber japonicus,Pacific chub mackerel,USA-NMFS-PCOAST,US West Coast,Scombridae,Forage Fish,False,0
CMACKPJPN,49,1970,2018,49,0,0,1989.0,1989.0,0,0,0,,,False,SSB,Chub mackerel Pacific Coast of Japan,Scomber japonicus,Chub mackerel,Japan-FAJ-PJPN,Japan,Scombridae,Forage Fish,False,0
CMACKTSST,46,1973,2018,46,0,0,,,12,0,12,2002.0,2013.0,False,SSB,Chub mackerel Tsushima Strait,Scomber japonicus,Chub mackerel,Japan-FAJ-TSST,Japan,Scombridae,Forage Fish,False,0
COBGM,92,1927,2018,92,0,0,1985.0,1985.0,29,5,24,1956.0,1984.0,True,SSB,Cobia Gulf of Mexico,Rachycentron canadum,Cobia,USA-NMFS-GM,US Southeast and Gulf,Rachycentridae,Other Marine,False,0
COBSATLC,62,1950,2011,62,0,0,,,28,0,28,1979.0,2006.0,False,SSB,Cobia Southern Atlantic coast,Rachycentron canadum,Cobia,USA-NMFS-SATLC,US Southeast and Gulf,Rachycentridae,Other Marine,False,0
COD1F-XIV,49,1973,2021,49,0,0,1992.0,1992.0,0,0,0,,,False,SSB,Atlantic cod NAFO 1F and ICES 14,Gadus morhua,Atlantic cod,multinational-ICES-1F-XIV,Europe non EU,Gadidae,Gadids,False,0
COD1IN,46,1976,2021,46,0,0,1991.0,1991.0,0,0,0,,,False,SSB,Atlantic cod NAFO Subarea 1 (inshore),Gadus morhua,Atlantic cod,multinational-ICES-1IN,Canada East Coast,Gadidae,Gadids,False,0
COD2J3KL,39,1983,2021,39,0,0,1993.0,1993.0,0,0,0,,,False,SSB,Atlantic cod Southern Labrador-Eastern Newfoundland,Gadus morhua,Atlantic cod,Canada-DFO-2J3KL,Canada East Coast,Gadidae,Gadids,False,0
COD3M,25,1988,2012,25,0,0,1996.0,1996.0,0,0,0,,,False,SSB,Atlantic cod Flemish Cap,Gadus morhua,Atlantic cod,multinational-NAFO-3M,Canada East Coast,Gadidae,Gadids,False,0
COD3Pn4RS,46,1974,2019,46,0,0,1991.0,1991.0,0,0,0,,,False,SSB,Atlantic cod Northern Gulf of St. Lawrence,Gadus morhua,Atlantic cod,Canada-DFO-3Pn4RS,Canada East Coast,Gadidae,Gadids,False,0
COD3Ps,36,1983,2018,36,0,0,,,2,0,2,2012.0,2013.0,False,SSB,Atlantic cod St. Pierre Bank,Gadus morhua,Atlantic cod,Canada-DFO-3Ps,Canada East Coast,Gadidae,Gadids,False,0
COD4TVn,69,1950,2018,69,0,0,2005.0,2005.0,26,5,21,1979.0,2004.0,True,SSB,Atlantic cod Southern Gulf of St. Lawrence,Gadus morhua,Atlantic cod,Canada-DFO-4T,Canada East Coast,Gadidae,Gadids,False,0
COD4VsW,33,1970,2002,33,0,0,1994.0,1994.0,0,0,0,,,False,SSB,Atlantic cod Eastern Scotian Shelf,Gadus morhua,Atlantic cod,Canada-DFO-4VsW,Canada East Coast,Gadidae,Gadids,False,0
COD4X5Yb,36,1983,2018,36,0,0,2011.0,2011.0,0,0,0,,,False,SSB,"Atlantic cod Western Scotian Shelf, Bay of Fundy and Gulf of Maine",Gadus morhua,Atlantic cod,Canada-DFO-4X5Yb,Canada East Coast,Gadidae,Gadids,False,0
COD5Zjm,38,1978,2015,38,0,0,2004.0,2004.0,0,0,0,,,False,SSB,Atlantic cod NAFO 5Zjm,Gadus morhua,Atlantic cod,multinational-TRAC-5Zjm,Canada East Coast,Gadidae,Gadids,False,0
CODBA2224,37,1985,2021,37,0,0,,2021.0,2,0,2,2014.0,2015.0,False,SSB,Atlantic cod Western Baltic,Gadus morhua,Atlantic cod,multinational-ICES-22-24,European Union,Gadidae,Gadids,False,0
CODBA2532,76,1946,2021,76,0,0,1991.0,1991.0,16,5,11,1975.0,1990.0,True,SSB,Atlantic cod Eastern Baltic,Gadus morhua,Atlantic cod,multinational-ICES-25-32,European Union,Gadidae,Gadids,False,0
CODFAPL,64,1959,2022,64,0,0,2006.0,2006.0,18,5,13,1988.0,2005.0,True,SSB,Atlantic cod Faroe Plateau,Gadus morhua,Atlantic cod,multinational-ICES-Vb1,Europe non EU,Gadidae,Gadids,False,0
CODGB,34,1978,2011,34,0,0,2003.0,2003.0,0,0,0,,,False,SSB,Atlantic cod Georges Bank,Gadus morhua,Atlantic cod,USA-NMFS-5Z,US East Coast,Gadidae,Gadids,False,0
CODGOM,8,2007,2014,8,0,0,,,0,0,0,,,False,SSB,Atlantic cod Gulf of Maine,Gadus morhua,Atlantic cod,USA-NMFS-5Y,US East Coast,Gadidae,Gadids,False,0
CODICE,67,1955,2021,67,0,0,,,33,0,33,1984.0,2016.0,False,SSB,Atlantic cod Iceland Grounds,Gadus morhua,Atlantic cod,multinational-ICES-Va,Europe non EU,Gadidae,Gadids,False,0
CODIIIaW-IV-VIId,60,1963,2022,60,0,0,2003.0,2003.0,11,5,6,1992.0,2002.0,True,SSB,Atlantic cod ICES 3a(west)-4-7d,Gadus morhua,Atlantic cod,multinational-ICES-IIIaW-IV-VIId,European Union,Gadidae,Gadids,False,0
CODIS,56,1968,2023,56,0,0,2006.0,2006.0,9,5,4,1997.0,2005.0,True,SSB,Atlantic cod Irish Sea,Gadus morhua,Atlantic cod,multinational-ICES-VIIa,European Union,Gadidae,Gadids,False,0
CODKAT,24,1997,2020,24,0,0,2009.0,2009.0,0,0,0,,,False,SSB,Atlantic cod Kattegat,Gadus morhua,Atlantic cod,multinational-ICES-21,European Union,Gadidae,Gadids,False,0
CODNEAR,76,1946,2021,76,0,0,1965.0,1965.0,0,0,0,,,False,SSB,Atlantic cod North-East Arctic,Gadus morhua,Atlantic cod,multinational-ICES-I-II,Europe non EU,Gadidae,Gadids,False,0
CODVIIek,42,1980,2021,42,0,0,2018.0,2018.0,9,5,4,2009.0,2017.0,True,SSB,Atlantic cod Celtic Sea,Gadus morhua,Atlantic cod,multinational-ICES-VIIe-k,European Union,Gadidae,Gadids,False,0
CODVIa,42,1981,2022,42,0,0,2000.0,2000.0,0,0,0,,,False,SSB,Atlantic cod West of Scotland,Gadus morhua,Atlantic cod,multinational-ICES-VIa,European Union,Gadidae,Gadids,False,0
COWCODSCAL,120,1900,2019,120,0,0,1983.0,1983.0,54,5,49,1929.0,1982.0,True,SSB,Cowcod Southern California,Sebastes levis,Cowcod,USA-NMFS-SCAL,US West Coast,Sebastidae,Rockfish,False,0
CPANDMEDGSA15-16,6,2006,2011,6,0,0,,,0,0,0,,,False,SSB,"Common pandora Malta Island and South of Sicily (GSA 15, 16)",Pagellus erythrinus,Common pandora,multinational-GFCM-GSA15-16,Mediterranean-Black Sea,Sparidae,Other Marine,False,0
CRLOBSTERSA12,111,1910,2020,111,0,0,1969.0,1969.0,30,5,25,1939.0,1968.0,True,SSB,West coast rock lobster South Africa Areas 1-2,Jasus lalandii,West coast rock lobster,South Africa-DETMCM-1-2,Southern Africa,Palinuridae,Invertebrate,False,0
CRLOBSTERSA34,111,1910,2020,111,0,0,1962.0,1962.0,23,5,18,1939.0,1961.0,True,SSB,West coast rock lobster South Africa Areas 3-4,Jasus lalandii,West coast rock lobster,South Africa-DETMCM-3-4,Southern Africa,Palinuridae,Invertebrate,False,0
CRLOBSTERSA56,111,1910,2020,111,0,0,1961.0,1961.0,22,5,17,1939.0,1960.0,True,SSB,West coast rock lobster South Africa Areas 5-6,Jasus lalandii,West coast rock lobster,South Africa-DETMCM-5-6,Southern Africa,Palinuridae,Invertebrate,False,0
CRLOBSTERSA7,111,1910,2020,111,0,0,1948.0,1948.0,9,5,4,1939.0,1947.0,True,SSB,West coast rock lobster South Africa Area 7,Jasus lalandii,West coast rock lobster,South Africa-DETMCM-7,Southern Africa,Palinuridae,Invertebrate,False,0
CRLOBSTERSA8,111,1910,2020,111,0,0,1948.0,1948.0,9,5,4,1939.0,1947.0,True,SSB,West coast rock lobster South Africa Area 8,Jasus lalandii,West coast rock lobster,South Africa-DETMCM-8,Southern Africa,Palinuridae,Invertebrate,False,0
CROCKPCOAST,130,1892,2021,130,0,0,1992.0,1992.0,71,5,66,1921.0,1991.0,True,SSB,Canary rockfish Pacific Coast,Sebastes pinniger,Canary rockfish,USA-NMFS-PCOAST,US West Coast,Sebastidae,Rockfish,False,0
CROCKWCVANISOGQCI,65,1945,2009,65,0,0,,,31,0,31,1974.0,2004.0,False,SSB,Canary rockfish West Coast of Vancouver Island and Strait of Georgia and Queen Charlotte Islands,Sebastes pinniger,Canary rockfish,Canada-DFO-WCVANI-SOG-QCI,Canada West Coast,Sebastidae,Rockfish,False,0
CSALMA1,25,1980,2004,25,0,0,1990.0,1990.0,0,0,0,,,False,SSB,Chum salmon Area 1,Oncorhynchus keta,Chum salmon,Canada-DFO-A1,Canada West Coast (Pacific Salmon),Salmonidae,Pacific Salmon,True,0
CSALMA10,43,1960,2002,43,0,0,1997.0,1997.0,8,5,3,1989.0,1996.0,True,SSB,Chum salmon Area 10,Oncorhynchus keta,Chum salmon,Canada-DFO-A10,Canada West Coast (Pacific Salmon),Salmonidae,Pacific Salmon,True,0
CSALMA11,24,1980,2003,24,0,0,1991.0,1991.0,0,0,0,,,False,SSB,Chum salmon Area 11,Oncorhynchus keta,Chum salmon,Canada-DFO-A11,Canada West Coast (Pacific Salmon),Salmonidae,Pacific Salmon,True,0
CSALMA12,25,1980,2004,25,0,0,1999.0,1999.0,0,0,0,,,False,SSB,Chum salmon Area 12,Oncorhynchus keta,Chum salmon,Canada-DFO-A12,Canada West Coast (Pacific Salmon),Salmonidae,Pacific Salmon,True,0
CSALMA13,25,1980,2004,25,0,0,1999.0,1999.0,0,0,0,,,False,SSB,Chum salmon Area 13,Oncorhynchus keta,Chum salmon,Canada-DFO-A13,Canada West Coast (Pacific Salmon),Salmonidae,Pacific Salmon,True,0
CSALMA14,25,1980,2004,25,0,0,,2004.0,0,0,0,,,False,SSB,Chum salmon Area 14,Oncorhynchus keta,Chum salmon,Canada-DFO-A14,Canada West Coast (Pacific Salmon),Salmonidae,Pacific Salmon,True,0
CSALMA15,25,1980,2004,25,0,0,,,0,0,0,,,False,SSB,Chum salmon Area 15,Oncorhynchus keta,Chum salmon,Canada-DFO-A15,Canada West Coast (Pacific Salmon),Salmonidae,Pacific Salmon,True,0
CSALMA16,24,1980,2003,24,0,0,1999.0,1999.0,0,0,0,,,False,SSB,Chum salmon Area 16,Oncorhynchus keta,Chum salmon,Canada-DFO-A16,Canada West Coast (Pacific Salmon),Salmonidae,Pacific Salmon,True,0
CSALMA17,24,1980,2003,24,0,0,,,0,0,0,,,False,SSB,Chum salmon Area 17,Oncorhynchus keta,Chum salmon,Canada-DFO-A17,Canada West Coast (Pacific Salmon),Salmonidae,Pacific Salmon,True,0
CSALMA18,23,1980,2002,23,0,0,1999.0,1999.0,0,0,0,,,False,SSB,Chum salmon Area 18,Oncorhynchus keta,Chum salmon,Canada-DFO-A18,Canada West Coast (Pacific Salmon),Salmonidae,Pacific Salmon,True,0
CSALMA19,24,1980,2003,24,0,0,,,0,0,0,,,False,SSB,Chum salmon Area 19,Oncorhynchus keta,Chum salmon,Canada-DFO-A19,Canada West Coast (Pacific Salmon),Salmonidae,Pacific Salmon,True,0
CSALMA20,24,1980,2003,24,0,0,1999.0,1999.0,0,0,0,,,False,SSB,Chum salmon Area 20,Oncorhynchus keta,Chum salmon,Canada-DFO-A20,Canada West Coast (Pacific Salmon),Salmonidae,Pacific Salmon,True,0
CSALMA22,23,1980,2002,23,0,0,,,0,0,0,,,False,SSB,Chum salmon Area 22,Oncorhynchus keta,Chum salmon,Canada-DFO-A22,Canada West Coast (Pacific Salmon),Salmonidae,Pacific Salmon,True,0
CSALMA23,25,1980,2004,25,0,0,,,0,0,0,,,False,SSB,Chum salmon Area 23,Oncorhynchus keta,Chum salmon,Canada-DFO-A23,Canada West Coast (Pacific Salmon),Salmonidae,Pacific Salmon,True,0
CSALMA24,25,1980,2004,25,0,0,,,0,0,0,,,False,SSB,Chum salmon Area 24,Oncorhynchus keta,Chum salmon,Canada-DFO-A24,Canada West Coast (Pacific Salmon),Salmonidae,Pacific Salmon,True,0
CSALMA25,25,1980,2004,25,0,0,,,0,0,0,,,False,SSB,Chum salmon Area 25,Oncorhynchus keta,Chum salmon,Canada-DFO-A25,Canada West Coast (Pacific Salmon),Salmonidae,Pacific Salmon,True,0
CSALMA26,25,1980,2004,25,0,0,,,0,0,0,,,False,SSB,Chum salmon Area 26,Oncorhynchus keta,Chum salmon,Canada-DFO-A26,Canada West Coast (Pacific Salmon),Salmonidae,Pacific Salmon,True,0
CSALMA27,23,1980,2002,23,0,0,,,0,0,0,,,False,SSB,Chum salmon Area 27,Oncorhynchus keta,Chum salmon,Canada-DFO-A27,Canada West Coast (Pacific Salmon),Salmonidae,Pacific Salmon,True,0
CSALMA29,24,1980,2003,24,0,0,,,0,0,0,,,False,SSB,Chum salmon Area 29,Oncorhynchus keta,Chum salmon,Canada-DFO-A29,Canada West Coast (Pacific Salmon),Salmonidae,Pacific Salmon,True,0
CSALMA2E,23,1980,2002,23,0,0,,,0,0,0,,,False,SSB,Chum salmon Area 2E,Oncorhynchus keta,Chum salmon,Canada-DFO-A2E,Canada West Coast (Pacific Salmon),Salmonidae,Pacific Salmon,True,0
CSALMA2W,23,1980,2002,23,0,0,,,0,0,0,,,False,SSB,Chum salmon Area 2W,Oncorhynchus keta,Chum salmon,Canada-DFO-A2W,Canada West Coast (Pacific Salmon),Salmonidae,Pacific Salmon,True,0
CSALMA3,23,1980,2002,23,0,0,,,0,0,0,,,False,SSB,Chum salmon Area 3,Oncorhynchus keta,Chum salmon,Canada-DFO-A3,Canada West Coast (Pacific Salmon),Salmonidae,Pacific Salmon,True,0
CSALMA4,23,1980,2002,23,0,0,,,0,0,0,,,False,SSB,Chum salmon Area 4,Oncorhynchus keta,Chum salmon,Canada-DFO-A4,Canada West Coast (Pacific Salmon),Salmonidae,Pacific Salmon,True,0
CSALMA5,23,1980,2002,23,0,0,1992.0,1992.0,0,0,0,,,False,SSB,Chum salmon Area 5,Oncorhynchus keta,Chum salmon,Canada-DFO-A5,Canada West Coast (Pacific Salmon),Salmonidae,Pacific Salmon,True,0
CSALMA6,38,1965,2002,38,0,0,,,4,0,4,1994.0,1997.0,False,SSB,Chum salmon Area 6,Oncorhynchus keta,Chum salmon,Canada-DFO-A6,Canada West Coast (Pacific Salmon),Salmonidae,Pacific Salmon,True,0
CSALMA7,23,1980,2002,23,0,0,,,0,0,0,,,False,SSB,Chum salmon Area 7,Oncorhynchus keta,Chum salmon,Canada-DFO-A7,Canada West Coast (Pacific Salmon),Salmonidae,Pacific Salmon,True,0
CSALMA8,43,1960,2002,43,0,0,,,9,0,9,1989.0,1997.0,False,SSB,Chum salmon Area 8,Oncorhynchus keta,Chum salmon,Canada-DFO-A8,Canada West Coast (Pacific Salmon),Salmonidae,Pacific Salmon,True,0
CSALMA9,43,1960,2002,43,0,0,,,9,0,9,1989.0,1997.0,False,SSB,Chum salmon Area 9,Oncorhynchus keta,Chum salmon,Canada-DFO-A9,Canada West Coast (Pacific Salmon),Salmonidae,Pacific Salmon,True,0
CSALMAKPSESCD,44,1962,2005,44,0,0,,,10,0,10,1991.0,2000.0,False,SSB,Chum salmon AK Pen Southeastern and South-central Districts,Oncorhynchus keta,Chum salmon,USA-AKSTATE-AKPSESCD,US Alaska (Pacific Salmon),Salmonidae,Pacific Salmon,True,0
CSALMAKPSWUD,44,1962,2005,44,0,0,,,10,0,10,1991.0,2000.0,False,SSB,Chum salmon AK Pen Southwestern and Unimak Districts,Oncorhynchus keta,Chum salmon,USA-AKSTATE-AKPSWUD,US Alaska (Pacific Salmon),Salmonidae,Pacific Salmon,True,0
CSALMAMURCH,31,1974,2004,31,0,0,,,0,0,0,,,False,SSB,Chum salmon Amur chum hatchery,Oncorhynchus keta,Chum salmon,Russia-TINRO-AMURCH,Russia Japan (Pacific Salmon),Salmonidae,Pacific Salmon,True,0
CSALMAMURCW,53,1952,2004,53,0,0,,,19,0,19,1981.0,1999.0,False,SSB,Chum salmon Amur chum wild,Oncorhynchus keta,Chum salmon,Russia-TINRO-AMURCW,Russia Japan (Pacific Salmon),Salmonidae,Pacific Salmon,True,0
CSALMANADYRCW,53,1952,2004,53,0,0,2002.0,2002.0,21,5,16,1981.0,2001.0,True,SSB,Chum salmon Anadyr chum wild,Oncorhynchus keta,Chum salmon,Russia-TINRO-ANADYRCW,Russia Japan (Pacific Salmon),Salmonidae,Pacific Salmon,True,0
CSALMANDREAR,24,1972,1995,24,0,0,,,0,0,0,,,False,SSB,Chum salmon Andreafsky River,Oncorhynchus keta,Chum salmon,USA-AKSTATE-ANDREAR,US Alaska (Pacific Salmon),Salmonidae,Pacific Salmon,True,0
CSALMANVIKR,22,1972,1993,22,0,0,,,0,0,0,,,False,SSB,Chum salmon Anvik River,Oncorhynchus keta,Chum salmon,USA-AKSTATE-ANVIKR,US Alaska (Pacific Salmon),Salmonidae,Pacific Salmon,True,0
CSALMBEARR,37,1962,1998,37,0,1,1988.0,1988.0,0,0,0,,,False,SSB,Chum salmon Bear River,Oncorhynchus keta,Chum salmon,USA-AKSTATE-BEARR,US Alaska (Pacific Salmon),Salmonidae,Pacific Salmon,True,1
CSALMBECHSNWD,37,1962,1998,37,0,0,,,3,0,3,1991.0,1993.0,False,SSB,"Chum salmon Bechevin, Swanson (Northwestern District)",Oncorhynchus keta,Chum salmon,USA-AKSTATE-BECHSNWD,US Alaska (Pacific Salmon),Salmonidae,Pacific Salmon,True,0
CSALMBLKAMR,22,1973,1998,26,4,0,,,0,0,0,,,False,SSB,Chum salmon Big and Little Kamishak Rivers,Oncorhynchus keta,Chum salmon,USA-AKSTATE-BLKAMR,US Alaska (Pacific Salmon),Salmonidae,Pacific Salmon,True,0
CSALMBRUINR,28,1971,1998,28,0,0,1985.0,1985.0,0,0,0,,,False,SSB,Chum salmon Bruin River,Oncorhynchus keta,Chum salmon,USA-AKSTATE-BRUINR,US Alaska (Pacific Salmon),Salmonidae,Pacific Salmon,True,0
CSALMCARIBOUF,37,1962,1998,37,0,2,1975.0,1975.0,0,0,0,,,False,SSB,Chum salmon CaribouFlats,Oncorhynchus keta,Chum salmon,USA-AKSTATE-CARIBOUF,US Alaska (Pacific Salmon),Salmonidae,Pacific Salmon,True,2
CSALMCHIDWD,35,1962,1996,35,0,0,,,1,0,1,1991.0,1991.0,False,SSB,Chum salmon Chignik Western District,Oncorhynchus keta,Chum salmon,USA-AKSTATE-CHIDWD,US Alaska (Pacific Salmon),Salmonidae,Pacific Salmon,True,0
CSALMCHIGCD,35,1962,1996,35,0,0,,,1,0,1,1991.0,1991.0,False,SSB,Chum salmon Chignik Central District,Oncorhynchus keta,Chum salmon,USA-AKSTATE-CHIGCD,US Alaska (Pacific Salmon),Salmonidae,Pacific Salmon,True,0
CSALMCHIGED,35,1962,1996,35,0,0,1985.0,1985.0,0,0,0,,,False,SSB,Chum salmon Chignik Eastern District,Oncorhynchus keta,Chum salmon,USA-AKSTATE-CHIGED,US Alaska (Pacific Salmon),Salmonidae,Pacific Salmon,True,0
CSALMCINDERR,37,1962,1998,37,0,2,,,3,0,3,1991.0,1993.0,False,SSB,Chum salmon Cinder River,Oncorhynchus keta,Chum salmon,USA-AKSTATE-CINDERR,US Alaska (Pacific Salmon),Salmonidae,Pacific Salmon,True,2
CSALMCOLR,51,1950,2000,51,0,0,1973.0,1973.0,0,0,0,,,False,SSB,Chum salmon Columbia R,Oncorhynchus keta,Chum salmon,USA-WASTATE-COLR,US West Coast (Pacific Salmon),Salmonidae,Pacific Salmon,True,0
CSALMCWCIR,29,1968,1998,31,2,0,,,0,0,0,,,False,SSB,Chum salmon Cottonwood Creek and Iniskin River,Oncorhynchus keta,Chum salmon,USA-AKSTATE-CWCIR,US Alaska (Pacific Salmon),Salmonidae,Pacific Salmon,True,0
CSALMDFL,34,1964,1998,35,1,0,1973.0,1973.0,0,0,0,,,False,SSB,Chum salmon Dogfish Lagoon,Oncorhynchus keta,Chum salmon,USA-AKSTATE-DFL,US Alaska (Pacific Salmon),Salmonidae,Pacific Salmon,True,0
CSALMEALSEKR,28,1960,1991,32,4,0,1990.0,1990.0,0,0,0,,,False,SSB,Chum salmon East Alsek River,Oncorhynchus keta,Chum salmon,USA-AKSTATE-EALSEKR,US Alaska (Pacific Salmon),Salmonidae,Pacific Salmon,True,0
CSALMEKAMCH,30,1974,2004,31,1,0,,,0,0,0,,,False,SSB,Chum salmon East Kamchatka chum hatchery,Oncorhynchus keta,Chum salmon,Russia-TINRO-EKAMCH,Russia Japan (Pacific Salmon),Salmonidae,Pacific Salmon,True,0
CSALMEKAMCW,53,1952,2004,53,0,0,,,19,0,19,1981.0,1999.0,False,SSB,Chum salmon East Kamchatka chum wild,Oncorhynchus keta,Chum salmon,Russia-TINRO-EKAMCW,Russia Japan (Pacific Salmon),Salmonidae,Pacific Salmon,True,0
CSALMESAKCH,31,1974,2004,31,0,0,,,0,0,0,,,False,SSB,Chum salmon East Sakhalin chum hatchery,Oncorhynchus keta,Chum salmon,Russia-TINRO-ESAKCH,Russia Japan (Pacific Salmon),Salmonidae,Pacific Salmon,True,0
CSALMFISHC,32,1971,2002,32,0,0,,,0,0,0,,,False,SSB,Chum salmon Fish Creek,Oncorhynchus keta,Chum salmon,USA-AKSTATE-FISHC,US Alaska (Pacific Salmon),Salmonidae,Pacific Salmon,True,0
CSALMGOLOVIN,40,1963,2005,43,3,0,2003.0,1999.0,2,1,1,1993.0,1998.0,True,SSB,Chum salmon Golovin,Oncorhynchus keta,Chum salmon,USA-AKSTATE-GOLOVIN,US Alaska (Pacific Salmon),Salmonidae,Pacific Salmon,True,0
CSALMGOODNEWSR,17,1981,1997,17,0,0,,,0,0,0,,,False,SSB,Chum salmon Goodnews River,Oncorhynchus keta,Chum salmon,USA-AKSTATE-GOODNEWSR,US Alaska (Pacific Salmon),Salmonidae,Pacific Salmon,True,0
CSALMGRAYH,31,1969,2000,32,1,0,,,0,0,0,,,False,SSB,Chum salmon Grays Harbour,Oncorhynchus keta,Chum salmon,USA-WASTATE-GRAYH,US West Coast (Pacific Salmon),Salmonidae,Pacific Salmon,True,0
CSALMHOODC,31,1968,1998,31,0,0,,,0,0,0,,,False,SSB,Chum salmon Hood Canal,Oncorhynchus keta,Chum salmon,USA-WASTATE-HOODC,US West Coast (Pacific Salmon),Salmonidae,Pacific Salmon,True,0
CSALMISCFPM,50,1953,2002,50,0,0,,,16,0,16,1982.0,1997.0,False,SSB,Chum salmon Inner South Coast (Fraser plus Mainland),Oncorhynchus keta,Chum salmon,Canada-DFO-ISCFPM,Canada West Coast (Pacific Salmon),Salmonidae,Pacific Salmon,True,0
CSALMIZEMBEKMNWD,37,1962,1998,37,0,0,,,3,0,3,1991.0,1993.0,False,SSB,"Chum salmon Izembek, Moffet (Northwestern District)",Oncorhynchus keta,Chum salmon,USA-AKSTATE-IZEMBEKMNWD,US Alaska (Pacific Salmon),Salmonidae,Pacific Salmon,True,0
CSALMJCCH,53,1952,2004,53,0,0,,,19,0,19,1981.0,1999.0,False,SSB,Chum salmon Japan coastal chum hatchery,Oncorhynchus keta,Chum salmon,Japan-FAJ-JCCH,Russia Japan (Pacific Salmon),Salmonidae,Pacific Salmon,True,0
CSALMJDFS,31,1968,1998,31,0,0,,,0,0,0,,,False,SSB,Chum salmon Juan de Fuca Straits,Oncorhynchus keta,Chum salmon,USA-WASTATE-JDFS,US West Coast (Pacific Salmon),Salmonidae,Pacific Salmon,True,0
CSALMKADASHANC,20,1969,1988,20,0,0,,,0,0,0,,,False,SSB,Chum salmon Kadashan Creek,Oncorhynchus keta,Chum salmon,USA-AKSTATE-KADASHANC,US Alaska (Pacific Salmon),Salmonidae,Pacific Salmon,True,0
CSALMKANEKTOKR,23,1966,1997,32,9,0,,1997.0,0,0,0,,,False,SSB,Chum salmon Kanektok River,Oncorhynchus keta,Chum salmon,USA-AKSTATE-KANEKTOKR,US Alaska (Pacific Salmon),Salmonidae,Pacific Salmon,True,0
CSALMKOTZEBUES,43,1962,2004,43,0,0,,,9,0,9,1991.0,1999.0,False,SSB,Chum salmon Kotzebue Sound,Oncorhynchus keta,Chum salmon,USA-AKSTATE-KOTZEBUES,US Alaska (Pacific Salmon),Salmonidae,Pacific Salmon,True,0
CSALMKTRNS,31,1965,1995,31,0,0,,,0,0,0,,,False,SSB,Chum salmon Kwiniuk and Tubutulik Rivers (Norton Sound),Oncorhynchus keta,Chum salmon,USA-AKSTATE-KTRNS,US Alaska (Pacific Salmon),Salmonidae,Pacific Salmon,True,0
CSALMKUSKOKWIM,15,1980,1994,15,0,0,1992.0,1992.0,0,0,0,,,False,SSB,Chum salmon Kuskokwim,Oncorhynchus keta,Chum salmon,USA-AKSTATE-KUSKOKWIM,US Alaska (Pacific Salmon),Salmonidae,Pacific Salmon,True,0
CSALMMNRSD,26,1973,1998,26,0,0,,,0,0,0,,,False,SSB,Chum salmon McNeil River (and Sub-District),Oncorhynchus keta,Chum salmon,USA-AKSTATE-MNRSD,US Alaska (Pacific Salmon),Salmonidae,Pacific Salmon,True,0
CSALMNELSONL,37,1962,1998,37,0,0,1986.0,1986.0,0,0,0,,,False,SSB,Chum salmon NelsonLagoon,Oncorhynchus keta,Chum salmon,USA-AKSTATE-NELSONL,US Alaska (Pacific Salmon),Salmonidae,Pacific Salmon,True,0
CSALMNORTONSD1,22,1974,1995,22,0,0,1989.0,1989.0,0,0,0,,,False,SSB,Chum salmon Norton Sound District 1,Oncorhynchus keta,Chum salmon,USA-AKSTATE-NORTONSD1,US Alaska (Pacific Salmon),Salmonidae,Pacific Salmon,True,0
CSALMNSR,31,1968,1998,31,0,0,,,0,0,0,,,False,SSB,Chum salmon Nooksack and Samish Rivers,Oncorhynchus keta,Chum salmon,USA-WASTATE-NSR,US West Coast (Pacific Salmon),Salmonidae,Pacific Salmon,True,0
CSALMNUSHAGAKD,31,1968,2004,37,6,0,,,0,0,0,,,False,SSB,Chum salmon Nushagak District,Oncorhynchus keta,Chum salmon,USA-AKSTATE-NUSHAGAKD,US Alaska (Pacific Salmon),Salmonidae,Pacific Salmon,True,0
CSALMOKCH,31,1974,2004,31,0,0,,,0,0,0,,,False,SSB,Chum salmon Okhotsk chum hatchery,Oncorhynchus keta,Chum salmon,Russia-TINRO-OKCH,Russia Japan (Pacific Salmon),Salmonidae,Pacific Salmon,True,0
CSALMOKCW,53,1952,2004,53,0,0,1968.0,1968.0,0,0,0,,,False,SSB,Chum salmon Okhotsk chum wild,Oncorhynchus keta,Chum salmon,Russia-TINRO-OKCW,Russia Japan (Pacific Salmon),Salmonidae,Pacific Salmon,True,0
CSALMPDIC,35,1964,1998,35,0,0,,,1,0,1,1993.0,1993.0,False,SSB,Chum salmon Port Dick and Island Creek,Oncorhynchus keta,Chum salmon,USA-AKSTATE-PDIC,US Alaska (Pacific Salmon),Salmonidae,Pacific Salmon,True,0
CSALMPERRYVILLED,35,1962,1996,35,0,0,1968.0,1968.0,0,0,0,,,False,SSB,Chum salmon Perryville District,Oncorhynchus keta,Chum salmon,USA-AKSTATE-PERRYVILLED,US Alaska (Pacific Salmon),Salmonidae,Pacific Salmon,True,0
CSALMPGRAHAM,31,1964,1998,35,4,0,1985.0,1985.0,0,0,0,,,False,SSB,Chum salmon Port Graham,Oncorhynchus keta,Chum salmon,USA-AKSTATE-PGRAHAM,US Alaska (Pacific Salmon),Salmonidae,Pacific Salmon,True,0
CSALMPHEIDEN,37,1962,1998,37,0,0,,,3,0,3,1991.0,1993.0,False,SSB,Chum salmon PortHeiden,Oncorhynchus keta,Chum salmon,USA-AKSTATE-PHEIDEN,US Alaska (Pacific Salmon),Salmonidae,Pacific Salmon,True,0
CSALMPMOLLERBT,37,1962,1998,37,0,0,1972.0,1972.0,0,0,0,,,False,SSB,Chum salmon PMollerBt,Oncorhynchus keta,Chum salmon,USA-AKSTATE-PMOLLERBT,US Alaska (Pacific Salmon),Salmonidae,Pacific Salmon,True,0
CSALMPRIMCH,31,1974,2004,31,0,1,,,0,0,0,,,False,SSB,Chum salmon Primorye chum hatchery,Oncorhynchus keta,Chum salmon,Russia-TINRO-PRIMCH,Russia Japan (Pacific Salmon),Salmonidae,Pacific Salmon,True,1
CSALMPRIMCW,53,1952,2004,53,0,0,,,19,0,19,1981.0,1999.0,False,SSB,Chum salmon Primorye chum wild,Oncorhynchus keta,Chum salmon,Russia-TINRO-PRIMCW,Russia Japan (Pacific Salmon),Salmonidae,Pacific Salmon,True,0
CSALMROCKYR,32,1964,1998,35,3,0,1986.0,1986.0,0,0,0,,,False,SSB,Chum salmon Rocky River,Oncorhynchus keta,Chum salmon,USA-AKSTATE-ROCKYR,US Alaska (Pacific Salmon),Salmonidae,Pacific Salmon,True,0
CSALMSKAGR,31,1968,1998,31,0,0,1979.0,1979.0,0,0,0,,,False,SSB,Chum salmon Skagit River,Oncorhynchus keta,Chum salmon,USA-WASTATE-SKAGR,US West Coast (Pacific Salmon),Salmonidae,Pacific Salmon,True,0
CSALMSSOUNDFR,31,1968,1998,31,0,0,,,0,0,0,,,False,SSB,Chum salmon South Sound Fall Run,Oncorhynchus keta,Chum salmon,USA-WASTATE-SSOUNDFR,US West Coast (Pacific Salmon),Salmonidae,Pacific Salmon,True,0
CSALMSSOUNDSR,31,1968,1998,31,0,0,,,0,0,0,,,False,SSB,Chum salmon South Sound Summer Run,Oncorhynchus keta,Chum salmon,USA-WASTATE-SSOUNDSR,US West Coast (Pacific Salmon),Salmonidae,Pacific Salmon,True,0
CSALMSSOUNDWR,31,1968,1998,31,0,0,,,0,0,0,,,False,SSB,Chum salmon South Sound Winter Run,Oncorhynchus keta,Chum salmon,USA-WASTATE-SSOUNDWR,US West Coast (Pacific Salmon),Salmonidae,Pacific Salmon,True,0
CSALMSSR,31,1968,1998,31,0,0,,,0,0,0,,,False,SSB,Chum salmon Stillaguamish and Snohomish Rivers,Oncorhynchus keta,Chum salmon,USA-WASTATE-SSR,US West Coast (Pacific Salmon),Salmonidae,Pacific Salmon,True,0
CSALMTHREEH,37,1962,1998,37,0,7,1985.0,1985.0,0,0,0,,,False,SSB,Chum salmon ThreeHills,Oncorhynchus keta,Chum salmon,USA-AKSTATE-THREEH,US Alaska (Pacific Salmon),Salmonidae,Pacific Salmon,True,7
CSALMTOGD,27,1978,2004,27,0,0,,,0,0,0,,,False,SSB,Chum salmon Togiak District,Oncorhynchus keta,Chum salmon,USA-AKSTATE-TOGD,US Alaska (Pacific Salmon),Salmonidae,Pacific Salmon,True,0
CSALMUCOOKI,27,1972,1998,27,0,0,,,0,0,0,,,False,SSB,Chum salmon Upper Cook Inlet,Oncorhynchus keta,Chum salmon,USA-AKSTATE-UCOOKI,US Alaska (Pacific Salmon),Salmonidae,Pacific Salmon,True,0
CSALMURSUSCL,27,1972,1998,27,0,0,1991.0,1991.0,0,0,0,,,False,SSB,Chum salmon Ursus Cove and Lagoon,Oncorhynchus keta,Chum salmon,USA-AKSTATE-URSUSCL,US Alaska (Pacific Salmon),Salmonidae,Pacific Salmon,True,0
CSALMWILLB,33,1968,2000,33,0,0,,,0,0,0,,,False,SSB,Chum salmon Willapa Bay,Oncorhynchus keta,Chum salmon,USA-WASTATE-WILLB,US West Coast (Pacific Salmon),Salmonidae,Pacific Salmon,True,0
CSALMWKAMCH,30,1974,2004,31,1,1,,2004.0,0,0,0,,,False,SSB,Chum salmon West Kamchatka chum hatchery,Oncorhynchus keta,Chum salmon,Russia-TINRO-WKAMCH,Russia Japan (Pacific Salmon),Salmonidae,Pacific Salmon,True,1
CSALMWKAMCW,53,1952,2004,53,0,0,1975.0,1975.0,0,0,0,,,False,SSB,Chum salmon West Kamchatka chum wild,Oncorhynchus keta,Chum salmon,Russia-TINRO-WKAMCW,Russia Japan (Pacific Salmon),Salmonidae,Pacific Salmon,True,0
CSALMYUKONRFR,43,1961,2003,43,0,0,,,9,0,9,1990.0,1998.0,False,SSB,Chum salmon Yukon River Fall Run,Oncorhynchus keta,Chum salmon,USA-AKSTATE-YUKONRFR,US Alaska (Pacific Salmon),Salmonidae,Pacific Salmon,True,0
CSALMYUKONRSR,43,1961,2003,43,0,0,,,9,0,9,1990.0,1998.0,False,SSB,Chum salmon Yukon River Summer Run,Oncorhynchus keta,Chum salmon,USA-AKSTATE-YUKONRSR,US Alaska (Pacific Salmon),Salmonidae,Pacific Salmon,True,0
CSARDCSCH,30,1991,2020,30,0,0,,,0,0,0,,,False,SSB,Chilean sardine Central-Southern Chile,Strangomera bentincki,Chilean sardine,Chile-SUBPESCA-CH-CS,South America,Clupeidae,Forage Fish,False,0
CSLOBSTERPR,35,1983,2017,35,0,0,,,1,0,1,2012.0,2012.0,False,SSB,Caribbean spiny lobster Puerto Rico,Panulirus argus,Caribbean spiny lobster,USA-NMFS-PR,US Southeast and Gulf,Palinuridae,Invertebrate,False,0
CSLOBSTERSTC,42,1976,2017,42,0,0,,,8,0,8,2005.0,2012.0,False,SSB,Caribbean spiny lobster Saint Croix,Panulirus argus,Caribbean spiny lobster,USA-NMFS-STC,US Southeast and Gulf,Palinuridae,Invertebrate,False,0
CSLOBSTERSTT_STJ,43,1975,2017,43,0,0,,,9,0,9,2004.0,2012.0,False,SSB,Caribbean spiny lobster Saint Thomas / Saint John,Panulirus argus,Caribbean spiny lobster,USA-NMFS-STT_STJ,US Southeast and Gulf,Palinuridae,Invertebrate,False,0
CTRACSA,71,1949,2019,71,0,0,,,37,0,37,1978.0,2014.0,False,SSB,Cape horse mackerel South Africa South coast,Trachurus capensis,Cape horse mackerel,South Africa-DETMCM-SASC,Southern Africa,Carangidae,Forage Fish,False,0
CUSKI-II,15,2000,2014,15,0,0,,,0,0,0,,,False,SSB,Tusk North-East Arctic,Brosme brosme,Tusk,multinational-ICES-I-II,Europe non EU,Lotidae,Gadids,False,0
CUSKNEATL,15,2000,2014,15,0,0,,,0,0,0,,,False,SSB,Tusk Northeast Atlantic,Brosme brosme,Tusk,multinational-ICES-I-II-III-IV-V-VI-VII-VIII-IX-XII-XIV,European Union,Lotidae,Gadids,False,0
CUSKVa-XIV,40,1982,2021,40,0,0,,,6,0,6,2011.0,2016.0,False,SSB,Tusk ICES 5a-14,Brosme brosme,Tusk,multinational-ICES-Va-XIV,European Union,Lotidae,Gadids,False,0
DABIIIa-IV,16,2003,2018,16,0,0,,,0,0,0,,,False,SSB,Dab ICES 3a-4,Limanda limanda,Dab,multinational-ICES-IIIa-IV,European Union,Pleuronectidae,Flatfish,False,0
DEEPCHAKESA,121,1900,2020,121,0,0,1968.0,1968.0,39,5,34,1929.0,1967.0,True,SSB,Deep water cape hake South Africa,Merluccius paradoxus,Deep water cape hake,South Africa-DETMCM-SA,Southern Africa,Merlucciidae,Gadids,False,0
DEEPFLATHEADSE,36,1980,2015,36,0,0,,,2,0,2,2009.0,2010.0,False,SSB,Deepwater flathead Southeast Australia,Platycephalus conatus,Deepwater flathead,Australia-AFMA-SE,Australia,Platycephalidae,Other Marine,False,0
DKROCKPCOAST,107,1915,2021,107,0,0,1998.0,1998.0,54,5,49,1944.0,1997.0,True,SSB,Darkblotched rockfish Pacific Coast,Sebastes crameri,Darkblotched rockfish,USA-NMFS-PCOAST,US West Coast,Sebastidae,Rockfish,False,0
DOYSFS,107,1906,2012,107,0,0,,,73,0,73,1935.0,2007.0,False,SSB,Dredge oyster Foveax Strait,Ostrea chilensis,Dredge oyster,New Zealand-MFish-FS,New Zealand,Ostreidae,Invertebrate,False,0
DSOLEGA,42,1978,2019,42,0,0,,,8,0,8,2007.0,2014.0,False,SSB,Dover sole Gulf of Alaska,Microstomus pacificus,Dover sole,USA-NMFS-GA,US Alaska,Pleuronectidae,Flatfish,False,0
DSOLEPCOAST,110,1911,2020,110,0,0,,,76,0,76,1940.0,2015.0,False,SSB,Dover sole Pacific Coast,Microstomus pacificus,Dover sole,USA-NMFS-PCOAST,US West Coast,Pleuronectidae,Flatfish,False,0
DUSROCKGA,44,1977,2020,44,0,0,,,10,0,10,2006.0,2015.0,False,SSB,Dusky rockfish Gulf of Alaska,Sebastes variabilis,Dusky rockfish,USA-NMFS-GA,US Alaska,Sebastidae,Rockfish,False,0
EBASSGSA7,3,2013,2015,3,0,0,,,0,0,0,,,False,SSB,European seabass Gulf of Lions,Dicentrarchus labrax,European seabass,multinational-GFCM-GSA7,Mediterranean-Black Sea,Moronidae,Other Marine,False,0
EBASSIVbc-VII,37,1985,2021,37,0,0,,,3,0,3,2014.0,2016.0,False,SSB,European seabass ICES 4bc-7,Dicentrarchus labrax,European seabass,multinational-ICES-IVbc-VII,European Union,Moronidae,Other Marine,False,0
EBASSVIIIab,37,1985,2021,37,0,0,,,3,0,3,2014.0,2016.0,False,SSB,European seabass ICES 8ab,Dicentrarchus labrax,European seabass,multinational-ICES-VIIIab,European Union,Moronidae,Other Marine,False,0
EFLOUN2223,14,2001,2014,14,0,0,,,0,0,0,,,False,SSB,European flounder Subdivisions 22-23,Platichthys flesus,European flounder,multinational-ICES-2223,European Union,Pleuronectidae,Flatfish,False,0
EFLOUNIIIa-IV,37,1983,2019,37,0,0,,,3,0,3,2012.0,2014.0,False,SSB,European flounder ICES 3a-4,Platichthys flesus,European flounder,multinational-ICES-IIIa-IV,European Union,Pleuronectidae,Flatfish,False,0
ESOLEPCOAST,132,1876,2007,132,0,0,,,98,0,98,1905.0,2002.0,False,SSB,English sole Pacific Coast,Parophrys vetulus,English sole,USA-NMFS-PCOAST,US West Coast,Pleuronectidae,Flatfish,False,0
FLSOLEBSAI,57,1964,2020,57,0,0,,,23,0,23,1993.0,2015.0,False,SSB,Flathead sole Bering Sea and Aleutian Islands,Hippoglossoides elassodon,Flathead sole,USA-NMFS-BSAI,US Alaska,Pleuronectidae,Flatfish,False,0
FLSOLEGA,40,1978,2017,40,0,0,,,6,0,6,2007.0,2012.0,False,SSB,Flathead sole Gulf of Alaska,Hippoglossoides elassodon,Flathead sole,USA-NMFS-GA,US Alaska,Pleuronectidae,Flatfish,False,0
FMEG8c9a,36,1986,2021,36,0,0,,,2,0,2,2015.0,2016.0,False,SSB,Fourspotted megrim ICES 8c-9a,Lepidorhombus boscii,Fourspotted megrim,multinational-ICES-VIIIc-IXa,European Union,Scophthalmidae,Flatfish,False,0
GAGGM,57,1963,2019,57,0,0,2006.0,2006.0,14,5,9,1992.0,2005.0,True,SSB,Gag Gulf of Mexico,Mycteroperca microlepis,Gag,USA-NMFS-GM,US Southeast and Gulf,Serranidae,Other Marine,False,0
GAGSATLC,58,1962,2019,58,0,0,1985.0,1985.0,0,0,0,,,False,SSB,Gag Southern Atlantic coast,Mycteroperca microlepis,Gag,USA-NMFS-SATLC,US Southeast and Gulf,Serranidae,Other Marine,False,0
GEMFISHNZ,73,1951,2023,73,0,0,,,39,0,39,1980.0,2018.0,False,SSB,Common gemfish New Zealand,Rexea solandri,Common gemfish,New Zealand-MFish-NZ,New Zealand,Gempylidae,Other Marine,False,0
GEMFISHSE,42,1966,2007,42,0,0,1992.0,1992.0,0,0,0,,,False,SSB,Common gemfish Southeast Australia,Rexea solandri,Common gemfish,Australia-AFMA-SE,Australia,Gempylidae,Other Marine,False,0
GHALBSAI,61,1960,2020,61,0,0,2007.0,2007.0,18,5,13,1989.0,2006.0,True,SSB,Greenland halibut Bering Sea and Aleutian Islands,Reinhardtius hippoglossoides,Greenland halibut,USA-NMFS-BSAI,US Alaska,Pleuronectidae,Flatfish,False,0
GHALNEAR,29,1992,2020,29,0,0,,,0,0,0,,,False,SSB,Greenland halibut North-East Arctic,Reinhardtius hippoglossoides,Greenland halibut,multinational-ICES-I-II,Europe non EU,Pleuronectidae,Flatfish,False,0
GHBRMGSA7,3,2013,2015,3,0,0,,,0,0,0,,,False,SSB,Gilthead seabream Gulf of Lions,Sparus aurata,Gilthead seabream,multinational-GFCM-GSA7,Mediterranean-Black Sea,Sparidae,Other Marine,False,0
GJOBMHI,71,1948,2018,71,0,0,,,37,0,37,1977.0,2013.0,False,SSB,Green jobfish Main Hawaiian Islands,Aprion virescens,Green jobfish,USA-NMFS-MHI,US Hawaii,Lutjanidae,Other Marine,False,0
GKCRABAIES,32,1986,2017,32,0,0,,,0,0,0,,,False,SSB,Golden king crab Aleutian Islands Eastern segment,Lithodes aequispinus,Golden king crab,USA-NMFS-AIES,US Alaska,Lithodidae,Invertebrate,False,0
GKCRABAIWS,32,1986,2017,32,0,0,,,0,0,0,,,False,SSB,Golden king crab Aleutian Islands Western segment,Lithodes aequispinus,Golden king crab,USA-NMFS-AIWS,US Alaska,Lithodidae,Invertebrate,False,0
GOLDREDNEAR,34,1986,2019,34,0,0,,,0,0,0,,,False,SSB,Golden redfish North-East Arctic,Sebastes norvegicus,Golden redfish,multinational-ICES-I-II,Europe non EU,Sebastidae,Rockfish,False,0
GOLDREDV-VI-XII-XIV,51,1971,2021,51,0,0,,,17,0,17,2000.0,2016.0,False,SSB,Golden redfish ICES 5-6-12-14,Sebastes norvegicus,Golden redfish,multinational-ICES-V-VI-XII-XIV,European Union,Sebastidae,Rockfish,False,0
GOPHERSPCOAST,41,1965,2005,41,0,0,,,7,0,7,1994.0,2000.0,False,SSB,Gopher rockfish Southern Pacific Coast,Sebastes carnatus,Gopher rockfish,USA-NMFS-SPCOAST,US West Coast,Sebastidae,Rockfish,False,0
GRAMBERGM,69,1950,2018,69,0,0,1983.0,1983.0,4,4,0,1979.0,1982.0,True,SSB,Greater amberjack Gulf of Mexico,Seriola dumerili,Greater amberjack,USA-NMFS-GM,US Southeast and Gulf,Carangidae,Other Marine,False,0
GRAMBERSATLC,38,1980,2017,38,0,0,,,4,0,4,2009.0,2012.0,False,SSB,Greater amberjack Southern Atlantic coast,Seriola dumerili,Greater amberjack,USA-NMFS-SATLC,US Southeast and Gulf,Carangidae,Other Marine,False,0
GRNSTROCKPCOAST,94,1916,2009,94,0,0,,,60,0,60,1945.0,2004.0,False,SSB,Greenstriped rockfish Pacific Coast,Sebastes elongatus,Greenstriped rockfish,USA-NMFS-PCOAST,US West Coast,Sebastidae,Rockfish,False,0
GRSHRIMPMEDGSA12-16,6,2006,2011,6,0,0,,,0,0,0,,,False,SSB,Giant red shrimp Geographical Sub-Areas 12-16,Aristaeomorpha foliacea,Giant red shrimp,multinational-GFCM-GSA12-16,Mediterranean-Black Sea,Aristeidae,Invertebrate,False,0
GRSHRIMPMEDGSA18-19,7,2008,2014,7,0,0,,,0,0,0,,,False,SSB,"Giant red shrimp South Adriatic Sea and West Ionian Sea (GSA 18,19)",Aristaeomorpha foliacea,Giant red shrimp,multinational-GFCM-GSA18-19,Mediterranean-Black Sea,Aristeidae,Invertebrate,False,0
GRSHRIMPMEDGSA9-11,15,2005,2019,15,0,0,,,0,0,0,,,False,SSB,Giant red shrimp Geographical Sub-Areas 9-11,Aristaeomorpha foliacea,Giant red shrimp,multinational-GFCM-GSA9-11,Mediterranean-Black Sea,Aristeidae,Invertebrate,False,0
GRSNAPGM,71,1945,2015,71,0,0,1984.0,1984.0,10,5,5,1974.0,1983.0,True,SSB,Gray snapper Gulf of Mexico,Lutjanus griseus,Gray snapper,USA-NMFS-GM,US Southeast and Gulf,Lutjanidae,Other Marine,False,0
GRSPROCKNCAL,95,1916,2010,95,0,0,1992.0,1992.0,47,5,42,1945.0,1991.0,True,SSB,Greenspotted rockfish Northern Pacific Coast,Sebastes chlorostictus,Greenspotted rockfish,USA-NMFS-NPCOAST,US West Coast,Sebastidae,Rockfish,False,0
GRSPROCKSCAL,95,1916,2010,95,0,0,1986.0,1986.0,41,5,36,1945.0,1985.0,True,SSB,Greenspotted rockfish Southern Pacific Coast,Sebastes chlorostictus,Greenspotted rockfish,USA-NMFS-SPCOAST,US West Coast,Sebastidae,Rockfish,False,0
GSSMELTVa-XIV,22,2000,2021,22,0,0,,,0,0,0,,,False,SSB,Greater silver smelt ICES 5a-14,Argentina silus,Greater silver smelt,multinational-ICES-Va-XIV,Europe non EU,Argentinidae,Forage Fish,False,0
GSSMELTVb-VIa,27,1995,2021,27,0,0,,,0,0,0,,,False,SSB,Greater silver smelt ICES 5b-6a,Argentina silus,Greater silver smelt,multinational-ICES-Vb-VIa,Europe non EU,Argentinidae,Forage Fish,False,0
GSTRGZRSTA7,44,1964,2007,44,0,0,,,10,0,10,1993.0,2002.0,False,SSB,Giant stargazer NZ Area STA7,Kathetostoma giganteum,Giant stargazer,New Zealand-MFish-STA7,New Zealand,Uranoscopidae,Other Marine,False,0
GTPRAWNNAUST,47,1969,2015,47,0,0,,,13,0,13,1998.0,2010.0,False,SSB,Grooved tiger prawn Northern Australia,Penaeus semisulcatus,Grooved tiger prawn,Australia-AFMA-NAUST,Australia,Penaeidae,Invertebrate,False,0
GTRIGGM,69,1945,2013,69,0,0,2012.0,2012.0,38,5,33,1974.0,2011.0,True,SSB,Gray triggerfish Gulf of Mexico,Balistes capriscus,Gray triggerfish,USA-NMFS-GM,US Southeast and Gulf,Balistidae,Other Marine,False,0
HAD4X5Y,32,1985,2016,32,0,0,,,0,0,0,,,False,SSB,"Haddock Western Scotian Shelf, Bay of Fundy and Gulf of Maine",Melanogrammus aeglefinus,Haddock,Canada-DFO-4X5Y,Canada East Coast,Gadidae,Gadids,False,0
HAD5Y,45,1977,2021,45,0,0,1987.0,1987.0,0,0,0,,,False,SSB,Haddock Gulf of Maine,Melanogrammus aeglefinus,Haddock,USA-NMFS-5Y,US East Coast,Gadidae,Gadids,False,0
HADFAPL,64,1957,2020,64,0,0,2010.0,2010.0,24,5,19,1986.0,2009.0,True,SSB,Haddock Faroe Plateau,Melanogrammus aeglefinus,Haddock,multinational-ICES-Vb1,Europe non EU,Gadidae,Gadids,False,0
HADGB,91,1931,2021,91,0,0,1971.0,1971.0,11,5,6,1960.0,1970.0,True,SSB,Haddock Georges Bank,Melanogrammus aeglefinus,Haddock,USA-NMFS-GB,US East Coast,Gadidae,Gadids,False,0
HADICE,45,1979,2023,45,0,0,,,11,0,11,2008.0,2018.0,False,SSB,Haddock Iceland Grounds,Melanogrammus aeglefinus,Haddock,multinational-ICES-Va,Europe non EU,Gadidae,Gadids,False,0
HADIS,29,1993,2021,29,0,0,,,0,0,0,,,False,SSB,Haddock Irish Sea,Melanogrammus aeglefinus,Haddock,multinational-ICES-VIIa,European Union,Gadidae,Gadids,False,0
HADNEAR,72,1950,2021,72,0,0,,,38,0,38,1979.0,2016.0,False,SSB,Haddock North-East Arctic,Melanogrammus aeglefinus,Haddock,multinational-ICES-I-II,Europe non EU,Gadidae,Gadids,False,0
HADNS-IIIa-VIa,52,1972,2023,52,0,0,,,18,0,18,2001.0,2018.0,False,SSB,Haddock ICES 3a-4-6a,Melanogrammus aeglefinus,Haddock,multinational-ICES-NS-IIIa-VIa,European Union,Gadidae,Gadids,False,0
HADROCK,31,1991,2021,31,0,0,2013.0,2013.0,0,0,0,,,False,SSB,Haddock Rockall Bank,Melanogrammus aeglefinus,Haddock,multinational-ICES-VIb,European Union,Gadidae,Gadids,False,0
HADVIIb-k,31,1993,2023,31,0,0,,,0,0,0,,,False,SSB,Haddock ICES 7b-k,Melanogrammus aeglefinus,Haddock,multinational-ICES-VIIb-k,European Union,Gadidae,Gadids,False,0
HAKEMEDGSA1-7,13,2007,2019,13,0,0,,,0,0,0,,,False,SSB,Hake Geographical Sub-Areas 1-7,Merluccius merluccius,Hake,multinational-GFCM-GSA1-7,Mediterranean-Black Sea,Merlucciidae,Gadids,False,0
HAKEMEDGSA17-18,22,1998,2019,22,0,0,,,0,0,0,,,False,SSB,"Hake Adriatic Sea (GSA 17,18)",Merluccius merluccius,Hake,multinational-GFCM-GSA17-18,Mediterranean-Black Sea,Merlucciidae,Gadids,False,0
HAKEMEDGSA19,16,2004,2019,16,0,0,,,0,0,0,,,False,SSB,Hake Western Ionian Sea,Merluccius merluccius,Hake,multinational-GFCM-GSA19,Mediterranean-Black Sea,Merlucciidae,Gadids,False,0
HAKEMEDGSA20,17,2003,2019,17,0,0,,,0,0,0,,,False,SSB,Hake Eastern Ionian Sea,Merluccius merluccius,Hake,multinational-GFCM-GSA20,Mediterranean-Black Sea,Merlucciidae,Gadids,False,0
HAKEMEDGSA22-23,3,2004,2006,3,0,0,,,0,0,0,,,False,SSB,"Hake Aegean Sea and Crete Island (GSA 22,23)",Merluccius merluccius,Hake,multinational-GFCM-GSA22-23,Mediterranean-Black Sea,Merlucciidae,Gadids,False,0
HAKEMEDGSA7,15,1998,2012,15,0,0,,,0,0,0,,,False,SSB,Hake Gulf of Lions,Merluccius merluccius,Hake,multinational-GFCM-GSA7,Mediterranean-Black Sea,Merlucciidae,Gadids,False,0
HAKEMEDGSA8-11,15,2005,2019,15,0,0,,,0,0,0,,,False,SSB,Hake Geographical Sub-Areas 8-11,Merluccius merluccius,Hake,multinational-GFCM-GSA8-11,Mediterranean-Black Sea,Merlucciidae,Gadids,False,0
HAKENRTN,46,1978,2023,46,0,0,,,12,0,12,2007.0,2018.0,False,SSB,Hake ICES 3a-4-6-7-8abd,Merluccius merluccius,Hake,multinational-ICES-IIIa-IV-VI-VII-VIIIabd,European Union,Merlucciidae,Gadids,False,0
HAKESOTH,38,1982,2019,38,0,0,1995.0,1995.0,0,0,0,,,False,SSB,Hake ICES 8c-9a,Merluccius merluccius,Hake,multinational-ICES-VIIIc-IXa,European Union,Merlucciidae,Gadids,False,0
HAKESPPSAF,56,1964,2019,56,0,0,1981.0,1981.0,0,0,0,,,False,SSB,Hake spp Southern Africa,Merluccius spp,Hake spp,Namibia-NMFMR-SAF,Southern Africa,Merlucciidae,Gadids,False,0
HERR2224IIIa,31,1991,2021,31,0,0,,,0,0,0,,,False,SSB,Herring ICES 22-24-3a,Clupea harengus,Herring,multinational-ICES-22-24-IIIa,European Union,Clupeidae,Forage Fish,False,0
HERR2529-32,48,1974,2021,48,0,0,1999.0,1999.0,0,0,0,,,False,SSB,Herring Subdivisions 25-29 and 32,Clupea harengus,Herring,multinational-ICES-2529-32,European Union,Clupeidae,Forage Fish,False,0
HERR30-31,61,1963,2023,61,0,0,,,27,0,27,1992.0,2018.0,False,SSB,Herring Subdivisions 30-31,Clupea harengus,Herring,multinational-ICES-30-31,European Union,Clupeidae,Forage Fish,False,0
HERR4RFA,53,1965,2017,53,0,0,1979.0,1979.0,0,0,0,,,False,SSB,Herring NAFO division 4R (Fall spawners),Clupea harengus,Herring,Canada-DFO-4RFS,Canada East Coast,Clupeidae,Forage Fish,False,0
HERR4RSP,53,1965,2017,53,0,0,1996.0,1996.0,2,2,0,1994.0,1995.0,True,SSB,Herring NAFO division 4R (Spring spawners),Clupea harengus,Herring,Canada-DFO-4RSS,Canada East Coast,Clupeidae,Forage Fish,False,0
HERR4TFA,41,1978,2018,41,0,0,,,7,0,7,2007.0,2013.0,False,SSB,Herring Southern Gulf of St. Lawrence (Fall spawners),Clupea harengus,Herring,Canada-DFO-4TFS,Canada East Coast,Clupeidae,Forage Fish,False,0
HERR4TSP,41,1978,2018,41,0,0,2004.0,2004.0,0,0,0,,,False,SSB,Herring Southern Gulf of St. Lawrence (Spring spawners),Clupea harengus,Herring,Canada-DFO-4TSS,Canada East Coast,Clupeidae,Forage Fish,False,0
HERR4VWX,42,1965,2006,42,0,0,2000.0,2000.0,6,5,1,1994.0,1999.0,True,SSB,Herring Scotian Shelf and Bay of Fundy,Clupea harengus,Herring,Canada-DFO-4VWX,Canada East Coast,Clupeidae,Forage Fish,False,0
HERRCC,68,1951,2018,68,0,0,2006.0,2006.0,26,5,21,1980.0,2005.0,True,SSB,Pacific herring Central Coast,Clupea pallasii,Pacific herring,Canada-DFO-CC,Canada West Coast,Clupeidae,Forage Fish,False,0
HERRHG,68,1951,2018,68,0,0,1957.0,1957.0,0,0,0,,,False,SSB,Pacific herring Haida Gwaii,Clupea pallasii,Pacific herring,Canada-DFO-HG,Canada West Coast,Clupeidae,Forage Fish,False,0
HERRIsum,37,1987,2023,37,0,0,,,3,0,3,2016.0,2018.0,False,SSB,Herring Iceland (Summer spawners),Clupea harengus,Herring,multinational-ICES-VaSS,Europe non EU,Clupeidae,Forage Fish,False,0
HERRNIRS,44,1980,2023,44,0,0,,,10,0,10,2009.0,2018.0,False,SSB,Herring Irish Sea,Clupea harengus,Herring,multinational-ICES-VIIa,European Union,Clupeidae,Forage Fish,False,0
HERRNORSS,36,1988,2023,36,0,0,,,2,0,2,2017.0,2018.0,False,SSB,Herring ICES 1-2-4a-5-14a (Norwegian Spring Spawners),Clupea harengus,Herring,multinational-ICES-I-II-IVa-V-XIVaNSS,Europe non EU,Clupeidae,Forage Fish,False,0
HERRNS-IIIa-VIId,77,1947,2023,77,0,0,1968.0,1968.0,0,0,0,,,False,SSB,Herring ICES 3a-4-7d,Clupea harengus,Herring,multinational-ICES-IIIa-IV-VIId,European Union,Clupeidae,Forage Fish,False,0
HERRNWATLC,58,1965,2022,58,0,0,1976.0,1976.0,0,0,0,,,False,SSB,Herring Northwestern Atlantic Coast,Clupea harengus,Herring,USA-NMFS-NWATLC,US East Coast,Clupeidae,Forage Fish,False,0
HERRPRD,68,1951,2018,68,0,0,1967.0,1967.0,0,0,0,,,False,SSB,Pacific herring Prince Rupert District,Clupea pallasii,Pacific herring,Canada-DFO-PRD,Canada West Coast,Clupeidae,Forage Fish,False,0
HERRPWS,27,1980,2006,27,0,0,1994.0,1994.0,0,0,0,,,False,SSB,Pacific herring Prince William Sound,Clupea pallasii,Pacific herring,USA-AKSTATE-PWS,US Alaska,Clupeidae,Forage Fish,False,0
HERRRIGA,47,1977,2023,47,0,0,,,13,0,13,2006.0,2018.0,False,SSB,Herring Gulf of Riga East of Gotland,Clupea harengus,Herring,multinational-ICES-RIGA,European Union,Clupeidae,Forage Fish,False,0
HERRSIRS,64,1958,2021,64,0,0,1976.0,1976.0,0,0,0,,,False,SSB,Herring ICES 7a-g-h-j-k,Clupea harengus,Herring,multinational-ICES-VIIa-g-h-j-k,European Union,Clupeidae,Forage Fish,False,0
HERRSITKA,30,1978,2007,30,0,0,,,0,0,0,,,False,SSB,Pacific herring Sitka,Clupea pallasii,Pacific herring,USA-AKSTATE-SITKA,US Alaska,Clupeidae,Forage Fish,False,0
HERRSOG,68,1951,2018,68,0,0,1967.0,1967.0,0,0,0,,,False,SSB,Pacific herring Strait of Georgia,Clupea pallasii,Pacific herring,Canada-DFO-SOG,Canada West Coast,Clupeidae,Forage Fish,False,0
HERRVIaVIIbc,64,1957,2020,64,0,0,1999.0,1999.0,13,5,8,1986.0,1998.0,True,SSB,Herring ICES 6a7bc,Clupea harengus,Herring,multinational-ICES-VIa-VIIb-VIIc,European Union,Clupeidae,Forage Fish,False,0
HERRWCVANI,68,1951,2018,68,0,0,2004.0,2004.0,24,5,19,1980.0,2003.0,True,SSB,Pacific herring West Coast of Vancouver Island,Clupea pallasii,Pacific herring,Canada-DFO-WCVANI,Canada West Coast,Clupeidae,Forage Fish,False,0
HMACKIIa-IVa-Vb-VIa-VII-VIII,39,1982,2020,39,0,0,2013.0,2013.0,2,2,0,2011.0,2012.0,True,SSB,Horse mackerel ICES 2a-4a-5b-6a-7-8,Trachurus trachurus,Horse mackerel,multinational-ICES-IIa-IVa-Vb-VIa-VII-VIII,European Union,Carangidae,Forage Fish,False,0
HMACKIXa,30,1992,2021,30,0,0,,,0,0,0,,,False,SSB,Horse mackerel Portugese Waters -East,Trachurus trachurus,Horse mackerel,multinational-ICES-IXa,European Union,Carangidae,Forage Fish,False,0
HMACKMEDGSA9-11,8,2009,2016,8,0,0,,,0,0,0,,,False,SSB,Horse mackerel Geographical Sub-Areas 9-11,Trachurus trachurus,Horse mackerel,multinational-GFCM-GSA9-11,Mediterranean-Black Sea,Carangidae,Forage Fish,False,0
HOKIENZ,51,1972,2022,51,0,0,,,17,0,17,2001.0,2017.0,False,SSB,Hoki Eastern New Zealand,Macruronus novaezelandiae,Hoki,New Zealand-MFish-ENZ,New Zealand,Merlucciidae,Gadids,False,0
HOKIWNZ,51,1972,2022,51,0,0,2003.0,2003.0,2,2,0,2001.0,2002.0,True,SSB,Hoki Western New Zealand,Macruronus novaezelandiae,Hoki,New Zealand-MFish-WNZ,New Zealand,Merlucciidae,Gadids,False,0
JAMBERJPN,20,1994,2013,20,0,0,,,0,0,0,,,False,SSB,Japanese amberjack Japan,Seriola quinqueradiata,Japanese amberjack,Japan-FAJ-JPN,Japan,Carangidae,Other Marine,False,0
JANCHOPJPN,36,1978,2013,36,0,0,,,2,0,2,2007.0,2008.0,False,SSB,Japanese anchovy Pacific Coast of Japan,Engraulis japonicus,Japanese anchovy,Japan-FAJ-PJPN,Japan,Engraulidae,Forage Fish,False,0
JANCHOSETO,38,1981,2018,38,0,0,,,4,0,4,2010.0,2013.0,False,SSB,Japanese anchovy Inland Sea of Japan,Engraulis japonicus,Japanese anchovy,Japan-FAJ-SETO,Japan,Engraulidae,Forage Fish,False,0
JANCHOTSST,42,1977,2018,42,0,0,,,8,0,8,2006.0,2013.0,False,SSB,Japanese anchovy Tsushima Strait,Engraulis japonicus,Japanese anchovy,Japan-FAJ-TSST,Japan,Engraulidae,Forage Fish,False,0
JCSQUIDJPNAR,36,1979,2014,36,0,0,,,2,0,2,2008.0,2009.0,False,SSB,Japanese flying squid Japan Autumn recruitment,Todarodes pacificus,Japanese flying squid,Japan-FAJ-JPNAR,Japan,Ommastrephidae,Invertebrate,False,0
JCSQUIDJPNWR,36,1979,2014,36,0,0,,,2,0,2,2008.0,2009.0,False,SSB,Japanese flying squid Japan Winter recruitment,Todarodes pacificus,Japanese flying squid,Japan-FAJ-JPNWR,Japan,Ommastrephidae,Invertebrate,False,0
JMACKPJPN,38,1982,2019,38,0,0,,,4,0,4,2011.0,2014.0,False,SSB,Japanese jack mackerel Pacific Coast of Japan,Trachurus japonicus,Japanese jack mackerel,Japan-FAJ-PJPN,Japan,Carangidae,Forage Fish,False,0
JMACKTSST,47,1973,2019,47,0,0,,,13,0,13,2002.0,2014.0,False,SSB,Japanese jack mackerel Tsushima Strait,Trachurus japonicus,Japanese jack mackerel,Japan-FAJ-TSST,Japan,Carangidae,Forage Fish,False,0
JPUFFIMKB,21,1993,2013,21,0,0,,,0,0,0,,,False,SSB,Japanese pufferfish Ise and Mikawa Bay,Takifugu rubripes,Japanese pufferfish,Japan-FAJ-IMKB,Japan,Tetraodontidae,Other Marine,False,0
JPUFFSOJECSSI,12,2002,2013,12,0,0,,,0,0,0,,,False,SSB,Japanese pufferfish Sea of Japan and East China Sea and Seto Inland sea,Takifugu rubripes,Japanese pufferfish,Japan-FAJ-SOJECSSI,Japan,Tetraodontidae,Other Marine,False,0
KELPGREENLINGORECOAST,101,1915,2015,101,0,0,,,67,0,67,1944.0,2010.0,False,SSB,Kelp greenling Oregon Coast,Hexagrammos decagrammus,Kelp greenling,USA-NMFS-ORECOAST,US West Coast,Hexagrammidae,Other Marine,False,0
KMACKGM,88,1930,2017,88,0,0,1990.0,1990.0,31,5,26,1959.0,1989.0,True,SSB,King mackerel Gulf of Mexico,Scomberomorus cavalla,King mackerel,USA-NMFS-GM,US Southeast and Gulf,Scombridae,Tuna and Marlin,False,0
KMACKSATLC,112,1901,2012,112,0,0,,,78,0,78,1930.0,2007.0,False,SSB,King mackerel Southern Atlantic coast,Scomberomorus cavalla,King mackerel,USA-NMFS-SATLC,US Southeast and Gulf,Scombridae,Tuna and Marlin,False,0
KMFLOUNBSAI,30,1991,2020,30,0,0,,,0,0,0,,,False,SSB,Kamchatka flounder Bering Sea and Aleutian Islands,Atheresthes evermanni,Kamchatka flounder,USA-NMFS-BSAI,US Alaska,Pleuronectidae,Flatfish,False,0
LINGCODNPCOAST,133,1889,2021,133,0,0,,,99,0,99,1918.0,2016.0,False,SSB,Lingcod Northern Pacific Coast,Ophiodon elongatus,Lingcod,USA-NMFS-NPCOAST,US West Coast,Hexagrammidae,Other Marine,False,0
LINGCODSOG,88,1927,2014,88,0,0,1964.0,1964.0,8,5,3,1956.0,1963.0,True,SSB,Lingcod Strait of Georgia,Ophiodon elongatus,Lingcod,Canada-DFO-SOG,Canada West Coast,Hexagrammidae,Other Marine,False,0
LINGCODSPCOAST,133,1889,2021,133,0,0,1998.0,1998.0,80,5,75,1918.0,1997.0,True,SSB,Lingcod Southern Pacific Coast,Ophiodon elongatus,Lingcod,USA-NMFS-SPCOAST,US West Coast,Hexagrammidae,Other Marine,False,0
LINGI-II,15,2000,2014,15,0,0,,,0,0,0,,,False,SSB,Ling North-East Arctic,Molva molva,Ling,multinational-ICES-I-II,Europe non EU,Lotidae,Gadids,False,0
LINGNEATL,15,2000,2014,15,0,0,,,0,0,0,,,False,SSB,Ling Northeast Atlantic,Molva molva,Ling,multinational-ICES-IIIa-IVa-VI-VII-VIII-IX-XII-XIV,European Union,Lotidae,Gadids,False,0
LINGVa,40,1982,2021,40,0,0,,,6,0,6,2011.0,2016.0,False,SSB,Ling Iceland Grounds,Molva molva,Ling,multinational-ICES-Va,Europe non EU,Lotidae,Gadids,False,0
LINGVb,26,1996,2021,26,0,0,,,0,0,0,,,False,SSB,Ling Faroe Grounds,Molva molva,Ling,multinational-ICES-Vb,Europe non EU,Lotidae,Gadids,False,0
LNOSESKAPCOAST,104,1916,2019,104,0,0,,,70,0,70,1945.0,2014.0,False,SSB,Longnose skate Pacific Coast,Raja rhina,Longnose skate,USA-NMFS-PCOAST,US West Coast,Rajidae,Sharks Rays and Skates,False,0
LOBSTERGOMGB,40,1979,2018,40,0,0,,,6,0,6,2008.0,2013.0,False,SSB,American lobster Gulf of Maine / Georges Bank,Homarus americanus,American lobster,USA-NMFS-5YZ,US East Coast,Nephropidae,Invertebrate,False,0
LOBSTERSNE,40,1979,2018,40,0,0,2017.0,2017.0,9,5,4,2008.0,2016.0,True,SSB,American lobster Southern New England,Homarus americanus,American lobster,USA-NMFS-SNE,US East Coast,Nephropidae,Invertebrate,False,0
LSDOGIIIa-IV-VIId,22,1993,2014,22,0,0,,,0,0,0,,,False,SSB,Lesser spotted dogfish ICES 3a-4-7d,Scyliorhinus canicula,Lesser spotted dogfish,multinational-ICES-IIIa-IV-VIId,European Union,Scyliorhinidae,Sharks Rays and Skates,False,0
LSDOGVI-VIIabcefghij,12,2003,2014,12,0,0,,,0,0,0,,,False,SSB,Lesser spotted dogfish ICES 6-7abcefghij,Scyliorhinus canicula,Lesser spotted dogfish,multinational-ICES-VI-VIIabcefghij,European Union,Scyliorhinidae,Sharks Rays and Skates,False,0
LSDOGVIIIabd,18,1997,2014,18,0,0,,,0,0,0,,,False,SSB,Lesser spotted dogfish ICES 8abd,Scyliorhinus canicula,Lesser spotted dogfish,multinational-ICES-VIIIabd,European Union,Scyliorhinidae,Sharks Rays and Skates,False,0
LSDOGVIIIc-IXa,18,1997,2014,18,0,0,,,0,0,0,,,False,SSB,Lesser spotted dogfish ICES 8c-9a,Scyliorhinus canicula,Lesser spotted dogfish,multinational-ICES-VIIIc-IXa,European Union,Scyliorhinidae,Sharks Rays and Skates,False,0
LSOLEIIIa-IV-VIId,15,2005,2019,15,0,0,,,0,0,0,,,False,SSB,Lemon sole ICES 3a-4-7d,Microstomus kitt,Lemon sole,multinational-ICES-IIIa-IV-VIId,European Union,Pleuronectidae,Flatfish,False,0
LSTHORNHPCOAST,56,1964,2019,56,0,0,,,22,0,22,1993.0,2014.0,False,SSB,Longspine thornyhead Pacific Coast,Sebastolobus altivelis,Longspine thornyhead,USA-NMFS-PCOAST,US West Coast,Sebastidae,Rockfish,False,0
MACK5YCHATT,52,1968,2019,52,0,0,1992.0,1992.0,0,0,0,,,False,SSB,Atlantic mackerel Gulf of Maine / Cape Hatteras,Scomber scombrus,Atlantic mackerel,USA-NMFS-5YCHATT,US East Coast,Scombridae,Forage Fish,False,0
MACKNEICES,44,1980,2023,44,0,0,,,10,0,10,2009.0,2018.0,False,SSB,Mackerel ICES Northeast Atlantic,Scomber scombrus,Mackerel,multinational-ICES-IIa-IIIabd-IV-Vb-VI-VII-VIIIabcde-XII-XIV-Ixa,European Union,Scombridae,Forage Fish,False,0
MACKNWATLSA3-4,51,1968,2018,51,0,0,2010.0,2010.0,13,5,8,1997.0,2009.0,True,SSB,Mackerel Northwest Atlantic (NAFO Subareas 3 and 4),Scomber scombrus,Mackerel,Canada-DFO-NWATLSA3-4,Canada East Coast,Scombridae,Forage Fish,False,0
MEG8c9a,36,1986,2021,36,0,0,,,2,0,2,2015.0,2016.0,False,SSB,Megrim ICES 8c-9a,Lepidorhombus whiffiagonis,Megrim,multinational-ICES-VIIIc-IXa,European Union,Scophthalmidae,Flatfish,False,0
MEGSPPVIb,12,2005,2016,12,0,0,,,0,0,0,,,False,SSB,Megrim spp Rockall Bank,Lepidorhombus spp,Megrim spp,multinational-ICES-VIb,European Union,Scophthalmidae,Flatfish,False,0
MEGVII-VIIIabd,38,1984,2021,38,0,0,,,4,0,4,2013.0,2016.0,False,SSB,Megrim ICES 7-8abd,Lepidorhombus whiffiagonis,Megrim,multinational-ICES-VII-VIIIabd,European Union,Scophthalmidae,Flatfish,False,0
MENATGM,45,1977,2021,45,0,0,,,11,0,11,2006.0,2016.0,False,SSB,Gulf menhaden Gulf of Mexico,Brevoortia patronus,Gulf menhaden,USA-NMFS-GM,US Southeast and Gulf,Clupeidae,Forage Fish,False,0
MENATLAN,67,1955,2021,67,0,0,,,33,0,33,1984.0,2016.0,False,SSB,Atlantic menhaden Atlantic,Brevoortia tyrannus,Atlantic menhaden,USA-NMFS-ATL,US East Coast,Clupeidae,Forage Fish,False,0
MHMACKMEDGSA29,18,2005,2022,18,0,0,,,0,0,0,,,False,SSB,Mediterranean horse mackerel Black Sea,Trachurus mediterraneus,Mediterranean horse mackerel,multinational-GFCM-GSA29,Mediterranean-Black Sea,Carangidae,Forage Fish,False,0
MORWONGESE,106,1915,2020,106,0,0,2000.0,2000.0,56,5,51,1944.0,1999.0,True,SSB,Jackass morwong Eastern half of Southeast Australia,Nemadactylus macropterus,Jackass morwong,Australia-AFMA-ESE,Australia,Cheilodactylidae,Other Marine,False,0
MORWONGWSE,32,1986,2017,32,0,0,,,0,0,0,,,False,SSB,Jackass morwong Western half of Southeast Australia,Nemadactylus macropterus,Jackass morwong,Australia-AFMA-WSE,Australia,Cheilodactylidae,Other Marine,False,0
MUTSNAPSATLCGM,33,1981,2013,33,0,0,,,0,0,0,,,False,SSB,Mutton snapper Southern Atlantic coast and Gulf of Mexico,Lutjanus analis,Mutton snapper,USA-NMFS-SATLCGM,US Southeast and Gulf,Lutjanidae,Other Marine,False,0
NEPHFU14,8,2008,2015,8,0,0,,,0,0,0,,,False,SSB,Norway lobster Irish Sea East (FU 14),Nephrops norvegicus,Norway lobster,multinational-ICES-FU14,European Union,Nephropidae,Invertebrate,False,0
NEPHFU16,4,2012,2016,5,1,0,,,0,0,0,,,False,SSB,Norway lobster Porcupine Bank (FU 16),Nephrops norvegicus,Norway lobster,multinational-ICES-FU16,European Union,Nephropidae,Invertebrate,False,0
NEPHFU17,15,2002,2016,15,0,0,,,0,0,0,,,False,SSB,Norway lobster Aran Grounds (FU 17),Nephrops norvegicus,Norway lobster,multinational-ICES-FU17,European Union,Nephropidae,Invertebrate,False,0
NEPHFU30,3,2015,2017,3,0,0,,,0,0,0,,,False,SSB,Norway lobster Gulf of Cadiz (FU 30),Nephrops norvegicus,Norway lobster,multinational-ICES-FU30,European Union,Nephropidae,Invertebrate,False,0
NEPHFU7,25,1992,2017,26,1,0,,,0,0,0,,,False,SSB,Norway lobster Fladen Ground (FU 7),Nephrops norvegicus,Norway lobster,multinational-ICES-FU7,European Union,Nephropidae,Invertebrate,False,0
NEPHMEDGSA1,3,2009,2011,3,0,0,,,0,0,0,,,False,SSB,Norway lobster Northern Alboran Sea,Nephrops norvegicus,Norway lobster,multinational-GFCM-GSA1,Mediterranean-Black Sea,Nephropidae,Invertebrate,False,0
NEPHMEDGSA11,11,2005,2015,11,0,0,,,0,0,0,,,False,SSB,Norway lobster Sardinia,Nephrops norvegicus,Norway lobster,multinational-GFCM-GSA11,Mediterranean-Black Sea,Nephropidae,Invertebrate,False,0
NEPHMEDGSA15-16,17,2005,2021,17,0,0,,,0,0,0,,,False,SSB,"Norway lobster Malta Island and South of Sicily (GSA 15, 16)",Nephrops norvegicus,Norway lobster,multinational-GFCM-GSA15-16,Mediterranean-Black Sea,Nephropidae,Invertebrate,False,0
NEPHMEDGSA5,12,2002,2013,12,0,0,,,0,0,0,,,False,SSB,Norway lobster Balearic Island,Nephrops norvegicus,Norway lobster,multinational-GFCM-GSA5,Mediterranean-Black Sea,Nephropidae,Invertebrate,False,0
NEPHMEDGSA6,11,2009,2019,11,0,0,,,0,0,0,,,False,SSB,Norway lobster Northern Spain,Nephrops norvegicus,Norway lobster,multinational-GFCM-GSA6,Mediterranean-Black Sea,Nephropidae,Invertebrate,False,0
NEPHMEDGSA9,26,1994,2019,26,0,0,,,0,0,0,,,False,SSB,Norway lobster Ligurian and North Tyrrhenian Sea,Nephrops norvegicus,Norway lobster,multinational-GFCM-GSA9,Mediterranean-Black Sea,Nephropidae,Invertebrate,False,0
NEPHVIIIab,2,2016,2017,2,0,0,,,0,0,0,,,False,SSB,Norway lobster ICES 8ab,Nephrops norvegicus,Norway lobster,multinational-ICES-VIIIab,European Union,Nephropidae,Invertebrate,False,0
NPOUTIIIa-IV,40,1984,2023,40,0,0,2004.0,2004.0,0,0,0,,,False,SSB,Norway pout ICES 3a-4,Trisopterus esmarkii,Norway pout,multinational-ICES-IIIa-IV,European Union,Gadidae,Gadids,False,0
NROCKBSAI,45,1977,2021,45,0,0,,,11,0,11,2006.0,2016.0,False,SSB,Northern rockfish Bering Sea and Aleutian Islands,Sebastes polyspinis,Northern rockfish,USA-NMFS-BSAI,US Alaska,Sebastidae,Rockfish,False,0
NROCKGA,60,1961,2020,60,0,0,,,26,0,26,1990.0,2015.0,False,SSB,Northern rockfish Gulf of Alaska,Sebastes polyspinis,Northern rockfish,USA-NMFS-GA,US Alaska,Sebastidae,Rockfish,False,0
NRSOLEEBSAI,46,1975,2020,46,0,0,,,12,0,12,2004.0,2015.0,False,SSB,Northern rock sole Eastern Bering Sea and Aleutian Islands,Lepidopsetta polyxystra,Northern rock sole,USA-NMFS-EBSAI,US Alaska,Pleuronectidae,Flatfish,False,0
NRSOLEGA,41,1977,2017,41,0,0,,,7,0,7,2006.0,2012.0,False,SSB,Northern rock sole Gulf of Alaska,Lepidopsetta polyxystra,Northern rock sole,USA-NMFS-GA,US Alaska,Pleuronectidae,Flatfish,False,0
NSHRIMPCSCH,72,1945,2016,72,0,0,1980.0,1980.0,6,5,1,1974.0,1979.0,True,SSB,Nylon shrimp Central-Southern Chile,Heterocarpus reedi,Nylon shrimp,Chile-SUBPESCA-CH-CS,South America,Pandalidae,Invertebrate,False,0
NSHRIMPNCH,56,1961,2016,56,0,0,,,22,0,22,1990.0,2011.0,False,SSB,Nylon shrimp Northern Chile,Heterocarpus reedi,Nylon shrimp,Chile-SUBPESCA-CH-N,South America,Pandalidae,Invertebrate,False,0
NZLINGESE,40,1968,2007,40,0,0,,,6,0,6,1997.0,2002.0,False,SSB,Ling Southeast Australia,Genypterus blacodes,Ling,Australia-AFMA-SE,Australia,Ophidiidae,Other Marine,False,0
NZLINGLIN3-4,51,1972,2022,51,0,0,,,17,0,17,2001.0,2017.0,False,SSB,Ling New Zealand Areas LIN 3 and 4,Genypterus blacodes,Ling,New Zealand-MFish-LIN3-4,New Zealand,Ophidiidae,Other Marine,False,0
NZLINGLIN5-6,53,1972,2024,53,0,0,,,19,0,19,2001.0,2019.0,False,SSB,Ling New Zealand Areas LIN 5 and 6,Genypterus blacodes,Ling,New Zealand-MFish-LIN5-6,New Zealand,Ophidiidae,Other Marine,False,0
NZLINGLIN6b,27,1980,2006,27,0,0,,,0,0,0,,,False,SSB,Ling New Zealand Areas LIN 6b,Genypterus blacodes,Ling,New Zealand-MFish-LIN6b,New Zealand,Ophidiidae,Other Marine,False,0
NZLINGLIN72,43,1968,2010,43,0,0,,,9,0,9,1997.0,2005.0,False,SSB,Ling New Zealand Areas LIN 72,Genypterus blacodes,Ling,New Zealand-MFish-LIN72,New Zealand,Ophidiidae,Other Marine,False,0
NZLINGLIN7WC,52,1971,2022,52,0,0,,,18,0,18,2000.0,2017.0,False,SSB,Ling New Zealand Areas LIN 7WC-WCSI,Genypterus blacodes,Ling,New Zealand-MFish-LIN7WC-WCSI,New Zealand,Ophidiidae,Other Marine,False,0
NZLINGWSE,40,1968,2007,40,0,0,,,6,0,6,1997.0,2002.0,False,SSB,Ling Western half of Southeast Australia,Genypterus blacodes,Ling,Australia-AFMA-WSE,Australia,Ophidiidae,Other Marine,False,0
NZSNAPNZ1BOP-HAGU,115,1899,2013,115,0,0,1979.0,1979.0,51,5,46,1928.0,1978.0,True,SSB,New Zealand snapper New Zealand SNA 1 Bay of Plenty and Hauraki Gulf,Chrysophrys auratus,New Zealand snapper,New Zealand-MFish-SNA1-BOP-HAGU,New Zealand,Sparidae,Other Marine,False,0
NZSNAPNZ1ENLD,115,1899,2013,115,0,0,1991.0,1991.0,63,5,58,1928.0,1990.0,True,SSB,New Zealand snapper New Zealand SNA 1 east Northland,Chrysophrys auratus,New Zealand snapper,New Zealand-MFish-SNA-1-ENLD,New Zealand,Sparidae,Other Marine,False,0
NZSNAPNZ7,49,1975,2023,49,0,0,1986.0,1986.0,0,0,0,,,False,SSB,New Zealand snapper New Zealand SNA 7,Chrysophrys auratus,New Zealand snapper,New Zealand-MFish-SNA-7,New Zealand,Sparidae,Other Marine,False,0
NZSNAPNZ8,50,1975,2024,50,0,0,1987.0,1987.0,0,0,0,,,False,SSB,New Zealand snapper New Zealand Area 8 (Auckland and Central West),Chrysophrys auratus,New Zealand snapper,New Zealand-MFish-8,New Zealand,Sparidae,Other Marine,False,0
OFLOUNECS,28,1986,2013,28,0,0,,,0,0,0,,,False,SSB,Japanese flounder East China Sea,Paralichthys olivaceus,Japanese flounder,Japan-FAJ-ECS,Japan,Paralichthyidae,Flatfish,False,0
OFLOUNNSJ,15,1999,2013,15,0,0,,,0,0,0,,,False,SSB,Japanese flounder Sea of Japan North,Paralichthys olivaceus,Japanese flounder,Japan-FAJ-NSJ,Japan,Paralichthyidae,Flatfish,False,0
OFLOUNPAC,7,2006,2012,7,0,0,,,0,0,0,,,False,SSB,Japanese flounder Pacific Ocean,Paralichthys olivaceus,Japanese flounder,Japan-FAJ-PAC,Japan,Paralichthyidae,Flatfish,False,0
OFLOUNSETO,20,1994,2013,20,0,0,,,0,0,0,,,False,SSB,Japanese flounder Inland Sea of Japan,Paralichthys olivaceus,Japanese flounder,Japan-FAJ-SETO,Japan,Paralichthyidae,Flatfish,False,0
OROUGHYCASCADE,20,1987,2006,20,0,0,,,0,0,0,,,False,SSB,Orange roughy Cascade Plateau,Hoplostethus atlanticus,Orange roughy,Australia-AFMA-CASCADE,Australia,Trachichthyidae,Other Marine,False,0
OROUGHYCH,13,1999,2011,13,0,0,,,0,0,0,,,False,SSB,Orange roughy Chile,Hoplostethus atlanticus,Orange roughy,multinational-SPRFMO-CHL,South America,Trachichthyidae,Other Marine,False,0
OROUGHYESCR,107,1911,2017,107,0,0,,,73,0,73,1940.0,2012.0,False,SSB,Orange roughy East and South Chatham Rise,Hoplostethus atlanticus,Orange roughy,New Zealand-MFish-ESCR,New Zealand,Trachichthyidae,Other Marine,False,0
OROUGHYNWCR,107,1911,2017,107,0,0,2001.0,2001.0,61,5,56,1940.0,2000.0,True,SSB,Orange roughy Northwest Chatham Rise,Hoplostethus atlanticus,Orange roughy,New Zealand-MFish-NWCR,New Zealand,Trachichthyidae,Other Marine,False,0
OROUGHYNZ7A,74,1950,2023,74,0,0,1989.0,1989.0,10,5,5,1979.0,1988.0,True,SSB,Orange roughy New Zealand Challenger Plateau,Hoplostethus atlanticus,Orange roughy,New Zealand-MFish-NZ7A,New Zealand,Trachichthyidae,Other Marine,False,0
OROUGHYNZMEC,72,1950,2021,72,0,0,1993.0,1993.0,14,5,9,1979.0,1992.0,True,SSB,Orange roughy New Zealand Mid East Coast,Hoplostethus atlanticus,Orange roughy,New Zealand-MFish-NZMEC,New Zealand,Trachichthyidae,Other Marine,False,0
OROUGHYSE,34,1980,2013,34,0,0,1993.0,1993.0,0,0,0,,,False,SSB,Orange roughy Southeast Australia,Hoplostethus atlanticus,Orange roughy,Australia-AFMA-SE,Australia,Trachichthyidae,Other Marine,False,0
OWSHARCWPAC,46,1970,2015,46,0,0,,,12,0,12,1999.0,2010.0,False,SSB,Oceanic whitetip shark Central Western Pacific Ocean,Carcharhinus longimanus,Oceanic whitetip shark,multinational-WCPFC-CWPAC,Pacific Ocean,Carcharhinidae,Sharks Rays and Skates,False,0
PACBTUNA,67,1952,2018,67,0,0,1981.0,1981.0,0,0,0,,,False,SSB,Pacific bluefin tuna Pacific Ocean,Thunnus orientalis,Pacific bluefin tuna,multinational-ISC-PAC,Pacific Ocean,Scombridae,Tuna and Marlin,False,0
PANCHCCH,36,1985,2020,36,0,0,,,2,0,2,2014.0,2015.0,False,SSB,Peruvian anchoveta Central Chile,Engraulis ringens,Peruvian anchoveta,Chile-SUBPESCA-CH-C,South America,Engraulidae,Forage Fish,False,0
PANCHCSCH,24,1997,2020,24,0,0,2011.0,2011.0,0,0,0,,,False,SSB,Peruvian anchoveta Central-Southern Chile,Engraulis ringens,Peruvian anchoveta,Chile-SUBPESCA-CH-CS,South America,Engraulidae,Forage Fish,False,0
PANCHNCHSP,34,1986,2019,34,0,0,,,0,0,0,,,False,SSB,Peruvian anchoveta Northern Chile Southern Peru,Engraulis ringens,Peruvian anchoveta,Chile-SUBPESCA-NCH-SP,South America,Engraulidae,Forage Fish,False,0
PANCHPERUNC,47,1962,2008,47,0,0,1977.0,1977.0,0,0,0,,,False,SSB,Peruvian anchoveta North-Central Peruvian coast,Engraulis ringens,Peruvian anchoveta,Peru-IMARPE-NC,South America,Engraulidae,Forage Fish,False,0
PANDALGOM,37,1984,2020,37,0,0,2013.0,2013.0,0,0,0,,,False,SSB,Northern shrimp Gulf of Maine,Pandalus borealis,Northern shrimp,USA-NMFS-5Y,US East Coast,Pandalidae,Invertebrate,False,0
PANDALIIIaW-IVaE,34,1988,2021,34,0,0,,,0,0,0,,,False,SSB,Northern shrimp ICES 3a(west)-4a(east),Pandalus borealis,Northern shrimp,multinational-ICES-IIIaW-IVaE,European Union,Pandalidae,Invertebrate,False,0
PANDALSFA13-15,24,1982,2011,30,6,0,,,0,0,0,,,False,SSB,Northern shrimp Eastern Scotian Shelf (SFA 13-15),Pandalus borealis,Northern shrimp,Canada-DFO-SFA13-15,Canada East Coast,Pandalidae,Invertebrate,False,0
PANDALSFA2-3,10,2006,2015,10,0,0,,,0,0,0,,,False,SSB,Northern shrimp Shrimp Fishing Areas 2-3,Pandalus borealis,Northern shrimp,Canada-DFO-SFA2-3,Canada East Coast,Pandalidae,Invertebrate,False,0
PANDALSFA5,11,1996,2012,17,6,0,,,0,0,0,,,False,SSB,Northern shrimp Shrimp Fishing Area 5,Pandalus borealis,Northern shrimp,Canada-DFO-SFA5,Canada East Coast,Pandalidae,Invertebrate,False,0
PANDALSFA6,17,1996,2012,17,0,0,,,0,0,0,,,False,SSB,Northern shrimp Shrimp Fishing Area 6,Pandalus borealis,Northern shrimp,Canada-DFO-SFA6,Canada East Coast,Pandalidae,Invertebrate,False,0
PATGRENADIERCH,36,1985,2020,36,0,0,2011.0,2011.0,0,0,0,,,False,SSB,Patagonian grenadier Central-Southern Chile,Macruronus magellanicus,Patagonian grenadier,Chile-SUBPESCA-CH-CS,South America,Merlucciidae,Gadids,False,0
PATGRENADIERSARG,34,1985,2018,34,0,0,,,0,0,0,,,False,SSB,Patagonian grenadier Southern Argentina,Macruronus magellanicus,Patagonian grenadier,Argentina-CFP-ARG-S,South America,Merlucciidae,Gadids,False,0
PAUANPAU5A,50,1965,2014,50,0,0,,,16,0,16,1994.0,2009.0,False,SSB,Paua NZ Area North PAUA 5A,Haliotis iris,Paua,New Zealand-MFish-NPAU5A,New Zealand,Haliotidae,Invertebrate,False,0
PAUAPAU5B,49,1965,2013,49,0,0,,,15,0,15,1994.0,2008.0,False,SSB,Paua New Zealand Area PAU 5B (Stewart Island),Haliotis iris,Paua,New Zealand-MFish-PAU5B,New Zealand,Haliotidae,Invertebrate,False,0
PAUAPAU5D,58,1965,2022,58,0,0,,,24,0,24,1994.0,2017.0,False,SSB,Paua New Zealand Area PAU 5D (Otago),Haliotis iris,Paua,New Zealand-MFish-PAU5D,New Zealand,Haliotidae,Invertebrate,False,0
PAUAPAU7,51,1965,2015,51,0,0,1999.0,1999.0,5,5,0,1994.0,1998.0,True,SSB,Paua New Zealand Area PAU 7 (Marlborough),Haliotis iris,Paua,New Zealand-MFish-PAU7,New Zealand,Haliotidae,Invertebrate,False,0
PAUASPAU5A,50,1965,2014,50,0,0,,,16,0,16,1994.0,2009.0,False,SSB,Paua NZ Area South PAUA 5A,Haliotis iris,Paua,New Zealand-MFish-SPAU5A,New Zealand,Haliotidae,Invertebrate,False,0
PCEELARGS,34,1980,2013,34,0,0,2008.0,2008.0,0,0,0,,,False,SSB,Pink cusk eel Southern Argentina,Genypterus blacodes,Pink cusk eel,Argentina-CFP-ARG-S,South America,Ophidiidae,Other Marine,False,0
PCEELCSCH,43,1978,2020,43,0,0,,,9,0,9,2007.0,2015.0,False,SSB,Pink cusk eel Central-Southern Chile,Genypterus blacodes,Pink cusk eel,Chile-SUBPESCA-CH-CS,South America,Ophidiidae,Other Marine,False,0
PCEELSCH,43,1978,2020,43,0,0,2009.0,2009.0,2,2,0,2007.0,2008.0,True,SSB,Pink cusk eel Southern Chile,Genypterus blacodes,Pink cusk eel,Chile-SUBPESCA-CH-S,South America,Ophidiidae,Other Marine,False,0
PCODBS,45,1977,2021,45,0,0,,,11,0,11,2006.0,2016.0,False,SSB,Pacific cod Bering Sea,Gadus macrocephalus,Pacific cod,USA-NMFS-BS,US Alaska,Gadidae,Gadids,False,0
PCODGA,44,1977,2020,44,0,0,2017.0,2017.0,11,5,6,2006.0,2016.0,True,SSB,Pacific cod Gulf of Alaska,Gadus macrocephalus,Pacific cod,USA-NMFS-GA,US Alaska,Gadidae,Gadids,False,0
PERCHEBSAI,62,1960,2021,62,0,0,,,28,0,28,1989.0,2016.0,False,SSB,Pacific ocean perch Eastern Bering Sea and Aleutian Islands,Sebastes alutus,Pacific ocean perch,USA-NMFS-EBSAI,US Alaska,Sebastidae,Rockfish,False,0
PERCHHG,78,1940,2017,78,0,0,,,44,0,44,1969.0,2012.0,False,SSB,Pacific Ocean perch Haida Gwaii,Sebastes alutus,Pacific ocean perch,Canada-DFO-HG,Canada West Coast,Sebastidae,Rockfish,False,0
PERCHWCVANI,74,1940,2013,74,0,0,,,40,0,40,1969.0,2008.0,False,SSB,Pacific ocean perch West Coast of Vancouver Island,Sebastes alutus,Pacific ocean perch,Canada-DFO-WCVANI,Canada West Coast,Sebastidae,Rockfish,False,0
PHAKEPCOAST,56,1966,2021,56,0,0,,,22,0,22,1995.0,2016.0,False,SSB,Pacific hake Pacific Coast,Merluccius productus,Pacific hake,USA-NMFS-PCOAST,US West Coast,Merlucciidae,Gadids,False,0
PHALNPAC,29,1992,2020,29,0,0,,,0,0,0,,,False,SSB,Pacific halibut North Pacific,Hippoglossus stenolepis,Pacific halibut,multinational-IPHC-NPAC,US Alaska,Pleuronectidae,Flatfish,False,0
PHFLOUNSOJ,17,1997,2013,17,0,0,,,0,0,0,,,False,SSB,Pointhead flounder Sea of Japan,Cleisthenes herzensteini,Pointhead flounder,Japan-FAJ-SOJ,Japan,Pleuronectidae,Flatfish,False,0
PICAMEDGSA25,1,2010,2010,1,0,0,,,0,0,0,,,False,SSB,Picarel Cyprus Island,Spicara smaris,Picarel,multinational-GFCM-GSA25,Mediterranean-Black Sea,Sparidae,Other Marine,False,0
PILCHPJPN,44,1976,2019,44,0,0,1992.0,1992.0,0,0,0,,,False,SSB,Japanese sardine Pacific Coast of Japan,Sardinops melanostictus,Japanese sardine,Japan-FAJ-PJPN,Japan,Clupeidae,Forage Fish,False,0
PILCHTSST,60,1960,2019,60,0,0,1994.0,1994.0,5,5,0,1989.0,1993.0,True,SSB,Japanese sardine Tsushima Strait,Sardinops melanostictus,Japanese sardine,Japan-FAJ-TSST,Japan,Clupeidae,Forage Fish,False,0
PINKSHRIMPGM,34,1984,2017,34,0,0,,,0,0,0,,,False,SSB,Pink shrimp Gulf of Mexico,Farfantepenaeus duorarum,Pink shrimp,USA-NMFS-GM,US Southeast and Gulf,Penaeidae,Invertebrate,False,0
PLAIC2123,23,1999,2021,23,0,0,,,0,0,0,,,False,SSB,European plaice Subdivisions 21-23,Pleuronectes platessa,European plaice,multinational-ICES-2123,European Union,Pleuronectidae,Flatfish,False,0
PLAIC2432,19,2002,2020,19,0,0,,,0,0,0,,,False,SSB,European plaice Subdivisions 24-32,Pleuronectes platessa,European plaice,multinational-ICES-2432,European Union,Pleuronectidae,Flatfish,False,0
PLAIC7d,42,1980,2021,42,0,0,,,8,0,8,2009.0,2016.0,False,SSB,European plaice Eastern English Channel,Pleuronectes platessa,European plaice,multinational-ICES-VIId,European Union,Pleuronectidae,Flatfish,False,0
PLAICCELT,21,1993,2013,21,0,0,,,0,0,0,,,False,SSB,European plaice Celtic Sea,Pleuronectes platessa,European plaice,multinational-ICES-VIIf-g,European Union,Pleuronectidae,Flatfish,False,0
PLAICECHW,41,1980,2020,41,0,0,,,7,0,7,2009.0,2015.0,False,SSB,European plaice Western English Channel,Pleuronectes platessa,European plaice,multinational-ICES-VIIe,European Union,Pleuronectidae,Flatfish,False,0
PLAICIS,41,1981,2021,41,0,0,,,7,0,7,2010.0,2016.0,False,SSB,European plaice Irish Sea,Pleuronectes platessa,European plaice,multinational-ICES-VIIa,European Union,Pleuronectidae,Flatfish,False,0
PLAICNS,67,1957,2023,67,0,0,,,33,0,33,1986.0,2018.0,False,SSB,European plaice North Sea,Pleuronectes platessa,European plaice,multinational-ICES-IV,European Union,Pleuronectidae,Flatfish,False,0
PLAICVIIh-k,27,1993,2019,27,0,0,2015.0,2015.0,0,0,0,,,False,SSB,European plaice ICES 7h-k,Pleuronectes platessa,European plaice,multinational-ICES-VIIh-k,European Union,Pleuronectidae,Flatfish,False,0
POLL5YZ,49,1970,2018,49,0,0,,,15,0,15,1999.0,2013.0,False,SSB,Pollock Gulf of Maine / Georges Bank,Pollachius virens,Pollock,USA-NMFS-5YZ,US East Coast,Gadidae,Gadids,False,0
POLLFAPL,63,1961,2023,63,0,0,,,29,0,29,1990.0,2018.0,False,SSB,Saithe Faroe Plateau,Pollachius virens,Saithe,multinational-ICES-Vb1,Europe non EU,Gadidae,Gadids,False,0
POLLIEG,44,1980,2023,44,0,0,,,10,0,10,2009.0,2018.0,False,SSB,Saithe Iceland Grounds,Pollachius virens,Saithe,multinational-ICES-Va,Europe non EU,Gadidae,Gadids,False,0
POLLNEAR,62,1960,2021,62,0,0,1986.0,1986.0,0,0,0,,,False,SSB,Saithe North-East Arctic,Pollachius virens,Saithe,multinational-ICES-I-II,Europe non EU,Gadidae,Gadids,False,0
POLLNS-VI-IIIa,55,1967,2021,55,0,0,,,21,0,21,1996.0,2016.0,False,SSB,Saithe ICES 3a-4-6,Pollachius virens,Saithe,multinational-ICES-IIIa-IV-VI,European Union,Gadidae,Gadids,False,0
POPERCHGA,61,1961,2021,61,0,0,1977.0,1977.0,0,0,0,,,False,SSB,Pacific ocean perch Gulf of Alaska,Sebastes alutus,Pacific ocean perch,USA-NMFS-GA,US Alaska,Sebastidae,Rockfish,False,0
POPERCHPCOAST,100,1918,2017,100,0,0,,,66,0,66,1947.0,2012.0,False,SSB,Pacific ocean perch Pacific Coast,Sebastes alutus,Pacific ocean perch,USA-NMFS-PCOAST,US West Coast,Sebastidae,Rockfish,False,0
PORSHARATL,49,1961,2009,49,0,0,2001.0,2001.0,11,5,6,1990.0,2000.0,True,SSB,Porbeagle shark Canadian Atlantic Ocean,Lamna nasus,Porbeagle shark,Canada-DFO-ATL,Canada East Coast,Lamnidae,Sharks Rays and Skates,False,0
PRCODMEDGSA9,1,2011,2011,1,0,0,,,0,0,0,,,False,SSB,Poor cod Ligurian and North Tyrrhenian Sea,Trisopterus minutus,Poor cod,multinational-GFCM-GSA9,Mediterranean-Black Sea,Gadidae,Gadids,False,0
PRGURNGUR3,37,1985,2021,37,0,0,,,3,0,3,2014.0,2016.0,False,SSB,Pacific red gurnard New Zealand Area GUR 3,Chelidonichthys kumu,Pacific red gurnard,New Zealand-MFish-GUR3,New Zealand,Triglidae,Other Marine,False,0
PRGURNGUR7,35,1987,2021,35,0,0,,,1,0,1,2016.0,2016.0,False,SSB,Pacific red gurnard New Zealand Area GUR 7,Chelidonichthys kumu,Pacific red gurnard,New Zealand-MFish-GUR7,New Zealand,Triglidae,Other Marine,False,0
PSALMA1,24,1980,2003,24,0,4,,2003.0,0,0,0,,,False,SSB,Pink salmon Area 1,Oncorhynchus gorbuscha,Pink salmon,Canada-DFO-A1,Canada West Coast (Pacific Salmon),Salmonidae,Pacific Salmon,True,4
PSALMA10,53,1950,2002,53,0,2,1971.0,1971.0,0,0,0,,,False,SSB,Pink salmon Area 10,Oncorhynchus gorbuscha,Pink salmon,Canada-DFO-A10,Canada West Coast (Pacific Salmon),Salmonidae,Pacific Salmon,True,2
PSALMA12,52,1953,2004,52,0,0,,,18,0,18,1982.0,1999.0,False,SSB,Pink salmon Area 12,Oncorhynchus gorbuscha,Pink salmon,Canada-DFO-A12,Canada West Coast (Pacific Salmon),Salmonidae,Pacific Salmon,True,0
PSALMA13,52,1953,2004,52,0,0,2003.0,2003.0,21,5,16,1982.0,2002.0,True,SSB,Pink salmon Area 13,Oncorhynchus gorbuscha,Pink salmon,Canada-DFO-A13,Canada West Coast (Pacific Salmon),Salmonidae,Pacific Salmon,True,0
PSALMA21-27,13,1954,1978,25,12,0,,,0,0,0,,,False,SSB,Pink salmon Area21-27,Oncorhynchus gorbuscha,Pink salmon,Canada-DFO-A21-27,Canada West Coast (Pacific Salmon),Salmonidae,Pacific Salmon,True,0
PSALMA2E,53,1950,2002,53,0,0,,,19,0,19,1979.0,1997.0,False,SSB,Pink salmon Area 2E,Oncorhynchus gorbuscha,Pink salmon,Canada-DFO-A2E,Canada West Coast (Pacific Salmon),Salmonidae,Pacific Salmon,True,0
PSALMA2W,23,1980,2002,23,0,0,,,0,0,0,,,False,SSB,Pink salmon Area 2W,Oncorhynchus gorbuscha,Pink salmon,Canada-DFO-A2W,Canada West Coast (Pacific Salmon),Salmonidae,Pacific Salmon,True,0
PSALMA3,23,1980,2002,23,0,0,,,0,0,0,,,False,SSB,Pink salmon Area 3,Oncorhynchus gorbuscha,Pink salmon,Canada-DFO-A3,Canada West Coast (Pacific Salmon),Salmonidae,Pacific Salmon,True,0
PSALMA4,23,1980,2002,23,0,0,1997.0,1997.0,0,0,0,,,False,SSB,Pink salmon Area 4,Oncorhynchus gorbuscha,Pink salmon,Canada-DFO-A4,Canada West Coast (Pacific Salmon),Salmonidae,Pacific Salmon,True,0
PSALMA5,23,1980,2002,23,0,0,,,0,0,0,,,False,SSB,Pink salmon Area 5,Oncorhynchus gorbuscha,Pink salmon,Canada-DFO-A5,Canada West Coast (Pacific Salmon),Salmonidae,Pacific Salmon,True,0
PSALMA6,53,1950,2002,53,0,0,,,19,0,19,1979.0,1997.0,False,SSB,Pink salmon Area 6,Oncorhynchus gorbuscha,Pink salmon,Canada-DFO-A6,Canada West Coast (Pacific Salmon),Salmonidae,Pacific Salmon,True,0
PSALMA7,23,1980,2002,23,0,0,,,0,0,0,,,False,SSB,Pink salmon Area 7,Oncorhynchus gorbuscha,Pink salmon,Canada-DFO-A7,Canada West Coast (Pacific Salmon),Salmonidae,Pacific Salmon,True,0
PSALMA8,53,1950,2002,53,0,0,,,19,0,19,1979.0,1997.0,False,SSB,Pink salmon Area 8,Oncorhynchus gorbuscha,Pink salmon,Canada-DFO-A8,Canada West Coast (Pacific Salmon),Salmonidae,Pacific Salmon,True,0
PSALMA9,53,1950,2002,53,0,0,,,19,0,19,1979.0,1997.0,False,SSB,Pink salmon Area 9,Oncorhynchus gorbuscha,Pink salmon,Canada-DFO-A9,Canada West Coast (Pacific Salmon),Salmonidae,Pacific Salmon,True,0
PSALMAFFLECKCI,39,1960,1998,39,0,0,,,5,0,5,1989.0,1993.0,False,SSB,Pink salmon Affleck Cl (District105),Oncorhynchus gorbuscha,Pink salmon,USA-AKSTATE-AFFLECKCI,US Alaska (Pacific Salmon),Salmonidae,Pacific Salmon,True,0
PSALMAFOGNAKD,19,1980,1998,19,0,0,,,0,0,0,,,False,SSB,Pink salmon Afognak District,Oncorhynchus gorbuscha,Pink salmon,USA-AKSTATE-AFOGNAKD,US Alaska (Pacific Salmon),Salmonidae,Pacific Salmon,True,0
PSALMAIALIKL,15,1962,1998,37,22,0,1988.0,1988.0,0,0,0,,,False,SSB,Pink salmon Aialik Lagoon (Eastern D),Oncorhynchus gorbuscha,Pink salmon,USA-AKSTATE-AIALIKL,US Alaska (Pacific Salmon),Salmonidae,Pacific Salmon,True,0
PSALMAKPNWD,37,1962,1998,37,0,0,1972.0,1972.0,0,0,0,,,False,SSB,Pink salmon AK Pen Northwestern District,Oncorhynchus gorbuscha,Pink salmon,USA-AKSTATE-AKPNWD,US Alaska (Pacific Salmon),Salmonidae,Pacific Salmon,True,0
PSALMAKPSESCD,37,1962,1998,37,0,0,1972.0,1972.0,0,0,0,,,False,SSB,Pink salmon AK Pen Southeastern and South-central Districts,Oncorhynchus gorbuscha,Pink salmon,USA-AKSTATE-AKPSESCD,US Alaska (Pacific Salmon),Salmonidae,Pacific Salmon,True,0
PSALMAKPSWUD,37,1962,1998,37,0,0,1972.0,1972.0,0,0,0,,,False,SSB,Pink salmon AK Pen Southwestern and Unimak Districts,Oncorhynchus gorbuscha,Pink salmon,USA-AKSTATE-AKPSWUD,US Alaska (Pacific Salmon),Salmonidae,Pacific Salmon,True,0
PSALMALITAKD,19,1980,1998,19,0,0,,,0,0,0,,,False,SSB,Pink salmon Alitak District,Oncorhynchus gorbuscha,Pink salmon,USA-AKSTATE-ALITAKD,US Alaska (Pacific Salmon),Salmonidae,Pacific Salmon,True,0
PSALMAMAKC,28,1960,1997,38,10,0,1990.0,1983.0,0,0,0,,,False,SSB,Pink salmon Amakdedori Creek (Kamishak D),Oncorhynchus gorbuscha,Pink salmon,USA-AKSTATE-AMAKC,US Alaska (Pacific Salmon),Salmonidae,Pacific Salmon,True,0
PSALMAMURPW,54,1952,2005,54,0,0,2004.0,2004.0,23,5,18,1981.0,2003.0,True,SSB,Pink salmon Amur pink wild,Oncorhynchus gorbuscha,Pink salmon,Russia-TINRO-AMURPW,Russia Japan (Pacific Salmon),Salmonidae,Pacific Salmon,True,0
PSALMANADYRPW,54,1952,2005,54,0,0,,,20,0,20,1981.0,2000.0,False,SSB,Pink salmon Anadyr pink wild,Oncorhynchus gorbuscha,Pink salmon,Russia-TINRO-ANADYRPW,Russia Japan (Pacific Salmon),Salmonidae,Pacific Salmon,True,0
PSALMANAN,39,1960,1998,39,0,0,,,5,0,5,1989.0,1993.0,False,SSB,Pink salmon Anan (District107),Oncorhynchus gorbuscha,Pink salmon,USA-AKSTATE-ANAN,US Alaska (Pacific Salmon),Salmonidae,Pacific Salmon,True,0
PSALMATNARKO,24,1974,1998,25,1,0,,,0,0,0,,,False,SSB,Pink salmon Atnarko (Area 8),Oncorhynchus gorbuscha,Pink salmon,Canada-DFO-ATNARKO,Canada West Coast (Pacific Salmon),Salmonidae,Pacific Salmon,True,0
PSALMAUKEC,28,1971,1998,28,0,0,1995.0,1995.0,0,0,0,,,False,SSB,Pink salmon Auke Creek (Northern Inside),Oncorhynchus gorbuscha,Pink salmon,USA-AKSTATE-AUKEC,US Alaska (Pacific Salmon),Salmonidae,Pacific Salmon,True,0
PSALMBARABARA,35,1960,1998,39,4,0,1984.0,1984.0,0,0,0,,,False,SSB,Pink salmon Barabara (Southern D),Oncorhynchus gorbuscha,Pink salmon,USA-AKSTATE-BARABARA,US Alaska (Pacific Salmon),Salmonidae,Pacific Salmon,True,0
PSALMBARANOFE,39,1960,1998,39,0,0,1973.0,1973.0,0,0,0,,,False,SSB,Pink salmon Baranof E (District109),Oncorhynchus gorbuscha,Pink salmon,USA-AKSTATE-BARANOFE,US Alaska (Pacific Salmon),Salmonidae,Pacific Salmon,True,0
PSALMBKAMISHAKR,14,1962,1996,35,21,0,,,0,0,0,,,False,SSB,Pink salmon Big Kamishak River  (Kamishak D),Oncorhynchus gorbuscha,Pink salmon,USA-AKSTATE-BKAMISHAKR,US Alaska (Pacific Salmon),Salmonidae,Pacific Salmon,True,0
PSALMBONDS,45,1953,1997,45,0,0,1964.0,1964.0,0,0,0,,,False,SSB,Pink salmon BondSound (Area 12),Oncorhynchus gorbuscha,Pink salmon,Canada-DFO-BONDS,Canada West Coast (Pacific Salmon),Salmonidae,Pacific Salmon,True,0
PSALMBRUINR,34,1960,1998,39,5,0,,,0,0,0,,,False,SSB,Pink salmon Bruin River,Oncorhynchus gorbuscha,Pink salmon,USA-AKSTATE-BRUINR,US Alaska (Pacific Salmon),Salmonidae,Pacific Salmon,True,0
PSALMBURNETT,39,1960,1998,39,0,0,1982.0,1982.0,0,0,0,,,False,SSB,Pink salmon Burnett (District106),Oncorhynchus gorbuscha,Pink salmon,USA-AKSTATE-BURNETT,US Alaska (Pacific Salmon),Salmonidae,Pacific Salmon,True,0
PSALMBURR,25,1953,1995,43,18,0,,,0,0,0,,,False,SSB,Pink salmon Burrard,Oncorhynchus gorbuscha,Pink salmon,Canada-DFO-BURR,Canada West Coast (Pacific Salmon),Salmonidae,Pacific Salmon,True,0
PSALMBUTEI,35,1953,1997,45,10,0,1968.0,1968.0,0,0,0,,,False,SSB,Pink salmon Bute Inlt (Area 13),Oncorhynchus gorbuscha,Pink salmon,Canada-DFO-BUTEI,Canada West Coast (Pacific Salmon),Salmonidae,Pacific Salmon,True,0
PSALMBWLAB,45,1953,1997,45,0,0,,1997.0,10,0,10,1982.0,1991.0,False,SSB,Pink salmon BetwLoandBte (Area 13),Oncorhynchus gorbuscha,Pink salmon,Canada-DFO-BWLAB,Canada West Coast (Pacific Salmon),Salmonidae,Pacific Salmon,True,0
PSALMCHIGNIKBD,33,1962,1997,36,3,0,1971.0,1971.0,0,0,0,,,False,SSB,Pink salmon Chignik Bay District,Oncorhynchus gorbuscha,Pink salmon,USA-AKSTATE-CHIGNIKBD,US Alaska (Pacific Salmon),Salmonidae,Pacific Salmon,True,0
PSALMCHIGNIKCD,36,1962,1997,36,0,0,,,2,0,2,1991.0,1992.0,False,SSB,Pink salmon Chignik Central District,Oncorhynchus gorbuscha,Pink salmon,USA-AKSTATE-CHIGNIKCD,US Alaska (Pacific Salmon),Salmonidae,Pacific Salmon,True,0
PSALMCHIGNIKED,36,1962,1997,36,0,0,1971.0,1971.0,0,0,0,,,False,SSB,Pink salmon Chignik Eastern District,Oncorhynchus gorbuscha,Pink salmon,USA-AKSTATE-CHIGNIKED,US Alaska (Pacific Salmon),Salmonidae,Pacific Salmon,True,0
PSALMCHIGNIKWD,36,1962,1997,36,0,0,1982.0,1982.0,0,0,0,,,False,SSB,Pink salmon Chignik Western District,Oncorhynchus gorbuscha,Pink salmon,USA-AKSTATE-CHIGNIKWD,US Alaska (Pacific Salmon),Salmonidae,Pacific Salmon,True,0
PSALMCHINAP,35,1960,1998,39,4,0,,,1,0,1,1993.0,1993.0,False,SSB,Pink salmon China Poot (Southern D),Oncorhynchus gorbuscha,Pink salmon,USA-AKSTATE-CHINAP,US Alaska (Pacific Salmon),Salmonidae,Pacific Salmon,True,0
PSALMCHV,18,1957,1991,35,17,0,,,0,0,0,,,False,SSB,Pink salmon Ch/Vedder,Oncorhynchus gorbuscha,Pink salmon,Canada-DFO-CHV,Canada West Coast (Pacific Salmon),Salmonidae,Pacific Salmon,True,0
PSALMCOGHILLD,34,1965,1998,34,0,0,1988.0,1988.0,0,0,0,,,False,SSB,Pink salmon Coghill District,Oncorhynchus gorbuscha,Pink salmon,USA-AKSTATE-COGHILLD,US Alaska (Pacific Salmon),Salmonidae,Pacific Salmon,True,0
PSALMDOGFISH,26,1960,1998,39,13,0,1985.0,1985.0,0,0,0,,,False,SSB,Pink salmon Dogfish (Southern D),Oncorhynchus gorbuscha,Pink salmon,USA-AKSTATE-DOGFISH,US Alaska (Pacific Salmon),Salmonidae,Pacific Salmon,True,0
PSALMDOSEWHC,20,1959,1997,39,19,0,,,0,0,0,,,False,SSB,Pink salmon Dosewallips (Hood Canal),Oncorhynchus gorbuscha,Pink salmon,USA-WASTATE-DOSEWHC,US West Coast (Pacific Salmon),Salmonidae,Pacific Salmon,True,0
PSALMDUCKA,20,1959,1997,39,19,0,,,0,0,0,,,False,SSB,Pink salmon Duckabush (Hood Canal),Oncorhynchus gorbuscha,Pink salmon,USA-WASTATE-DUCKA,US West Coast (Pacific Salmon),Salmonidae,Pacific Salmon,True,0
PSALMDUNGENHC,20,1959,1997,39,19,0,,,0,0,0,,,False,SSB,Pink salmon Dungeness (Juan de Fuca),Oncorhynchus gorbuscha,Pink salmon,USA-WASTATE-DUNGENHC,US West Coast (Pacific Salmon),Salmonidae,Pacific Salmon,True,0
PSALMEBEHM,39,1960,1998,39,0,0,,,5,0,5,1989.0,1993.0,False,SSB,Pink salmon EBehm (District 101),Oncorhynchus gorbuscha,Pink salmon,USA-AKSTATE-EBEHM,US Alaska (Pacific Salmon),Salmonidae,Pacific Salmon,True,0
PSALMEDALL,39,1960,1998,39,0,0,,,5,0,5,1989.0,1993.0,False,SSB,Pink salmon EDall (District103),Oncorhynchus gorbuscha,Pink salmon,USA-AKSTATE-EDALL,US Alaska (Pacific Salmon),Salmonidae,Pacific Salmon,True,0
PSALMEKAMPW,54,1952,2005,54,0,0,,,20,0,20,1981.0,2000.0,False,SSB,Pink salmon East Kamchatka pink wild,Oncorhynchus gorbuscha,Pink salmon,Russia-TINRO-EKAMPW,Russia Japan (Pacific Salmon),Salmonidae,Pacific Salmon,True,0
PSALMELIZAH,39,1960,1998,39,0,0,1973.0,1973.0,0,0,0,,,False,SSB,Pink salmon Eliza Hbr (District109),Oncorhynchus gorbuscha,Pink salmon,USA-AKSTATE-ELIZAH,US Alaska (Pacific Salmon),Salmonidae,Pacific Salmon,True,0
PSALMESAKPH,52,1950,2005,56,4,18,,2005.0,5,0,5,1995.0,1999.0,False,SSB,Pink salmon East Sakhalin pink hatchery,Oncorhynchus gorbuscha,Pink salmon,Russia-TINRO-ESAKPH,Russia Japan (Pacific Salmon),Salmonidae,Pacific Salmon,True,18
PSALMESAKPW,54,1952,2005,54,0,0,,,20,0,20,1981.0,2000.0,False,SSB,Pink salmon East Sakhalin pink wild,Oncorhynchus gorbuscha,Pink salmon,Russia-TINRO-ESAKPW,Russia Japan (Pacific Salmon),Salmonidae,Pacific Salmon,True,0
PSALMESHAMYD,30,1965,1998,34,4,0,1996.0,1996.0,0,0,0,,,False,SSB,Pink salmon Eshamy District,Oncorhynchus gorbuscha,Pink salmon,USA-AKSTATE-ESHAMYD,US Alaska (Pacific Salmon),Salmonidae,Pacific Salmon,True,0
PSALMESND,19,1980,1998,19,0,0,,,0,0,0,,,False,SSB,Pink salmon Eastside-Northend District,Oncorhynchus gorbuscha,Pink salmon,USA-AKSTATE-ESND,US Alaska (Pacific Salmon),Salmonidae,Pacific Salmon,True,0
PSALMFARRAGUT,39,1960,1998,39,0,0,1975.0,1975.0,0,0,0,,,False,SSB,Pink salmon Farragut (District110),Oncorhynchus gorbuscha,Pink salmon,USA-AKSTATE-FARRAGUT,US Alaska (Pacific Salmon),Salmonidae,Pacific Salmon,True,0
PSALMFRESHWB,39,1960,1998,39,0,0,,,5,0,5,1989.0,1993.0,False,SSB,Pink salmon Freshw By (District112),Oncorhynchus gorbuscha,Pink salmon,USA-AKSTATE-FRESHWB,US Alaska (Pacific Salmon),Salmonidae,Pacific Salmon,True,0
PSALMGEOHOWE,18,1953,1997,45,27,0,,,0,0,0,,,False,SSB,Pink salmon GeorgiaHowe (Area 16),Oncorhynchus gorbuscha,Pink salmon,Canada-DFO-GEOHOWE,Canada West Coast (Pacific Salmon),Salmonidae,Pacific Salmon,True,0
PSALMGOLOVIN,22,1968,1996,29,7,1,1973.0,1973.0,0,0,0,,,False,SSB,Pink salmon Golovin,Oncorhynchus gorbuscha,Pink salmon,USA-AKSTATE-GOLOVIN,US Alaska (Pacific Salmon),Salmonidae,Pacific Salmon,True,1
PSALMHARR,18,1957,1991,35,17,0,,,0,0,0,,,False,SSB,Pink salmon Harrison,Oncorhynchus gorbuscha,Pink salmon,Canada-DFO-HARR,Canada West Coast (Pacific Salmon),Salmonidae,Pacific Salmon,True,0
PSALMHETTA,39,1960,1998,39,0,0,,,5,0,5,1989.0,1993.0,False,SSB,Pink salmon Hetta (District103),Oncorhynchus gorbuscha,Pink salmon,USA-AKSTATE-HETTA,US Alaska (Pacific Salmon),Salmonidae,Pacific Salmon,True,0
PSALMHHAMMAHC,20,1959,1997,39,19,0,,,0,0,0,,,False,SSB,Pink salmon Hamma Hamma (Hood Canal),Oncorhynchus gorbuscha,Pink salmon,USA-WASTATE-HHAMMAHC,US West Coast (Pacific Salmon),Salmonidae,Pacific Salmon,True,0
PSALMHOMES,39,1960,1998,39,0,0,,,5,0,5,1989.0,1993.0,False,SSB,Pink salmon Homeshor (District114),Oncorhynchus gorbuscha,Pink salmon,USA-AKSTATE-HOMES,US Alaska (Pacific Salmon),Salmonidae,Pacific Salmon,True,0
PSALMHOMFROY,14,1953,1981,29,15,0,,,0,0,0,,,False,SSB,Pink salmon Homfroy C (Area 15),Oncorhynchus gorbuscha,Pink salmon,Canada-DFO-HOMFROY,Canada West Coast (Pacific Salmon),Salmonidae,Pacific Salmon,True,0
PSALMHOOKC,9,1950,1958,9,0,0,,,0,0,0,,,False,SSB,Pink salmon Hooknose Creek,Oncorhynchus gorbuscha,Pink salmon,Canada-DFO-HOOKC,Canada West Coast (Pacific Salmon),Salmonidae,Pacific Salmon,True,0
PSALMHOONAHS,39,1960,1998,39,0,0,,,5,0,5,1989.0,1993.0,False,SSB,Pink salmon Hoonah S (District113),Oncorhynchus gorbuscha,Pink salmon,USA-AKSTATE-HOONAHS,US Alaska (Pacific Salmon),Salmonidae,Pacific Salmon,True,0
PSALMHOUGHTON,39,1960,1998,39,0,0,,,5,0,5,1989.0,1993.0,False,SSB,Pink salmon Houghton (District110),Oncorhynchus gorbuscha,Pink salmon,USA-AKSTATE-HOUGHTON,US Alaska (Pacific Salmon),Salmonidae,Pacific Salmon,True,0
PSALMHUMPCY,23,1962,1994,33,10,0,,1992.0,0,0,0,,,False,SSB,Pink salmon Humpy Creek (Yakutat),Oncorhynchus gorbuscha,Pink salmon,USA-AKSTATE-HUMPCY,US Alaska (Pacific Salmon),Salmonidae,Pacific Salmon,True,0
PSALMHUMPYCCISD,39,1960,1998,39,0,0,1991.0,1991.0,2,2,0,1989.0,1990.0,True,SSB,Pink salmon Humpy Creek (Cook Inlet Southern D),Oncorhynchus gorbuscha,Pink salmon,USA-AKSTATE-HUMPYCCISD,US Alaska (Pacific Salmon),Salmonidae,Pacific Salmon,True,0
PSALMIGUSHIK,8,1962,1984,23,15,0,,,0,0,0,,,False,SSB,Pink salmon Igushik River,Oncorhynchus gorbuscha,Pink salmon,USA-AKSTATE-IGUSHIK,US Alaska (Pacific Salmon),Salmonidae,Pacific Salmon,True,0
PSALMJAMESLOD,16,1980,1995,16,0,0,1994.0,1994.0,0,0,0,,,False,SSB,Pink salmon James Lagoon (Outer D),Oncorhynchus gorbuscha,Pink salmon,USA-AKSTATE-JAMESLOD,US Alaska (Pacific Salmon),Salmonidae,Pacific Salmon,True,0
PSALMJCPH,53,1952,2004,53,0,0,,,19,0,19,1981.0,1999.0,False,SSB,Pink salmon Japan coastal pink hatchery,Oncorhynchus gorbuscha,Pink salmon,Japan-FAJ-JCPH,Russia Japan (Pacific Salmon),Salmonidae,Pacific Salmon,True,0
PSALMJCPW,53,1952,2004,53,0,0,1978.0,1978.0,0,0,0,,,False,SSB,Pink salmon Japan coastal pink wild,Oncorhynchus gorbuscha,Pink salmon,Japan-FAJ-JCPW,Russia Japan (Pacific Salmon),Salmonidae,Pacific Salmon,True,0
PSALMJERVISI,32,1953,1997,45,13,0,1991.0,1973.0,0,0,0,,,False,SSB,Pink salmon Jervis Inlet (Area 16),Oncorhynchus gorbuscha,Pink salmon,Canada-DFO-JERVISI,Canada West Coast (Pacific Salmon),Salmonidae,Pacific Salmon,True,0
PSALMJOHNS,36,1953,1996,44,8,0,1975.0,1975.0,0,0,0,,,False,SSB,Pink salmon JohnstoneSt (Area 12),Oncorhynchus gorbuscha,Pink salmon,Canada-DFO-JOHNS,Canada West Coast (Pacific Salmon),Salmonidae,Pacific Salmon,True,0
PSALMJOHNST,30,1953,1997,45,15,0,1988.0,1988.0,0,0,0,,,False,SSB,Pink salmon Johnst St (Area 13),Oncorhynchus gorbuscha,Pink salmon,Canada-DFO-JOHNST,Canada West Coast (Pacific Salmon),Salmonidae,Pacific Salmon,True,0
PSALMKASAAN,39,1960,1998,39,0,0,,,5,0,5,1989.0,1993.0,False,SSB,Pink salmon Kasaan (District102),Oncorhynchus gorbuscha,Pink salmon,USA-AKSTATE-KASAAN,US Alaska (Pacific Salmon),Salmonidae,Pacific Salmon,True,0
PSALMKELPB,39,1960,1998,39,0,0,,,5,0,5,1989.0,1993.0,False,SSB,Pink salmon Kelp By (District112),Oncorhynchus gorbuscha,Pink salmon,USA-AKSTATE-KELPB,US Alaska (Pacific Salmon),Salmonidae,Pacific Salmon,True,0
PSALMKINGCOME,45,1953,1997,45,0,0,,1997.0,10,0,10,1982.0,1991.0,False,SSB,Pink salmon KingcomeInlet (Area 12),Oncorhynchus gorbuscha,Pink salmon,Canada-DFO-KINGCOME,Canada West Coast (Pacific Salmon),Salmonidae,Pacific Salmon,True,0
PSALMKLAWOCK,39,1960,1998,39,0,0,,,5,0,5,1989.0,1993.0,False,SSB,Pink salmon Klawock (District103),Oncorhynchus gorbuscha,Pink salmon,USA-AKSTATE-KLAWOCK,US Alaska (Pacific Salmon),Salmonidae,Pacific Salmon,True,0
PSALMKNIGHT,45,1953,1997,45,0,0,,,11,0,11,1982.0,1992.0,False,SSB,Pink salmon KnightInlet (Area 12),Oncorhynchus gorbuscha,Pink salmon,Canada-DFO-KNIGHT,Canada West Coast (Pacific Salmon),Salmonidae,Pacific Salmon,True,0
PSALMKODIAKMD,19,1980,1998,19,0,0,,,0,0,0,,,False,SSB,Pink salmon Kodiak Mainland District,Oncorhynchus gorbuscha,Pink salmon,USA-AKSTATE-KODIAKMD,US Alaska (Pacific Salmon),Salmonidae,Pacific Salmon,True,0
PSALMKODIAKWD,19,1980,1998,19,0,0,,,0,0,0,,,False,SSB,Pink salmon Kodiak Westside District,Oncorhynchus gorbuscha,Pink salmon,USA-AKSTATE-KODIAKWD,US Alaska (Pacific Salmon),Salmonidae,Pacific Salmon,True,0
PSALMKUSKOKWIM,37,1961,2000,40,3,0,1995.0,1995.0,2,2,0,1993.0,1994.0,True,SSB,Pink salmon Kuskokwim,Oncorhynchus gorbuscha,Pink salmon,USA-AKSTATE-KUSKOKWIM,US Alaska (Pacific Salmon),Salmonidae,Pacific Salmon,True,0
PSALMLISIANSKI,39,1960,1998,39,0,0,1990.0,1990.0,1,1,0,1989.0,1989.0,True,SSB,Pink salmon Lisianski (District113),Oncorhynchus gorbuscha,Pink salmon,USA-AKSTATE-LISIANSKI,US Alaska (Pacific Salmon),Salmonidae,Pacific Salmon,True,0
PSALMLKAMR,17,1962,1989,28,11,0,,,0,0,0,,,False,SSB,Pink salmon Little Kamishak River (Kamishak D),Oncorhynchus gorbuscha,Pink salmon,USA-AKSTATE-LKAMR,US Alaska (Pacific Salmon),Salmonidae,Pacific Salmon,True,0
PSALMLOUGHB,45,1953,1997,45,0,0,1984.0,1984.0,2,2,0,1982.0,1983.0,True,SSB,Pink salmon Loughb It (Area 13),Oncorhynchus gorbuscha,Pink salmon,Canada-DFO-LOUGHB,Canada West Coast (Pacific Salmon),Salmonidae,Pacific Salmon,True,0
PSALMLYNNCD112,39,1960,1998,39,0,0,,,5,0,5,1989.0,1993.0,False,SSB,Pink salmon Lynn Cnl (District112),Oncorhynchus gorbuscha,Pink salmon,USA-AKSTATE-LYNNCD112,US Alaska (Pacific Salmon),Salmonidae,Pacific Salmon,True,0
PSALMLYNNCD115,39,1960,1998,39,0,0,,,5,0,5,1989.0,1993.0,False,SSB,Pink salmon Lynn Cnl (District115),Oncorhynchus gorbuscha,Pink salmon,USA-AKSTATE-LYNNCD115,US Alaska (Pacific Salmon),Salmonidae,Pacific Salmon,True,0
PSALMMALAS,24,1953,1996,44,20,0,,1996.0,0,0,0,,,False,SSB,Pink salmon Malaspina (Area 15),Oncorhynchus gorbuscha,Pink salmon,Canada-DFO-MALAS,Canada West Coast (Pacific Salmon),Salmonidae,Pacific Salmon,True,0
PSALMMFRASE,18,1957,1991,35,17,0,,,0,0,0,,,False,SSB,Pink salmon Main Fraser,Oncorhynchus gorbuscha,Pink salmon,Canada-DFO-MFRASE,Canada West Coast (Pacific Salmon),Salmonidae,Pacific Salmon,True,0
PSALMMOIRA,39,1960,1998,39,0,0,,,5,0,5,1989.0,1993.0,False,SSB,Pink salmon Moira (District102),Oncorhynchus gorbuscha,Pink salmon,USA-AKSTATE-MOIRA,US Alaska (Pacific Salmon),Salmonidae,Pacific Salmon,True,0
PSALMMONTD,34,1965,1998,34,0,0,,,0,0,0,,,False,SSB,Pink salmon Montague District,Oncorhynchus gorbuscha,Pink salmon,USA-AKSTATE-MONTD,US Alaska (Pacific Salmon),Salmonidae,Pacific Salmon,True,0
PSALMMPNBNS,30,1963,1997,35,5,0,,1997.0,0,0,0,,,False,SSB,Pink salmon Moses Point and Norton Bay (Norton Sound),Oncorhynchus gorbuscha,Pink salmon,USA-AKSTATE-MPNBNS,US Alaska (Pacific Salmon),Salmonidae,Pacific Salmon,True,0
PSALMNCHICHAGO,39,1960,1998,39,0,0,,,5,0,5,1989.0,1993.0,False,SSB,Pink salmon Nchichago (District114),Oncorhynchus gorbuscha,Pink salmon,USA-AKSTATE-NCHICHAGO,US Alaska (Pacific Salmon),Salmonidae,Pacific Salmon,True,0
PSALMNISQPS,20,1959,1997,39,19,0,,,0,0,0,,,False,SSB,Pink salmon Nisqually (Puget Sound),Oncorhynchus gorbuscha,Pink salmon,USA-WASTATE-NISQPS,US West Coast (Pacific Salmon),Salmonidae,Pacific Salmon,True,0
PSALMNKINGCOME,45,1953,1997,45,0,0,,1997.0,10,0,10,1982.0,1991.0,False,SSB,Pink salmon NearKingcome (Area 12),Oncorhynchus gorbuscha,Pink salmon,Canada-DFO-NKINGCOME,Canada West Coast (Pacific Salmon),Salmonidae,Pacific Salmon,True,0
PSALMNOME,20,1977,1997,21,1,0,1985.0,1985.0,0,0,0,,,False,SSB,Pink salmon Nome (Norton Sound),Oncorhynchus gorbuscha,Pink salmon,USA-AKSTATE-NOME,US Alaska (Pacific Salmon),Salmonidae,Pacific Salmon,True,0
PSALMNOOKSPS,20,1959,1997,39,19,0,,,0,0,0,,,False,SSB,Pink salmon Nooksack (Puget Sound),Oncorhynchus gorbuscha,Pink salmon,USA-WASTATE-NOOKSPS,US West Coast (Pacific Salmon),Salmonidae,Pacific Salmon,True,0
PSALMNUNAKWIKD,34,1965,1998,34,0,0,,,0,0,0,,,False,SSB,Pink salmon Northern/Unakwik District,Oncorhynchus gorbuscha,Pink salmon,USA-AKSTATE-NUNAKWIKD,US Alaska (Pacific Salmon),Salmonidae,Pacific Salmon,True,0
PSALMNUSHAGAKR,19,1960,1998,39,20,0,,,0,0,0,,,False,SSB,Pink salmon Nushagak River,Oncorhynchus gorbuscha,Pink salmon,USA-AKSTATE-NUSHAGAKR,US Alaska (Pacific Salmon),Salmonidae,Pacific Salmon,True,0
PSALMOKPH,34,1972,2005,34,0,1,,,0,0,0,,,False,SSB,Pink salmon Okhotsk pink hatchery,Oncorhynchus gorbuscha,Pink salmon,Russia-TINRO-OKPH,Russia Japan (Pacific Salmon),Salmonidae,Pacific Salmon,True,1
PSALMOKPW,54,1952,2005,54,0,0,1966.0,1966.0,0,0,0,,,False,SSB,Pink salmon Okhotsk pink wild,Oncorhynchus gorbuscha,Pink salmon,Russia-TINRO-OKPW,Russia Japan (Pacific Salmon),Salmonidae,Pacific Salmon,True,0
PSALMPCHATHAM,32,1960,1998,39,7,0,,,0,0,0,,,False,SSB,Pink salmon Port Chatham (Outer D),Oncorhynchus gorbuscha,Pink salmon,USA-AKSTATE-PCHATHAM,US Alaska (Pacific Salmon),Salmonidae,Pacific Salmon,True,0
PSALMPDICK,39,1960,1998,39,0,0,1987.0,1987.0,0,0,0,,,False,SSB,Pink salmon Port Dick (Outer D),Oncorhynchus gorbuscha,Pink salmon,USA-AKSTATE-PDICK,US Alaska (Pacific Salmon),Salmonidae,Pacific Salmon,True,0
PSALMPERRYVILLED,36,1962,1997,36,0,0,,,2,0,2,1991.0,1992.0,False,SSB,Pink salmon Perryville District,Oncorhynchus gorbuscha,Pink salmon,USA-AKSTATE-PERRYVILLED,US Alaska (Pacific Salmon),Salmonidae,Pacific Salmon,True,0
PSALMPGRAHAMSD,39,1960,1998,39,0,0,,,5,0,5,1989.0,1993.0,False,SSB,Pink salmon Port Graham (Southern D),Oncorhynchus gorbuscha,Pink salmon,USA-AKSTATE-PGRAHAMSD,US Alaska (Pacific Salmon),Salmonidae,Pacific Salmon,True,0
PSALMPORTAGEB,39,1960,1998,39,0,0,,,5,0,5,1989.0,1993.0,False,SSB,Pink salmon Portage B (District110),Oncorhynchus gorbuscha,Pink salmon,USA-AKSTATE-PORTAGEB,US Alaska (Pacific Salmon),Salmonidae,Pacific Salmon,True,0
PSALMPORTLAND,39,1960,1998,39,0,0,,,5,0,5,1989.0,1993.0,False,SSB,Pink salmon Portland (District 101),Oncorhynchus gorbuscha,Pink salmon,USA-AKSTATE-PORTLAND,US Alaska (Pacific Salmon),Salmonidae,Pacific Salmon,True,0
PSALMPORTLOCK,39,1960,1998,39,0,0,1970.0,1970.0,0,0,0,,,False,SSB,Pink salmon Portlock (District113),Oncorhynchus gorbuscha,Pink salmon,USA-AKSTATE-PORTLOCK,US Alaska (Pacific Salmon),Salmonidae,Pacific Salmon,True,0
PSALMPRIMPW,54,1952,2005,54,0,0,,2005.0,19,0,19,1981.0,1999.0,False,SSB,Pink salmon Primorye pink wild,Oncorhynchus gorbuscha,Pink salmon,Russia-TINRO-PRIMPW,Russia Japan (Pacific Salmon),Salmonidae,Pacific Salmon,True,0
PSALMPUYALLUPPS,20,1959,1997,39,19,0,,,0,0,0,,,False,SSB,Pink salmon Puyallup (Puget Sound),Oncorhynchus gorbuscha,Pink salmon,USA-WASTATE-PUYALLUPPS,US West Coast (Pacific Salmon),Salmonidae,Pacific Salmon,True,0
PSALMPWSED,34,1965,1998,34,0,0,,,0,0,0,,,False,SSB,Pink salmon PWS Eastern District,Oncorhynchus gorbuscha,Pink salmon,USA-AKSTATE-PWSED,US Alaska (Pacific Salmon),Salmonidae,Pacific Salmon,True,0
PSALMPWSNWD,34,1965,1998,34,0,0,,,0,0,0,,,False,SSB,Pink salmon PWS Northwestern District,Oncorhynchus gorbuscha,Pink salmon,USA-AKSTATE-PWSNWD,US Alaska (Pacific Salmon),Salmonidae,Pacific Salmon,True,0
PSALMPWSSED,34,1965,1998,34,0,0,,,0,0,0,,,False,SSB,Pink salmon PWS Southeastern District,Oncorhynchus gorbuscha,Pink salmon,USA-AKSTATE-PWSSED,US Alaska (Pacific Salmon),Salmonidae,Pacific Salmon,True,0
PSALMPWSSWD,34,1965,1998,34,0,0,,,0,0,0,,,False,SSB,Pink salmon PWS Southwest District,Oncorhynchus gorbuscha,Pink salmon,USA-AKSTATE-PWSSWD,US Alaska (Pacific Salmon),Salmonidae,Pacific Salmon,True,0
PSALMPYBUSGA,39,1960,1998,39,0,0,,,5,0,5,1989.0,1993.0,False,SSB,Pink salmon Pybus/Ga (District110),Oncorhynchus gorbuscha,Pink salmon,USA-AKSTATE-PYBUSGA,US Alaska (Pacific Salmon),Salmonidae,Pacific Salmon,True,0
PSALMQUATR,33,1953,1997,45,12,0,1967.0,1967.0,0,0,0,,,False,SSB,Pink salmon Quatam R (Area 13),Oncorhynchus gorbuscha,Pink salmon,Canada-DFO-QUATR,Canada West Coast (Pacific Salmon),Salmonidae,Pacific Salmon,True,0
PSALMRATZH,39,1960,1998,39,0,0,1992.0,1992.0,3,3,0,1989.0,1991.0,True,SSB,Pink salmon Ratz Hbr (District106),Oncorhynchus gorbuscha,Pink salmon,USA-AKSTATE-RATZH,US Alaska (Pacific Salmon),Salmonidae,Pacific Salmon,True,0
PSALMRESB,28,1960,1998,39,11,0,,,0,0,0,,,False,SSB,Pink salmon Resurrection Bay (Eastern D),Oncorhynchus gorbuscha,Pink salmon,USA-AKSTATE-RESB,US Alaska (Pacific Salmon),Salmonidae,Pacific Salmon,True,0
PSALMROCKYROD,39,1960,1998,39,0,0,1971.0,1971.0,0,0,0,,,False,SSB,Pink salmon Rocky River (Outer D),Oncorhynchus gorbuscha,Pink salmon,USA-AKSTATE-ROCKYROD,US Alaska (Pacific Salmon),Salmonidae,Pacific Salmon,True,0
PSALMSAGINWB,39,1960,1998,39,0,0,1973.0,1973.0,0,0,0,,,False,SSB,Pink salmon Saginw By (District109),Oncorhynchus gorbuscha,Pink salmon,USA-AKSTATE-SAGINWB,US Alaska (Pacific Salmon),Salmonidae,Pacific Salmon,True,0
PSALMSAKP,43,1962,2004,43,0,0,1972.0,1972.0,0,0,0,,,False,SSB,Pink salmon South AK Peninsula w/o Chignik,Oncorhynchus gorbuscha,Pink salmon,USA-AKSTATE-SAKP,US Alaska (Pacific Salmon),Salmonidae,Pacific Salmon,True,0
PSALMSALISBURY,39,1960,1998,39,0,0,1986.0,1986.0,0,0,0,,,False,SSB,Pink salmon Salisbury (District113),Oncorhynchus gorbuscha,Pink salmon,USA-AKSTATE-SALISBURY,US Alaska (Pacific Salmon),Salmonidae,Pacific Salmon,True,0
PSALMSASHINCNI,39,1950,1997,48,9,0,1973.0,1973.0,0,0,0,,,False,SSB,Pink salmon Sashin Creek (Northern Inside),Oncorhynchus gorbuscha,Pink salmon,USA-AKSTATE-SASHINCNI,US Alaska (Pacific Salmon),Salmonidae,Pacific Salmon,True,0
PSALMSBPCKD,36,1960,1998,39,3,0,1969.0,1969.0,0,0,0,,,False,SSB,Pink salmon Sunday and Browns Peak Creek (Kamishak D),Oncorhynchus gorbuscha,Pink salmon,USA-AKSTATE-SBPCKD,US Alaska (Pacific Salmon),Salmonidae,Pacific Salmon,True,0
PSALMSEAOTTER,39,1960,1998,39,0,0,1969.0,1969.0,0,0,0,,,False,SSB,Pink salmon SeaOtter (District103),Oncorhynchus gorbuscha,Pink salmon,USA-AKSTATE-SEAOTTER,US Alaska (Pacific Salmon),Salmonidae,Pacific Salmon,True,0
PSALMSEBARAN,39,1960,1998,39,0,0,1986.0,1986.0,0,0,0,,,False,SSB,Pink salmon SE Baran (District109),Oncorhynchus gorbuscha,Pink salmon,USA-AKSTATE-SEBARAN,US Alaska (Pacific Salmon),Salmonidae,Pacific Salmon,True,0
PSALMSECHELT,28,1953,1997,45,17,0,1995.0,1973.0,0,0,0,,,False,SSB,Pink salmon Sechelt It  (Area 16),Oncorhynchus gorbuscha,Pink salmon,Canada-DFO-SECHELT,Canada West Coast (Pacific Salmon),Salmonidae,Pacific Salmon,True,0
PSALMSELDOVIAB,39,1960,1998,39,0,0,,,5,0,5,1989.0,1993.0,False,SSB,Pink salmon Seldovia Bay  (Southern D),Oncorhynchus gorbuscha,Pink salmon,USA-AKSTATE-SELDOVIAB,US Alaska (Pacific Salmon),Salmonidae,Pacific Salmon,True,0
PSALMSETONA,18,1957,1991,35,17,0,,,0,0,0,,,False,SSB,Pink salmon SetonArea,Oncorhynchus gorbuscha,Pink salmon,Canada-DFO-SETONA,Canada West Coast (Pacific Salmon),Salmonidae,Pacific Salmon,True,0
PSALMSEYMOUR,39,1960,1998,39,0,0,,,5,0,5,1989.0,1993.0,False,SSB,Pink salmon Seymour (District111),Oncorhynchus gorbuscha,Pink salmon,USA-AKSTATE-SEYMOUR,US Alaska (Pacific Salmon),Salmonidae,Pacific Salmon,True,0
PSALMSHIPLEY,39,1960,1998,39,0,0,,,5,0,5,1989.0,1993.0,False,SSB,Pink salmon Shipley (District105),Oncorhynchus gorbuscha,Pink salmon,USA-AKSTATE-SHIPLEY,US Alaska (Pacific Salmon),Salmonidae,Pacific Salmon,True,0
PSALMSITKAS,39,1960,1998,39,0,0,1988.0,1988.0,0,0,0,,,False,SSB,Pink salmon Sitka Sd (District113),Oncorhynchus gorbuscha,Pink salmon,USA-AKSTATE-SITKAS,US Alaska (Pacific Salmon),Salmonidae,Pacific Salmon,True,0
PSALMSITUKR,28,1961,1992,32,4,0,,1992.0,0,0,0,,,False,SSB,Pink salmon Situk River,Oncorhynchus gorbuscha,Pink salmon,USA-AKSTATE-SITUKR,US Alaska (Pacific Salmon),Salmonidae,Pacific Salmon,True,0
PSALMSKAGPS,20,1959,1997,39,19,0,,,0,0,0,,,False,SSB,Pink salmon Skagit (Puget Sound),Oncorhynchus gorbuscha,Pink salmon,USA-WASTATE-SKAGPS,US West Coast (Pacific Salmon),Salmonidae,Pacific Salmon,True,0
PSALMSKEENALR,7,1959,1965,7,0,0,,,0,0,0,,,False,SSB,Pink salmon Skeena/Lakelse River,Oncorhynchus gorbuscha,Pink salmon,Canada-DFO-SKEENALR,Canada West Coast (Pacific Salmon),Salmonidae,Pacific Salmon,True,0
PSALMSLIAMMON,15,1953,1997,45,30,0,,,0,0,0,,,False,SSB,Pink salmon Sliammon (Area 15),Oncorhynchus gorbuscha,Pink salmon,Canada-DFO-SLIAMMON,Canada West Coast (Pacific Salmon),Salmonidae,Pacific Salmon,True,0
PSALMSLOCUM,39,1960,1998,39,0,0,,,5,0,5,1989.0,1993.0,False,SSB,Pink salmon Slocum (District113),Oncorhynchus gorbuscha,Pink salmon,USA-AKSTATE-SLOCUM,US Alaska (Pacific Salmon),Salmonidae,Pacific Salmon,True,0
PSALMSNAKER,8,1962,1984,23,15,0,,,0,0,0,,,False,SSB,Pink salmon Snake River,Oncorhynchus gorbuscha,Pink salmon,USA-AKSTATE-SNAKER,US Alaska (Pacific Salmon),Salmonidae,Pacific Salmon,True,0
PSALMSNOHPS,28,1959,1997,39,11,0,,,0,0,0,,,False,SSB,Pink salmon Snohomish (Puget Sound),Oncorhynchus gorbuscha,Pink salmon,USA-WASTATE-SNOHPS,US West Coast (Pacific Salmon),Salmonidae,Pacific Salmon,True,0
PSALMSQUAMISH,24,1953,1995,43,19,0,,,0,0,0,,,False,SSB,Pink salmon Squamish,Oncorhynchus gorbuscha,Pink salmon,Canada-DFO-SQUAMISH,Canada West Coast (Pacific Salmon),Salmonidae,Pacific Salmon,True,0
PSALMSTEPHENS,39,1960,1998,39,0,0,,,5,0,5,1989.0,1993.0,False,SSB,Pink salmon Stephens (District111),Oncorhynchus gorbuscha,Pink salmon,USA-AKSTATE-STEPHENS,US Alaska (Pacific Salmon),Salmonidae,Pacific Salmon,True,0
PSALMSTIKINE,39,1960,1998,39,0,0,,,5,0,5,1989.0,1993.0,False,SSB,Pink salmon Stikine (District108),Oncorhynchus gorbuscha,Pink salmon,USA-AKSTATE-STIKINE,US Alaska (Pacific Salmon),Salmonidae,Pacific Salmon,True,0
PSALMSTILLAPS,20,1959,1997,39,19,0,,,0,0,0,,,False,SSB,Pink salmon Stillaguamish (Puget Sound),Oncorhynchus gorbuscha,Pink salmon,USA-WASTATE-STILLAPS,US West Coast (Pacific Salmon),Salmonidae,Pacific Salmon,True,0
PSALMSUNDC,39,1954,1997,44,5,0,,1997.0,0,0,0,,,False,SSB,Pink salmon SundChnl (Area 13),Oncorhynchus gorbuscha,Pink salmon,Canada-DFO-SUNDC,Canada West Coast (Pacific Salmon),Salmonidae,Pacific Salmon,True,0
PSALMSUTILC,18,1953,1996,44,26,0,,,0,0,0,,,False,SSB,Pink salmon Sutil Chnl (Area 13),Oncorhynchus gorbuscha,Pink salmon,Canada-DFO-SUTILC,Canada West Coast (Pacific Salmon),Salmonidae,Pacific Salmon,True,0
PSALMSWADMIR,39,1960,1998,39,0,0,,,5,0,5,1989.0,1993.0,False,SSB,Pink salmon SWAdmir (District112),Oncorhynchus gorbuscha,Pink salmon,USA-AKSTATE-SWADMIR,US Alaska (Pacific Salmon),Salmonidae,Pacific Salmon,True,0
PSALMTANAKEE,39,1960,1998,39,0,0,,,5,0,5,1989.0,1993.0,False,SSB,Pink salmon Tenakee (District112),Oncorhynchus gorbuscha,Pink salmon,USA-AKSTATE-TANAKEE,US Alaska (Pacific Salmon),Salmonidae,Pacific Salmon,True,0
PSALMTEBENKOF,39,1960,1998,39,0,0,1973.0,1973.0,0,0,0,,,False,SSB,Pink salmon Tebenkof (District109),Oncorhynchus gorbuscha,Pink salmon,USA-AKSTATE-TEBENKOF,US Alaska (Pacific Salmon),Salmonidae,Pacific Salmon,True,0
PSALMTHOMPSON,18,1957,1991,35,17,0,,,0,0,0,,,False,SSB,Pink salmon Thompson,Oncorhynchus gorbuscha,Pink salmon,Canada-DFO-THOMPSON,Canada West Coast (Pacific Salmon),Salmonidae,Pacific Salmon,True,0
PSALMTOBAI,25,1953,1997,45,20,0,1979.0,1977.0,0,0,0,,,False,SSB,Pink salmon Toba Inlt (Area 15),Oncorhynchus gorbuscha,Pink salmon,Canada-DFO-TOBAI,Canada West Coast (Pacific Salmon),Salmonidae,Pacific Salmon,True,0
PSALMTOTEMB,39,1960,1998,39,0,0,1972.0,1972.0,0,0,0,,,False,SSB,Pink salmon Totem By (District106),Oncorhynchus gorbuscha,Pink salmon,USA-AKSTATE-TOTEMB,US Alaska (Pacific Salmon),Salmonidae,Pacific Salmon,True,0
PSALMTUTKASD,39,1960,1998,39,0,0,,,5,0,5,1989.0,1993.0,False,SSB,Pink salmon Tutka (Southern D),Oncorhynchus gorbuscha,Pink salmon,USA-AKSTATE-TUTKASD,US Alaska (Pacific Salmon),Salmonidae,Pacific Salmon,True,0
PSALMUCOOKI,49,1956,2004,49,0,0,1989.0,1989.0,4,4,0,1985.0,1988.0,True,SSB,Pink salmon Upper Cook Inlet,Oncorhynchus gorbuscha,Pink salmon,USA-AKSTATE-UCOOKI,US Alaska (Pacific Salmon),Salmonidae,Pacific Salmon,True,0
PSALMUNALAKLEETNS,29,1962,1997,36,7,0,,1993.0,0,0,0,,,False,SSB,Pink salmon Unalakleet (Norton Sound),Oncorhynchus gorbuscha,Pink salmon,USA-AKSTATE-UNALAKLEETNS,US Alaska (Pacific Salmon),Salmonidae,Pacific Salmon,True,0
PSALMUNIONB,39,1960,1998,39,0,0,,,5,0,5,1989.0,1993.0,False,SSB,Pink salmon Union By (District107),Oncorhynchus gorbuscha,Pink salmon,USA-AKSTATE-UNIONB,US Alaska (Pacific Salmon),Salmonidae,Pacific Salmon,True,0
PSALMVANCI,45,1953,1997,45,0,0,,,11,0,11,1982.0,1992.0,False,SSB,Pink salmon VancIsland (Area 13),Oncorhynchus gorbuscha,Pink salmon,Canada-DFO-VANCI,Canada West Coast (Pacific Salmon),Salmonidae,Pacific Salmon,True,0
PSALMWADMIRAL,39,1960,1998,39,0,0,,,5,0,5,1989.0,1993.0,False,SSB,Pink salmon WAdmiral (District112),Oncorhynchus gorbuscha,Pink salmon,USA-AKSTATE-WADMIRAL,US Alaska (Pacific Salmon),Salmonidae,Pacific Salmon,True,0
PSALMWBEHM,39,1960,1998,39,0,0,,,5,0,5,1989.0,1993.0,False,SSB,Pink salmon WBehm (District 101),Oncorhynchus gorbuscha,Pink salmon,USA-AKSTATE-WBEHM,US Alaska (Pacific Salmon),Salmonidae,Pacific Salmon,True,0
PSALMWCRAWFISH,39,1960,1998,39,0,0,1967.0,1967.0,0,0,0,,,False,SSB,Pink salmon Wcrawfish (District113),Oncorhynchus gorbuscha,Pink salmon,USA-AKSTATE-WCRAWFISH,US Alaska (Pacific Salmon),Salmonidae,Pacific Salmon,True,0
PSALMWHALEB,39,1960,1998,39,0,0,1967.0,1967.0,0,0,0,,,False,SSB,Pink salmon Whale By (District113),Oncorhynchus gorbuscha,Pink salmon,USA-AKSTATE-WHALEB,US Alaska (Pacific Salmon),Salmonidae,Pacific Salmon,True,0
PSALMWHALEP,39,1960,1998,39,0,0,,,5,0,5,1989.0,1993.0,False,SSB,Pink salmon Whale Pe (District106),Oncorhynchus gorbuscha,Pink salmon,USA-AKSTATE-WHALEP,US Alaska (Pacific Salmon),Salmonidae,Pacific Salmon,True,0
PSALMWINDYC,39,1960,1998,39,0,0,,,5,0,5,1989.0,1993.0,False,SSB,Pink salmon Windy Creek (Outer D),Oncorhynchus gorbuscha,Pink salmon,USA-AKSTATE-WINDYC,US Alaska (Pacific Salmon),Salmonidae,Pacific Salmon,True,0
PSALMWKAMPH,34,1972,2005,34,0,10,1993.0,1993.0,0,0,0,,,False,SSB,Pink salmon West Kamchatka pink hatchery,Oncorhynchus gorbuscha,Pink salmon,Russia-TINRO-WKAMPH,Russia Japan (Pacific Salmon),Salmonidae,Pacific Salmon,True,10
PSALMWKAMPW,54,1952,2005,54,0,0,1964.0,1964.0,0,0,0,,,False,SSB,Pink salmon West Kamchatka pink wild,Oncorhynchus gorbuscha,Pink salmon,Russia-TINRO-WKAMPW,Russia Japan (Pacific Salmon),Salmonidae,Pacific Salmon,True,0
PSALMWOODR,8,1962,1984,23,15,0,,,0,0,0,,,False,SSB,Pink salmon Wood River,Oncorhynchus gorbuscha,Pink salmon,USA-AKSTATE-WOODR,US Alaska (Pacific Salmon),Salmonidae,Pacific Salmon,True,0
PSHRMPMEDGSA6,12,2001,2012,12,0,0,,,0,0,0,,,False,SSB,Deep water rose shrimp Northern Spain,Parapenaeus longirostris,Deep water rose shrimp,multinational-GFCM-GSA6,Mediterranean-Black Sea,Penaeidae,Invertebrate,False,0
PSOLEPCOAST,146,1876,2021,146,0,0,1975.0,1975.0,70,5,65,1905.0,1974.0,True,SSB,Petrale sole Pacific Coast,Eopsetta jordani,Petrale sole,USA-NMFS-PCOAST,US West Coast,Pleuronectidae,Flatfish,False,0
PTOOTHFISHCH,25,1995,2019,25,0,0,,,0,0,0,,,False,SSB,Patagonian toothfish South Chile Argentina,Dissostichus eleginoides,Patagonian toothfish,multinational-SUBPESCA-CFP-SCH-ARG,South America,Nototheniidae,Other Marine,False,0
PTOOTHFISHMI,36,1975,2010,36,0,0,,,2,0,2,2004.0,2005.0,False,SSB,Patagonian toothfish Macquarie Island,Dissostichus eleginoides,Patagonian toothfish,Australia-AFMA-MI,Australia,Nototheniidae,Other Marine,False,0
PTOOTHFISHPEI,60,1960,2019,60,0,0,,,26,0,26,1989.0,2014.0,False,SSB,Patagonian toothfish South Africa Subantarctic Prince Edward Islands,Dissostichus eleginoides,Patagonian toothfish,South Africa-DETMCM-PEI,Southern Africa,Nototheniidae,Other Marine,False,0
RBRMECS,28,1986,2013,28,0,0,,,0,0,0,,,False,SSB,Red seabream East China Sea,Pagrus major,Red seabream,Japan-FAJ-ECS,Japan,Sparidae,Other Marine,False,0
RBRMSETOE,37,1977,2013,37,0,0,,,3,0,3,2006.0,2008.0,False,SSB,Red seabream Inland Sea of Japan (East),Pagrus major,Red seabream,Japan-FAJ-SETOE,Japan,Sparidae,Other Marine,False,0
RBRMSETOW,37,1977,2013,37,0,0,,,3,0,3,2006.0,2008.0,False,SSB,Red seabream Inland Sea of Japan (West),Pagrus major,Red seabream,Japan-FAJ-SETOW,Japan,Sparidae,Other Marine,False,0
RDSHRMPMEDGSA1,21,2002,2022,21,0,0,,,0,0,0,,,False,SSB,Red shrimp Northern Alboran Sea,Aristeus antennatus,Red shrimp,multinational-GFCM-GSA1,Mediterranean-Black Sea,Aristeidae,Invertebrate,False,0
RDSHRMPMEDGSA6-7,18,2002,2019,18,0,0,,,0,0,0,,,False,SSB,Red shrimp Geographical Sub-Areas 6-7,Aristeus antennatus,Red shrimp,multinational-GFCM-GSA6-7,Mediterranean-Black Sea,Aristeidae,Invertebrate,False,0
RDSHRMPMEDGSA9-11,14,2006,2019,14,0,0,,,0,0,0,,,False,SSB,Red shrimp Geographical Sub-Areas 9-11,Aristeus antennatus,Red shrimp,multinational-GFCM-GSA9-11,Mediterranean-Black Sea,Aristeidae,Invertebrate,False,0
REDDEEPDP-1-2-V-XII-XIV,29,1991,2019,29,0,0,2012.0,2012.0,0,0,0,,,False,SSB,Beaked redfish ICES 5-12-14 and NAFO Subareas 1-2 (deep),Sebastes mentella,Beaked redfish,multinational-ICES-DP-1-2-V-XII-XIV,Europe non EU,Sebastidae,Rockfish,False,0
REDDEEPI-II,29,1992,2020,29,0,0,,,0,0,0,,,False,SSB,Deepwater redfish North-East Arctic,Sebastes mentella,Deepwater redfish,multinational-ICES-I-II,Europe non EU,Sebastidae,Rockfish,False,0
REDFEAUS,42,1975,2016,42,0,0,1999.0,1999.0,0,0,0,,,False,SSB,Redfish Eastern Australia,Centroberyx affinis,Redfish,Australia-AFMA-EAUS,Australia,Berycidae,Other Marine,False,0
REDFISHSPP3M,27,1988,2014,27,0,0,,,0,0,0,,,False,SSB,Redfish species Flemish Cap,Sebastes spp,Redfish species,multinational-NAFO-3M,Canada East Coast,Sebastidae,Rockfish,False,0
REXSOLEGA,37,1982,2018,37,0,0,,,3,0,3,2011.0,2013.0,False,SSB,Rex sole Gulf of Alaska,Glyptocephalus zachirus,Rex sole,USA-NMFS-GA,US Alaska,Pleuronectidae,Flatfish,False,0
REYEROCKBSAI,38,1977,2014,38,0,0,,,4,0,4,2006.0,2009.0,False,SSB,Rougheye rockfish Bering Sea and Aleutian Islands,Sebastes aleutianus,Rougheye rockfish,USA-NMFS-BSAI,US Alaska,Sebastidae,Rockfish,False,0
REYEROCKGA,33,1977,2009,33,0,0,,,0,0,0,,,False,SSB,Rougheye rockfish Gulf of Alaska,Sebastes aleutianus,Rougheye rockfish,USA-NMFS-GA,US Alaska,Sebastidae,Rockfish,False,0
RGROUPGM,33,1985,2017,33,0,0,,,0,0,0,,,False,SSB,Red grouper Gulf of Mexico,Epinephelus morio,Red grouper,USA-NMFS-GM,US Southeast and Gulf,Serranidae,Other Marine,False,0
RGROUPSATL,40,1976,2015,40,0,0,,,6,0,6,2005.0,2010.0,False,SSB,Red grouper South Atlantic,Epinephelus morio,Red grouper,USA-NMFS-SATL,US Southeast and Gulf,Serranidae,Other Marine,False,0
RHERRTSST,43,1976,2018,43,0,0,2000.0,2000.0,0,0,0,,,False,SSB,Round herring Tsushima Strait,Etrumeus teres,Round herring,Japan-FAJ-TSST,Japan,Dussumieriidae,Forage Fish,False,0
RKCRABBB,47,1975,2021,47,0,0,1981.0,1981.0,0,0,0,,,False,SSB,Red king crab Bristol Bay,Paralithodes camtschaticus,Red king crab,USA-NMFS-BB,US Alaska,Lithodidae,Invertebrate,False,0
RKCRABNS,44,1976,2019,44,0,0,1995.0,1995.0,0,0,0,,,False,SSB,Red king crab Norton Sound,Paralithodes camtschaticus,Red king crab,USA-NMFS-NS,US Alaska,Lithodidae,Invertebrate,False,0
RKCRABPI,29,1981,2009,29,0,0,1986.0,1986.0,0,0,0,,,False,SSB,Red king crab Pribilof Islands,Paralithodes camtschaticus,Red king crab,USA-NMFS-PI,US Alaska,Lithodidae,Invertebrate,False,0
RMULLMEDGSA1,16,2004,2019,16,0,0,,,0,0,0,,,False,SSB,Red mullet Northern Alboran Sea,Mullus barbatus,Red mullet,multinational-GFCM-GSA1,Mediterranean-Black Sea,Mullidae,Other Marine,False,0
RMULLMEDGSA10,18,2002,2019,18,0,0,,,0,0,0,,,False,SSB,Red mullet South Tyrrhenian Sea,Mullus barbatus,Red mullet,multinational-GFCM-GSA10,Mediterranean-Black Sea,Mullidae,Other Marine,False,0
RMULLMEDGSA11,8,2005,2012,8,0,0,,,0,0,0,,,False,SSB,Red mullet Sardinia,Mullus barbatus,Red mullet,multinational-GFCM-GSA11,Mediterranean-Black Sea,Mullidae,Other Marine,False,0
RMULLMEDGSA15-16,6,2006,2011,6,0,0,,,0,0,0,,,False,SSB,"Red mullet Malta Island and South of Sicily (GSA 15, 16)",Mullus barbatus,Red mullet,multinational-GFCM-GSA15-16,Mediterranean-Black Sea,Mullidae,Other Marine,False,0
RMULLMEDGSA17-18,14,2006,2019,14,0,0,,,0,0,0,,,False,SSB,"Red mullet Adriatic Sea (GSA 17,18)",Mullus barbatus,Red mullet,multinational-GFCM-GSA17-18,Mediterranean-Black Sea,Mullidae,Other Marine,False,0
RMULLMEDGSA19,11,2006,2016,11,0,0,,,0,0,0,,,False,SSB,Red mullet Western Ionian Sea,Mullus barbatus,Red mullet,multinational-GFCM-GSA19,Mediterranean-Black Sea,Mullidae,Other Marine,False,0
RMULLMEDGSA22,17,2003,2019,17,0,0,,,0,0,0,,,False,SSB,Red mullet Aegean Sea,Mullus barbatus,Red mullet,multinational-GFCM-GSA22,Mediterranean-Black Sea,Mullidae,Other Marine,False,0
RMULLMEDGSA25,1,2008,2008,1,0,0,,,0,0,0,,,False,SSB,Red mullet Cyprus Island,Mullus barbatus,Red mullet,multinational-GFCM-GSA25,Mediterranean-Black Sea,Mullidae,Other Marine,False,0
RMULLMEDGSA29,32,1990,2021,32,0,0,,,0,0,0,,,False,SSB,Red mullet Black Sea,Mullus barbatus,Red mullet,multinational-GFCM-GSA29,Mediterranean-Black Sea,Mullidae,Other Marine,False,0
RMULLMEDGSA5,13,2000,2012,13,0,0,,,0,0,0,,,False,SSB,Red mullet Balearic Island,Mullus barbatus,Red mullet,multinational-GFCM-GSA5,Mediterranean-Black Sea,Mullidae,Other Marine,False,0
RMULLMEDGSA6,19,2004,2022,19,0,0,,,0,0,0,,,False,SSB,Red mullet Northern Spain,Mullus barbatus,Red mullet,multinational-GFCM-GSA6,Mediterranean-Black Sea,Mullidae,Other Marine,False,0
RMULLMEDGSA7,21,2002,2022,21,0,0,,,0,0,0,,,False,SSB,Red mullet Gulf of Lions,Mullus barbatus,Red mullet,multinational-GFCM-GSA7,Mediterranean-Black Sea,Mullidae,Other Marine,False,0
RMULLMEDGSA9,16,2004,2019,16,0,0,,,0,0,0,,,False,SSB,Red mullet Ligurian and North Tyrrhenian Sea,Mullus barbatus,Red mullet,multinational-GFCM-GSA9,Mediterranean-Black Sea,Mullidae,Other Marine,False,0
RPORGYSATLC,46,1972,2017,46,0,0,,2017.0,11,0,11,2001.0,2011.0,False,SSB,Red porgy Southern Atlantic coast,Pagrus pagrus,Red porgy,USA-NMFS-SATLC,US Southeast and Gulf,Sparidae,Other Marine,False,0
RROCKLOBSTERSAUSNZ,40,1970,2009,40,0,0,,,6,0,6,1999.0,2004.0,False,SSB,Rock lobster South Australia Northern Zone,Jasus edwardsii,Rock lobster,Australia-SARDI-SAUSNZ,Australia,Palinuridae,Invertebrate,False,0
RROCKLOBSTERSAUSSZ,40,1970,2009,40,0,0,,,6,0,6,1999.0,2004.0,False,SSB,Rock lobster South Australia Southern Zone,Jasus edwardsii,Rock lobster,Australia-SARDI-SAUSSZ,Australia,Palinuridae,Invertebrate,False,0
RSFLOUNSOJ,21,1993,2013,21,0,0,,,0,0,0,,,False,SSB,Round nose flounder Sea of Japan,Eopsetta grigorjewi,Round nose flounder,Japan-FAJ-SOJ,Japan,Pleuronectidae,Flatfish,False,0
RSHRMPMEDGSA1,21,2002,2022,21,0,0,,,0,0,0,,,False,SSB,Deep water rose shrimp Northern Alboran Sea,Parapenaeus longirostris,Deep water rose shrimp,multinational-GFCM-GSA1,Mediterranean-Black Sea,Penaeidae,Invertebrate,False,0
RSHRMPMEDGSA12-16,3,2007,2009,3,0,0,,,0,0,0,,,False,SSB,Deep water rose shrimp Geographical Sub-Areas 12-16,Parapenaeus longirostris,Deep water rose shrimp,multinational-GFCM-GSA12-16,Mediterranean-Black Sea,Penaeidae,Invertebrate,False,0
RSHRMPMEDGSA17-19,18,2002,2019,18,0,0,,,0,0,0,,,False,SSB,Deep water rose shrimp Geographical Sub-Areas 17-19,Parapenaeus longirostris,Deep water rose shrimp,multinational-GFCM-GSA17-19,Mediterranean-Black Sea,Penaeidae,Invertebrate,False,0
RSHRMPMEDGSA5,11,2002,2012,11,0,0,,,0,0,0,,,False,SSB,Deep water rose shrimp Balearic Island,Parapenaeus longirostris,Deep water rose shrimp,multinational-GFCM-GSA5,Mediterranean-Black Sea,Penaeidae,Invertebrate,False,0
RSHRMPMEDGSA9-11,11,2009,2019,11,0,0,,,0,0,0,,,False,SSB,Deep water rose shrimp Geographical Sub-Areas 9-11,Parapenaeus longirostris,Deep water rose shrimp,multinational-GFCM-GSA9-11,Mediterranean-Black Sea,Penaeidae,Invertebrate,False,0
RSNAPGM,145,1872,2016,145,0,0,1971.0,1971.0,70,5,65,1901.0,1970.0,True,SSB,Red snapper Gulf of Mexico,Lutjanus campechanus,Red snapper,USA-NMFS-GM,US Southeast and Gulf,Lutjanidae,Other Marine,False,0
RSNAPSATLC,70,1950,2019,70,0,0,1984.0,1984.0,5,5,0,1979.0,1983.0,True,SSB,Red snapper Southern Atlantic coast,Lutjanus campechanus,Red snapper,USA-NMFS-SATLC,US Southeast and Gulf,Lutjanidae,Other Marine,False,0
RSOLE5AB,70,1945,2014,70,0,0,1996.0,1996.0,22,5,17,1974.0,1995.0,True,SSB,Rock sole Queen Charlotte Sound,Lepidopsetta bilineata,Rock sole,Canada-DFO-5AB,Canada West Coast,Pleuronectidae,Flatfish,False,0
RSOLEGA,41,1977,2017,41,0,0,,,7,0,7,2006.0,2012.0,False,SSB,Rock sole Gulf of Alaska,Lepidopsetta bilineata,Rock sole,USA-NMFS-GA,US Alaska,Pleuronectidae,Flatfish,False,0
RSOLEHSTR,70,1945,2014,70,0,0,,,36,0,36,1974.0,2009.0,False,SSB,Rock sole Hecate Strait,Lepidopsetta bilineata,Rock sole,Canada-DFO-HS,Canada West Coast,Pleuronectidae,Flatfish,False,0
RSQLOBSTERCSCH,48,1968,2015,48,0,0,1978.0,1978.0,0,0,0,,,False,SSB,Red squat lobster Central-Southern Chile,Pleuroncodes monodon,Red squat lobster,Chile-SUBPESCA-CH-CS,South America,Munididae,Invertebrate,False,0
RSQLOBSTERNCH,18,1998,2015,18,0,0,,,0,0,0,,,False,SSB,Red squat lobster Northern Chile,Pleuroncodes monodon,Red squat lobster,Chile-SUBPESCA-CH-N,South America,Munididae,Invertebrate,False,0
RSROCKBCWN,79,1940,2018,79,0,0,,,45,0,45,1969.0,2013.0,False,SSB,Redstripe rockfish British Columbia Waters North,Sebastes proriger,Redstripe rockfish,Canada-DFO-BCWN,Canada West Coast,Scorpaenidae,Rockfish,False,0
RSROCKBCWS,79,1940,2018,79,0,0,,,45,0,45,1969.0,2013.0,False,SSB,Redstripe rockfish British Columbia Waters South,Sebastes proriger,Redstripe rockfish,Canada-DFO-BCWS,Canada West Coast,Scorpaenidae,Rockfish,False,0
SAABALONESA,65,1951,2015,65,0,0,,2015.0,30,0,30,1980.0,2009.0,False,SSB,South African abalone South Africa,Haliotis midae,South African abalone,South Africa-DETMCM-SA,Southern Africa,Haliotidae,Invertebrate,False,0
SABLEFEBSAIGA,61,1960,2020,61,0,0,,,27,0,27,1989.0,2015.0,False,SSB,Sablefish Eastern Bering Sea / Aleutian Islands / Gulf of Alaska,Anoplopoma fimbria,Sablefish,USA-NMFS-EBSAIGA,US Alaska,Anoplopomatidae,Other Marine,False,0
SABLEFPCAN,57,1965,2021,57,0,0,,,23,0,23,1994.0,2016.0,False,SSB,Sablefish Pacific Coast of Canada,Anoplopoma fimbria,Sablefish,Canada-DFO-PCOAST,Canada West Coast,Anoplopomatidae,Other Marine,False,0
SABLEFPCOAST,131,1890,2020,131,0,0,,,97,0,97,1919.0,2015.0,False,SSB,Sablefish Pacific Coast,Anoplopoma fimbria,Sablefish,USA-NMFS-PCOAST,US West Coast,Anoplopomatidae,Other Marine,False,0
SARDMEDGSA16,19,2003,2021,19,0,0,,2021.0,0,0,0,,,False,SSB,Sardine South of Sicily,Sardina pilchardus,Sardine,multinational-GFCM-GSA16,Mediterranean-Black Sea,Clupeidae,Forage Fish,False,0
SARDMEDGSA17-18,23,2000,2022,23,0,0,,,0,0,0,,,False,SSB,"Sardine Adriatic Sea (GSA 17,18)",Sardina pilchardus,Sardine,multinational-GFCM-GSA17-18,Mediterranean-Black Sea,Clupeidae,Forage Fish,False,0
SARDMEDGSA20,9,2000,2008,9,0,0,,,0,0,0,,,False,SSB,European pilchard Eastern Ionian Sea,Sardina pilchardus,European pilchard,multinational-GFCM-GSA20,Mediterranean-Black Sea,Clupeidae,Forage Fish,False,0
SARDMEDGSA22-23,17,2000,2016,17,0,0,,,0,0,0,,,False,SSB,"European pilchard Aegean Sea and Crete Island (GSA 22,23)",Sardina pilchardus,European pilchard,multinational-GFCM-GSA22-23,Mediterranean-Black Sea,Clupeidae,Forage Fish,False,0
SARDMEDGSA6,19,2004,2022,19,0,0,2019.0,2019.0,0,0,0,,,False,SSB,European pilchard Northern Spain,Sardina pilchardus,European pilchard,multinational-GFCM-GSA6,Mediterranean-Black Sea,Clupeidae,Forage Fish,False,0
SARDMEDGSA7,28,1995,2022,28,0,0,,,0,0,0,,,False,SSB,Sardine Gulf of Lions,Sardina pilchardus,Sardine,multinational-GFCM-GSA7,Mediterranean-Black Sea,Clupeidae,Forage Fish,False,0
SARDPCOAST,14,2006,2019,14,0,0,2013.0,2013.0,0,0,0,,,False,SSB,Pacific sardine Pacific Coast,Sardinops sagax,Pacific sardine,USA-NMFS-PCOAST,US West Coast,Clupeidae,Forage Fish,False,0
SARDPVIIIc-IXa,44,1978,2021,44,0,0,2011.0,2011.0,4,4,0,2007.0,2010.0,True,SSB,Sardine ICES 8c-9a,Sardina pilchardus,Sardine,multinational-ICES-VIIIc-IXa,European Union,Clupeidae,Forage Fish,False,0
SARDSAS,36,1984,2019,36,0,0,,,2,0,2,2013.0,2014.0,False,SSB,Sardine South Africa (South Component),Sardinops sagax,Sardine,South Africa-DETMCM-SAS,Southern Africa,Clupeidae,Forage Fish,False,0
SARDSAW,36,1984,2019,36,0,0,2007.0,2007.0,0,0,0,,,False,SSB,Sardine South Africa (West Component),Sardinops sagax,Sardine,South Africa-DETMCM-SAW,Southern Africa,Clupeidae,Forage Fish,False,0
SARDVIIIabd,21,2000,2020,21,0,0,,,0,0,0,,,False,SSB,Sardine ICES 8abd,Sardina pilchardus,Sardine,multinational-ICES-VIIIabd,European Union,Clupeidae,Forage Fish,False,0
SARDWSE,26,1992,2017,26,0,0,,,0,0,0,,,False,SSB,Sardine Western half of Southeast Australia,Sardinops sagax,Sardine,Australia-SARDI-WSE,Australia,Clupeidae,Forage Fish,False,0
SAURNWPAC,11,2003,2013,11,0,0,,,0,0,0,,,False,SSB,Pacific saury Northwest Pacific,Cololabis saira,Pacific saury,multinational-NPFC-NWPAC,Japan,Scomberesocidae,Forage Fish,False,0
SBARSHARATL,56,1960,2015,56,0,0,,,22,0,22,1989.0,2010.0,False,SSB,Sandbar shark Atlantic,Carcharhinus plumbeus,Sandbar shark,USA-NMFS-ATL,US Southeast and Gulf,Carcharhinidae,Sharks Rays and Skates,False,0
SBELLYROCKPCOAST,56,1950,2005,56,0,0,2002.0,2002.0,23,5,18,1979.0,2001.0,True,SSB,Shortbelly rockfish Pacific Coast,Sebastes jordani,Shortbelly rockfish,USA-NMFS-PCOAST,US West Coast,Sebastidae,Rockfish,False,0
SBREAMCH,20,1992,2011,20,0,0,2006.0,2006.0,0,0,0,,,False,SSB,Deepwater cardinalfish Chile,Epigonus crassicaudus,Deepwater cardinalfish,multinational-SPRFMO-CHL,South America,Epigonidae,Other Marine,False,0
SBT,86,1931,2016,86,0,0,1991.0,1991.0,31,5,26,1960.0,1990.0,True,SSB,Southern bluefin tuna Southern Oceans,Thunnus maccoyii,Southern bluefin tuna,multinational-CCSBT-SO,Indian Ocean,Scombridae,Tuna and Marlin,False,0
SBWHITACIR,37,1977,2013,37,0,0,,,3,0,3,2006.0,2008.0,False,SSB,Southern blue whiting Campbell Island Rise,Micromesistius australis,Southern blue whiting,New Zealand-MFish-CIR,New Zealand,Gadidae,Gadids,False,0
SBWHITARGS,33,1987,2019,33,0,0,2005.0,2005.0,0,0,0,,,False,SSB,Southern blue whiting Southern Argentina,Micromesistius australis,Southern blue whiting,Argentina-CFP-ARG-S,South America,Gadidae,Gadids,False,0
SBWHITCH,43,1978,2020,43,0,0,2008.0,2008.0,1,1,0,2007.0,2007.0,True,SSB,Southern blue whiting Central-Southern Chile,Micromesistius australis,Southern blue whiting,Chile-SUBPESCA-CH-CS,South America,Gadidae,Gadids,False,0
SCMPBP,36,1986,2021,36,0,0,,,2,0,2,2015.0,2016.0,False,SSB,Scampi Bay of Plenty,Metanephrops challengeri,Scampi,New Zealand-MFish-BOP,New Zealand,Nephropidae,Invertebrate,False,0
SCMPMB,28,1990,2017,28,0,0,,,0,0,0,,,False,SSB,Scampi Mernoo Bank,Metanephrops challengeri,Scampi,New Zealand-MFish-MB,New Zealand,Nephropidae,Invertebrate,False,0
SCMPSCI6A,29,1991,2019,29,0,0,,,0,0,0,,,False,SSB,Scampi SCI 6A (Auckland Islands),Metanephrops challengeri,Scampi,New Zealand-MFish-SCI6A,New Zealand,Nephropidae,Invertebrate,False,0
SCMPWHB,33,1986,2018,33,0,0,,,0,0,0,,,False,SSB,Scampi Wairarapa/Hawke Bay,Metanephrops challengeri,Scampi,New Zealand-MFish-WHB,New Zealand,Nephropidae,Invertebrate,False,0
SCUPNWATLC,39,1984,2022,39,0,0,,,5,0,5,2013.0,2017.0,False,SSB,Scup Northwestern Atlantic Coast,Stenotomus chrysops,Scup,USA-NMFS-NWATLC,US East Coast,Sparidae,Other Marine,False,0
SDOG4VWX5,92,1922,2013,92,0,0,1989.0,1989.0,38,5,33,1951.0,1988.0,True,SSB,"Spiny dogfish Scotian Shelf, Bay of Fundy and Georges Bank",Squalus acanthias,Spiny dogfish,Canada-DFO-4VWX5,Canada East Coast,Squalidae,Sharks Rays and Skates,False,0
SDOGATLC,27,1991,2018,28,1,0,,,0,0,0,,,False,SSB,Spiny dogfish Atlantic Coast,Squalus acanthias,Spiny dogfish,USA-NMFS-ATLC,US East Coast,Squalidae,Sharks Rays and Skates,False,0
SDOGBLKGSA29,28,1989,2016,28,0,0,2001.0,2001.0,0,0,0,,,False,SSB,Spiny dogfish Black Sea,Squalus acanthias,Spiny dogfish,multinational-GFCM-GSA29,Mediterranean-Black Sea,Squalidae,Sharks Rays and Skates,False,0
SEELNSSA1,42,1983,2024,42,0,0,,,8,0,8,2012.0,2019.0,False,SSB,Sand eel Sandeel Area 1,Ammodytes spp,Sand eel,multinational-ICES-SA1,European Union,Ammodytidae,Forage Fish,False,0
SEELNSSA2,42,1983,2024,42,0,0,2005.0,2005.0,0,0,0,,,False,SSB,Sand eel Sandeel Area 2,Ammodytes spp,Sand eel,multinational-ICES-SA2,European Union,Ammodytidae,Forage Fish,False,0
SEELNSSA3,38,1987,2024,38,0,0,,,4,0,4,2016.0,2019.0,False,SSB,Sand eel Sandeel Area 3,Ammodytes spp,Sand eel,multinational-ICES-SA3,European Union,Ammodytidae,Forage Fish,False,0
SEELNSSA4,29,1993,2021,29,0,0,2008.0,2008.0,0,0,0,,,False,SSB,Sand eel Sandeel Area 4,Ammodytes spp,Sand eel,multinational-ICES-SA4,European Union,Ammodytidae,Forage Fish,False,0
SERAYVIIf-g,23,1993,2015,23,0,0,,,0,0,0,,,False,SSB,Smalleyed ray Celtic Sea,Raja microocellata,Smalleyed ray,multinational-ICES-VIIf-g,European Union,Rajidae,Sharks Rays and Skates,False,0
SFLOUNMATLC,41,1982,2022,41,0,0,,,7,0,7,2011.0,2017.0,False,SSB,Summer flounder Mid-Atlantic Coast,Paralichthys dentatus,Summer flounder,USA-NMFS-MATLC,US East Coast,Paralichthyidae,Flatfish,False,0
SFMAKONPAC,42,1975,2016,42,0,0,,,8,0,8,2004.0,2011.0,False,SSB,Shortfin mako North Pacific,Isurus oxyrinchus,Shortfin mako,multinational-WCPFC-NPAC,Pacific Ocean,Lamnidae,Sharks Rays and Skates,False,0
SHSPPNEATL,22,1993,2014,22,0,0,,,0,0,0,,,False,SSB,Smooth hound Northeast Atlantic,Mustelus spp,Smooth hound,multinational-ICES-I-II-III-IV-V-VI-VII-VIII-IX-X-XII-XIV,European Union,Triakidae,Sharks Rays and Skates,False,0
SILVERFISHSE,38,1980,2017,38,0,0,,,4,0,4,2009.0,2012.0,False,SSB,Silverfish Southeast Australia,Seriolella punctata,Silverfish,Australia-AFMA-SE,Australia,Centrolophidae,Other Marine,False,0
SKJCIO,45,1975,2019,45,0,0,,,11,0,11,2004.0,2014.0,False,SSB,Skipjack tuna Indian Ocean,Katsuwonus pelamis,Skipjack tuna,multinational-IOTC-IO,Indian Ocean,Scombridae,Tuna and Marlin,False,0
SKJCWPAC,44,1972,2015,44,0,0,,,10,0,10,2001.0,2010.0,False,SSB,Skipjack tuna Central Western Pacific Ocean,Katsuwonus pelamis,Skipjack tuna,multinational-WCPFC-CWPAC,Pacific Ocean,Scombridae,Tuna and Marlin,False,0
SLKSHARCWPAC,1,2016,2016,1,0,0,,,0,0,0,,,False,SSB,Silky shark Central Western Pacific Ocean,Carcharhinus falciformis,Silky shark,multinational-WCPFC-CWPAC,Pacific Ocean,Carcharhinidae,Sharks Rays and Skates,False,0
SMDOGATL,32,1981,2012,32,0,0,,,0,0,0,,,False,SSB,Smooth dogfish Atlantic,Mustelus canis,Smooth dogfish,USA-NMFS-ATL,US East Coast,Triakidae,Sharks Rays and Skates,False,0
SMOOTHOREOBP,26,1983,2008,26,0,0,,,0,0,0,,,False,SSB,Smooth oreo Bounty Plateau,Pseudocyttus maculatus,Smooth oreo,New Zealand-MFish-BP,New Zealand,Oreosomatidae,Other Marine,False,0
SMOOTHOREOCR,59,1955,2013,59,0,0,,,25,0,25,1984.0,2008.0,False,SSB,Smooth oreo Chatham Rise,Pseudocyttus maculatus,Smooth oreo,New Zealand-MFish-CR,New Zealand,Oreosomatidae,Other Marine,False,0
SMOOTHOREOEPR,34,1973,2006,34,0,0,,,0,0,0,,,False,SSB,Smooth oreo East Pukaki Rise,Pseudocyttus maculatus,Smooth oreo,New Zealand-MFish-EPR,New Zealand,Oreosomatidae,Other Marine,False,0
SMOOTHOREOSLD,35,1973,2007,35,0,0,,,1,0,1,2002.0,2002.0,False,SSB,Smooth oreo Southland,Pseudocyttus maculatus,Smooth oreo,New Zealand-MFish-SLD,New Zealand,Oreosomatidae,Other Marine,False,0
SMOOTHOREOWECR,45,1965,2009,45,0,0,,,11,0,11,1994.0,2004.0,False,SSB,Smooth oreo West end of Chatham Rise,Pseudocyttus maculatus,Smooth oreo,New Zealand-MFish-WECR,New Zealand,Oreosomatidae,Other Marine,False,0
SMSHRMPMEDGSA17-18,12,2008,2019,12,0,0,,,0,0,0,,,False,SSB,"Spottail mantis shrimp Adriatic Sea (GSA 17,18)",Squilla mantis,Spottail mantis shrimp,multinational-GFCM-GSA17-18,Mediterranean-Black Sea,Squillidae,Invertebrate,False,0
SMSHRMPMEDGSA9,2,2009,2010,2,0,0,,,0,0,0,,,False,SSB,Spottail mantis shrimp Ligurian and North Tyrrhenian Sea,Squilla mantis,Spottail mantis shrimp,multinational-GFCM-GSA9,Mediterranean-Black Sea,Squillidae,Invertebrate,False,0
SMULLMEDGSA15-16,11,2002,2012,11,0,0,,,0,0,0,,,False,SSB,"Surmullet Malta Island and South of Sicily (GSA 15, 16)",Mullus surmuletus,Surmullet,multinational-GFCM-GSA15-16,Mediterranean-Black Sea,Mullidae,Other Marine,False,0
SMULLMEDGSA5,23,2000,2022,23,0,0,,,0,0,0,,,False,SSB,Surmullet Balearic Island,Mullus surmuletus,Surmullet,multinational-GFCM-GSA5,Mediterranean-Black Sea,Mullidae,Other Marine,False,0
SMULLMEDGSA9,10,2006,2015,10,0,0,,,0,0,0,,,False,SSB,Surmullet Ligurian and North Tyrrhenian Sea,Mullus surmuletus,Surmullet,multinational-GFCM-GSA9,Mediterranean-Black Sea,Mullidae,Other Marine,False,0
SNAPSAUSGSV,39,1984,2022,39,0,0,2019.0,2019.0,6,5,1,2013.0,2018.0,True,SSB,Snapper Gulf St. Vincent,Chrysophrys auratus,Snapper,Australia-SARDI-SAUSGSV,Australia,Sparidae,Other Marine,False,0
SNAPSAUSSER,39,1984,2022,39,0,0,,,5,0,5,2013.0,2017.0,False,SSB,Snapper South-East Region,Chrysophrys auratus,Snapper,Australia-SARDI-SAUSSER,Australia,Sparidae,Other Marine,False,0
SNAPSAUSSGWC,39,1984,2022,39,0,0,2018.0,2018.0,5,5,0,2013.0,2017.0,True,SSB,Snapper Spencer Gulf and West Coast,Chrysophrys auratus,Snapper,Australia-SARDI-SAUSSGWC,Australia,Sparidae,Other Marine,False,0
SNOSESHARATL,56,1950,2005,56,0,0,,,22,0,22,1979.0,2000.0,False,SSB,Atlantic sharpnose shark Atlantic,Rhizoprionodon terraenovae,Atlantic sharpnose shark,USA-NMFS-ATL,US Southeast and Gulf,Carcharhinidae,Sharks Rays and Skates,False,0
SNOWCRABBS,35,1982,2016,35,0,0,,,1,0,1,2011.0,2011.0,False,SSB,Snow crab Bering Sea,Chionoecetes opilio,Snow crab,USA-NMFS-BS,US Alaska,Oregoniidae,Invertebrate,False,0
SNOWCRABNPAC,17,1997,2013,17,0,0,,,0,0,0,,,False,SSB,Snow crab North Pacific,Chionoecetes opilio,Snow crab,Japan-FAJ-NPAC,Japan,Oregoniidae,Invertebrate,False,0
SNOWGROUPSATLC,45,1974,2018,45,0,0,,,11,0,11,2003.0,2013.0,False,SSB,Snowy grouper Southern Atlantic coast,Epinephelus niveatus,Snowy grouper,USA-NMFS-SATLC,US Southeast and Gulf,Serranidae,Other Marine,False,0
SNROCKPCOAST,105,1905,2009,105,0,0,,,71,0,71,1934.0,2004.0,False,SSB,Splitnose rockfish Pacific Coast,Sebastes diploproa,Splitnose rockfish,USA-NMFS-PCOAST,US West Coast,Sebastidae,Rockfish,False,0
SOLECS,51,1971,2021,51,0,0,,,17,0,17,2000.0,2016.0,False,SSB,Common sole Celtic Sea,Solea solea,Common sole,multinational-ICES-VIIf-g,European Union,Soleidae,Flatfish,False,0
SOLEIIIa-2224,38,1984,2021,38,0,0,,,4,0,4,2013.0,2016.0,False,SSB,Common sole ICES 22-24-3a,Solea solea,Common sole,multinational-ICES-22-24-IIIa,European Union,Soleidae,Flatfish,False,0
SOLEIS,52,1970,2021,52,0,0,2013.0,2013.0,14,5,9,1999.0,2012.0,True,SSB,Common sole Irish Sea,Solea solea,Common sole,multinational-ICES-VIIa,European Union,Soleidae,Flatfish,False,0
SOLENS,65,1957,2021,65,0,0,,,31,0,31,1986.0,2016.0,False,SSB,Common sole North Sea,Solea solea,Common sole,multinational-ICES-IV,European Union,Soleidae,Flatfish,False,0
SOLEVIIIab,37,1984,2020,37,0,0,,,3,0,3,2013.0,2015.0,False,SSB,Common sole ICES 8ab,Solea solea,Common sole,multinational-ICES-VIIIab,European Union,Soleidae,Flatfish,False,0
SOLEVIId,42,1982,2023,42,0,0,,,8,0,8,2011.0,2018.0,False,SSB,Common sole Eastern English Channel,Solea solea,Common sole,multinational-ICES-VIId,European Union,Soleidae,Flatfish,False,0
SOLEVIIe,53,1969,2021,53,0,0,,,19,0,19,1998.0,2016.0,False,SSB,Common sole Western English Channel,Solea solea,Common sole,multinational-ICES-VIIe,European Union,Soleidae,Flatfish,False,0
SOLEVIIh-k,27,1993,2019,27,0,0,,,0,0,0,,,False,SSB,Common sole ICES 7h-k,Solea solea,Common sole,multinational-ICES-VIIh-k,European Union,Soleidae,Flatfish,False,0
SOLMEDGSA17,13,2006,2018,13,0,0,,,0,0,0,,,False,SSB,Common sole Northern Adriatic Sea,Solea solea,Common sole,multinational-GFCM-GSA17,Mediterranean-Black Sea,Soleidae,Flatfish,False,0
SOLMEDGSA7,4,2011,2015,5,1,0,,,0,0,0,,,False,SSB,Common sole Gulf of Lions,Solea solea,Common sole,multinational-GFCM-GSA7,Mediterranean-Black Sea,Soleidae,Flatfish,False,0
SOUTHHAKECH,43,1977,2019,43,0,0,,,9,0,9,2006.0,2014.0,False,SSB,Southern hake Central-Southern Chile,Merluccius australis,Southern hake,Chile-SUBPESCA-CH-CS,South America,Merlucciidae,Gadids,False,0
SOUTHHAKECR,39,1974,2012,39,0,0,,,5,0,5,2003.0,2007.0,False,SSB,Southern hake Chatham Rise,Merluccius australis,Southern hake,New Zealand-MFish-CR,New Zealand,Merlucciidae,Gadids,False,0
SOUTHHAKESA,47,1975,2021,47,0,0,,,13,0,13,2004.0,2016.0,False,SSB,Southern hake Sub-Antarctic,Merluccius australis,Southern hake,New Zealand-MFish-SA,New Zealand,Merlucciidae,Gadids,False,0
SOUTHHAKEWCSI,48,1975,2022,48,0,0,,,14,0,14,2004.0,2017.0,False,SSB,Southern hake West Coast South Island,Merluccius australis,Southern hake,New Zealand-MFish-WCSI,New Zealand,Merlucciidae,Gadids,False,0
SPANMACKGM,38,1986,2023,38,0,0,,,4,0,4,2015.0,2018.0,False,SSB,Spanish mackerel Gulf of Mexico,Scomberomorus maculatus,Spanish mackerel,USA-NMFS-GM,US Southeast and Gulf,Scombridae,Tuna and Marlin,False,0
SPANMACKSATLC,35,1986,2020,35,0,0,,,1,0,1,2015.0,2015.0,False,SSB,Spanish mackerel Southern Atlantic coast,Scomberomorus maculatus,Spanish mackerel,USA-NMFS-SATLC,US Southeast and Gulf,Scombridae,Tuna and Marlin,False,0
SPANMACKSETO,27,1987,2013,27,0,0,1996.0,1996.0,0,0,0,,,False,SSB,Japanese Spanish mackerel Inland Sea of Japan,Scomberomorus niphonius,Japanese Spanish mackerel,Japan-FAJ-SETO,Japan,Scombridae,Tuna and Marlin,False,0
SPHAKECH,81,1940,2020,81,0,0,2004.0,2004.0,35,5,30,1969.0,2003.0,True,SSB,South Pacific hake Central-Southern Chile,Merluccius gayi,South Pacific hake,Chile-SUBPESCA-CH-CS,South America,Merlucciidae,Gadids,False,0
SPRAT22-32,50,1974,2023,50,0,0,,,16,0,16,2003.0,2018.0,False,SSB,Sprat Baltic Areas 22-32,Sprattus sprattus,Sprat,multinational-ICES-22-32,European Union,Clupeidae,Forage Fish,False,0
SPRATIIIa-IV,48,1974,2021,48,0,0,1983.0,1983.0,0,0,0,,,False,SSB,Sprat ICES 3a-4,Sprattus sprattus,Sprat,multinational-ICES-IIIa-IV,European Union,Clupeidae,Forage Fish,False,0
SPRATVIIde,6,2013,2018,6,0,0,,,0,0,0,,,False,SSB,Sprat ICES 7de,Sprattus sprattus,Sprat,multinational-ICES-VIIde,European Union,Clupeidae,Forage Fish,False,0
SPRAYIIIa-IV-VIId,22,1993,2014,22,0,0,,,0,0,0,,,False,SSB,Spotted ray ICES 3a-4-7d,Raja montagui,Spotted ray,multinational-ICES-IIIa-IV-VIId,European Union,Rajidae,Sharks Rays and Skates,False,0
SPRAYIXa,10,2005,2015,11,1,0,,,0,0,0,,,False,SSB,Spotted ray Portugese Waters -East,Raja montagui,Spotted ray,multinational-ICES-IXa,European Union,Rajidae,Sharks Rays and Skates,False,0
SPRAYVI-VIIbj,11,2005,2015,11,0,0,,,0,0,0,,,False,SSB,Spotted ray ICES 6-7bj,Raja montagui,Spotted ray,multinational-ICES-VI-VIIbj,European Union,Rajidae,Sharks Rays and Skates,False,0
SPRAYVIII,16,1999,2015,17,1,0,,,0,0,0,,,False,SSB,Spotted ray Bay of Biscay,Raja montagui,Spotted ray,multinational-ICES-VIII,European Union,Rajidae,Sharks Rays and Skates,False,0
SPRAYVIIaefgh,23,1993,2015,23,0,0,,,0,0,0,,,False,SSB,Spotted ray ICES 7aefgh,Raja montagui,Spotted ray,multinational-ICES-VIIaefgh,European Union,Rajidae,Sharks Rays and Skates,False,0
SPRBLKGSA29,24,1997,2020,24,0,0,,,0,0,0,,,False,SSB,Sprat Black Sea,Sprattus sprattus,Sprat,multinational-GFCM-GSA29,Mediterranean-Black Sea,Clupeidae,Forage Fish,False,0
SPSDOGPCOAST,96,1916,2011,96,0,0,,,62,0,62,1945.0,2006.0,False,SSB,Spotted spiny dogfish Pacific Coast,Squalus suckleyi,Spotted spiny dogfish,USA-NMFS-PCOAST,US West Coast,Squalidae,Sharks Rays and Skates,False,0
SPURDNEATL,116,1905,2020,116,0,0,1988.0,1988.0,54,5,49,1934.0,1987.0,True,SSB,Spurdog Northeast Atlantic,Squalus acanthias,Spurdog,multinational-ICES-I-II-III-IV-V-VI-VII-VIII-IX-X-XII-XIV,European Union,Squalidae,Sharks Rays and Skates,False,0
SSALMA1,23,1980,2002,23,0,0,1990.0,1990.0,0,0,0,,,False,SSB,Sockeye salmon Area 1,Oncorhynchus nerka,Sockeye salmon,Canada-DFO-A1,Canada West Coast (Pacific Salmon),Salmonidae,Pacific Salmon,True,0
SSALMA12,25,1980,2004,25,0,0,,,0,0,0,,,False,SSB,Sockeye salmon Area 12,Oncorhynchus nerka,Sockeye salmon,Canada-DFO-A12,Canada West Coast (Pacific Salmon),Salmonidae,Pacific Salmon,True,0
SSALMA13,25,1980,2004,25,0,0,1997.0,1997.0,0,0,0,,,False,SSB,Sockeye salmon Area 13,Oncorhynchus nerka,Sockeye salmon,Canada-DFO-A13,Canada West Coast (Pacific Salmon),Salmonidae,Pacific Salmon,True,0
SSALMA16,23,1980,2002,23,0,0,1993.0,1993.0,0,0,0,,,False,SSB,Sockeye salmon Area 16,Oncorhynchus nerka,Sockeye salmon,Canada-DFO-A16,Canada West Coast (Pacific Salmon),Salmonidae,Pacific Salmon,True,0
SSALMA28,24,1980,2003,24,0,0,,,0,0,0,,,False,SSB,Sockeye salmon Area 28,Oncorhynchus nerka,Sockeye salmon,Canada-DFO-A28,Canada West Coast (Pacific Salmon),Salmonidae,Pacific Salmon,True,0
SSALMA2E,23,1980,2002,23,0,0,1994.0,1994.0,0,0,0,,,False,SSB,Sockeye salmon Area 2E,Oncorhynchus nerka,Sockeye salmon,Canada-DFO-A2E,Canada West Coast (Pacific Salmon),Salmonidae,Pacific Salmon,True,0
SSALMA2W,20,1980,2002,23,3,0,1991.0,1991.0,0,0,0,,,False,SSB,Sockeye salmon Area 2W,Oncorhynchus nerka,Sockeye salmon,Canada-DFO-A2W,Canada West Coast (Pacific Salmon),Salmonidae,Pacific Salmon,True,0
SSALMA5,23,1980,2002,23,0,0,,,0,0,0,,,False,SSB,Sockeye salmon Area 5,Oncorhynchus nerka,Sockeye salmon,Canada-DFO-A5,Canada West Coast (Pacific Salmon),Salmonidae,Pacific Salmon,True,0
SSALMA6,23,1980,2002,23,0,0,,,0,0,0,,,False,SSB,Sockeye salmon Area 6,Oncorhynchus nerka,Sockeye salmon,Canada-DFO-A6,Canada West Coast (Pacific Salmon),Salmonidae,Pacific Salmon,True,0
SSALMA7,23,1980,2002,23,0,0,1994.0,1994.0,0,0,0,,,False,SSB,Sockeye salmon Area 7,Oncorhynchus nerka,Sockeye salmon,Canada-DFO-A7,Canada West Coast (Pacific Salmon),Salmonidae,Pacific Salmon,True,0
SSALMA8,23,1980,2002,23,0,0,,,0,0,0,,,False,SSB,Sockeye salmon Area 8,Oncorhynchus nerka,Sockeye salmon,Canada-DFO-A8,Canada West Coast (Pacific Salmon),Salmonidae,Pacific Salmon,True,0
SSALMADAMS,54,1948,2001,54,0,0,1956.0,1956.0,0,0,0,,,False,SSB,Sockeye salmon Adams,Oncorhynchus nerka,Sockeye salmon,Canada-DFO-ADAMS,Canada West Coast (Pacific Salmon),Salmonidae,Pacific Salmon,True,0
SSALMAKALURAL,33,1970,2003,34,1,0,1995.0,1995.0,0,0,0,,,False,SSB,Sockeye salmon Akalura Lake,Oncorhynchus nerka,Sockeye salmon,USA-AKSTATE-AKALURAL,US Alaska (Pacific Salmon),Salmonidae,Pacific Salmon,True,0
SSALMANADYRSW,53,1952,2004,53,0,0,,2004.0,18,0,18,1981.0,1998.0,False,SSB,Sockeye salmon Anadyr sockeye wild,Oncorhynchus nerka,Sockeye salmon,Russia-TINRO-ANADYRSW,Russia Japan (Pacific Salmon),Salmonidae,Pacific Salmon,True,0
SSALMAWKER,19,1973,2001,29,10,0,1994.0,1994.0,0,0,0,,,False,SSB,Sockeye salmon Akwe River,Oncorhynchus nerka,Sockeye salmon,USA-AKSTATE-AWKER,US Alaska (Pacific Salmon),Salmonidae,Pacific Salmon,True,0
SSALMBARKS,28,1977,2004,28,0,0,,,0,0,0,,,False,SSB,Sockeye salmon Barkley Sound,Oncorhynchus nerka,Sockeye salmon,Canada-DFO-BARKS,Canada West Coast (Pacific Salmon),Salmonidae,Pacific Salmon,True,0
SSALMBEARR,26,1980,2005,26,0,0,,,0,0,0,,,False,SSB,Sockeye salmon Bear River,Oncorhynchus nerka,Sockeye salmon,USA-AKSTATE-BEARR,US Alaska (Pacific Salmon),Salmonidae,Pacific Salmon,True,0
SSALMBIRKENH,54,1948,2001,54,0,0,,,20,0,20,1977.0,1996.0,False,SSB,Sockeye salmon Birkenhead,Oncorhynchus nerka,Sockeye salmon,Canada-DFO-BIRKENH,Canada West Coast (Pacific Salmon),Salmonidae,Pacific Salmon,True,0
SSALMBLACKL,78,1922,1999,78,0,0,1930.0,1930.0,0,0,0,,,False,SSB,Sockeye salmon Black Lake,Oncorhynchus nerka,Sockeye salmon,USA-AKSTATE-BLACKL,US Alaska (Pacific Salmon),Salmonidae,Pacific Salmon,True,0
SSALMBOWRON,54,1948,2001,54,0,0,1964.0,1964.0,0,0,0,,,False,SSB,Sockeye salmon Bowron,Oncorhynchus nerka,Sockeye salmon,Canada-DFO-BOWRON,Canada West Coast (Pacific Salmon),Salmonidae,Pacific Salmon,True,0
SSALMBRANCH,50,1956,2005,50,0,0,1961.0,1961.0,0,0,0,,,False,SSB,Sockeye salmon Branch,Oncorhynchus nerka,Sockeye salmon,USA-AKSTATE-BRANCH,US Alaska (Pacific Salmon),Salmonidae,Pacific Salmon,True,0
SSALMBUSKINL,14,1990,2003,14,0,0,,,0,0,0,,,False,SSB,Sockeye salmon Buskin Lake,Oncorhynchus nerka,Sockeye salmon,USA-AKSTATE-BUSKINL,US Alaska (Pacific Salmon),Salmonidae,Pacific Salmon,True,0
SSALMCAYENNE,21,1976,2001,26,5,0,,,0,0,0,,,False,SSB,Sockeye salmon cayenne,Oncorhynchus nerka,Sockeye salmon,Canada-DFO-CAYENNE,Canada West Coast (Pacific Salmon),Salmonidae,Pacific Salmon,True,0
SSALMCHIGNIKL,78,1922,1999,78,0,0,1964.0,1964.0,13,5,8,1951.0,1963.0,True,SSB,Sockeye salmon Chignik Lake,Oncorhynchus nerka,Sockeye salmon,USA-AKSTATE-CHIGNIKL,US Alaska (Pacific Salmon),Salmonidae,Pacific Salmon,True,0
SSALMCHILKATL,27,1976,2002,27,0,0,,,0,0,0,,,False,SSB,Sockeye salmon Chilkat Lake,Oncorhynchus nerka,Sockeye salmon,USA-AKSTATE-CHILKATL,US Alaska (Pacific Salmon),Salmonidae,Pacific Salmon,True,0
SSALMCHILKO,54,1948,2001,54,0,0,1961.0,1961.0,0,0,0,,,False,SSB,Sockeye salmon Chilko,Oncorhynchus nerka,Sockeye salmon,Canada-DFO-CHILKO,Canada West Coast (Pacific Salmon),Salmonidae,Pacific Salmon,True,0
SSALMCHILKOOTL,27,1976,2002,27,0,0,,,0,0,0,,,False,SSB,Sockeye salmon Chilkoot Lake,Oncorhynchus nerka,Sockeye salmon,USA-AKSTATE-CHILKOOTL,US Alaska (Pacific Salmon),Salmonidae,Pacific Salmon,True,0
SSALMCHILKOS,18,1971,1989,19,1,0,,1989.0,0,0,0,,,False,SSB,Sockeye salmon Chilko South,Oncorhynchus nerka,Sockeye salmon,Canada-DFO-CHILKOS,Canada West Coast (Pacific Salmon),Salmonidae,Pacific Salmon,True,0
SSALMCHILLIW,24,1976,2001,26,2,0,,,0,0,0,,,False,SSB,Sockeye salmon chilliwack,Oncorhynchus nerka,Sockeye salmon,Canada-DFO-CHILLIW,Canada West Coast (Pacific Salmon),Salmonidae,Pacific Salmon,True,0
SSALMCOLR,53,1950,2002,53,0,0,1961.0,1961.0,0,0,0,,,False,SSB,Sockeye salmon Columbia R,Oncorhynchus nerka,Sockeye salmon,USA-WASTATE-COLR,US West Coast (Pacific Salmon),Salmonidae,Pacific Salmon,True,0
SSALMCULTUS,54,1948,2001,54,0,0,1980.0,1980.0,3,3,0,1977.0,1979.0,True,SSB,Sockeye salmon Cultus,Oncorhynchus nerka,Sockeye salmon,Canada-DFO-CULTUS,Canada West Coast (Pacific Salmon),Salmonidae,Pacific Salmon,True,0
SSALMEALSEKDR,31,1972,2002,31,0,0,,,0,0,0,,,False,SSB,Sockeye salmon East-Alsek-Doame River,Oncorhynchus nerka,Sockeye salmon,USA-AKSTATE-EALSEKDR,US Alaska (Pacific Salmon),Salmonidae,Pacific Salmon,True,0
SSALMEGEGIK,50,1956,2005,50,0,0,,,16,0,16,1985.0,2000.0,False,SSB,Sockeye salmon Egegik,Oncorhynchus nerka,Sockeye salmon,USA-AKSTATE-EGEGIK,US Alaska (Pacific Salmon),Salmonidae,Pacific Salmon,True,0
SSALMEKAMSW,53,1952,2004,53,0,0,,,19,0,19,1981.0,1999.0,False,SSB,Sockeye salmon East Kamchatka sockeye wild,Oncorhynchus nerka,Sockeye salmon,Russia-TINRO-EKAMSW,Russia Japan (Pacific Salmon),Salmonidae,Pacific Salmon,True,0
SSALMEUPPERS,31,1969,1999,31,0,0,,,0,0,0,,,False,SSB,Sockeye salmon Early Upper Station,Oncorhynchus nerka,Sockeye salmon,USA-AKSTATE-EUPPERS,US Alaska (Pacific Salmon),Salmonidae,Pacific Salmon,True,0
SSALMFENNELL,39,1958,2001,44,5,0,1977.0,1977.0,0,0,0,,,False,SSB,Sockeye salmon fennell,Oncorhynchus nerka,Sockeye salmon,Canada-DFO-FENNELL,Canada West Coast (Pacific Salmon),Salmonidae,Pacific Salmon,True,0
SSALMGATES,49,1952,2001,50,1,0,1969.0,1969.0,0,0,0,,,False,SSB,Sockeye salmon Gates,Oncorhynchus nerka,Sockeye salmon,Canada-DFO-GATES,Canada West Coast (Pacific Salmon),Salmonidae,Pacific Salmon,True,0
SSALMGATESC,33,1968,2001,34,1,0,,,0,0,0,,,False,SSB,Sockeye salmon Gates Channel,Oncorhynchus nerka,Sockeye salmon,Canada-DFO-GATESC,Canada West Coast (Pacific Salmon),Salmonidae,Pacific Salmon,True,0
SSALMHARRISON,54,1948,2001,54,0,0,1956.0,1956.0,0,0,0,,,False,SSB,Sockeye salmon harrison,Oncorhynchus nerka,Sockeye salmon,Canada-DFO-HARRISON,Canada West Coast (Pacific Salmon),Salmonidae,Pacific Salmon,True,0
SSALMHORSEFLY,54,1948,2001,54,0,0,1963.0,1963.0,0,0,0,,,False,SSB,Sockeye salmon Horsefly,Oncorhynchus nerka,Sockeye salmon,Canada-DFO-HORSEFLY,Canada West Coast (Pacific Salmon),Salmonidae,Pacific Salmon,True,0
SSALMIGUSHIK,50,1956,2005,50,0,0,1972.0,1972.0,0,0,0,,,False,SSB,Sockeye salmon Igushik River,Oncorhynchus nerka,Sockeye salmon,USA-AKSTATE-IGUSHIK,US Alaska (Pacific Salmon),Salmonidae,Pacific Salmon,True,0
SSALMILNIKR,15,1991,2005,15,0,0,,,0,0,0,,,False,SSB,Sockeye salmon Ilnik River,Oncorhynchus nerka,Sockeye salmon,USA-AKSTATE-ILNIKR,US Alaska (Pacific Salmon),Salmonidae,Pacific Salmon,True,0
SSALMITALOR,31,1972,2002,31,0,0,1989.0,1989.0,0,0,0,,,False,SSB,Sockeye salmon Italo River,Oncorhynchus nerka,Sockeye salmon,USA-AKSTATE-ITALOR,US Alaska (Pacific Salmon),Salmonidae,Pacific Salmon,True,0
SSALMKARLUKL,28,1976,2003,28,0,0,,,0,0,0,,,False,SSB,Sockeye salmon Karluk Lake,Oncorhynchus nerka,Sockeye salmon,USA-AKSTATE-KARLUKL,US Alaska (Pacific Salmon),Salmonidae,Pacific Salmon,True,0
SSALMKLUKSHUR,27,1976,2002,27,0,0,,,0,0,0,,,False,SSB,Sockeye salmon Klukshu River,Oncorhynchus nerka,Sockeye salmon,USA-AKSTATE-KLUKSHUR,US Alaska (Pacific Salmon),Salmonidae,Pacific Salmon,True,0
SSALMKUSKOKWIM,23,1981,2003,23,0,0,,2003.0,0,0,0,,,False,SSB,Sockeye salmon Kuskokwim,Oncorhynchus nerka,Sockeye salmon,USA-AKSTATE-KUSKOKWIM,US Alaska (Pacific Salmon),Salmonidae,Pacific Salmon,True,0
SSALMKVICHAK,50,1956,2005,50,0,0,2001.0,2001.0,16,5,11,1985.0,2000.0,True,SSB,Sockeye salmon Kvichak,Oncorhynchus nerka,Sockeye salmon,USA-AKSTATE-KVICHAK,US Alaska (Pacific Salmon),Salmonidae,Pacific Salmon,True,0
SSALMLLAKE,55,1951,2005,55,0,0,1999.0,1999.0,19,5,14,1980.0,1998.0,True,SSB,Sockeye salmon Long Lake,Oncorhynchus nerka,Sockeye salmon,Canada-DFO-LLAKE,Canada West Coast (Pacific Salmon),Salmonidae,Pacific Salmon,True,0
SSALMLOSTR,24,1972,2002,31,7,0,,,0,0,0,,,False,SSB,Sockeye salmon Lost River,Oncorhynchus nerka,Sockeye salmon,USA-AKSTATE-LOSTR,US Alaska (Pacific Salmon),Salmonidae,Pacific Salmon,True,0
SSALMLRIVER,29,1975,2004,30,1,0,,,0,0,0,,,False,SSB,Sockeye salmon Little River,Oncorhynchus nerka,Sockeye salmon,USA-AKSTATE-LRIVER,US Alaska (Pacific Salmon),Salmonidae,Pacific Salmon,True,0
SSALMLSTUART,53,1949,2001,53,0,0,1963.0,1963.0,0,0,0,,,False,SSB,Sockeye salmon Late Stuart,Oncorhynchus nerka,Sockeye salmon,Canada-DFO-LSTUART,Canada West Coast (Pacific Salmon),Salmonidae,Pacific Salmon,True,0
SSALMLUPPERS,30,1970,1999,30,0,0,,,0,0,0,,,False,SSB,Sockeye salmon Late Upper Station,Oncorhynchus nerka,Sockeye salmon,USA-AKSTATE-LUPPERS,US Alaska (Pacific Salmon),Salmonidae,Pacific Salmon,True,0
SSALMLWASH,37,1967,2003,37,0,0,,,3,0,3,1996.0,1998.0,False,SSB,Sockeye salmon Lake Washington,Oncorhynchus nerka,Sockeye salmon,USA-WASTATE-LWASH,US West Coast (Pacific Salmon),Salmonidae,Pacific Salmon,True,0
SSALMMALINAL,36,1969,2004,36,0,3,1985.0,1985.0,0,0,0,,,False,SSB,Sockeye salmon Malina Lake,Oncorhynchus nerka,Sockeye salmon,USA-AKSTATE-MALINAL,US Alaska (Pacific Salmon),Salmonidae,Pacific Salmon,True,3
SSALMMCDONALD,20,1982,2001,20,0,0,,,0,0,0,,,False,SSB,Sockeye salmon McDonald,Oncorhynchus nerka,Sockeye salmon,USA-AKSTATE-MCDONALD,US Alaska (Pacific Salmon),Salmonidae,Pacific Salmon,True,0
SSALMMITCHELL,37,1949,2001,53,16,0,,,0,0,0,,,False,SSB,Sockeye salmon Mitchell,Oncorhynchus nerka,Sockeye salmon,Canada-DFO-MITCHELL,Canada West Coast (Pacific Salmon),Salmonidae,Pacific Salmon,True,0
SSALMNADINA,52,1950,2001,52,0,0,1955.0,1955.0,0,0,0,,,False,SSB,Sockeye salmon Nadina,Oncorhynchus nerka,Sockeye salmon,Canada-DFO-NADINA,Canada West Coast (Pacific Salmon),Salmonidae,Pacific Salmon,True,0
SSALMNADINAC,29,1973,2001,29,0,0,,,0,0,0,,,False,SSB,Sockeye salmon Nadina Channel,Oncorhynchus nerka,Sockeye salmon,Canada-DFO-NADINAC,Canada West Coast (Pacific Salmon),Salmonidae,Pacific Salmon,True,0
SSALMNAHANTLATCH,27,1975,2001,27,0,0,,,0,0,0,,,False,SSB,Sockeye salmon nahatlatch,Oncorhynchus nerka,Sockeye salmon,Canada-DFO-NAHANTLATCH,Canada West Coast (Pacific Salmon),Salmonidae,Pacific Salmon,True,0
SSALMNAKNEK,50,1956,2005,50,0,0,,,16,0,16,1985.0,2000.0,False,SSB,Sockeye salmon Naknek,Oncorhynchus nerka,Sockeye salmon,USA-AKSTATE-NAKNEK,US Alaska (Pacific Salmon),Salmonidae,Pacific Salmon,True,0
SSALMNASS,36,1967,2002,36,0,0,,,2,0,2,1996.0,1997.0,False,SSB,Sockeye salmon Nass,Oncorhynchus nerka,Sockeye salmon,Canada-DFO-NASS,Canada West Coast (Pacific Salmon),Salmonidae,Pacific Salmon,True,0
SSALMNELSONR,25,1981,2005,25,0,0,,,0,0,0,,,False,SSB,Sockeye salmon Nelson River,Oncorhynchus nerka,Sockeye salmon,USA-AKSTATE-NELSONR,US Alaska (Pacific Salmon),Salmonidae,Pacific Salmon,True,0
SSALMNUSHAGAK,54,1952,2005,54,0,0,,,20,0,20,1981.0,2000.0,False,SSB,Sockeye salmon Nushagak,Oncorhynchus nerka,Sockeye salmon,USA-AKSTATE-NUSHAGAK,US Alaska (Pacific Salmon),Salmonidae,Pacific Salmon,True,0
SSALMNUYAKUK,30,1956,1985,30,0,0,,,0,0,0,,,False,SSB,Sockeye salmon Nuyakuk,Oncorhynchus nerka,Sockeye salmon,USA-AKSTATE-NUYAKUK,US Alaska (Pacific Salmon),Salmonidae,Pacific Salmon,True,0
SSALMOKSH,10,1995,2004,10,0,1,,,0,0,0,,,False,SSB,Sockeye salmon Okhotsk sockeye hatchery,Oncorhynchus nerka,Sockeye salmon,Russia-TINRO-OKSH,Russia Japan (Pacific Salmon),Salmonidae,Pacific Salmon,True,1
SSALMOKSW,53,1952,2004,53,0,0,1985.0,1985.0,4,4,0,1981.0,1984.0,True,SSB,Sockeye salmon Okhotsk sockeye wild,Oncorhynchus nerka,Sockeye salmon,Russia-TINRO-OKSW,Russia Japan (Pacific Salmon),Salmonidae,Pacific Salmon,True,0
SSALMORZINSKIL,16,1990,2005,16,0,0,,,0,0,0,,,False,SSB,Sockeye salmon Orzinski Lake,Oncorhynchus nerka,Sockeye salmon,USA-AKSTATE-ORZINSKIL,US Alaska (Pacific Salmon),Salmonidae,Pacific Salmon,True,0
SSALMOWIKENOL,58,1948,2005,58,0,0,1994.0,1994.0,17,5,12,1977.0,1993.0,True,SSB,Sockeye salmon Owikeno Lake,Oncorhynchus nerka,Sockeye salmon,Canada-DFO-OWIKENOL,Canada West Coast (Pacific Salmon),Salmonidae,Pacific Salmon,True,0
SSALMPASAGSHAKR,34,1968,2003,36,2,0,,,0,0,0,,,False,SSB,Sockeye salmon Pasagshak River,Oncorhynchus nerka,Sockeye salmon,USA-AKSTATE-PASAGSHAKR,US Alaska (Pacific Salmon),Salmonidae,Pacific Salmon,True,0
SSALMPAULSBD,36,1969,2004,36,0,0,,,2,0,2,1998.0,1999.0,False,SSB,Sockeye salmon Pauls Bay Drainage,Oncorhynchus nerka,Sockeye salmon,USA-AKSTATE-PAULSBD,US Alaska (Pacific Salmon),Salmonidae,Pacific Salmon,True,0
SSALMPITT,54,1948,2001,54,0,0,,,20,0,20,1977.0,1996.0,False,SSB,Sockeye salmon Pitt,Oncorhynchus nerka,Sockeye salmon,Canada-DFO-PITT,Canada West Coast (Pacific Salmon),Salmonidae,Pacific Salmon,True,0
SSALMPORTAGE,48,1951,2001,51,3,0,1971.0,1971.0,0,0,0,,,False,SSB,Sockeye salmon Portage,Oncorhynchus nerka,Sockeye salmon,Canada-DFO-PORTAGE,Canada West Coast (Pacific Salmon),Salmonidae,Pacific Salmon,True,0
SSALMQUIN,29,1975,2003,29,0,0,,,0,0,0,,,False,SSB,Sockeye salmon Quinault,Oncorhynchus nerka,Sockeye salmon,USA-WASTATE-QUIN,US West Coast (Pacific Salmon),Salmonidae,Pacific Salmon,True,0
SSALMRAFT,54,1948,2001,54,0,0,1989.0,1989.0,12,5,7,1977.0,1988.0,True,SSB,Sockeye salmon Raft,Oncorhynchus nerka,Sockeye salmon,Canada-DFO-RAFT,Canada West Coast (Pacific Salmon),Salmonidae,Pacific Salmon,True,0
SSALMREDOUBTL,21,1982,2002,21,0,0,2000.0,2000.0,0,0,0,,,False,SSB,Sockeye salmon Redoubt Lake,Oncorhynchus nerka,Sockeye salmon,USA-AKSTATE-REDOUBTL,US Alaska (Pacific Salmon),Salmonidae,Pacific Salmon,True,0
SSALMSALTERYL,28,1976,2003,28,0,0,,,0,0,0,,,False,SSB,Sockeye salmon Saltery Lake,Oncorhynchus nerka,Sockeye salmon,USA-AKSTATE-SALTERYL,US Alaska (Pacific Salmon),Salmonidae,Pacific Salmon,True,0
SSALMSANDYR,12,1994,2005,12,0,0,,,0,0,0,,,False,SSB,Sockeye salmon Sandy River,Oncorhynchus nerka,Sockeye salmon,USA-AKSTATE-SANDYR,US Alaska (Pacific Salmon),Salmonidae,Pacific Salmon,True,0
SSALMSCOTCH,40,1948,2001,54,14,0,,2001.0,0,0,0,,,False,SSB,Sockeye salmon scotch,Oncorhynchus nerka,Sockeye salmon,Canada-DFO-SCOTCH,Canada West Coast (Pacific Salmon),Salmonidae,Pacific Salmon,True,0
SSALMSEYMOUR,54,1948,2001,54,0,0,1964.0,1964.0,0,0,0,,,False,SSB,Sockeye salmon Seymour,Oncorhynchus nerka,Sockeye salmon,Canada-DFO-SEYMOUR,Canada West Coast (Pacific Salmon),Salmonidae,Pacific Salmon,True,0
SSALMSHUSWAP,46,1949,2001,53,7,0,1984.0,1984.0,0,0,0,,,False,SSB,Sockeye salmon shuswap,Oncorhynchus nerka,Sockeye salmon,Canada-DFO-SHUSWAP,Canada West Coast (Pacific Salmon),Salmonidae,Pacific Salmon,True,0
SSALMSITUKR,27,1976,2002,27,0,0,,,0,0,0,,,False,SSB,Sockeye salmon Situk River,Oncorhynchus nerka,Sockeye salmon,USA-AKSTATE-SITUKR,US Alaska (Pacific Salmon),Salmonidae,Pacific Salmon,True,0
SSALMSKEENA,53,1950,2002,53,0,0,,,19,0,19,1979.0,1997.0,False,SSB,Sockeye salmon Skeena,Oncorhynchus nerka,Sockeye salmon,Canada-DFO-SKEENA,Canada West Coast (Pacific Salmon),Salmonidae,Pacific Salmon,True,0
SSALMSPEELL,20,1983,2002,20,0,0,,,0,0,0,,,False,SSB,Sockeye salmon Speel Lake,Oncorhynchus nerka,Sockeye salmon,USA-AKSTATE-SPEELL,US Alaska (Pacific Salmon),Salmonidae,Pacific Salmon,True,0
SSALMSTELLAKO,54,1948,2001,54,0,0,,,20,0,20,1977.0,1996.0,False,SSB,Sockeye salmon Stellako,Oncorhynchus nerka,Sockeye salmon,Canada-DFO-STELLAKO,Canada West Coast (Pacific Salmon),Salmonidae,Pacific Salmon,True,0
SSALMSTIKINE,20,1982,2001,20,0,0,,,0,0,0,,,False,SSB,Sockeye salmon Stikine (District108),Oncorhynchus nerka,Sockeye salmon,USA-AKSTATE-STIKINE,US Alaska (Pacific Salmon),Salmonidae,Pacific Salmon,True,0
SSALMTAHLTAN,26,1979,2004,26,0,0,,,0,0,0,,,False,SSB,Sockeye salmon Tahltan,Oncorhynchus nerka,Sockeye salmon,USA-AKSTATE-TAHLTAN,US Alaska (Pacific Salmon),Salmonidae,Pacific Salmon,True,0
SSALMTAKUR,19,1984,2002,19,0,0,,,0,0,0,,,False,SSB,Sockeye salmon Taku River,Oncorhynchus nerka,Sockeye salmon,USA-AKSTATE-TAKUR,US Alaska (Pacific Salmon),Salmonidae,Pacific Salmon,True,0
SSALMTASEKO,17,1975,2001,27,10,0,,,0,0,0,,,False,SSB,Sockeye salmon taseko,Oncorhynchus nerka,Sockeye salmon,Canada-DFO-TASEKO,Canada West Coast (Pacific Salmon),Salmonidae,Pacific Salmon,True,0
SSALMTOGIAK,50,1956,2005,50,0,0,,,16,0,16,1985.0,2000.0,False,SSB,Sockeye salmon Togiak,Oncorhynchus nerka,Sockeye salmon,USA-AKSTATE-TOGIAK,US Alaska (Pacific Salmon),Salmonidae,Pacific Salmon,True,0
SSALMUCOOKI,31,1968,1998,31,0,0,,,0,0,0,,,False,SSB,Sockeye salmon Upper Cook Inlet,Oncorhynchus nerka,Sockeye salmon,USA-AKSTATE-UCOOKI,US Alaska (Pacific Salmon),Salmonidae,Pacific Salmon,True,0
SSALMUGANIKL,28,1974,2003,30,2,0,,,0,0,0,,,False,SSB,Sockeye salmon Uganik Lake,Oncorhynchus nerka,Sockeye salmon,USA-AKSTATE-UGANIKL,US Alaska (Pacific Salmon),Salmonidae,Pacific Salmon,True,0
SSALMUGASHIK,50,1956,2005,50,0,0,1972.0,1972.0,0,0,0,,,False,SSB,Sockeye salmon Ugashik,Oncorhynchus nerka,Sockeye salmon,USA-AKSTATE-UGASHIK,US Alaska (Pacific Salmon),Salmonidae,Pacific Salmon,True,0
SSALMWEAVER,54,1948,2001,54,0,0,1989.0,1989.0,12,5,7,1977.0,1988.0,True,SSB,Sockeye salmon Weaver,Oncorhynchus nerka,Sockeye salmon,Canada-DFO-WEAVER,Canada West Coast (Pacific Salmon),Salmonidae,Pacific Salmon,True,0
SSALMWEAVERC,37,1965,2001,37,0,0,,,3,0,3,1994.0,1996.0,False,SSB,Sockeye salmon Weaver Channel,Oncorhynchus nerka,Sockeye salmon,Canada-DFO-WEAVERC,Canada West Coast (Pacific Salmon),Salmonidae,Pacific Salmon,True,0
SSALMWKAMSH,10,1995,2004,10,0,0,,2004.0,0,0,0,,,False,SSB,Sockeye salmon West Kamchatka sockeye hatchery,Oncorhynchus nerka,Sockeye salmon,Russia-TINRO-WKAMSH,Russia Japan (Pacific Salmon),Salmonidae,Pacific Salmon,True,0
SSALMWKAMSW,53,1952,2004,53,0,0,,,19,0,19,1981.0,1999.0,False,SSB,Sockeye salmon West Kamchatka sockeye wild,Oncorhynchus nerka,Sockeye salmon,Russia-TINRO-WKAMSW,Russia Japan (Pacific Salmon),Salmonidae,Pacific Salmon,True,0
SSALMWOOD,50,1956,2005,50,0,0,,,16,0,16,1985.0,2000.0,False,SSB,Sockeye salmon Wood,Oncorhynchus nerka,Sockeye salmon,USA-AKSTATE-WOOD,US Alaska (Pacific Salmon),Salmonidae,Pacific Salmon,True,0
SSANDWSJ,10,2004,2013,10,0,0,,,0,0,0,,,False,SSB,Sailfin sandfish Sea of Japan West,Arctoscopus japonicus,Sailfin sandfish,Japan-FAJ-WSJ,Japan,Trichodontidae,Other Marine,False,0
SSARDCH,19,2002,2020,19,0,0,,,0,0,0,,,False,SSB,Southern sardine Central-Southern Chile,Sprattus fuegensis,Southern sardine,Chile-SUBPESCA-CH-CS,South America,Clupeidae,Forage Fish,False,0
SSLOBSTERSASC,47,1973,2019,47,0,0,,,13,0,13,2002.0,2014.0,False,SSB,Southern spiny lobster South Africa South coast,Palinurus gilchristi,Southern spiny lobster,South Africa-DETMCM-SASC,Southern Africa,Palinuridae,Invertebrate,False,0
SSTHORNHPCOAST,119,1901,2019,119,0,0,,,85,0,85,1930.0,2014.0,False,SSB,Shortspine thornyhead Pacific Coast,Sebastolobus alascanus,Shortspine thornyhead,USA-NMFS-PCOAST,US West Coast,Sebastidae,Rockfish,False,0
STFLOUNNPCOAST,36,1970,2005,36,0,0,,,2,0,2,1999.0,2000.0,False,SSB,Starry flounder Northern Pacific Coast,Platichthys stellatus,Starry flounder,USA-NMFS-NPCOAST,US West Coast,Pleuronectidae,Flatfish,False,0
STFLOUNSPCOAST,36,1970,2005,36,0,0,,,2,0,2,1999.0,2000.0,False,SSB,Starry flounder Southern Pacific Coast,Platichthys stellatus,Starry flounder,USA-NMFS-SPCOAST,US West Coast,Pleuronectidae,Flatfish,False,0
STMARLINNEPAC,35,1975,2009,35,0,0,,,1,0,1,2004.0,2004.0,False,SSB,Striped marlin Northeast Pacific,Kajikia audax,Striped marlin,multinational-IATTC-NEPAC,Pacific Ocean,Istiophoridae,Tuna and Marlin,False,0
STMARLINWCNPAC,36,1975,2010,36,0,0,,,2,0,2,2004.0,2005.0,False,SSB,Striped marlin Western and Central North Pacific,Kajikia audax,Striped marlin,multinational-ISC-WCNPAC,Pacific Ocean,Istiophoridae,Tuna and Marlin,False,0
STRAYII-IIIa-IV,24,1991,2014,24,0,0,,,0,0,0,,,False,SSB,Starry ray ICES 2-3a-4,Amblyraja radiata,Starry ray,multinational-ICES-II-IIIa-IV,European Union,Rajidae,Sharks Rays and Skates,False,0
STRIPEDBASSGOMCHATT,31,1982,2012,31,0,0,,,0,0,0,,,False,SSB,Striped bass Gulf of Maine / Cape Hatteras,Morone saxatilis,Striped bass,USA-NMFS-5YCHATT,US East Coast,Moronidae,Other Marine,False,0
STRMULLIIIa-IV-VIId,15,2004,2018,15,0,0,,,0,0,0,,,False,SSB,Striped red mullet ICES 3a-4-7d,Mullus surmuletus,Striped red mullet,multinational-ICES-IIIa-IV-VIId,European Union,Mullidae,Other Marine,False,0
SWHITSE,78,1942,2019,78,0,0,,,44,0,44,1971.0,2014.0,False,SSB,School whiting Southeast Australia,Sillago flindersi,School whiting,Australia-AFMA-SE,Australia,Sillaginidae,Other Marine,False,0
SWORDIO,49,1970,2018,49,0,0,,,15,0,15,1999.0,2013.0,False,SSB,Swordfish Indian Ocean,Xiphias gladius,Swordfish,multinational-IOTC-IO,Indian Ocean,Xiphiidae,Tuna and Marlin,False,0
SWORDMED,24,1985,2008,24,0,0,,,0,0,0,,,False,SSB,Swordfish Mediterranean Sea,Xiphias gladius,Swordfish,multinational-ICCAT-MED,Mediterranean-Black Sea,Xiphiidae,Tuna and Marlin,False,0
SWORDNPAC,42,1975,2016,42,0,0,,,8,0,8,2004.0,2011.0,False,SSB,Swordfish North Pacific Ocean,Xiphias gladius,Swordfish,multinational-ISC-NPAC,Pacific Ocean,Xiphiidae,Tuna and Marlin,False,0
TANNERCRABBSAI,42,1975,2016,42,0,0,1985.0,1985.0,0,0,0,,,False,SSB,Tanner crab Bering Sea and Aleutian Islands,Chionoecetes bairdi,Tanner crab,USA-NMFS-BSAI,US Alaska,Oregoniidae,Invertebrate,False,0
TARAKENZ,47,1975,2021,47,0,0,,,13,0,13,2004.0,2016.0,False,SSB,Tarakihi Eastern New Zealand,Nemadactylus macropterus,Tarakihi,New Zealand-MFish-ENZ,New Zealand,Cheilodactylidae,Other Marine,False,0
TARAKSA,76,1932,2007,76,0,0,,,42,0,42,1961.0,2002.0,False,SSB,Tarakihi Sub-Antarctic,Nemadactylus macropterus,Tarakihi,New Zealand-MFish-SA,New Zealand,Cheilodactylidae,Other Marine,False,0
TASGIANTCRABTAS,18,1990,2007,18,0,0,,,0,0,0,,,False,SSB,Tasmanian giant crab Tasmania,Pseudocarcinus gigas,Tasmanian giant crab,Australia-AFMA-TAS,Australia,Menippidae,Invertebrate,False,0
TBSKAIIIa-IV-VIId,22,1993,2014,22,0,0,,,0,0,0,,,False,SSB,Thornback skate ICES 3a-4-7d,Raja clavata,Thornback skate,multinational-ICES-IIIa-IV-VIId,European Union,Rajidae,Sharks Rays and Skates,False,0
TBSKAIXa,19,1997,2015,19,0,0,,,0,0,0,,,False,SSB,Thornback skate Portugese Waters -East,Raja clavata,Thornback skate,multinational-ICES-IXa,European Union,Rajidae,Sharks Rays and Skates,False,0
TBSKAVI,11,2005,2015,11,0,0,,,0,0,0,,,False,SSB,Thornback skate ICES 6,Raja clavata,Thornback skate,multinational-ICES-VI,European Union,Rajidae,Sharks Rays and Skates,False,0
TBSKAVIII,17,1999,2015,17,0,0,,,0,0,0,,,False,SSB,Thornback skate Bay of Biscay,Raja clavata,Thornback skate,multinational-ICES-VIII,European Union,Rajidae,Sharks Rays and Skates,False,0
TBSKAVIIafg,23,1993,2015,23,0,0,,,0,0,0,,,False,SSB,Thornback skate ICES 7afg,Raja clavata,Thornback skate,multinational-ICES-VIIafg,European Union,Rajidae,Sharks Rays and Skates,False,0
THRSHARNPAC,46,1969,2014,46,0,0,,,12,0,12,1998.0,2009.0,False,SSB,Thresher shark North Pacific,Alopias vulpinus,Thresher shark,USA-NMFS-NPAC,Pacific Ocean,Cetorhinidae,Sharks Rays and Skates,False,0
TIGERFLATSE,101,1915,2015,101,0,0,1947.0,1947.0,3,3,0,1944.0,1946.0,True,SSB,Tiger flathead Southeast Australia,Neoplatycephalus richardsoni,Tiger flathead,Australia-AFMA-SE,Australia,Platycephalidae,Other Marine,False,0
TILEGM,45,1965,2009,45,0,0,,,11,0,11,1994.0,2004.0,False,SSB,Tilefish Gulf of Mexico,Lopholatilus chamaeleonticeps,Tilefish,USA-NMFS-GM,US Southeast and Gulf,Malacanthidae,Other Marine,False,0
TILEMATLC,46,1971,2016,46,0,0,1988.0,1988.0,0,0,0,,,False,SSB,Tilefish Mid-Atlantic Coast,Lopholatilus chamaeleonticeps,Tilefish,USA-NMFS-MATLC,US East Coast,Malacanthidae,Other Marine,False,0
TILESATLC,47,1972,2018,47,0,0,1993.0,1993.0,0,0,0,,,False,SSB,Tilefish Southern Atlantic coast,Lopholatilus chamaeleonticeps,Tilefish,USA-NMFS-SATLC,US Southeast and Gulf,Malacanthidae,Other Marine,False,0
TREVALLYTRE7,71,1944,2014,71,0,0,,,37,0,37,1973.0,2009.0,False,SSB,Trevally New Zealand Areas TRE 7,Pseudocaranx dentex,Trevally,New Zealand-MFish-TRE7,New Zealand,Carangidae,Other Marine,False,0
TURBLKGSA29,67,1950,2016,67,0,0,2011.0,2011.0,32,5,27,1979.0,2010.0,True,SSB,Turbot Black Sea,Psetta maxima,Turbot,multinational-GFCM-GSA29,Mediterranean-Black Sea,Scophthalmidae,Flatfish,False,0
TURIIIa,20,1996,2015,20,0,0,,,0,0,0,,,False,SSB,Turbot Kattegat and Skagerrak,Scophthalmus maximus,Turbot,multinational-ICES-IIIa,European Union,Scophthalmidae,Flatfish,False,0
TURIV,41,1981,2021,41,0,0,,,7,0,7,2010.0,2016.0,False,SSB,Turbot North Sea,Scophthalmus maximus,Turbot,multinational-ICES-IV,European Union,Scophthalmidae,Flatfish,False,0
URAYVIIde,28,1988,2015,28,0,3,,,0,0,0,,,False,SSB,Undulate ray ICES 7de,Raja undulata,Undulate ray,multinational-ICES-VIIde,European Union,Rajidae,Sharks Rays and Skates,False,3
VSNAPGM,68,1950,2017,68,0,0,,,34,0,34,1979.0,2012.0,False,SSB,Vermilion snapper Gulf of Mexico,Rhomboplites aurorubens,Vermilion snapper,USA-NMFS-GM,US Southeast and Gulf,Lutjanidae,Other Marine,False,0
VSNAPSATLC,71,1946,2016,71,0,0,,,37,0,37,1975.0,2011.0,False,SSB,Vermilion snapper Southern Atlantic coast,Rhomboplites aurorubens,Vermilion snapper,USA-NMFS-SATLC,US Southeast and Gulf,Lutjanidae,Other Marine,False,0
WANGLGSA1-7,3,2013,2015,3,0,0,,,0,0,0,,,False,SSB,White anglerfish Geographical Sub-Areas 1-7,Lophius piscatorius,White anglerfish,multinational-GFCM-GSA1-7,Mediterranean-Black Sea,Lophiidae,Other Marine,False,0
WANGLVII-VIIIabd,36,1986,2021,36,0,0,,,2,0,2,2015.0,2016.0,False,SSB,White anglerfish ICES 7-8abd,Lophius piscatorius,White anglerfish,multinational-ICES-VII-VIIIabd,European Union,Lophiidae,Other Marine,False,0
WANGLVIIIc-IXa,42,1980,2021,42,0,0,1992.0,1992.0,0,0,0,,,False,SSB,White anglerfish ICES 8c-9a,Lophius piscatorius,White anglerfish,multinational-ICES-VIIIc-IXa,European Union,Lophiidae,Other Marine,False,0
WAREHOUESE,23,1986,2008,23,0,0,1999.0,1999.0,0,0,0,,,False,SSB,Blue warehou Eastern half of Southeast Australia,Seriolella brama,Blue warehou,Australia-AFMA-ESE,Australia,Centrolophidae,Other Marine,False,0
WAREHOUWSE,23,1986,2008,23,0,0,1999.0,1999.0,0,0,0,,,False,SSB,Blue warehou Western half of Southeast Australia,Seriolella brama,Blue warehou,Australia-AFMA-WSE,Australia,Centrolophidae,Other Marine,False,0
WEAKFISHATLC,28,1981,2008,28,0,0,2005.0,2005.0,0,0,0,,,False,SSB,Weakfish Atlantic Coast,Cynoscion regalis,Weakfish,USA-NMFS-ATLC,US East Coast,Sciaenidae,Other Marine,False,0
WHAKE4T,42,1978,2019,42,0,0,1996.0,1996.0,0,0,0,,,False,SSB,White hake Southern Gulf of St. Lawrence,Urophycis tenuis,White hake,Canada-DFO-4T,Canada East Coast,Phycidae,Gadids,False,0
WHAKEGBGOM,60,1963,2022,60,0,0,,,26,0,26,1992.0,2017.0,False,SSB,White hake Gulf of Maine / Georges Bank,Urophycis tenuis,White hake,USA-NMFS-5YZ,US East Coast,Phycidae,Gadids,False,0
WHITMEDGSA29,28,1994,2021,28,0,0,2017.0,2017.0,0,0,0,,,False,SSB,Whiting Black Sea,Merlangius merlangus,Whiting,multinational-GFCM-GSA29,Mediterranean-Black Sea,Gadidae,Gadids,False,0
WHITNS-VIId,46,1978,2023,46,0,0,,,12,0,12,2007.0,2018.0,False,SSB,Whiting ICES 4-7d,Merlangius merlangus,Whiting,multinational-ICES-IV-VIId,European Union,Gadidae,Gadids,False,0
WHITVIIa,42,1980,2021,42,0,0,1994.0,1994.0,0,0,0,,,False,SSB,Whiting Irish Sea,Merlangius merlangus,Whiting,multinational-ICES-VIIa,European Union,Gadidae,Gadids,False,0
WHITVIIbce-k,25,1999,2023,25,0,0,,,0,0,0,,,False,SSB,Whiting Celtic Sea,Merlangius merlangus,Whiting,multinational-ICES-VIIbce-k,European Union,Gadidae,Gadids,False,0
WHITVIa,41,1981,2021,41,0,0,2003.0,2003.0,0,0,0,,,False,SSB,Whiting West of Scotland,Merlangius merlangus,Whiting,multinational-ICES-VIa,European Union,Gadidae,Gadids,False,0
WINFLOUN4T,44,1973,2016,44,0,0,,2016.0,9,0,9,2002.0,2010.0,False,SSB,Winter flounder Southern Gulf of St. Lawrence,Pseudopleuronectes americanus,Winter flounder,Canada-DFO-4T,Canada East Coast,Pleuronectidae,Flatfish,False,0
WINFLOUN5Z,40,1982,2021,40,0,0,,,6,0,6,2011.0,2016.0,False,SSB,Winter flounder Georges Bank,Pseudopleuronectes americanus,Winter flounder,USA-NMFS-5Z,US East Coast,Pleuronectidae,Flatfish,False,0
WINFLOUNSNEMATL,42,1981,2022,42,0,0,2016.0,2016.0,6,5,1,2010.0,2015.0,True,SSB,Winter flounder Southern New England /Mid Atlantic,Pseudopleuronectes americanus,Winter flounder,USA-NMFS-SNEMATL,US East Coast,Pleuronectidae,Flatfish,False,0
WITFLOUN4RST,61,1961,2021,61,0,0,1991.0,1991.0,1,1,0,1990.0,1990.0,True,SSB,Witch flounder Gulf of St. Lawrence,Glyptocephalus cynoglossus,Witch flounder,Canada-DFO-4RST,Canada East Coast,Pleuronectidae,Flatfish,False,0
WITFLOUN5Y,54,1968,2021,54,0,0,1988.0,1988.0,0,0,0,,,False,SSB,Witch flounder Gulf of Maine,Glyptocephalus cynoglossus,Witch flounder,USA-NMFS-5Y,US East Coast,Pleuronectidae,Flatfish,False,0
WITFLOUNIIIa-IV-VIId,71,1950,2020,71,0,0,,,37,0,37,1979.0,2015.0,False,SSB,Witch flounder ICES 3a-4-7d,Glyptocephalus cynoglossus,Witch flounder,multinational-ICES-IIIa-IV-VIId,European Union,Pleuronectidae,Flatfish,False,0
WLFLOUNNPAC,16,1998,2013,16,0,0,,,0,0,0,,,False,SSB,Willowy flounder North Pacific,Tanakius kitaharae,Willowy flounder,Japan-FAJ-NPAC,Japan,Pleuronectidae,Flatfish,False,0
WMARLINATL,55,1956,2010,55,0,0,1982.0,1982.0,0,0,0,,,False,SSB,White marlin Atlantic Ocean,Tetrapturus albidus,White marlin,multinational-ICCAT-ATL,Atlantic Ocean,Istiophoridae,Tuna and Marlin,False,0
WPOLLAI,44,1978,2021,44,0,0,2002.0,2002.0,0,0,0,,,False,SSB,Walleye pollock Aleutian Islands,Theragra chalcogramma,Walleye pollock,USA-NMFS-AI,US Alaska,Gadidae,Gadids,False,0
WPOLLBCWN,52,1967,2018,52,0,0,1985.0,1985.0,0,0,0,,,False,SSB,Walleye pollock British Columbia Waters North,Theragra chalcogramma,Walleye pollock,Canada-DFO-BCWN,Canada West Coast,Gadidae,Gadids,False,0
WPOLLBCWS,53,1966,2018,53,0,0,1996.0,1996.0,1,1,0,1995.0,1995.0,True,SSB,Walleye pollock British Columbia Waters South,Theragra chalcogramma,Walleye pollock,Canada-DFO-BCWS,Canada West Coast,Gadidae,Gadids,False,0
WPOLLEBS,58,1964,2021,58,0,0,,,24,0,24,1993.0,2016.0,False,SSB,Walleye pollock Eastern Bering Sea,Theragra chalcogramma,Walleye pollock,USA-NMFS-EBS,US Alaska,Gadidae,Gadids,False,0
WPOLLGA,52,1970,2021,52,0,0,,,18,0,18,1999.0,2016.0,False,SSB,Walleye pollock Gulf of Alaska,Theragra chalcogramma,Walleye pollock,USA-NMFS-GA,US Alaska,Gadidae,Gadids,False,0
WPOLLNAVAR,29,1995,2023,29,0,0,,,0,0,0,,,False,SSB,Walleye pollock Navarinsky,Theragra chalcogramma,Walleye pollock,Russia-RFFA-NAVAR,Other,Gadidae,Gadids,False,0
WPOLLNSO,61,1963,2023,61,0,0,,,27,0,27,1992.0,2018.0,False,SSB,Walleye pollock Northern Sea of Okhotsk,Theragra chalcogramma,Walleye pollock,Russia-RFFA-NSO,Other,Gadidae,Gadids,False,0
WPOLLWBS,43,1970,2019,50,7,0,1996.0,1996.0,0,0,0,,,False,SSB,Walleye pollock Western Bering Sea,Theragra chalcogramma,Walleye pollock,Russia-RFFA-WBS,Other,Gadidae,Gadids,False,0
WROCKBCW,79,1940,2018,79,0,0,,,45,0,45,1969.0,2013.0,False,SSB,Widow rockfish British Columbia Waters,Sebastes entomelas,Widow rockfish,Canada-DFO-BCW,Canada West Coast,Sebastidae,Rockfish,False,0
WROCKPCOAST,104,1916,2019,104,0,0,,,70,0,70,1945.0,2014.0,False,SSB,Widow rockfish Pacific Coast,Sebastes entomelas,Widow rockfish,USA-NMFS-PCOAST,US West Coast,Sebastidae,Rockfish,False,0
WSHRIMPGM,34,1984,2017,34,0,0,,,0,0,0,,,False,SSB,White shrimp Gulf of Mexico,Litopenaeus setiferus,White shrimp,USA-NMFS-GM,US Southeast and Gulf,Penaeidae,Invertebrate,False,0
YEGROUPGM,35,1975,2009,35,0,0,,,1,0,1,2004.0,2004.0,False,SSB,Yellowedge grouper Gulf of Mexico,Epinephelus flavolimbatus,Yellowedge grouper,USA-NMFS-GM,US Southeast and Gulf,Serranidae,Other Marine,False,0
YELL3LNO,31,1984,2014,31,0,0,,,0,0,0,,,False,SSB,Yellowtail flounder Grand Banks,Limanda ferruginea,Yellowtail flounder,multinational-NAFO-3LNO,Canada East Coast,Pleuronectidae,Flatfish,False,0
YELL4T,31,1985,2015,31,0,0,,,0,0,0,,,False,SSB,Yellowtail flounder Southern Gulf of St. Lawrence,Limanda ferruginea,Yellowtail flounder,Canada-DFO-4T,Canada East Coast,Pleuronectidae,Flatfish,False,0
YELLCCODGOM,37,1985,2021,37,0,0,,,3,0,3,2014.0,2016.0,False,SSB,Yellowtail flounder Cape Cod / Gulf of Maine,Limanda ferruginea,Yellowtail flounder,USA-NMFS-CCOD5Y,US East Coast,Pleuronectidae,Flatfish,False,0
YELLGB,35,1973,2007,35,0,0,,,1,0,1,2002.0,2002.0,False,SSB,Yellowtail flounder Georges Bank,Limanda ferruginea,Yellowtail flounder,USA-NMFS-GB,US East Coast,Pleuronectidae,Flatfish,False,0
YELLSNEMATL,50,1973,2022,50,0,0,1992.0,1992.0,0,0,0,,,False,SSB,Yellowtail flounder Southern New England /Mid Atlantic,Limanda ferruginea,Yellowtail flounder,USA-NMFS-SNEMATL,US East Coast,Pleuronectidae,Flatfish,False,0
YEYEROCKPCOAST,129,1889,2017,129,0,0,1995.0,1995.0,77,5,72,1918.0,1994.0,True,SSB,Yelloweye rockfish Pacific Coast,Sebastes ruberrimus,Yelloweye rockfish,USA-NMFS-PCOAST,US West Coast,Sebastidae,Rockfish,False,0
YFINCWPAC,64,1952,2015,64,0,0,,,30,0,30,1981.0,2010.0,False,SSB,Yellowfin tuna Central Western Pacific Ocean,Thunnus albacares,Yellowfin tuna,multinational-WCPFC-CWPAC,Pacific Ocean,Scombridae,Tuna and Marlin,False,0
YFINEIO,71,1950,2020,71,0,0,,,37,0,37,1979.0,2015.0,False,SSB,Yellowfin tuna Indian Ocean,Thunnus albacares,Yellowfin tuna,multinational-IOTC-IO,Indian Ocean,Scombridae,Tuna and Marlin,False,0
YFINEPAC,42,1975,2016,42,0,0,,,8,0,8,2004.0,2011.0,False,SSB,Yellowfin tuna Eastern Pacific,Thunnus albacares,Yellowfin tuna,multinational-IATTC-EPAC,Pacific Ocean,Scombridae,Tuna and Marlin,False,0
YNOSESKACSCH,36,1979,2014,36,0,0,1998.0,1998.0,0,0,0,,,False,SSB,Yellownose skate Central-Southern Chile,Zearaja chilensis,Yellownose skate,Chile-SUBPESCA-CH-CS,South America,Rajidae,Sharks Rays and Skates,False,0
YNOSESKASCH,36,1979,2014,36,0,0,2003.0,2003.0,0,0,0,,,False,SSB,Yellownose skate Southern Chile,Zearaja chilensis,Yellownose skate,Chile-SUBPESCA-CH-S,South America,Rajidae,Sharks Rays and Skates,False,0
YSOLEBSAI,68,1954,2021,68,0,0,1962.0,1962.0,0,0,0,,,False,SSB,Yellowfin sole Bering Sea and Aleutian Islands,Limanda aspera,Yellowfin sole,USA-NMFS-BSAI,US Alaska,Pleuronectidae,Flatfish,False,0
YTROCKNPCOAST,129,1889,2017,129,0,0,,,95,0,95,1918.0,2012.0,False,SSB,Yellowtail rockfish Northern Pacific Coast,Sebastes flavidus,Yellowtail rockfish,USA-NMFS-NPCOAST,US West Coast,Sebastidae,Rockfish,False,0
ACADRED2J3K,32,1978,2009,32,0,0,1984.0,1984.0,0,0,0,,,False,TBbest,Acadian redfish NAFO Division 2J3K,Sebastes fasciatus,Acadian redfish,Canada-DFO-2J3K,Canada East Coast,Sebastidae,Rockfish,False,0
ACADREDUT3,40,1970,2009,40,0,0,1979.0,1979.0,0,0,0,,,False,TBbest,Acadian redfish Unit 3,Sebastes fasciatus,Acadian redfish,Canada-DFO-UT3,Canada East Coast,Sebastidae,Rockfish,False,0
ALBAMED,40,1980,2019,40,0,0,,,6,0,6,2009.0,2014.0,False,TBbest,Albacore tuna Mediterranean Sea,Thunnus alalunga,Albacore tuna,multinational-ICCAT-MED,Mediterranean-Black Sea,Scombridae,Tuna and Marlin,False,0
ALBANATL,86,1930,2015,86,0,0,,,52,0,52,1959.0,2010.0,False,TBbest,Albacore tuna Northern Atlantic,Thunnus alalunga,Albacore tuna,multinational-ICCAT-NATL,Atlantic Ocean,Scombridae,Tuna and Marlin,False,0
ALBASATL,59,1956,2014,59,0,0,,,25,0,25,1985.0,2009.0,False,TBbest,Albacore tuna South Atlantic,Thunnus alalunga,Albacore tuna,multinational-ICCAT-SATL,Atlantic Ocean,Scombridae,Tuna and Marlin,False,0
ANCHONWA,11,2000,2010,11,0,0,,,0,0,0,,,False,TBbest,Anchovy North West Africa,Engraulis encrasicolus,Anchovy,multinational-FAO-NWA,West Africa,Engraulidae,Forage Fish,False,0
ATHAL5YZ,208,1800,2007,208,0,0,1891.0,1891.0,62,5,57,1829.0,1890.0,True,TBbest,Atlantic halibut Gulf of Maine / Georges Bank,Hippoglossus hippoglossus,Atlantic halibut,USA-NMFS-5YZ,US East Coast,Pleuronectidae,Flatfish,False,0
BIGEYEATL,65,1950,2014,65,0,0,,,31,0,31,1979.0,2009.0,False,TBbest,Bigeye tuna Atlantic Ocean,Thunnus obesus,Bigeye tuna,multinational-ICCAT-ATL,Atlantic Ocean,Scombridae,Tuna and Marlin,False,0
BIGSKAGA,30,1990,2019,30,0,0,,,0,0,0,,,False,TBbest,Big skate Gulf of Alaska,Raja binoculata,Big skate,USA-NMFS-GA,US Alaska,Rajidae,Sharks Rays and Skates,False,0
BLKMARLINIO,70,1950,2019,70,0,0,,,36,0,36,1979.0,2014.0,False,TBbest,Black marlin Indian Ocean,Istiompax indica,Black marlin,multinational-IOTC-IO,Indian Ocean,Istiophoridae,Tuna and Marlin,False,0
BMARLINATL,58,1959,2016,58,0,0,,,24,0,24,1988.0,2011.0,False,TBbest,Blue marlin Atlantic Ocean,Makaira nigricans,Blue marlin,multinational-ICCAT-ATL,Atlantic Ocean,Istiophoridae,Tuna and Marlin,False,0
BMARLINIO,43,1975,2017,43,0,0,,,9,0,9,2004.0,2012.0,False,TBbest,Indo Pacific blue marlin Indian Ocean,Makaira mazara,Indo Pacific blue marlin,multinational-IOTC-IO,Indian Ocean,Istiophoridae,Tuna and Marlin,False,0
BNKROCKCAL,21,1979,1999,21,0,0,,,0,0,0,,,False,TBbest,Bank rockfish California,Sebastes rufus,Bank rockfish,USA-NMFS-CAL,US West Coast,Sebastidae,Rockfish,False,0
BRNROCKPCOAST,98,1916,2013,98,0,0,,,64,0,64,1945.0,2008.0,False,TBbest,Brown rockfish Pacific Coast,Sebastes auriculatus,Brown rockfish,USA-NMFS-PCOAST,US West Coast,Sebastidae,Rockfish,False,0
CHMACKNWA,20,1991,2010,20,0,0,,,0,0,0,,,False,TBbest,Cunene horse mackerel North West Africa,Trachurus trecae,Cunene horse mackerel,multinational-FAO-NWA,West Africa,Carangidae,Forage Fish,False,0
CHSQUIDSA,46,1971,2016,46,0,0,,,12,0,12,2000.0,2011.0,False,TBbest,Cape Hope squid South Africa,Loligo reynaudii,Cape Hope squid,South Africa-DETMCM-SA,Southern Africa,Loliginidae,Invertebrate,False,0
CMACKNWA,12,1999,2010,12,0,0,,,0,0,0,,,False,TBbest,Atlantic chub mackerel North West Africa,Scomber colias,Atlantic chub mackerel,multinational-FAO-NWA,West Africa,Scombridae,Forage Fish,False,0
COD3NO,28,1984,2011,28,0,0,1994.0,1994.0,0,0,0,,,False,TBbest,Atlantic cod Southern Grand Banks,Gadus morhua,Atlantic cod,multinational-NAFO-3NO,Canada East Coast,Gadidae,Gadids,False,0
CPRROCKPCOAST,98,1916,2013,98,0,0,,,64,0,64,1945.0,2008.0,False,TBbest,Copper rockfish Pacific Coast,Sebastes caurinus,Copper rockfish,USA-NMFS-PCOAST,US West Coast,Sebastidae,Rockfish,False,0
CUSK4X,38,1970,2007,38,0,0,,,4,0,4,1999.0,2002.0,False,TBbest,Cusk Western Scotian Shelf,Brosme brosme,Cusk,Canada-DFO-4X,Canada East Coast,Lotidae,Gadids,False,0
DVANGSASC,28,1991,2018,28,0,0,,,0,0,0,,,False,TBbest,Devil anglerfish South Africa South coast,Lophius vomerinus,Devil anglerfish,South Africa-DEFF-SASC,Southern Africa,Lophiidae,Other Marine,False,0
DVANGSAWC,28,1991,2018,28,0,0,,,0,0,0,,,False,TBbest,Devil anglerfish South Africa West coast,Lophius vomerinus,Devil anglerfish,South Africa-DEFF-SAWC,Southern Africa,Lophiidae,Other Marine,False,0
ECSOLESASC,101,1920,2020,101,0,0,,,67,0,67,1949.0,2015.0,False,TBbest,East coast sole South Africa South coast,Austroglossus pectoralis,East coast sole,South Africa-DETMCM-SASC,Southern Africa,Soleidae,Flatfish,False,0
ESOLEHS,58,1944,2001,58,0,0,,,24,0,24,1973.0,1996.0,False,TBbest,English sole Hecate Strait,Parophrys vetulus,English sole,Canada-DFO-HS,Canada West Coast,Pleuronectidae,Flatfish,False,0
EULAPCOASTCCDU,13,2000,2012,13,0,0,,,0,0,0,,,False,TBbest,Eulachon Pacific Coast of Canada Central Coast Designatable Unit,Thaleichthys pacificus,Eulachon,Canada-DFO-PCOASTCCDU,Canada West Coast,Osmeridae,Forage Fish,False,0
EULAPCOASTFRDU,13,2000,2012,13,0,0,,,0,0,0,,,False,TBbest,Eulachon Pacific Coast of Canada Fraser River Designatable Unit,Thaleichthys pacificus,Eulachon,Canada-DFO-PCOASTFRDU,Canada West Coast,Osmeridae,Forage Fish,False,0
EULAPCOASTNSDU,13,2000,2012,13,0,0,,,0,0,0,,,False,TBbest,Eulachon Pacific Coast of Canada Nass / Skeena Designatable Unit,Thaleichthys pacificus,Eulachon,Canada-DFO-PCOASTNSDU,Canada West Coast,Osmeridae,Forage Fish,False,0
FSCADNWA,4,2007,2010,4,0,0,,,0,0,0,,,False,TBbest,False scad North West Africa,Caranx rhonchus,False scad,multinational-FAO-NWA,West Africa,Carangidae,Forage Fish,False,0
GHAL23KLMNO,32,1975,2006,32,0,0,,,0,0,0,,,False,TBbest,Greenland halibut Labrador Shelf - Grand Banks,Reinhardtius hippoglossoides,Greenland halibut,multinational-NAFO-23KLMNO,Canada East Coast,Pleuronectidae,Flatfish,False,0
GPOCTOGA,26,1990,2015,26,0,0,,,0,0,0,,,False,TBbest,Giant Pacific octopus Gulf of Alaska,Enteroctopus dofleini,Giant Pacific octopus,USA-NMFS-GA,US Alaska,Enteroctopodidae,Invertebrate,False,0
HAD3LNO,18,1996,2013,18,0,0,,,0,0,0,,,False,TBbest,Haddock Grand Banks,Melanogrammus aeglefinus,Haddock,multinational-NAFO-3LNO,Canada East Coast,Gadidae,Gadids,False,0
HERRTOG,21,1990,2010,21,0,0,,,0,0,0,,,False,TBbest,Pacific herring Togiak District,Clupea pallasii,Pacific herring,USA-AKSTATE-TOG,US Alaska,Clupeidae,Forage Fish,False,0
HMACKNWA,16,1995,2010,16,0,0,,,0,0,0,,,False,TBbest,Horse mackerel North West Africa,Trachurus trachurus,Horse mackerel,multinational-FAO-NWA,West Africa,Carangidae,Forage Fish,False,0
KCROCKNPAC,19,1995,2013,19,0,0,,,0,0,0,,,False,TBbest,Kichiji rockfish North Pacific,Sebastolobus macrochir,Kichiji rockfish,Japan-FAJ-NPAC,Japan,Sebastidae,Rockfish,False,0
KINGKLIPSASC,34,1986,2019,34,0,0,,,0,0,0,,,False,TBbest,Kingklip South Africa South coast,Genypterus capensis,Kingklip,South Africa-DETMCM-SASC,Southern Africa,Ophidiidae,Other Marine,False,0
KINGKLIPSAWC,34,1986,2019,34,0,0,,,0,0,0,,,False,TBbest,Kingklip South Africa West coast,Genypterus capensis,Kingklip,South Africa-DETMCM-SAWC,Southern Africa,Ophidiidae,Other Marine,False,0
LISQUIDATLC,34,1976,2009,34,0,0,,,0,0,0,,,False,TBbest,Longfin inshore squid Atlantic Coast,Loligo pealeii,Longfin inshore squid,USA-NMFS-ATLC,US East Coast,Loliginidae,Invertebrate,False,0
LNOSESKAGA,30,1990,2019,30,0,0,,,0,0,0,,,False,TBbest,Longnose skate Gulf of Alaska,Raja rhina,Longnose skate,USA-NMFS-GA,US Alaska,Rajidae,Sharks Rays and Skates,False,0
MONKGOMNGB,32,1980,2011,32,0,0,,,0,0,0,,,False,TBbest,Monkfish Gulf of Maine / Northern Georges Bank,Lophius americanus,Monkfish,USA-NMFS-GOMNGB,US East Coast,Lophiidae,Other Marine,False,0
MONKSGBMATL,32,1980,2011,32,0,0,,,0,0,0,,,False,TBbest,Monkfish Southern Georges Bank / Mid-Atlantic,Lophius americanus,Monkfish,USA-NMFS-SGBMATL,US East Coast,Lophiidae,Other Marine,False,0
MULLQNSW,12,1992,2003,12,0,0,,,0,0,0,,,False,TBbest,Sea mullet Queensland and New South Wales,Mugil cephalus,Sea mullet,Australia-DPIF-QNSW,Australia,Mugilidae,Other Marine,False,0
NEPHMEDGSA17-18,56,1960,2015,56,0,0,,,22,0,22,1989.0,2010.0,False,TBbest,"Norway lobster Adriatic Sea (GSA 17,18)",Nephrops norvegicus,Norway lobster,multinational-GFCM-GSA17-18,Mediterranean-Black Sea,Nephropidae,Invertebrate,False,0
PANDALSMA16,12,1998,2011,14,2,0,,,0,0,0,,,False,TBbest,Ocean shrimp Shrimp Management Area 16,Pandalus jordani,Ocean shrimp,Canada-DFO-SMA-16,Canada West Coast,Pandalidae,Invertebrate,False,0
PANDALSMA18-19,12,1998,2011,14,2,0,,2004.0,0,0,0,,,False,TBbest,Ocean shrimp Shrimp Management Areas 18 and 19,Pandalus jordani,Ocean shrimp,Canada-DFO-SMA-18-19,Canada West Coast,Pandalidae,Invertebrate,False,0
PANDALSMAGTSE,12,1998,2011,14,2,0,,,0,0,0,,,False,TBbest,Ocean shrimp Shrimp Management Area GTSE,Pandalus jordani,Ocean shrimp,Canada-DFO-SMA-GTSE,Canada West Coast,Pandalidae,Invertebrate,False,0
PANDALSMAPRD,14,1998,2011,14,0,0,,,0,0,0,,,False,TBbest,Ocean shrimp Shrimp Management Area PRD,Pandalus jordani,Ocean shrimp,Canada-DFO-SMA-PRD,Canada West Coast,Pandalidae,Invertebrate,False,0
PATCODARGS,36,1985,2020,36,0,0,,,2,0,2,2014.0,2015.0,False,TBbest,Patagonian cod Southern Argentina,Salilota australis,Patagonian cod,Argentina-CFP-ARG-S,South America,Moridae,Gadids,False,0
PCOD5ABCD,64,1956,2019,64,0,0,1998.0,1998.0,13,5,8,1985.0,1997.0,True,TBbest,Pacific cod British Columbia Waters Area 5ABCD,Gadus macrocephalus,Pacific cod,Canada-DFO-5ABCD,Canada West Coast,Gadidae,Gadids,False,0
PCODAI,28,1991,2018,28,0,0,,,0,0,0,,,False,TBbest,Pacific cod Aleutian Islands,Gadus macrocephalus,Pacific cod,USA-NMFS-AI,US Alaska,Gadidae,Gadids,False,0
PCODNPAC,19,1996,2014,19,0,0,,,0,0,0,,,False,TBbest,Pacific cod North Pacific,Gadus macrocephalus,Pacific cod,Japan-FAJ-NPAC,Japan,Gadidae,Gadids,False,0
PCODWCVANI,64,1956,2019,64,0,0,1985.0,1985.0,0,0,0,,,False,TBbest,Pacific cod West Coast of Vancouver Island,Gadus macrocephalus,Pacific cod,Canada-DFO-WCVANI,Canada West Coast,Gadidae,Gadids,False,0
PGEODWA,31,1980,2010,31,0,0,,,0,0,0,,,False,TBbest,Pacific geoduck Washington,Panopea generosa,Pacific geoduck,USA-WASTATE-WA,US West Coast,Hiatellidae,Invertebrate,False,0
QUAHATLC,35,1982,2016,35,0,0,,,1,0,1,2011.0,2011.0,False,TBbest,Ocean quahog Atlantic Coast,Arctica islandica,Ocean quahog,USA-NMFS-ATLC,US East Coast,Arcticidae,Invertebrate,False,0
REDFISHSPP3LN,50,1959,2008,50,0,0,,,16,0,16,1988.0,2003.0,False,TBbest,Redfish species N and SW Grand Banks,Sebastes spp,Redfish species,multinational-NAFO-3LN,Canada East Coast,Sebastidae,Rockfish,False,0
REXSOLEPCOAST,118,1896,2013,118,0,0,1979.0,1979.0,54,5,49,1925.0,1978.0,True,TBbest,Rex sole Pacific Coast,Glyptocephalus zachirus,Rex sole,USA-NMFS-PCOAST,US West Coast,Pleuronectidae,Flatfish,False,0
RROCKLOBSTERCRA1,70,1945,2014,70,0,0,1972.0,1972.0,0,0,0,,,False,TBbest,Red rock lobster New Zealand Area CRA1,Jasus edwardsii,Red rock lobster,New Zealand-MFish-CRA1,New Zealand,Palinuridae,Invertebrate,False,0
RROCKLOBSTERCRA2,69,1945,2013,69,0,0,1981.0,1981.0,7,5,2,1974.0,1980.0,True,TBbest,Red rock lobster New Zealand Area CRA2,Jasus edwardsii,Red rock lobster,New Zealand-MFish-CRA2,New Zealand,Palinuridae,Invertebrate,False,0
RROCKLOBSTERCRA3,70,1945,2014,70,0,0,,,36,0,36,1974.0,2009.0,False,TBbest,Red rock lobster New Zealand Area CRA3,Jasus edwardsii,Red rock lobster,New Zealand-MFish-CRA3,New Zealand,Palinuridae,Invertebrate,False,0
RROCKLOBSTERCRA4,67,1945,2011,67,0,0,1985.0,1985.0,11,5,6,1974.0,1984.0,True,TBbest,Red rock lobster New Zealand Area CRA4,Jasus edwardsii,Red rock lobster,New Zealand-MFish-CRA4,New Zealand,Palinuridae,Invertebrate,False,0
RROCKLOBSTERCRA5,71,1945,2015,71,0,0,,,37,0,37,1974.0,2010.0,False,TBbest,Red rock lobster New Zealand Area CRA5,Jasus edwardsii,Red rock lobster,New Zealand-MFish-CRA5,New Zealand,Palinuridae,Invertebrate,False,0
RROCKLOBSTERCRA7,53,1963,2015,53,0,0,1976.0,1976.0,0,0,0,,,False,TBbest,Red rock lobster New Zealand Area CRA7,Jasus edwardsii,Red rock lobster,New Zealand-MFish-CRA7,New Zealand,Palinuridae,Invertebrate,False,0
RROCKLOBSTERCRA8,53,1963,2015,53,0,0,1978.0,1978.0,0,0,0,,,False,TBbest,Red rock lobster New Zealand Area CRA8,Jasus edwardsii,Red rock lobster,New Zealand-MFish-CRA8,New Zealand,Palinuridae,Invertebrate,False,0
SAILEATL,52,1957,2008,52,0,0,2006.0,2006.0,20,5,15,1986.0,2005.0,True,TBbest,Sailfish Eastern Atlantic,Istiophorus albicans,Sailfish,multinational-ICCAT-EATL,Atlantic Ocean,Istiophoridae,Tuna and Marlin,False,0
SAILWATL,51,1957,2007,51,0,0,,,17,0,17,1986.0,2002.0,False,TBbest,Sailfish Western Atlantic,Istiophorus albicans,Sailfish,multinational-ICCAT-WATL,Atlantic Ocean,Istiophoridae,Tuna and Marlin,False,0
SARDNWAZAB,16,1995,2010,16,0,0,,2010.0,0,0,0,,,False,TBbest,Sardine North West Africa Zone A+B,Sardina pilchardus,Sardine,multinational-FAO-NWAZAB,West Africa,Clupeidae,Forage Fish,False,0
SARDNWAZC,16,1995,2010,16,0,0,,,0,0,0,,,False,TBbest,Sardine North West Africa Zone C,Sardina pilchardus,Sardine,multinational-FAO-NWAZC,West Africa,Clupeidae,Forage Fish,False,0
SCALL5ZMAB,45,1975,2019,45,0,0,,,11,0,11,2004.0,2014.0,False,TBbest,Sea scallop Georges Bank and Mid-Atlantic Bight,Placopecten magellanicus,Sea scallop,USA-NMFS-5ZMAB,US East Coast,Pectinidae,Invertebrate,False,0
SCALLGB,28,1986,2013,28,0,0,,,0,0,0,,,False,TBbest,Sea scallop Georges Bank,Placopecten magellanicus,Sea scallop,Canada-DFO-5Z,Canada East Coast,Pectinidae,Invertebrate,False,0
SCALLNBB,21,1991,2011,21,0,0,,,0,0,0,,,False,TBbest,Sea scallop North Brown Bank,Placopecten magellanicus,Sea scallop,Canada-DFO-NBB,Canada East Coast,Pectinidae,Invertebrate,False,0
SHAKE4VWX,23,1993,2015,23,0,0,,,0,0,0,,,False,TBbest,Silver hake Scotian Shelf and Bay of Fundy,Merluccius bilinearis,Silver hake,Canada-DFO-4VWX,Canada East Coast,Merlucciidae,Gadids,False,0
SHCROCKPCOAST,122,1892,2013,122,0,0,,,88,0,88,1921.0,2008.0,False,TBbest,Sharpchin rockfish Pacific Coast,Sebastes zacentrus,Sharpchin rockfish,USA-NMFS-PCOAST,US West Coast,Sebastidae,Rockfish,False,0
SKJEATL,57,1950,2006,57,0,0,,,23,0,23,1979.0,2001.0,False,TBbest,Skipjack tuna Eastern Atlantic,Katsuwonus pelamis,Skipjack tuna,multinational-ICCAT-EATL,Atlantic Ocean,Scombridae,Tuna and Marlin,False,0
SKJWATL,65,1950,2014,65,0,0,,,31,0,31,1979.0,2009.0,False,TBbest,Skipjack tuna Western Atlantic,Katsuwonus pelamis,Skipjack tuna,multinational-ICCAT-WATL,Atlantic Ocean,Scombridae,Tuna and Marlin,False,0
SNOWCRAB3K,14,1995,2008,14,0,0,,,0,0,0,,,False,TBbest,Snow crab Division 3K,Chionoecetes opilio,Snow crab,Canada-DFO-3K,Canada East Coast,Oregoniidae,Invertebrate,False,0
SNOWCRAB3Ps,12,1996,2008,13,1,0,,,0,0,0,,,False,TBbest,Snow crab St. Pierre Bank,Chionoecetes opilio,Snow crab,Canada-DFO-3Ps,Canada East Coast,Oregoniidae,Invertebrate,False,0
SNOWCRAB4X,19,1999,2017,19,0,0,,2017.0,0,0,0,,,False,TBbest,Snow crab Western Scotian Shelf,Chionoecetes opilio,Snow crab,Canada-DFO-4X,Canada East Coast,Oregoniidae,Invertebrate,False,0
SNOWCRABESJ,17,1998,2014,17,0,0,,,0,0,0,,,False,TBbest,Snow crab Sea of Japan East,Chionoecetes opilio,Snow crab,Japan-FAJ-ESJ,Japan,Oregoniidae,Invertebrate,False,0
SNOWCRABNENS,19,1999,2017,19,0,0,,,0,0,0,,,False,TBbest,Snow crab North-Eastern Nova Scotia,Chionoecetes opilio,Snow crab,Canada-DFO-NENS,Canada East Coast,Oregoniidae,Invertebrate,False,0
SNOWCRABSENS,19,1999,2017,19,0,0,,,0,0,0,,,False,TBbest,Snow crab South-Eastern Nova Scotia,Chionoecetes opilio,Snow crab,Canada-DFO-SENS,Canada East Coast,Oregoniidae,Invertebrate,False,0
SNOWCRABWSJ,17,1999,2015,17,0,0,,,0,0,0,,,False,TBbest,Snow crab Sea of Japan West,Chionoecetes opilio,Snow crab,Japan-FAJ-WSJ,Japan,Oregoniidae,Invertebrate,False,0
SRAKEROCKBSAI,17,2002,2018,17,0,0,,,0,0,0,,,False,TBbest,Shortraker rockfish Bering Sea and Aleutian Islands,Sebastes borealis,Shortraker rockfish,USA-NMFS-BSAI,US Alaska,Sebastidae,Rockfish,False,0
SRAKEROCKGA,15,1984,2017,34,19,0,,,0,0,0,,,False,TBbest,Shortraker rockfish Gulf of Alaska,Sebastes borealis,Shortraker rockfish,USA-NMFS-GA,US Alaska,Sebastidae,Rockfish,False,0
SSHRIMPSMAGTSE,12,1998,2011,14,2,0,,,0,0,0,,,False,TBbest,Sidestripe shrimp Shrimp Management Area GTSE,Pandalopsis dispar,Sidestripe shrimp,Canada-DFO-SMA-GTSE,Canada West Coast,Pandalidae,Invertebrate,False,0
SSSHRIMPSMA16,11,1999,2011,13,2,0,,,0,0,0,,,False,TBbest,Sidestripe shrimp Shrimp Management Area 16,Pandalopsis dispar,Sidestripe shrimp,Canada-DFO-SMA-16,Canada West Coast,Pandalidae,Invertebrate,False,0
SSSHRIMPSMA18-19,12,1998,2011,14,2,0,,,0,0,0,,,False,TBbest,Sidestripe shrimp Shrimp Management Areas 18 and 19,Pandalopsis dispar,Sidestripe shrimp,Canada-DFO-SMA-18-19,Canada West Coast,Pandalidae,Invertebrate,False,0
SSTHORNHGA,37,1984,2020,37,0,0,,,3,0,3,2013.0,2015.0,False,TBbest,Shortspine thornyhead Gulf of Alaska,Sebastolobus alascanus,Shortspine thornyhead,USA-NMFS-GA,US Alaska,Sebastidae,Rockfish,False,0
STMARLINIO,68,1950,2017,68,0,0,1999.0,1999.0,20,5,15,1979.0,1998.0,True,TBbest,Striped marlin Indian Ocean,Kajikia audax,Striped marlin,multinational-IOTC-IO,Indian Ocean,Istiophoridae,Tuna and Marlin,False,0
STMARLINSWPO,60,1952,2011,60,0,0,2005.0,2005.0,24,5,19,1981.0,2004.0,True,TBbest,Striped marlin Western Pacific Ocean,Kajikia audax,Striped marlin,multinational-WCPFC-SWPAC,Pacific Ocean,Istiophoridae,Tuna and Marlin,False,0
SURFMATLC,30,1982,2011,30,0,0,,,0,0,0,,,False,TBbest,Atlantic surfclam Mid-Atlantic Coast,Spisula solidissima,Atlantic surfclam,USA-NMFS-MATLC,US East Coast,Mactridae,Invertebrate,False,0
SWORDEPAC,62,1951,2012,62,0,0,,,28,0,28,1980.0,2007.0,False,TBbest,Swordfish Eastern Pacific,Xiphias gladius,Swordfish,multinational-IATTC-EPAC,Pacific Ocean,Xiphiidae,Tuna and Marlin,False,0
SWORDNATL,66,1950,2015,66,0,0,,,32,0,32,1979.0,2010.0,False,TBbest,Swordfish Northern Atlantic,Xiphias gladius,Swordfish,multinational-ICCAT-NATL,Atlantic Ocean,Xiphiidae,Tuna and Marlin,False,0
SWORDSATL,57,1956,2012,57,0,0,,,23,0,23,1985.0,2007.0,False,TBbest,Swordfish South Atlantic,Xiphias gladius,Swordfish,multinational-ICCAT-SATL,Atlantic Ocean,Xiphiidae,Tuna and Marlin,False,0
WPOLLBOGO,28,1990,2017,28,0,0,2008.0,2008.0,0,0,0,,,False,TBbest,Walleye pollock Bogoslof,Theragra chalcogramma,Walleye pollock,USA-NMFS-BOGO,US Alaska,Gadidae,Gadids,False,0
YEYEROCKGA,26,1994,2019,26,0,0,,,0,0,0,,,False,TBbest,Yelloweye rockfish Gulf of Alaska,Sebastes ruberrimus,Yelloweye rockfish,USA-NMFS-GA,US Alaska,Sebastidae,Rockfish,False,0
YFINATL,65,1950,2014,65,0,0,,,31,0,31,1979.0,2009.0,False,TBbest,Yellowfin tuna Atlantic Ocean,Thunnus albacares,Yellowfin tuna,multinational-ICCAT-ATL,Atlantic Ocean,Scombridae,Tuna and Marlin,False,0
YTSNAPSATLCGM,30,1981,2010,30,0,0,,,0,0,0,,,False,TBbest,Yellowtail snapper Southern Atlantic coast and Gulf of Mexico,Ocyurus chrysurus,Yellowtail snapper,USA-NMFS-SATLCGM,US Southeast and Gulf,Lutjanidae,Other Marine,False,0
AMPL3Ps,30,1983,2013,31,1,0,1993.0,1993.0,0,0,0,,,False,TB,American plaice St. Pierre Bank,Hippoglossoides platessoides,American plaice,Canada-DFO-3Ps,Canada East Coast,Pleuronectidae,Flatfish,False,0
BGRUNTCWACOG_AGO,13,1995,2007,13,0,0,,,0,0,0,,,False,TB,Bigeye grunt Central West Africa Congo_Angola,Brachydeuterus auritus,Bigeye grunt,multinational-FAO-CWACOG_AGO,West Africa,Haemulidae,Other Marine,False,0
BRMSPPCWACIV-BEN,9,1999,2007,9,0,0,,,0,0,0,,,False,TB,Seabream Central West Africa Cote Divoire-Benin,Dentex spp,Seabream,multinational-FAO-CWACIV-BEN,West Africa,Sparidae,Other Marine,False,0
BRMSPPCWAGAB-AGO,13,1995,2007,13,0,0,,,0,0,0,,,False,TB,Seabream Central West Africa Gabon-Angola,Dentex spp,Seabream,multinational-FAO-CWAGAB-AGO,West Africa,Sparidae,Other Marine,False,0
CATCWAGAB,13,1995,2007,13,0,0,,,0,0,0,,,False,TB,Catfish Central West Africa Gabon,Arius spp,Catfish,multinational-FAO-CWAGAB,West Africa,Ariidae,Other Marine,False,0
CROAKSPPCWAGAB-AGO,13,1995,2007,13,0,0,,,0,0,0,,,False,TB,Croaker Central West Africa Gabon-Angola,Pseudotolithus spp,Croaker,multinational-FAO-CWAGAB-AGO,West Africa,Sciaenidae,Other Marine,False,0
CROAKSPPCWAGIN-LBR,13,1995,2007,13,0,0,,,0,0,0,,,False,TB,Croaker Central West Africa Guinea-Liberia,Pseudotolithus spp,Croaker,multinational-FAO-CWAGIN-LBR,West Africa,Sciaenidae,Other Marine,False,0
CUTTLECWAGHA,18,1990,2007,18,0,0,,,0,0,0,,,False,TB,Cuttlefish Central West Africa Ghana,Sepia spp,Cuttlefish,multinational-FAO-CWAGHA,West Africa,Sepiidae,Invertebrate,False,0
GGRUNTCWAGAB-AGO,13,1995,2007,13,0,0,,,0,0,0,,,False,TB,Grey grunt Central West Africa Gabon-Angola,Pomadasys spp,Grey grunt,multinational-FAO-CWAGAB-AGO,West Africa,Haemulidae,Other Marine,False,0
GGRUNTCWAGIN-LBR,13,1995,2007,13,0,0,,,0,0,0,,,False,TB,Grey grunt Central West Africa Guinea-Liberia,Pomadasys spp,Grey grunt,multinational-FAO-CWAGIN-LBR,West Africa,Haemulidae,Other Marine,False,0
ILLEXNWATLC,39,1967,2005,39,0,0,1982.0,1982.0,0,0,0,,,False,TB,Northern shortfin squid Northwestern Atlantic Coast,Illex illecebrosus,Northern shortfin squid,USA-NMFS-NWATLC,US East Coast,Ommastrephidae,Invertebrate,False,0
LDENTCWAAGO,13,1995,2007,13,0,0,,,0,0,0,,,False,TB,Large eye dentex Central West Africa Angola,Dentex macrophthalmus,Large eye dentex,multinational-FAO-CWAAGO,West Africa,Sparidae,Other Marine,False,0
RPANDCWACIV-BEN,9,1999,2007,9,0,0,,,0,0,0,,,False,TB,Red pandora Central West Africa Cote Divoire-Benin,Pagellus bellottii,Red pandora,multinational-FAO-CWACIV-BEN,West Africa,Sparidae,Other Marine,False,0
SKJEPAC,41,1975,2015,41,0,0,,,7,0,7,2004.0,2010.0,False,TB,Skipjack tuna Eastern Pacific,Katsuwonus pelamis,Skipjack tuna,multinational-IATTC-EPAC,Pacific Ocean,Scombridae,Tuna and Marlin,False,0
SOLECWAGAB-COD,13,1995,2007,13,0,0,,,0,0,0,,,False,TB,Sole Central West Africa Gabon-Congo DR,Cynoglossus spp,Sole,multinational-FAO-CWAGAB-COD,West Africa,Cynoglossidae,Flatfish,False,0
THREADCWACIV-BEN,17,1990,2006,17,0,0,,,0,0,0,,,False,TB,Threadfin Central West Africa Cote Divoire-Benin,Galeoides decadactylus,Threadfin,multinational-FAO-CWACIV-BEN,West Africa,Polynemidae,Other Marine,False,0
THREADCWAGAB-AGO,13,1995,2007,13,0,0,,,0,0,0,,,False,TB,Threadfin Central West Africa Gabon-Angola,Galeoides decadactylus,Threadfin,multinational-FAO-CWAGAB-AGO,West Africa,Polynemidae,Other Marine,False,0
WINDOWGOMGB,33,1975,2007,33,0,0,,2007.0,0,0,0,,,False,TB,Windowpane flounder Gulf of Maine / Georges Bank,Scophthalmus aquosus,Windowpane flounder,USA-NMFS-5YZ,US East Coast,Scophthalmidae,Flatfish,False,0
WINDOWSNEMATL,33,1975,2007,33,0,0,1989.0,1989.0,0,0,0,,,False,TB,Windowpane flounder Southern New England /Mid Atlantic,Scophthalmus aquosus,Windowpane flounder,USA-NMFS-SNEMATL,US East Coast,Scophthalmidae,Flatfish,False,0
